event_id,congress,chamber,type,date,committees,title,witness_or_meeting_documents,senate_gov_recording
100097,113,House,Meeting,2013-01-22,hsvr00,Organizational Meeting for the 113th Congress,yes,
100139,113,House,Meeting,2013-01-22,hsif00,Organizational Meeting of the Committee on Energy and Commerce and Markup,yes,
100201,113,House,Markup,2013-01-22,hsed00,Full Committee Organizational Meeting,yes,
100269,113,House,Meeting,2013-02-13,hsag00,To consider the Oversight Plan of the Committee on Agriculture for the 113th Congress and other organizational matters,yes,
100375,113,House,Hearing,2013-03-05,hsii00,"Legislative hearing on H.R. 254 (Chaffetz), Bonneville Unit Clean Hydropower Facilitation Act and H.R. 678 (Tipton), Bureau of Reclamation Small Conduit Hydropower Development and Rural Jobs Act",yes,
100376,113,House,Hearing,2013-03-05,hsii00,"Oversight hearing on ""America's Offshore Energy Resources: Creating Jobs, Securing America, and Lowering Prices.""",yes,
100397,113,House,Hearing,2013-03-06,hsif00,Our Nation of Builders: Powering U.S. Automobile Manufacturing Forward.,yes,
100432,113,House,Markup,2013-03-06,hswm00,"Markup of: H.R. 890, “Preserving Work Requirements for Welfare Programs Act of 2013”",yes,
100504,113,House,Markup,2013-03-14,hssy00,"H. R. 756, the ""Cybersecurity Enhancement Act of 2013"" and  H. R. 967, the ""Advancing America's Networking and Information Technology Research and Development Act of 2013.",yes,
100548,113,House,Markup,2013-03-20,hsii00,"H.R. 527, H.R. 254, H.R. 291, H.R. 507, H.R. 588, H.R. 678, H.R. 716, H.R. 1033, and H.R. 1159",yes,
100549,113,House,Markup,2013-03-20,hsgo00,Full Committee Business Meeting,yes,
100567,113,House,Hearing,2013-04-11,hshm00,“TSA’s Efforts to Advance Risk-Based Security: Stakeholder Perspectives.”,yes,
100674,113,House,Markup,2013-04-11,hssy00,"H.R. 875, to provide for a comprehensive assessment of the scientific and technical research on the implications of the use of mid-level ethanol blends, and for other purposes; and H.R. 1422, to amend",yes,
100758,113,House,Markup,2013-04-24,hshm00,"H.R. 1417, (Mr. Michael T. McCaul) To require the Secretary of Homeland Security to develop a comprehensive strategy to gain and maintain operational control of the international borders of the United",yes,
100774,113,House,Markup,2013-04-24,hswm00,"Markup of: H.R. 807, “Full Faith and Credit Act”",yes,
100778,113,House,Markup,2013-04-24,hsii00,"Full Committee Markup on H.R. 3, H.R. 85, H.R. 126, H.R. 251, H.R. 253, H.R. 330, H.R. 356, H.R. 462, H.R. 520, H.R. 573, H.R. 674, H.R. 723, H.R. 739, H.R. 767, H.R. 829, H.R. 862, H.R. 876, H.R. 885",yes,
100735,113,House,Markup,2013-04-25,hsvr00,"H.R. 569 (Runyan),To increase, effective as of December 1, 2013, the rates of compensation for veterans with service-connected disabilities and the rates of dependency and indemnity compensation for t",yes,
100612,113,House,Hearing,2013-04-26,hsii00,"Legislative Hearing on H.R. 1548 (D. Young), To facilitate the development of energy on Indian lands by reducing Federal regulations that impede tribal development of Indian lands, and for other purpo",yes,
100770,113,House,Hearing,2013-04-26,hsii00,"Legislative Hearing on H.R. 1169 (Amodei), ""Naval Air Station Fallon Housing and Safety Development Act”; H.R. 1299 (Pearce), the “White Sands Missile Range Security Enhancement Act”; H.R. 1574 (Turne",no,
100792,113,House,Hearing,2013-05-08,hsii00,"Oversight hearing titled “DOI Hydraulic Fracturing Rule: A Recipe for Government Waste, Duplication and Delay.”",yes,
100856,113,House,Markup,2013-05-14,hsif00,"H.R. 271, Resolving Environmental and Grid Reliability Conflicts Act of 2013; H.R. 1407, Animal Drug User Fee Amendments of 2013; H.R. 1919, Safeguarding America's Pharmaceuticals Act of 2013",yes,
100855,113,House,Markup,2013-05-15,hshm00,"H.R. 1417, (Mr. Michael T. McCaul), To require the Secretary of Homeland Security to develop a comprehensive strategy to gain and maintain operational control of the international borders of the Unite",yes,
100842,113,House,Markup,2013-05-16,hsap00,FY 14 Homeland Security Bill - Subcommittee,yes,
100860,113,House,Markup,2013-05-16,hsed00,Markup of H.R. 1911 and H.R. 1949,yes,
100877,113,House,Markup,2013-05-22,hsas00,H.R. 1960 – National Defense Authorization Act for Fiscal Year 2014,yes,
100878,113,House,Markup,2013-05-22,hsas00,H.R. 1960 – National Defense Authorization Act for Fiscal Year 2014,yes,
100880,113,House,Markup,2013-05-22,hsas00,H.R. 1960 – National Defense Authorization Act for Fiscal Year 2014,yes,
100881,113,House,Markup,2013-05-22,hsas00,H.R. 1960 – National Defense Authorization Act for Fiscal Year 2014,yes,
100879,113,House,Markup,2013-05-23,hsas00,H.R. 1960 – National Defense Authorization Act for Fiscal Year 2014,yes,
100882,113,House,Markup,2013-05-23,hsas00,H.R. 1960 – National Defense Authorization Act for Fiscal Year 2014,yes,
100898,113,House,Hearing,2013-05-23,hsii00,"Legislative Hearing on H.R. 255, H.R. 745, H.R. 1963",yes,
100940,113,House,Hearing,2013-06-05,hswm00,"Chairman Johnson Announces Hearing on How Social Security 
Protects the Benefits of Those Who Cannot Protect Themselves",yes,
100944,113,House,Markup,2013-06-05,hsap00,FY 2014 Defense Appropriations Bill - Subcommittee,yes,
100957,113,House,Hearing,2013-06-13,hsii00,"Legislative hearing on the following bills: H.R. 553 (Issa), A bill to designate the exclusive economic zone of the United States as the ""Ronald Wilson Reagan Exclusive Economic Zone of the United Sta",yes,
100965,113,House,Hearing,2013-06-13,hsii00,Oversight hearing on “Mining in America: The Administration’s Use of Claim Maintenance Fees and Cleanup of Abandoned Mine Lands.”,yes,
101023,113,House,Markup,2013-06-18,hsju00,"H.R. 2278, the ""Strengthen and Fortify Enforcement Act"" (The SAFE Act)",yes,
101020,113,House,Markup,2013-06-19,hsed00,"H.R. 5, ""Student Success Act""",yes,
101060,113,House,Markup,2013-06-26,hsap00,FY 2014 Energy and Water Appropriations Bill,yes,
101081,113,House,Markup,2013-06-28,hsgo00,"a resolution that Lois Lerner waived her Fifth Amendment privilege against self-incrimination when she made a voluntary opening statement at the May 22, 2013 full Committee hearing entitled “The IRS: ",yes,
101125,113,House,Markup,2013-06-29,hssy00,"H.R. 1786, National Windstorm Impact Reduction Act Reauthorization of 2013",yes,
101123,113,House,Markup,2013-07-09,hssy00,"H.R. 2413, Weather Forecasting Improvement Act of 2013",yes,
101105,113,House,Hearing,2013-07-10,hsas00,Armed Services and Veterans Affairs Hearing on DOD and VA Collaboration to Assist Service Members Returning to Civilian Life,no,
101108,113,House,Hearing,2013-07-10,hshm00,"""Assessing Attacks on the Homeland: From Fort Hood to Boston.”",yes,
101126,113,House,Markup,2013-07-10,hspw00,"The Committee on Transportation and Infrastructure will meet to consider the following bills and other legislative business:

H.R. 1848 - The Small Airplane Revitalization Act of 2013

H.R. 2576 - Pip",yes,
101169,113,House,Markup,2013-07-18,hssy00,"H.R. 2687, the “National Aeronautics and Space Administration Authorization Act of 2013”",yes,
101146,113,House,Markup,2013-07-19,hsap00,FY 2014 State and Foreign Operations Appropriations Bill,yes,
101188,113,House,Meeting,2013-07-19,hsii00,"Legislative Hearing. H.R. 587 (Young), To authorize the establishment of the Niblack and Bokan Mountain mining area road corridors in the State of Alaska, and for other purposes.  “Niblack and Bokan M",yes,
101205,113,House,Markup,2013-07-22,hsif00,"Committee print to amend title XVIII of the Social Security Act to reform the sustainable growth rate and Medicare payment for physicians' services, and for other purposes",yes,
101207,113,House,Markup,2013-07-24,hsed00,"Markup of H.R. 2637, “Supporting Academic Freedom through Regulatory Relief Act.”",yes,
101208,113,House,Markup,2013-07-24,hshm00,"H.R. 1204, (Mr. Bennie G. Thompson), To amend title 49, United States Code, to direct the Assistant Secretary of Homeland Security (Transportation Security Administration) to establish an Aviation Sec",yes,
101240,113,House,Markup,2013-07-30,hsif00,"Markup of H.R. 2810, the Medicare Patient Access and Quality Improvement Act of 2013, and H.R. 2844, the Federal Communications Commission Consolidated Reporting Act of 2013",yes,
101225,113,House,Hearing,2013-07-31,hswm00,Chairman Reichert Announces Hearing on Improving the Safety Net to Ensure Families Receive Real Help,no,
101244,113,House,Markup,2013-07-31,hsii00,"H.R. 255, H.R. 553, H.R. 623, H.R. 908, H.R. 930, H.R. 1168, H.R. 1170, H.R. 1526, H.R. 1684, H.R. 1818, H.R. 1963, H.R. 2388, H.R. 2463, H.R. 2650, and H.R. 2728",yes,
101248,113,House,Hearing,2013-07-31,hswm00,Chairman Reichert Announces Hearing on Improving the Safety Net to Ensure Families Receive Real Help,no,
101078,113,House,Markup,2013-09-18,hssm00,"H.R. 2542,  ""Regulatory Flexibility Improvements Act of 2013.""",yes,
101376,113,House,Meeting,2013-09-26,hsru00,"H. Res. 361—Waiving a requirement of clause 6(a) of rule XIII with respect to consideration of certain resolutions reported from the Committee on Rules, and relating to consideration of the Senate ame",yes,
101393,113,House,Hearing,2013-10-09,hsju00,Implementation of an Entry-Exit System: Still Waiting After All These Years,yes,
101415,113,House,Meeting,2013-10-15,hsru00,"Senate amendment H.J. Res. 59—Continuing Appropriations Resolution, 2014 (Meeting IV)",yes,
101378,113,House,Markup,2013-10-29,hshm00,"Markup of H.R. 1095, To amend title 49, United States Code, to direct the Assistant Secretary of Homeland Security (Transportation Security Administration) to transfer unclaimed money recovered at air",yes,
101454,113,House,Markup,2013-10-29,hsgo00,"H.R. 2860, the OPM IG Act; H.R. 3316, the Grant Reform and New Transparency Act of 2013 (GRANT Act); H.R. ___, the Stop Unworthy Spending Act (SUSPEND Act); and H.R. ___, to amend the District of Colu",yes,
101455,113,House,Markup,2013-10-30,hsii00,"H.R. 298, H.R. 585, H.R. 1308, H.R. 1846, H.R. 2798, H.R. 2799 and H.R. 2954",yes,
101462,113,House,Meeting,2013-11-14,hsvr00,Roundtable Discussion: “Addressing Operational Challenges to Ensure Accurate and Optimal VA Third Party Collections”,no,
101502,113,House,Markup,2013-11-14,hsii00,"H.R. 1308, H.R. 2798, H.R. 2824, H.R. 3008, H.R. 3188, H.R. 3189",yes,
101505,113,House,Hearing,2013-11-20,hsii00,"Oversight Hearing, ""Oversight of the Obama Administration’s Questionable Application of Sequestration to the Secure Rural Schools Program and the Costs to States, Local Economies, and Rural School Chi",yes,
101526,113,House,Markup,2013-11-20,hsju00,"H.R. 3309, the ""Innovation Act""",yes,
101561,113,House,Markup,2013-12-04,hsii00,"H.R. 915, H.R. 1425, H.R. 1491, H.R. 2208, H.R. 2319, H.R. 3286, H.R. 3492, and S. 230",yes,
101567,113,House,Markup,2013-12-04,hsju00,"H.R. 3627, the ""Kilah Davenport Child Protection Act of 2013""; and, H.R. 1447, the ""Death in Custody Reporting Act of 2013""",yes,
101568,113,House,Markup,2013-12-05,hssy00,"H.R. 2413, the “Weather Forecasting Improvement Act of 2013"";
H.R. 2431, the “National Integrated Drought Information System Reauthorization Act of 2013”;
H.R. 2981, the “Technology and Research Accel",yes,
101689,113,House,Meeting,2014-01-16,hsii00,Business Meeting to Authorize the Issuance of Subpoenas for the Production of Documents Relating to Matters Within the Committee's Jurisdiction,yes,
101692,113,House,Markup,2014-01-28,hsif00,"H.R. 3826, the Electricity Security and Affordability Act; and H.R. 2126, the Better Buildings Act of 2013",yes,
101694,113,House,Markup,2014-01-28,hsii00,"Full Committee Markup on H.R. 163, H.R. 433, H.R. 2095, H.R. 2259, H.R. 2657 and H.R. 3492",yes,
101713,113,House,Markup,2014-02-05,hshm00,"Markup of H.R. 3696, (Mr. McCaul) To amend the Homeland Security Act of 2002 to make certain improvements regarding cybersecurity and critical infrastructure protection, and for other purposes.  The “",yes,
101717,113,House,Hearing,2014-02-05,hswm00,"Chairman Boustany Announces Hearing with 
IRS Commissioner Koskinen",no,
101731,113,House,Markup,2014-02-05,hsju00,"Ratification of Subcommittee memberships;
Resolution, Reauthorization of the Over-Criminalization Task Force; and, 
H.R. 2919, the “Open Book on Equal Access to Justice Act”;",yes,
101750,113,House,Markup,2014-02-11,hspw00,"To consider the following bills and other legislative business:

H.R. 3676 -   Prohibiting In-Flight Voice Communications on Mobile Wireless Devices Act of 2013.

General Services Administration Capit",yes,
101758,113,House,Markup,2014-02-11,hswm00,"Markup of:
 
    H.R. 3865, “Stop Targeting of Political Beliefs by the IRS Act of 2014”",yes,
101760,113,House,Meeting,2014-02-11,hsru00,"S. 540—A bill to designate the air route traffic control center located in Nashua, New Hampshire, as the ""Patricia Clark Boston Air Route Traffic Control Center"".",yes,
101604,113,House,Hearing,2014-02-25,hsvr00,Joint House and Senate Committee on Veterans' Affairs to receive Legislative Presentation of the Disabled American Veterans,yes,
101821,113,House,Hearing,2014-02-26,hsii00,"Legislative Hearing: H.R. 503 (Roe), To authorize the National Desert Storm Memorial Association to establish the National Desert Storm and Desert Shield Memorial as a commemorative work in the Distri",yes,
101963,113,House,Meeting,2014-02-26,hsag00,To Review the impacts of Endangered Species Act and related litigation on National Forest System management,no,
101777,113,House,Hearing,2014-02-27,hsii00,"Legislative Hearing on: H. R. 3105, Aquaculture Risk Reduction Act; H. R. 3280, Lacey Act Clarifying Amendments Act; H. R. 3324, The Lacey Act Paperwork Reduction Act and; H. R. 4032, North Texas Inva",yes,
101792,113,House,Hearing,2014-02-27,hsii00,Oversight hearing entitled “Obama Administration Oversight:  GAO Report – Interior Hiring and Retention Challenges.”,yes,
101813,113,House,Hearing,2014-02-28,hsii00,"Legislative Hearing on the discussion draft titled, H.R. ____, “Strengthening Fishing Communities and Increasing Flexibility in Fisheries Management Act”",yes,
101605,113,House,Hearing,2014-03-05,hsvr00,Joint House and Senate Committee on Veterans' Affairs to receive the Legislative Presentation of the Veterans of Foreign Wars,yes,
101606,113,House,Hearing,2014-03-06,hsvr00,Joint House and Senate Committee on Veterans' Affairs to receive the Legislative Presentation of Multiple Veterans Service Organizations,yes,
101894,113,House,Hearing,2014-03-06,hsii00,"Legislative Hearing: H.R. 414 (Young), To provide for the continued lease or eventual conveyance of certain Federal land within the boundaries of Fort Wainwright Military Reservation in Fairbanks, Ala",yes,
101607,113,House,Hearing,2014-03-12,hsvr00,Joint House and Senate Committee on Veterans' Affairs to receive the Legislative Presentation of Multiple Veterans Service Organizations,no,
101901,113,House,Markup,2014-03-12,hsgo00,"H.R. 4174, the Alaska Bypass Modernization Act of 2014;

H.R. 3635, the Safe and Secure Federal Websites Act of 2013;	

H.R. ____, to amend title 5, United States Code, to modify the default Thrift Sa",yes,
101899,113,House,Meeting,2014-03-13,hsag00,Full Committee Business Meeting,yes,
101917,113,House,Markup,2014-03-13,hsii00,"Full Committee Markup on H.R. 1192, H.R. 1501, H.R. 3222, and H.R. 4032",yes,
101879,113,House,Hearing,2014-03-14,hsii00,Hearing on a Discussion Draft bill To authorize a demonstration program that allows for State-Federal-Tribal co-management of wildlife throughout the traditional hunting territory of the Ahtna people ,yes,
102002,113,House,Meeting,2014-03-25,hsii00,"Examining the Proposed Fiscal Year 2015 Spending, Priorities and the Missions of the Bureau of Reclamation, the Four Power Marketing Administrations and the U.S. Geological Survey’s Water Program",yes,
102028,113,House,Hearing,2014-03-26,hsag00,To Review the impacts of Endangered Species Act and related litigation on National Forest System management.,yes,
102124,113,House,Markup,2014-04-09,hsed00,"Markup of  H.R. 4321, “Employee Privacy Protection Act” and H.R. 4320, “Workforce Democracy and Fairness Act”",yes,
102134,113,House,Markup,2014-04-09,hsif00,"H.R. 4342, the ""Domain Openness Through Continued Oversight Matters Act of 2014""",yes,
102111,113,House,Meeting,2014-04-10,hsii00,Oversight Hearing: “Tribal Forest Management: A Model for Promoting Healthy Forests and Rural Jobs.”,yes,
102125,113,House,Markup,2014-04-10,hsgo00,Business meeting to vote on contempt of Congress proceedings on former Director of IRS Exempt Organizations Lois Lerner.,yes,
102147,113,House,Hearing,2014-04-29,hsii00,"“the Department of the Interior Office of Insular Affairs’ spending and the President’s Fiscal Year 2015 budget request for the Office” and on the following bills: H.R. 4296 (Sablan), To amend Public ",yes,
102151,113,House,Hearing,2014-04-29,hsii00,Oversight hearing on “American Energy Jobs: Opportunities for Skilled Trades Workers.”,yes,
102187,113,House,Meeting,2014-04-29,hsii00,"Legislative Hearing:
H.R. 3687 (Issa), To amend the National Historic Preservation Act to provide that if the head of the agency managing Federal property objects to the inclusion of certain property ",yes,
102126,113,House,Markup,2014-04-30,hsas00,H.R. 4435 – National Defense Authorization Act for Fiscal Year 2015,yes,
102128,113,House,Markup,2014-04-30,hsas00,H.R. 4435 – National Defense Authorization Act for Fiscal Year 2015,yes,
102132,113,House,Markup,2014-04-30,hsas00,H.R. 4435 – National Defense Authorization Act for Fiscal Year 2015,yes,
102133,113,House,Markup,2014-04-30,hsas00,H.R. 4435 – National Defense Authorization Act for Fiscal Year 2015,yes,
102152,113,House,Markup,2014-04-30,hshm00,"Markup of:
H.R. 3283, (Mr. Bilirakis) The “Integrated Public Alert and Warning System Modernization Act of 2013”.
H.R. 4007, (Mr. Meehan) The “Chemical Facility Anti-Terrorism Standards Program Author",yes,
102185,113,House,Markup,2014-04-30,hsju00,"H.R. 3530, the “Justice for Victims of Trafficking Act of 2013”; H.R. 3610, the “Stop Exploitation Through Trafficking Act of 2013”; H.R. 4225, the “Stop Advertising Victims of Exploitation Act of 201",yes,
102188,113,House,Markup,2014-04-30,hsii00,"Full Committee Markup on H.R. 4315, H.R. 4316, H.R. 4317 and H.R. 4318",yes,
102129,113,House,Markup,2014-05-01,hsas00,H.R. 4435 – National Defense Authorization Act for Fiscal Year 2015,yes,
102131,113,House,Markup,2014-05-01,hsas00,H.R. 4435 – National Defense Authorization Act for Fiscal Year 2015,yes,
102146,113,House,Markup,2014-05-07,hsas00,H.R. 4435 – National Defense Authorization Act for Fiscal Year 2015,yes,
102251,113,House,Markup,2014-05-20,hshm00,"Markup of:
H.R. 3202, (Ms. Jackson Lee) To require the Secretary of Homeland Security to prepare a comprehensive security assessment of the transportation security card program, and for other purposes",yes,
102272,113,House,Markup,2014-05-21,hsii00,Full Committee Markup on H.R. 4402,yes,
102274,113,House,Hearing,2014-05-29,hshm00,"""Lessons from the LAX Shooting: Airport and Law Enforcement Perspectives""",yes,
102297,113,House,Markup,2014-05-29,hsii00,"Full Committee 
Markup on H.R. 2175, H.R. 2569, H.R. 3606, H.R. 4296, H.R. 4350, and H.R. 4742",yes,
102292,113,House,Markup,2014-05-30,hsap00,FY 2015 Defense Appropriations Bill - Subcommittee,yes,
102330,113,House,Markup,2014-06-09,hsif00,"Markup of H.R. 4795, Promoting New Manufacturing Act; H.R. 4801, to require the Secretary of Energy to prepare a report on the impact of thermal insulation on both energy and water use for potable hot",yes,
102313,113,House,Markup,2014-06-10,hsap00,FY 2015 Energy and Water Appropriations Bill - Subcommittee,yes,
102337,113,House,Meeting,2014-06-10,hsru00,"H.R. 4453—Permanent S Corporation Built-in Gains Recognition Period Act of 2014; H.R. 4457—America's Small Business Tax Relief Act of 2014; H.R. 4800—Agriculture, Rural Development, Food and Drug Admi",yes,
102314,113,House,Hearing,2014-06-11,hsas00,"The May 31, 2014 Transfer of Five Senior Taliban Detainees",no,
102336,113,House,Markup,2014-06-11,hssy00,"Committee Print of H.R. _______, the “Department of Energy Research and Development Act of 2014”",yes,
102379,113,House,Markup,2014-06-18,hsju00,"H.R. 3086, the “Permanent Internet Tax Freedom Act”; and,H.R. 4874, the “Searching for and Cutting Regulations that are Unnecessarily Burdensome (SCRUB) Act of 2014”",yes,
102421,113,House,Markup,2014-06-24,hssy00,"H.R. 4012, Secret Science Reform Act of 2014",yes,
102433,113,House,Markup,2014-06-25,hswm00,"Markup of: H.R. 3393, ""Student and Family Tax Simplification Act""; H.R. 4935, ""Child Tax Credit Improvement Act of 2014""",yes,
102434,113,House,Meeting,2014-06-26,hsru00,"Legislative Hearing on H.R. 1869, the Biennial Budgeting and Enhanced Oversight Act of 2014",yes,
102439,113,House,Hearing,2014-07-03,hshm00,“Crisis on the Texas Border: Surge of Unaccompanied Minors.”,yes,
102458,113,House,Markup,2014-07-10,hsed00,"Markup on: H.R. 3136, H.R. 4983, and H.R. 4984",yes,
102480,113,House,Markup,2014-07-10,hswm00,"H. Res. 645, “Requesting that the President of the United States transmit to the House of Representatives copies of any emails in the possession of the Executive Office of the President that were tran",yes,
102522,113,House,Markup,2014-07-16,hsii00,"H.R. 277, H.R. 916, H.R. 1810, H.R. 2158, H.R. 3572, H.R. 3806, and H.R. 4751",yes,
102543,113,House,Meeting,2014-07-22,hsru00,H.R. 3136—Advancing Competency-Based Education Demonstration Project Act of 2013; H.R. 4984—Empowering Students Through Enhanced Financial Counseling Act,yes,
102564,113,House,Meeting,2014-07-24,hsru00,H. Res. 676—Providing for authority to initiate litigation for actions by the President or other executive branch officials inconsistent with their duties under the Constitution of the United States.,yes,
102581,113,House,Hearing,2014-07-25,hsgo00,"Resumption of the 7-16-14 hearing, ""White House Office of Political Affairs:  Is Supporting Candidates and Campaign Fund-Raising an Appropriate Use of a Government Office?""",yes,
102586,113,House,Markup,2014-07-25,hsgo00,"a motion or resolution concerning David Simas’s failure to testify in person, in the event he does not appear at the Committee hearing on July 25, 2014, and the White House’s claim that Mr. Simas is i",yes,
102599,113,House,Markup,2014-07-30,hsii00,"H.J.Res. 120, H.R. 361, H.R. 3006, H.R. 3109, H.R. 4119, H.R. 4182, H.R. 4867, H.R. 5026, H.R. 5069, H.R. 5203, H.R. 5204, H.R. 5205, S. 311, S. 354, S. 476, and S. 1603",yes,
102603,113,House,Meeting,2014-07-30,hsru00,"H.R. 5230—Making supplemental appropriations for the fiscal year ending September 30, 2014, and for other purposes.; Senate amendment to H.R. 5021—Highway and Transportation Funding Act of 2014; H.R. ",yes,
102602,113,House,Markup,2014-07-31,hswm00,"Markup of: H.R. 647, ""ABLE Act of 2013""",yes,
102605,113,House,Meeting,2014-07-31,hsru00,H. Res. ___—Waiving a requirement of clause 6(a) of rule XIII with respect to consideration of certain resolutions reported from the Committee on Rules.,yes,
102648,113,House,Meeting,2014-09-08,hsru00,H.R. 5078—Waters of the United States Regulatory Overreach Protection Act of 2014; H. Res. 644—Condemning and disapproving of the Obama administration's failure to comply with the lawful statutory req,yes,
102666,113,House,Meeting,2014-09-15,hsru00,"H.J. Res. 124—Continuing Appropriations Resolution, 2015",yes,
102703,113,House,Markup,2014-09-18,hsii00,"Full Committee Markup on H.R. 69, H.R. 706, H.R. 712, H.R. 1363, H.R. 1839, H.R. 3226, H.R. 3227, H.R. 3326, H.R. 3608, H.R. 3980, H.R. 3981, H.R. 4166, H.R. 4534, H.R. 4846, H.R. 5003, H.R. 5040, H.R",yes,
102687,113,House,Hearing,2014-09-19,hsju00,"Ongoing Oversight: Monitoring the Activities of the Justice Department’s Civil, Tax and Environment and Natural Resources Divisions and the U.S. Trustee Program",yes,
102689,113,House,Hearing,2014-09-19,hsii00,"Legislative Hearing: H.R. 4924 (Gosar), the “Bill Williams River Water Rights Settlement Act of 2014”",yes,
102756,113,House,Hearing,2014-11-18,hsgo00,"JOINT Full Committee and Judiciary Committee hearing titled, “Abuse of USPTO’s Telework Program: Ensuring Oversight, Accountability and Quality”",no,
102760,113,House,Markup,2014-11-19,hsii00,"H.R. 1561, H.R. 1785, H.R. 4220, H.R. 4668, H.R. 4924, H.R. 4979, H.R. 5086, H.R. 5176 and H.R. 5699",yes,
102763,113,House,Hearing,2014-12-10,hsvr00,“A Review of the Transition Assistance Program (TAP)”,no,
102806,114,House,Meeting,2015-01-13,hsif00,Organizational Meeting of the Committee on Energy and Commerce,yes,
102834,114,House,Meeting,2015-01-21,hswm00,"Organizational Meeting of the Committee on Ways and Means, Consideration of the Committee’s Rules for the 114th Congress and Consideration of the Committee’s Oversight Plan for the 114th Congress",yes,
102835,114,House,Meeting,2015-01-21,hsed00,Organizational meeting to consider and adopt the Committee Rules for the 114th Congress and the Oversight Plan for the 114th Congress,yes,
102838,114,House,Markup,2015-01-21,hshm00,"Markup of H.R. 399, (Mr. McCaul), To require the Secretary of Homeland Security to gain and maintain operational control of the international borders of the United States, and for other purposes. The ",yes,
102841,114,House,Meeting,2015-01-21,hsfa00,Full Committee Organizational Meeting,yes,
102848,114,House,Markup,2015-01-27,hsgo00,Organizational Meeting,no,
102856,114,House,Meeting,2015-01-27,hsgo00,Organizational Meeting and Markup of Legislation,yes,
102862,114,House,Meeting,2015-01-28,hsap00,Organizational Meeting for the 114th Congress,yes,
102891,114,House,Meeting,2015-01-28,hsii00,"The Committee on Natural Resources will hold its organizational meeting.  The purpose of this meeting is to consider Committee Rules and the Committee Oversight Plan for 114th Congress, and appoint Co",yes,
102884,114,House,Markup,2015-02-04,hswm00,"Markup of:

•	H.R. 644, A bill to amend the Internal Revenue Code of 1986 to permanently extend and expand the charitable deduction for contributions of food inventory.
•	H.R. 637, A bill to amend the",yes,
102920,114,House,Markup,2015-02-04,hsif00,Markup of the Federal Communications Commission Consolidated Reporting Act of 2015,yes,
102958,114,House,Markup,2015-02-11,hsed00,"H.R. 5, ""Student Success Act""",yes,
102973,114,House,Markup,2015-02-12,hswm00,"Markup of: Committee on Ways and Means Views and Estimates on the Fiscal Year 2016 Federal Budget; H.R. 529, A bill to amend the Internal Revenue Code of 1986 to improve 529 plans; H.R. 622, A bill to",yes,
102974,114,House,Markup,2015-02-12,hspw00,"H.R. 749 – Passenger Rail Reform and Investment Act of 2015;

Fiscal Year 2016 Budget Views and Estimates of the Committee on Transportation and Infrastructure;

General Services Administration Capita",yes,
102821,114,House,Hearing,2015-02-24,hsvr00,"""Joint Hearing of the House and Senate Veterans' Affairs Committees to receive the Legislative Presentation of the Disabled American Veterans""",yes,
102822,114,House,Hearing,2015-02-25,hsvr00,"""Joint Hearing of the House and Senate Veterans' Affairs Committees to receive the Legislative Presentation of The American Legion""",yes,
102977,114,House,Hearing,2015-02-25,hsbu00,Members' Day Hearing,yes,
102916,114,House,Hearing,2015-02-26,hspw00,Surface Transportation Reauthorization Bill: Laying the Foundation for U.S. Economic Growth and Job Creation Part II,no,
103005,114,House,Hearing,2015-02-26,hsag00,RE:  To better understand the SNAP population through published research,no,
103078,114,House,Markup,2015-02-26,hswm00,"Markup of: H.R. 1021, “Protecting the Integrity of Medicare Act of 2015”; H.R. 284, “Medicare DMEPOS Competitive Bidding Improvement Act of 2015”; H.R. 876, “NOTICE Act”; and H.R. 887, “Electronic Hea",yes,
103525,114,House,Hearing,2015-02-26,hsag00,RE:  To better understand the SNAP population through published research,no,
103150,114,House,Hearing,2015-03-02,hlig00,Ongoing Intelligence Activities (Closed),no,
102823,114,House,Hearing,2015-03-04,hsvr00,"""Joint Hearing of the House and Senate Veterans' Affairs Committees to receive the Legislative Presentation of the Veterans of Foreign Wars""",yes,
103100,114,House,Hearing,2015-03-05,hsii00,Oversight hearing titled “Examining the Department of the Interior’s Spending Priorities and the President’s Fiscal Year 2016 Budget Proposal.”,yes,
103148,114,House,Hearing,2015-03-17,hlig00,Ongoing Intelligence Activities (Closed),no,
103164,114,House,Hearing,2015-03-17,hsii00,"“Examining the Spending Priorities and Missions of the Bureau of Ocean Energy Management (BOEM), the Bureau of Safety and Environmental Enforcement (BSEE) and the Office of Natural Resources Revenue (",yes,
103168,114,House,Hearing,2015-03-17,hsii00,"“Examining the Spending Priorities and Missions of the National Park Service in the President’s FY 2016 Budget Proposal""",yes,
102972,114,House,Hearing,2015-03-18,hsvr00,"Legislative Presentation of Multiple Veterans Service Organizations: JWV, AFSA, TREA, FRA, NASDVA, NGAUS, AXPOW, GSW and WWP",yes,
103147,114,House,Hearing,2015-03-18,hsii00,"“Funding Priorities for and the United States’ Responsibilities concerning Indians, Alaska Natives, and Insular Areas in the President’s FY 2016 Budget Request for the Bureau of Indian Affairs, Indian",yes,
103165,114,House,Hearing,2015-03-18,hsii00,"“Effect of the President’s FY 2016 Budget and Legislative Proposals for the Office of Surface Mining on Private Sector Job Creation, Domestic Energy Production, State Programs and Deficit Reduction.”",yes,
103149,114,House,Hearing,2015-03-19,hlig00,The Growing Cyber Threat and its Impact on American Business (Open),yes,
103210,114,House,Hearing,2015-03-23,hlig00,Ongoing Intelligence Activities (Closed),no,
103166,114,House,Hearing,2015-03-24,hsii00,“Examining the Spending Priorities and Mission of the U.S. Geological Survey in the President’s FY 2016 Budget Proposal.”,yes,
103170,114,House,Meeting,2015-03-24,hsii00,“Examining the Spending Priorities and Missions of the Forest Service and the Bureau of Land Management in the President’s FY 2016 Budget Proposals”,yes,
103264,114,House,Markup,2015-03-24,hsii00,"On Committee on Natural Resources has scheduled a markup beginning on Tuesday, March 24, 2015 at 4:00 p.m.  The Committee will consider the following bills: 

•	H.R. 152 (Rep. Walter Jones), “Corolla ",yes,
102877,114,House,Markup,2015-03-25,hssm00,"3-25-2015 Small Business Committee Markup H.R. 1481 Small Contractors Improve Competition Act of 2015.""",yes,
103262,114,House,Meeting,2015-03-25,hswm00,"Markup of:  H.R. 1058, “Taxpayer Bill of Rights Act of 2015”; H.R. 1152, “To prohibit officers and employees of the Internal Revenue Service from using personal email accounts to conduct official busi",yes,
103263,114,House,Markup,2015-03-25,hsgo00,"H.R. 653, the FOIA Oversight and Implementation Act of 2015;

H.R. 901, the Eliminating Pornography from Agencies Act;

H.R. 1069, the Presidential Library Donation Reform Act of 2015;

H.R. ____, the",yes,
103167,114,House,Hearing,2015-03-26,hsii00,"“Effect of the President’s FY 2016 Budget and Legislative Proposals for the Bureau of Land Management and the U.S. Forest Service’s Energy and Minerals Programs on Private Sector Job Creation, Domesti",yes,
103265,114,House,Markup,2015-03-26,hlig00,"""Protecting Cyber Networks Act""",yes,
103322,114,House,Markup,2015-03-26,hsba00,"H.R. 299, the Capital Access for Small Community Financial Institutions Act of 2015; H.R. 601, the Eliminate Privacy Notice Confusion Act; H.R. 650, the Preserving Access to Manufactured Housing Act o",yes,
103146,114,House,Hearing,2015-03-30,hsvr00,"""Tomah VAMC: Examining Quality, Access, and a Culture of Over-Reliance on High-Risk Medications""",yes,
103292,114,House,Hearing,2015-04-14,hlig00,CIA Budget (Closed),no,
103331,114,House,Markup,2015-04-14,hshm00,"Markup of H.R. 1731,  “National Cybersecurity Protection Advancement Act of 2015”.",yes,
103281,114,House,Hearing,2015-04-15,hsag00,"The Past, Present, and Future of SNAP: The World of Nutrition and the Role of the Charitable Sector",no,
103293,114,House,Hearing,2015-04-15,hlig00,Special Activities (Closed),no,
103310,114,House,Markup,2015-04-16,hsvr00,"Markup of H.R. 473, H.R. 475, H.R. 476, H.R. 1382, H.R. 456, H.R. 474, H.R. 643, H.R. 1038, H.R. 1141, H.R. 1187, H.R. 1313",yes,
103350,114,House,Markup,2015-04-21,hsgo00,"H. J. Res. 43, Disapproving the action of the DC Council in approving the Reproductive Health Non-Discrimination Amendment Act of 2014",yes,
103371,114,House,Markup,2015-04-21,hsvr00,"H.R. 571, H.R. 1015, H.R. 1016, H.R. 1017",yes,
103282,114,House,Markup,2015-04-22,hsas00,H.R. 1735 – National Defense Authorization Act for Fiscal Year 2016,yes,
103284,114,House,Markup,2015-04-22,hsas00,H.R. 1735 – National Defense Authorization Act for Fiscal Year 2016,yes,
103342,114,House,Hearing,2015-04-22,hlig00,USDI Budget (Closed),no,
103364,114,House,Markup,2015-04-22,hssy00,"H.R. 1806, the America COMPETES Reauthorization Act of 2015",yes,
103283,114,House,Markup,2015-04-23,hsas00,H.R. 1735 – National Defense Authorization Act for Fiscal Year 2016,yes,
103285,114,House,Markup,2015-04-23,hsas00,H.R. 1735 – National Defense Authorization Act for Fiscal Year 2016,yes,
103287,114,House,Markup,2015-04-23,hsas00,H.R. 1735 – National Defense Authorization Act for Fiscal Year 2016,yes,
103343,114,House,Hearing,2015-04-23,hlig00,ODNI/NCTC/NCPC Budget (Closed),no,
103363,114,House,Hearing,2015-04-23,hsii00,"“The Devastating Impacts of Wildland Fires and the Need to Better Manage our Overgrown, Fire-prone National Forests”",yes,
103383,114,House,Markup,2015-04-23,hswm00,"Markup of: H.R. 1891, “A bill to extend the African Growth and Opportunity Act, the Generalized System of Preferences, the preferential duty treatment program for Haiti, and for other purposes,”; H.R.",yes,
103333,114,House,Hearing,2015-04-30,hshm00,“Allegations of Special Access and Political Influence at the Department of Homeland Security.”,yes,
103379,114,House,Hearing,2015-04-30,hshm00,"“A Review of Access Control Measures at Our Nation's Airports, Part II.”",yes,
103424,114,House,Markup,2015-04-30,hspw00,"To consider the following bills and other legislative business:

H.R. 1987 - The Coast Guard Authorization Act of 2015 

H.R. 1642 - To designate the building utilized as a United States courthouse lo",yes,
103440,114,House,Markup,2015-05-13,hshm00,": H.R. 1615, (Mr. Carter of Georgia), To direct the Chief FOIA Officer of the Department of Homeland Security to make certain improvements in the implementation of section 552 of title 5, United State",yes,
103442,114,House,Markup,2015-05-14,hshm00,"Markup of: H.R. 1300. (King of New York), To direct the Secretary of Homeland Security to make anthrax vaccines and antimicrobials available to emergency response providers, and for other purposes.  T",yes,
103445,114,House,Hearing,2015-05-14,hsii00,"oversight hearing titled, ""Inadequate Standards for Trust Land Acquisition in the Indian Reorganization Act of 1934.""",yes,
103452,114,House,Hearing,2015-05-14,hsii00,"“Litigation and Increased Planning’s Impact on Our Nation’s Overgrown, Fire-Prone National Forests.”",yes,
103468,114,House,Markup,2015-05-14,hsag00,"H.R. 2289, a bill to reauthorize CFTC",yes,
103482,114,House,Markup,2015-05-14,hsif00,"“H.R. ____, the TSCA Modernization Act of 2015”",yes,
103484,114,House,Markup,2015-05-14,hsif00,Health Subcommittee Markup,yes,
103519,114,House,Markup,2015-05-19,hsgo00,"H.R. ___ (Chaffetz), the Inspector General Reform Act of 2015;

H.R. 1777 (Chaffetz), the Presidential Allowance Modernization Act; 

H.R. 1831 (Ryan), the Evidence-Based Policymaking Commission Act o",yes,
102971,114,House,Hearing,2015-05-20,hsvr00,"Joint Hearing of the House and Senate Veterans' Affairs Committees to receive the Legislative Presentations of Multiple Veterans Service Organizations: PVA, AMVETS, MOAA, MOPH, IAVA, VVA, BVA and NCOA",yes,
103480,114,House,Hearing,2015-05-20,hsag00,"Past, Present, and Future of SNAP:  The World of Nutrition, Government Duplication and Unmet Needs",no,
103510,114,House,Markup,2015-05-20,hsap00,FY 2016 Defense Appropriations Bill - Subcommittee,yes,
103514,114,House,Markup,2015-05-20,hshm00,"H.R. 1300, the “First Responder Anthrax Preparedness Act”. 
H.R. 1615, the “DHS FOIA Efficiency Act of 2015”. 
H.R. 1626, the “DHS IT Duplication Reduction Act of 2015”.
H.R. 1633, the “DHS Paid Admin",yes,
103522,114,House,Markup,2015-05-20,hsif00,Subcommittee Markup,yes,
103491,114,House,Markup,2015-05-21,hsvr00,"H.R. 475, H.R. 571, H.R. 675, H.R. 1575, H.R. 1607, and H.R. 2256",yes,
103562,114,House,Markup,2015-06-02,hswm00,"Markup of: H.R. 160, “Protect Medical Innovation Act of 2015”; H.R. 1190, “Protecting Seniors’ Access to Medicare Act of 2015”; S. 984, “Steve Gleason Act of 2015”; S. 971, “Medicare Independence at H",yes,
103571,114,House,Hearing,2015-06-03,hsii00,"Legislative hearing on a discussion draft entitled, “Returning Resilience to our Overgrown, Fire-prone National Forests Act of 2015.”",yes,
103405,114,House,Markup,2015-06-10,hssm00,6-10-2015 Committee Markup,yes,
103569,114,House,Hearing,2015-06-10,hsag00,"Past, Present, and Future of SNAP:  The Means to Climbing the Economic Ladder",no,
103572,114,House,Markup,2015-06-10,hsii00,"Full Committee Markup on:
• H.R. 387 (Rep. Raul Ruiz), “Economic Development Through Tribal Land Exchange Act”
• H.R. 521 (Rep. Don Young), To provide for the conveyance of certain property to the Yuk",yes,
103573,114,House,Hearing,2015-06-10,hsii00,"legislative hearing on the following bills: H.R. 487 (Mullin), To allow the Miami Tribe of Oklahoma to lease or transfer certain lands; H.R. 2212 (LaMalfa), To take certain Federal lands located in La",yes,
103602,114,House,Markup,2015-06-10,hsif00,"Subcommittee Markup of H.R. 805, the Domain Openness Through Continued Oversight Matters Act of 2015",yes,
103625,114,House,Hearing,2015-06-16,hsii00,Oversight Hearing on “Arctic Resources and American Competitiveness”,yes,
103648,114,House,Meeting,2015-06-16,hsru00,H.R. 160—Protect Medical Innovation Act of 2015; H.R. 1190—Protecting Seniors’ Access to Medicare Act of 2015,yes,
103651,114,House,Markup,2015-06-17,hsag00,"H.R. 2647, the Resilient Federal Forests Act of 2015, as amended by the House Committee on Natural Resources and H.R. 2620, legislation to amend the United States Cotton Futures Act to exclude certain",yes,
103653,114,House,Markup,2015-06-17,hsju00,"H.R. 2584, the “Business Activity Tax Simplification Act of 2015”;
H.R. 2315, the “Mobile Workforce State Income Tax Simplification Act of 2015”; and
H.R. 1643, the “Digital Goods and Services Tax Fai",yes,
103608,114,House,Hearing,2015-06-18,hsas00,Optimized Fleet Response Plan,no,
103654,114,House,Markup,2015-06-18,hsap00,FY 2016 Agriculture Appropriations Bill - Subcommittee,yes,
103504,114,House,Hearing,2015-06-23,hssm00,6-23-2015 Jt. Hearing with House Veterans Affairs Committee on Oversight & Investigations,yes,
103695,114,House,Markup,2015-06-24,hsju00,"H.R. 1927, the “Fairness in Class Action Litigation Act of 2015”",yes,
103687,114,House,Markup,2015-06-25,hshm00,"H.R. 158, the “Visa Waiver Program Improvement Act of 2015”. 
H.R. 455, The “Northern Border Security Review Act”.
H.R. 998, the “Preclearance Authorization Act of 2015”.
H.R. 1073, the ‘‘Critical Inf",yes,
103731,114,House,Markup,2015-07-08,hsii00,"The Committee on Natural Resources has scheduled a markup on: 
• H.R. 487 (Rep. Markwayne Mullin), To allow the Miami Tribe of Oklahoma to lease or transfer certain lands.
•	H.R. 959 (Rep. Bennie Thom",yes,
103767,114,House,Markup,2015-07-14,hsag00,"H.R. 1599, the Safe and Accurate Food Labeling Act of 2015",yes,
103772,114,House,Hearing,2015-07-14,hsii00,"Legislative Hearing on H.R. 2270, the ""Billy Frank Jr. Tell Your Story Act,"" and a discussion draft of H.R. _____, ""The Lake Tahoe Restoration Act of 2015""",yes,
103848,114,House,Hearing,2015-07-14,hsii00,Sub on EMR Oversight Hearing titled “The Fundamental Role of Safe Seismic Surveying in OCS Energy Exploration and Development.”,yes,
103795,114,House,Markup,2015-07-22,hsgo00,"H.R. _, to ensure the equitable treatment of individuals affected by recent data breaches at the Office of Personnel Management, to provide for the enhanced security of Federal information systems, an",yes,
103796,114,House,Markup,2015-07-22,hsed00,"H.R. 511, ""Tribal Labor Sovereignty Act of 2015""",yes,
103784,114,House,Hearing,2015-07-23,hlig00,Ongoing Intelligence Activities (Closed),no,
103790,114,House,Hearing,2015-07-23,hsii00,"Oversight hearing on ""New and Innovative Ideas for the Next Century of Our National Parks""",yes,
103794,114,House,Markup,2015-07-23,hspw00,"the following bills and other legislative business:

General Services Administration Capital Investment and Leasing Program Resolutions

H.R. 2954 - To designate the Federal building located at 617 Wa",no,
103872,114,House,Meeting,2015-07-23,hsii00,"Subcommittee on Water, Power and Ocean's Legislative Hearing on the following bills:
•H.R. 564 (Rep. Herrera Beutler), “Endangered Salmon and Fisheries Predation Prevention Act;” 
•H.R. 1772 (Rep. Car",yes,
103804,114,House,Hearing,2015-07-24,hsgo00,DATA Act Implementation,no,
103799,114,House,Hearing,2015-07-28,hlig00,Iran (Closed),no,
103757,114,House,Hearing,2015-07-29,hlzi00,Hearing 4,no,
103798,114,House,Hearing,2015-08-03,hssm00,"8-3-2015 Joint Field Hearing with the Committee on Natural Resources: ""Restricted Access at Biscayne National Park and Implications for Fishermen, Small Businesses, the Local Economy and Environment""",yes,
103855,114,House,Hearing,2015-08-03,hsii00,"The Natural Resources Committee and Small Business Committee held a Joint Oversight Hearing entitled, “Restricted Access at Biscayne National Park and Implications for Fishermen, Small Businesses, the",yes,
103960,114,House,Markup,2015-09-09,hsii00,"Markup beginning on Wednesday September 9, 2015 at 4:00 p.m.  
The Committee will consider the following bills: 

• H.R. 538 (Rep. Don Young), To facilitate the development of energy on Indian lands b",yes,
103797,114,House,Hearing,2015-09-10,hlig00,World Wide Cyber Threats (Open),no,
103932,114,House,Markup,2015-09-10,hshm00,Markup of a Committee Print entitled “Promoting Resilience and Efficiency in Preparing for Attacks and Responding to Emergencies Act”.,yes,
103945,114,House,Markup,2015-09-10,hswm00,"H.R. 692, “Default Prevention Act,” and H.R. 3442, “Debt Management and Fiscal Responsibility Act of 2015.”",yes,
103944,114,House,Hearing,2015-09-16,hsag00,To review USDA organization and program administration - Part II,no,
103973,114,House,Meeting,2015-09-17,hssy00,"The deposition of Mark Miller has been scheduled for Thursday, September 17, 2015, beginning at 10:00 a.m. in 2318 Rayburn House Office Building.",yes,
103968,114,House,Hearing,2015-09-18,hlig00,Defense Intelligence Agency and the Defense Clandestine Service (Closed),no,
104000,114,House,Markup,2015-09-30,hshm00,"H.R. 3102, the “Airport Access Control Security Improvement Act of 2015”.
H.R. 3144, the ‘‘Partners for Aviation Security Act”.
H.R. 3350, the “Know the CBRN Terrorism Threats to Transportation Act”.
",yes,
104045,114,House,Meeting,2015-10-06,hlig00,Access Request (Closed),no,
104041,114,House,Hearing,2015-10-07,hsgo00,"""Secure Immigration Identity Documents.""",no,
104062,114,House,Markup,2015-10-09,hsgo00,"H.R. 10, the Scholarships for Opportunity and Results Reauthorization Act;
H.R. 3231, the Federal Intern Protection Act of 2015;
H.R. 2347, the Federal Advisory Committee Act Amendments of 2015;
S. 11",yes,
104108,114,House,Meeting,2015-10-21,hsru00,H.R. 3762—Restoring Americans’ Healthcare Freedom Reconciliation Act of 2015,yes,
104111,114,House,Markup,2015-10-22,hspw00,H.R. 3763 - Surface Transportation Reauthorization and Reform Act of 2015,yes,
104100,114,House,Hearing,2015-10-27,hsag00,"Past, Present, and Future of SNAP:  Breaking the Cycle",no,
104107,114,House,Hearing,2015-10-27,hsvr00,“VA and DoD IT:  Electronic Health Records Interoperability.”,yes,
104131,114,House,Meeting,2015-10-27,hsru00,H.R. 1090—Retail Investor Protection Act,yes,
104128,114,House,Hearing,2015-10-29,hssy00,Examining the Costs and Challenges of EPA’s Power Plan,yes,
104151,114,House,Hearing,2015-11-04,hsvr00,“An Examination of Continued Challenges in VA’s Vets First Verification Process”,yes,
104164,114,House,Hearing,2015-11-04,hsii00,"Legislative hearing on the following bills:

H.R. 2009 (Rep. Raúl Grijalva), To provide for the conveyance of certain land inholdings owned by the United States to the Tucson Unified School District a",yes,
104210,114,House,Meeting,2015-11-17,hsru00,H.R. 1210—Portfolio Lending and Mortgage Access Act; H.R. 3189—FORM Act of 2015,yes,
104188,114,House,Hearing,2015-11-18,hsag00,"Past, Present, and Future of SNAP:  The National Commission on Hunger",no,
104192,114,House,Hearing,2015-11-18,hshm00,The Rise of Radicalism: Growing Terrorist Sanctuaries and the Threat to the U.S. Homeland.,yes,
104203,114,House,Hearing,2015-11-18,hsed00,“Federal Student Aid:  Performance-Based Organization Review”,yes,
104205,114,House,Meeting,2015-11-18,hsii00,"Leg Hrg on a discussion draft of the ""Protecting America's Recreation and Conservation Act""",yes,
104251,114,House,Markup,2015-12-02,hsif00,"Markup of H.R. 1641, “Federal Spectrum Incentive Act of 2015”, and, Discussion Draft, to amend the National Telecommunications and Information Administration Organization Act to facilitate that deploy",yes,
104296,114,House,Hearing,2015-12-07,hsii00,"Full Committee oversight field hearing in Riverhead, New York, titled, “Restoring Atlantic Fisheries and Protecting the Regional Seafood Economy.”",yes,
104266,114,House,Hearing,2015-12-08,hsii00,"Legislative hearing (Part II) on the following bill:

H.R. 3764 (Rep. Rob Bishop), To provide that an Indian group may receive Federal acknowledgment as an Indian tribe only by an Act of Congress, and",yes,
104304,114,House,Meeting,2016-01-07,hlig00,Access Request,no,
104373,114,House,Hearing,2016-01-12,hshm00,“Wassenaar: Cybersecurity & Export Controls”,yes,
104361,114,House,Hearing,2016-01-26,hsed00,Expanding Educational Opportunity Through School Choice,no,
104363,114,House,Hearing,2016-01-26,hsif00,"""Industry Perspectives on the Consumer Product Safety Commission""",yes,
104384,114,House,Meeting,2016-02-01,hlig00,Consideration of Budget Views & Estimates (Closed),no,
104411,114,House,Markup,2016-02-02,hsed00,"H.R. 4293, “Affordable Retirement Advice Protection Act.”
H.R. 4294, “Strengthening Access to Valuable Education and Retirement Support Act of 2015.”",yes,
104382,114,House,Markup,2016-02-04,hssm00,Views and Estimates on the President’s FY 2017 Budget for the Small Business Administration,yes,
104385,114,House,Meeting,2016-02-04,hlig00,Consideration of a Committee Report (Open - Possibility of Closing),no,
104471,114,House,Markup,2016-02-11,hspw00,"Fiscal Year 2017 Budget Views and Estimates of the Committee on Transportation and Infrastructure;

H.R. 4441 – The Aviation Innovation, Reform, & Reauthorization Act",yes,
104491,114,House,Hearing,2016-02-11,hsii00,"Leg hrg on H.R. 87, H.R. 295, H.R. 1621, and H.R. 2817",yes,
104423,114,House,Hearing,2016-02-24,hsvr00,“Joint Hearing of the House and Senate Veterans' Affairs Committees to receive the Legislative Presentation of The American Legion”,yes,
104512,114,House,Markup,2016-02-25,hsvr00,H.R. 4591; H.R. 4336; H.R. 4063; H.R. 4129; H.R. 1769; H.R. 3484; and H.R. 4590,yes,
104551,114,House,Hearing,2016-02-25,hlig00,World Wide Threats (Closed),no,
104424,114,House,Hearing,2016-03-02,hsvr00,“Joint Hearing of the House and Senate Veterans' Affairs Committees to receive the Legislative Presentation of the Veterans of Foreign Wars of the United States ”,yes,
104575,114,House,Hearing,2016-03-02,hsag00,"Past, Present, and Future of SNAP: Examining State Options",yes,
104578,114,House,Hearing,2016-03-02,hsii00,"Oversight hearing on ""The Impact of the President’s FY 2017 Budget on the Energy and Mineral Leasing and Production Missions of the Bureau of Ocean Energy Management (BOEM), the Bureau of Safety and E",yes,
104599,114,House,Markup,2016-03-02,hspw00,"the following bills and other legislative business:

General Services Administration Capital Investment and Leasing Program Resolutions

H.R. 4487 – The Public Buildings Reform and Savings Act of 2016",no,
104425,114,House,Hearing,2016-03-03,hsvr00,"“Joint Hearing to Receive the Legislative Priorities from PVA, GSW, VVA, MOPH, BVA, WWP, NGAUS, and AMVETS""",yes,
104696,114,House,Markup,2016-03-15,hsii00,"The Committee on Natural Resources has scheduled a markup beginning on Tuesday, March 15, 2016 at 4:00 p.m.  The Committee will consider the following bills: 

•	H.R. 87 (Rep. Marsha Blackburn), To mo",yes,
104426,114,House,Hearing,2016-03-16,hsvr00,"“Joint Hearing to Receive the Legislative Priorities from FRA, TREA, NASDVA, MOAA, AFSA, AXPOW, NCOA, JWV, and IAVA”",yes,
104653,114,House,Hearing,2016-03-16,hlig00,Ongoing Intelligence Activities (Closed),no,
104654,114,House,Hearing,2016-03-17,hlig00,Ongoing Intelligence Activities (Closed),no,
104681,114,House,Hearing,2016-03-22,hsii00,"Sub on WPO Oversight Hearing titled, ""Examining the Missions and Impacts of the President’s Proposed Fiscal Year 2017 Budgets of the U.S. Fish and Wildlife Service, the National Ocean and Atmospheric ",yes,
104698,114,House,Hearing,2016-03-22,hsii00,Oversight Hearing Titled: “The President’s Fiscal Year 2017 Funding Priorities and Impacts on Indian Country and Insular Areas.”,yes,
104701,114,House,Hearing,2016-03-22,hlig00,Ongoing Intelligence Activities (Closed),no,
104738,114,House,Markup,2016-03-23,hssm00,Markup of H.R. 4783 and H.R. 207 ANS,yes,
104762,114,House,Hearing,2016-04-14,hsap00,United States Pacific Command Oversight,yes,
104838,114,House,Markup,2016-04-18,hsif00,"Communications and Technology Subcommittee Vote on H.R. 4889, H.R. 4167, H.R. 4884, H.R. 4111, H.R. 4190, H.R. 3998, and H.R. 2031",yes,
104799,114,House,Hearing,2016-04-19,hsag00,Focus on the Farm Economy:  Tightening Credit Conditions,yes,
104840,114,House,Markup,2016-04-20,hspw00,"the following bills and other legislative business:

H.R. 4937 – The Protecting our Infrastructure of Pipelines and Enhancing Safety Act of 2016;

H.R. 4957 – To designate the Federal building located",yes,
104763,114,House,Hearing,2016-04-21,hsap00,Intelligence Community Budget,no,
104826,114,House,Markup,2016-04-21,hsas00,H.R. 4909 – National Defense Authorization Act for Fiscal Year 2017,yes,
104878,114,House,Markup,2016-04-26,hsif00,"Energy and Commerce Committee Vote on H.R. 4978, H.R. 4641, H.R. 3680, H.R. 3691, H.R. 1818, H.R. 4981, H.R. 3250, H.R. 4969, H.R. 4586, H.R. 4599, H.R. 4976, H.R. 4982, H.R. 4889, H.R. 4167, H.R. 411",yes,
104882,114,House,Markup,2016-04-28,hsed00,"H.R. 4843, Improving Safe Care for the Prevention of Infant Abuse and Neglect Act.",yes,
104887,114,House,Markup,2016-04-28,hswm00,"H.R. 3209, “Recovering Missing Children Act.”
H.R. ____, “To amend the Internal Revenue Code of 1986 to prohibit the Secretary of the Treasury from requiring that the identity of contributors to 501(c",yes,
104842,114,House,Markup,2016-04-29,hlig00,"Full Committee Markup (Closed)
H.R. 5077-Intelligence Authorization Act for Fiscal Year 2017",yes,
104864,114,House,Markup,2016-05-11,hsvr00,H.R. 3286; H.R. 4138; H.R. 5174; H.R. 5175; H.R. 5176; and H.R. 5178,yes,
104865,114,House,Markup,2016-05-11,hsvr00,H.R. 4892; H.R. 3715; H.R. 4758; H.R. 4087; H.R. 4759; H.R. 4782; H.R. 4757; and H.R. 3936,yes,
104908,114,House,Hearing,2016-05-12,hsag00,"The Past, Present, and Future of SNAP:  The Retailer Perspective",yes,
104929,114,House,Meeting,2016-05-12,hsru00,S. 524—Comprehensive Addiction and Recovery Act of 2016,yes,
104927,114,House,Hearing,2016-05-17,hsag00,Focus on the Farm Economy:  Impacts of Environmental Regulations and Voluntary Conservation Solutions,yes,
104968,114,House,Markup,2016-05-18,hsed00,"H.J. Res. 87, Providing for congressional disapproval under chapter 8 of title 5, United States Code, of the final rule of the Department of Labor relating to ""Interpretation of the 'Advice' Exemption",yes,
104950,114,House,Hearing,2016-05-19,hsii00,"""Examining Deficiencies in Transparency at the Department of the Interior.""",yes,
104990,114,House,Hearing,2016-05-25,hsii00,"“Exploring 21st Century Mining Safety, Environmental Control, and Technological Innovation.”",yes,
105049,114,House,Markup,2016-06-08,hsif00,CMT Subcommittee Markup of Four Bills,yes,
105086,114,House,Hearing,2016-06-15,hsii00,"Oversight Hearing on ""State Perspectives on BLM’s Draft Planning 2.0 Rule."" [Cancelled]",yes,
105093,114,House,Meeting,2016-06-15,hsap00,Conference of House and Senate Amendments to H.R. 2577,yes,
105092,114,House,Hearing,2016-06-16,hsgo00,“Firearms and Munitions at Risk: Examining Inadequate Safeguards”,no,
105090,114,House,Hearing,2016-06-22,hsag00,"Past, Present, and Future of SNAP:  Evaluating Effectiveness and Outcomes in Nutrition Education",yes,
105132,114,House,Hearing,2016-06-22,hsii00,“Challenges and Potential Solutions for BLM’s Wild Horse & Burro Program.”,yes,
105133,114,House,Markup,2016-06-22,hsed00,"H.R. 5529, Accessing Higher Education Opportunities Act.
H.R. 5530, HBCU Capital Financing Improvement Act. 
H.R. 5528, Simplifying the Application for Student Aid Act.
H.R. 3179, Empowering Students ",yes,
105110,114,House,Markup,2016-07-06,hsap00,FY 2017 State and Foreign Operations Appropriations Bill - Subcommittee,yes,
105114,114,House,Hearing,2016-07-06,hlig00,Department of Defense Intelligence and Overhead Architecture Subcommittee (Closed),no,
105148,114,House,Hearing,2016-07-06,hsii00,"Sub on EMR Legislative Hearing on: H.R. 5577 (Rep. Garret Graves), “Innovation in Offshore Leasing Act.”",yes,
105151,114,House,Hearing,2016-07-06,hsag00,"Past, Present, and Future of SNAP:  Evaluating Error Rates and Anti-Fraud Measures to Enhance Program Integrity",yes,
105177,114,House,Markup,2016-07-07,hsed00,"H.R. 5587, ""Strengthening Career and Technical Education for the 21st Century Act""",yes,
105209,114,House,Meeting,2016-07-08,hlzi00,Business Meeting to Consider: Report of the Select Committee on the Events Surrounding the 2012 Terrorist Attack in Benghazi,yes,
105239,114,House,Meeting,2016-07-12,hsru00,S. 304—Motor Vehicle Safety Whistleblower Act [Conscience Protection Act of 2016]; Senate amendment to the House amendment to S. 764—An Act to reauthorize and amend the National Sea Grant College Prog,yes,
105217,114,House,Meeting,2016-07-15,hlig00,Business Meeting: Public Release of Committee Document (Open in a Closed Space),yes,
105254,114,House,Hearing,2016-08-08,hshm00,"""State and Local Perspectives on Federal Information Sharing""",no,
105316,114,House,Markup,2016-09-07,hsii00,"The Committee on Natural Resources has scheduled a markup beginning on Wednesday, September 7, 2016 at 5:00 p.m.  The Committee will consider the following bills: 

•	H.R. 3764 (Rep. Rob Bishop), To p",yes,
105295,114,House,Markup,2016-09-08,hswm00,Markup of Proposals to Improve the Health Care System for More Americans,yes,
105282,114,House,Hearing,2016-09-09,hsba00,“Corporate Governance: Fostering a System that Promotes Capital Formation and Maximizes Shareholder Value”,no,
105318,114,House,Markup,2016-09-12,hsif00,"Subcommittee Markup of H.R. 4365, H.R. 1192, H.R. 1209, H.R. 1877, and H.R. 2713",yes,
105319,114,House,Markup,2016-09-12,hsif00,Communications and Technology Subcommittee Vote on H.R. 2566 and H.R. 2669,yes,
105320,114,House,Meeting,2016-09-15,hlig00,Full Committee Business Meeting: Consideration of Committee Report- Review of Unauthorized Disclosures by Former NSA Contractor Edward Snowden (Closed),yes,
105340,114,House,Markup,2016-09-15,hsgo00,"H.R. 6004, the Modernizing Government Technology Act of 2016;

H.R. 5995, the GAO Civilian Task and Delivery Order Protest Authority Act of 2016;

H.R. 6008, the Transit Benefits Expansion Act;

H.R. ",yes,
105362,114,House,Hearing,2016-09-20,hsgo00,Classifications and Redactions in FBI's Investigative File,no,
105335,114,House,Markup,2016-09-21,hsvr00,"Markup of H.R. 5047; H.R. 5428; H.R. 4757; H.R. 5166; H.R. 3216; H.R. 4150; H.R. 5099; H.R. 5162; H.R. 5392; H.R. 5399; and, H.R. 5600",yes,
105376,114,House,Markup,2016-09-21,hsif00,Select Investigative Panel Business Meeting,yes,
105420,114,House,Markup,2016-11-15,hsii00,"The Committee on Natural Resources has scheduled a markup beginning on Tuesday, November 15, 2016 at 4:00 p.m.  The Committee will consider the following bills: 

• H.R. 1219 (Rep. Tom Cole), To autho",yes,
105417,114,House,Hearing,2016-11-16,hsag00,"Past, Present, and Future of SNAP: Opportunities for Improving Access to Food",yes,
105441,114,House,Meeting,2016-12-01,hlig00,Full Committee Business Meeting: Consideration of Access Request (Closed),yes,
105461,114,House,Markup,2016-12-07,hspw00,General Services Administration Capital Investment and Leasing Program Resolutions,yes,
105467,115,House,Meeting,2017-01-05,hsru00,"H.R. 26—Regulations from the Executive in Need of Scrutiny Act of 2017; H. Res. 11—Objecting to United Nations Security Council Resolution 2334 as an obstacle to Israeli-Palestinian peace, and for oth",yes,
105595,115,House,Hearing,2017-01-09,hsru00,H.R. 5—Regulatory Accountability Act of 2017; H.R. 79—HALOS Act,yes,
105469,115,House,Meeting,2017-01-10,hlig00,Full Committee Business Meeting (Closed),yes,
105473,115,House,Markup,2017-01-12,hswm00,Ways and Means Organization Meeting and Consideration of Rules,yes,
105476,115,House,Hearing,2017-01-24,hlig00,Full Committee Hearing: Ongoing Intelligence Activities (Closed),no,
105485,115,House,Meeting,2017-01-24,hsif00,"Organizational Meeting, Energy and Commerce",yes,
105486,115,House,Markup,2017-01-24,hsed00,Organizational meeting to consider and adopt the Rules of the Committee on Education and the Workforce for the 115th Congress AND to consider and adopt the Committee on Education and the Workforce Ove,yes,
105492,115,House,Meeting,2017-01-31,hspw00,Organization Meeting,no,
105484,115,House,Meeting,2017-02-01,hshm00,Organizational Meeting,yes,
105515,115,House,Markup,2017-02-01,hsag00,"1.  The Rules of the Committee on Agriculture for the 115th Congress.
2.  The Oversight Plan of the Committee on Agriculture for the 115th Congress.
3.  The Committee Staff List for the 115th Congress",yes,
105634,115,House,Hearing,2017-02-02,hssm00,Learning from History: Ideas to Strengthen and Modernize the HUBZone Program,yes,
105524,115,House,Meeting,2017-02-07,hswm00,Organizational Meeting,no,
105525,115,House,Hearing,2017-02-07,hswm00,Hearing on Social Security’s Representative Payee Program,yes,
105533,115,House,Meeting,2017-02-07,hsii00,"Organizational meeting to consider Committee Rules and the Committee Oversight Plan for 115th Congress, and appoint Committee staff.",yes,
105562,115,House,Markup,2017-02-13,hsgo00,"H.J. Res. 27, Disapproving the action of the District of Columbia Council in approving the Death with Dignity Act of 2016.",no,
105584,115,House,Markup,2017-02-14,hsgo00,"H.R. 195, Federal Register Printing Savings Act of 2017;

H.R. 624, Social Security Fraud Prevention Act of 2017;

H.R. ___, Searching for and Cutting Regulations that are Unnecessarily Burdensome Act",no,
105586,115,House,Markup,2017-02-14,hswm00,"Ways and Means Committee Authorization and Oversight Plan for the 115th Congress, and Ways and Means Committee Views and Estimates on the Fiscal Year 2018 Federal Budget.  The Meeting will also includ",no,
105592,115,House,Meeting,2017-02-15,hsvr00,"“Resolution to assign Congressman Kilili Sablan, Congresswoman Esty, and Congressman Scott Peters to HVAC Subcommittees”",yes,
105583,115,House,Hearing,2017-02-16,hsvr00,“The Use of Official Time for Union Activities at the Department of Veterans Affairs”,yes,
105577,115,House,Hearing,2017-02-28,hsvr00,HVAC/SVAC Joint Hearing to receive the Legislative Presentation of the Disabled American Veterans,yes,
105611,115,House,Hearing,2017-02-28,hsag00,The Next Farm Bill:  Conservation Policy,yes,
105612,115,House,Hearing,2017-02-28,hsag00,The Next Farm Bill:  International Market Development,no,
105638,115,House,Markup,2017-02-28,hspw00,"Fiscal Year 2018 Budget Views and Estimates of the Committee on Transportation and
Infrastructure;


H.R. 1214 – Disaster Simplified Assistance Value Enhancement Act; H.R. 654 – Pacific Northwest Eart",yes,
105578,115,House,Hearing,2017-03-01,hsvr00,HVAC/SVAC Joint Hearing to receive the Legislative Presentation of The American Legion,yes,
105617,115,House,Hearing,2017-03-01,hsii00,"""Modernizing Western Water and Power Infrastructure in the 21st Century""",yes,
105630,115,House,Markup,2017-03-01,hssy00,"H.R. 1224, the “NIST Cybersecurity Framework, Assessment, and Auditing Act of 2017”",no,
105635,115,House,Markup,2017-03-01,hsag00,The Budget Views and Estimates Letter of the Committee on Agriculture for the agencies and programs under the jurisdiction of the Committee for fiscal year 2018.,yes,
105609,115,House,Meeting,2017-03-02,hlig00,Full Committee Business Meeting: Adoption of the Committee's Budget Views and Estimates Letter (Closed),no,
105650,115,House,Markup,2017-03-08,hshm00,"Markup of:
H.R. 0876, the “Aviation Employee Screening and Security Enhancement Act of 2017”.  
H.R. 1238, the “Securing our Agriculture and Food Act”.   
H.R. 1249, the “DHS Multiyear Acquisition Str",no,
105678,115,House,Markup,2017-03-08,hsed00,"H.R. 1304, Self-Insurance Protection Act; H.R. 1101, Small Business Health Fairness Act of 2017; and, H.R. 1313, Preserving Employee Wellness Programs Act.",yes,
105682,115,House,Markup,2017-03-08,hswm00,Budget Reconciliation Recommendations to Repeal and Replace Obamacare,yes,
105580,115,House,Hearing,2017-03-09,hsvr00,"HVAC/SVAC Hearing to receive the Legislative Presentations from Multiple Veterans Service Organizations ( PVA, AUSN, AMVETS, VVA, NCOA, GSW, NASDVA, WWP, NGAUS)",no,
105651,115,House,Hearing,2017-03-09,hsag00,The Next Farm Bill:  Rural Development and Energy Programs,yes,
105652,115,House,Markup,2017-03-09,hsag00,The Next Farm Bill:  Specialty Crops,yes,
105713,115,House,Markup,2017-03-10,hsgo00,"H.R. 1293, To amend title 5, United States Code, to require that the Office of Personnel Management submit an annual report to Congress relating to the use of official time by Federal employees;

H.R.",no,
105697,115,House,Hearing,2017-03-16,hsag00,The Next Farm Bill:  Agricultural Research,no,
105698,115,House,Hearing,2017-03-16,hsag00,The Next Farm Bill:  Forestry Initiatives,yes,
105732,115,House,Markup,2017-03-16,hsgo00,"H.R. 756, the Postal Service Reform Act of 2017; and

H.R. 760, the Postal Service Financial Improvement Act of 2017.",no,
105751,115,House,Hearing,2017-03-16,hsii00,Oversight hearing on “Identifying Innovative Infrastructure Ideas for the National Park Service and Forest Service”,no,
105722,115,House,Hearing,2017-03-20,hlig00,Full Committee Hearing (Open),yes,
105726,115,House,Hearing,2017-03-21,hsii00,The Importance of Domestically Sourced Raw Materials for Infrastructure Projects,yes,
105728,115,House,Hearing,2017-03-21,hsag00,The Next Farm Bill:  Nutrition Distribution Programs,yes,
105730,115,House,Meeting,2017-03-21,hsag00,The Next Farm Bill:  Livestock Producer Perspectives,yes,
105727,115,House,Hearing,2017-03-22,hsag00,The Next Farm Bill:  Dairy Policy,no,
105773,115,House,Hearing,2017-03-28,hsag00,The Next Farm Bill:  Commodity Policy Part I,yes,
105775,115,House,Hearing,2017-03-28,hsag00,The Next Farm Bill:  The Future of SNAP Policy,yes,
105816,115,House,Markup,2017-03-28,hswm00,H.Res 186,no,
105820,115,House,Hearing,2017-03-28,hsru00,H.R. 1431—EPA Science Advisory Board Reform Act of 2017,yes,
105818,115,House,Markup,2017-03-29,hspw00,"H.R. 1346 – To repeal the rule issued by the Federal Highway Administration and the Federal Transit Administration entitled “Metropolitan Planning Organization Coordination and Planning Area Reform”;
",no,
105824,115,House,Hearing,2017-04-04,hsag00,The Next Farm Bill:  Credit Programs,yes,
105825,115,House,Hearing,2017-04-04,hsag00,"The Next Farm Bill: Commodity Policy, Part II",yes,
105850,115,House,Markup,2017-04-04,hsed00,"H.R. 1808, Improving Support for Missing and Exploited Children Act of 2017; and
H.R. 1809, Juvenile Justice Reform Act of 2017.",yes,
105865,115,House,Hearing,2017-04-04,hsii00,"Legislative Hearing on H.R. 220, H.R. 1411, and a Discussion Draft H.R. _____",yes,
105827,115,House,Hearing,2017-04-05,hsii00,"Legislative Hearing on H.R. 1731, the RECLAIM Act of 2017",yes,
105809,115,House,Markup,2017-04-06,hsvr00,"H.R. 91, H.R. 95, H.R. 467, H.R. 907, H.R. 918, H.R. 1005, H.R. 1162, H.R. 1545, H.R. 1662, H.R. 1848.",yes,
105853,115,House,Meeting,2017-04-06,hsha00,Joint Committee on the Library Organizational Meeting for the 115th Congress,no,
105854,115,House,Meeting,2017-04-06,hsha00,Joint Committee on Printing Organizational Meeting for the 115th Congress,no,
105857,115,House,Hearing,2017-04-06,hsru00,H.R. 1628—American Health Care Act of 2017,no,
105895,115,House,Markup,2017-04-26,hsed00,"H.R. 1180, Working Families Flexibility Act of 2017.",no,
105901,115,House,Markup,2017-04-26,hsii00,"The Committee on Natural Resources on Wednesday April 26, 2017, at 4:00 p.m.  The Committee will consider the following bills: 


•	H.R. 220 (Rep. Don Young of AK), To authorize the expansion of an ex",yes,
105903,115,House,Markup,2017-04-27,hsju00,"H.R. 115, the “Thin Blue Line Act”; 
H.R. 510, the “Rapid DNA Act of 2017”; 
H.R. 613, the “Lieutenant Osvaldo Albarati Correctional Officer Self-Protection Act of 2017”;",yes,
105882,115,House,Hearing,2017-04-28,hsas00,Amphibious Warfare in a Contested Environment,no,
105933,115,House,Hearing,2017-05-02,hsru00,"Senate Amendments to H.R. 244—Senate Amendments to HIRE Vets Act [Consolidated Appropriations Act, 2017] (Rules Committee Print 115-16, showing the text of the Consolidated Appropriations Act, 2017.)",yes,
105939,115,House,Meeting,2017-05-02,hlig00,Full Committee Business Meeting: Consideration of Access Request (Closed),no,
105924,115,House,Hearing,2017-05-03,hsii00,The Challenges of Keeping Hydropower Affordable and Opportunities for New Development,yes,
105934,115,House,Markup,2017-05-03,hsag00,"H.R. 1177, Removing Outdated Restrictions to Allow for Job Growth Act, and H.R. 2154, To rename the Red River Valley Agricultural Research Center in Fargo, North Dakota, as the Edward T. Schafer Agric",no,
105935,115,House,Meeting,2017-05-03,hsju00,"Markup of: H.R. 1892, the “Honoring Hometown Heroes Act”;
H.R. 1761, the “Protecting Against Child Exploitation Act of 2017”; 
H.R. 1039, the “Probation Officer Protection Act of 2017”; 
H.R. 2266, th",no,
105914,115,House,Hearing,2017-05-04,hlig00,Full Committee Hearing: Ongoing Intelligence Activities (Closed),no,
105944,115,House,Hearing,2017-05-04,hsru00,H.R. 1628—American Health Care Act of 2017 [Meeting III]; H.R. 2192—To amend the Public Health Service Act to eliminate the non-application of certain State waiver provisions to Members of Congress an,yes,
105945,115,House,Markup,2017-05-04,hsba00,"H.R. 10, the Financial CHOICE Act of 2017 - Day 3",no,
105965,115,House,Hearing,2017-05-17,hsii00,Reviewing Recent State Successes with the Rigs to Reefs Program,yes,
105975,115,House,Markup,2017-05-17,hsed00,"H.R. 2353, ""Strengthening Career and Technical Education for the 21st Century Act""",no,
106026,115,House,Hearing,2017-05-17,hsii00,"""Seeking Better Management of America's Overgrown, Fire-Prone National Forests.""",yes,
105991,115,House,Hearing,2017-05-18,hsii00,Legislative Hearing on H.R. 2371 and a Discussion Draft,yes,
105996,115,House,Markup,2017-05-18,hsju00,"H.R. 1973, the “Protecting Young Victims from Sexual Abuse Act of 2017”;
H.R. 2473, the “Enforcing Justice for Victims of Trafficking Act of 2017”; 
H.R. 2431, the “Michael Davis, Jr. and Danny Oliver",no,
105992,115,House,Hearing,2017-05-23,hlig00,Russia Investigation Task Force Hearing (Open & Closed),yes,
106021,115,House,Hearing,2017-05-23,hswm00,Hearing on Increasing U.S Competitiveness and Preventing American Jobs from Moving Overseas,yes,
106024,115,House,Hearing,2017-05-23,hswm00,“Protecting Americans’ Identities:  Examining Efforts to Limit the Use of Social Security Numbers”,yes,
106039,115,House,Markup,2017-05-23,hsju00,"H.R. 2431, the “Michael Davis, Jr. and Danny Oliver in Honor of State and Local Law Enforcement Act”",no,
106043,115,House,Markup,2017-05-24,hsju00,"Continued consideration of H.R. 2431, the “Michael Davis, Jr. and Danny Oliver in Honor of State and Local Law Enforcement Act”;
Continued consideration of H.R. 2407, “To amend the Homeland Security A",yes,
106045,115,House,Markup,2017-05-24,hspw00,"H.R. 1684 – Disaster Assistance Support for Communities and Homeowners Act of 2017;
H.R. 2258 – ADVANCE Act;
H.R. 2518 – Coast Guard Authorization Act of 2017;
H.R. 2547 – Veterans Expanded Trucking O",yes,
106062,115,House,Hearing,2017-06-07,hsag00,The Next Farm Bill: The Future of International Food Aid and Agricultural Development,yes,
106072,115,House,Hearing,2017-06-07,hsii00,"Legislative Hearing on three bills:

•H.R. 1074 (Rep. Rod Blum), To repeal the Act entitled ""An Act to confer jurisdiction on the State of Iowa over offenses committed by or against Indians on the Sac",yes,
106063,115,House,Hearing,2017-06-08,hsag00,The Next Farm Bill: SNAP Technology and Modernization,yes,
106071,115,House,Hearing,2017-06-08,hsii00,"Legislative Hearing on H.R. 2083 and a Discussion Draft of HR ___ ""Reclamation Title Transfer Act""",yes,
106077,115,House,Hearing,2017-06-08,hswm00,Hearing on the Department of Health and Human Services’ Fiscal Year 2018 Budget Request,yes,
106118,115,House,Meeting,2017-06-08,hsii00,"Oversight Hearing on “Burdensome Litigation and Federal Bureaucratic Roadblocks to Manage our Nation’s Overgrown, Fire-Prone National Forests.”",yes,
106081,115,House,Hearing,2017-06-09,hsif00,"Examining H.R. 772, The Common Sense Nutrition Disclosure Act of 2017",no,
106112,115,House,Hearing,2017-06-14,hsif00,"States’ Perspectives on Energy Security Planning, Emergency Preparedness, and State Energy Programs",yes,
106135,115,House,Markup,2017-06-14,hsju00,"H.J. Res. 76, Granting the consent and approval of Congress for the Commonwealth of Virginia, the State of Maryland, and the District of Columbia to a enter into a compact relating to the establishmen",yes,
106098,115,House,Hearing,2017-06-15,hlig00,Ongoing Intelligence Activities (Closed),no,
106145,115,House,Markup,2017-06-15,hsif00,"Subcommittee Vote on H.R. 806, H.R. ___, Brownfields Enhancement, Economic Redevelopment, and Reauthorization Act of 2017, and H.R.___, Nuclear Waste Policy Amendments Act of 2017",yes,
106147,115,House,Markup,2017-06-15,hswm00,Markup of Legislation to Modify the Nuclear Production Tax Credit,yes,
106127,115,House,Markup,2017-06-21,hsas00,H.R. 2810 – National Defense Authorization Act for Fiscal Year 2018,yes,
106139,115,House,Hearing,2017-06-21,hlig00,Hearing: Ongoing Intelligence Activities (Closed),no,
106152,115,House,Hearing,2017-06-21,hlig00,Russia Investigative Task Force Hearing with Former Secretary of Homeland Security Jeh Johnson (Open),yes,
106171,115,House,Markup,2017-06-21,hsju00,"H.R. 495, the “Protection of Children Act of 2017”; 
H.R. 2826, the “Refugee Program Integrity Restoration Act of 2017”",yes,
106546,115,House,Hearing,2017-06-21,hsru00,H.R. 2842—Accelerating Individuals into the Workforce Act (Rules Committee Print 115-22—showing the text of H.R. 2842 as ordered reported by the Committee on Ways and Means),yes,
106124,115,House,Markup,2017-06-22,hsas00,H.R. 2810 – National Defense Authorization Act for Fiscal Year 2018,no,
106144,115,House,Hearing,2017-06-22,hlig00,Ongoing Intelligence Activities (Closed),no,
106154,115,House,Hearing,2017-06-22,hsag00,The Next Farm Bill:  University Research,yes,
106178,115,House,Markup,2017-06-23,hsap00,Subcommittee Markup - FY 2018 Legislative Branch Appropriations Bill,yes,
106187,115,House,Markup,2017-06-26,hsap00,Subcommittee Markup - FY 2018 Defense Appropriations Bill,yes,
106174,115,House,Hearing,2017-06-27,hlig00,Ongoing Intelligence Activities (Closed),no,
106202,115,House,Markup,2017-06-27,hspw00,H.R. 2997 - 21st Century AIRR Act,no,
106175,115,House,Hearing,2017-06-28,hlig00,Ongoing Intelligence Activities (Closed),no,
106199,115,House,Markup,2017-06-28,hsap00,FY 2018 Energy and Water Appropriations Bill,yes,
106205,115,House,Markup,2017-06-28,hsju00,"H.R. 2826, the “Refugee Program Integrity Restoration Act of 2017”;
H.R. 1096, the “Judgment Fund Transparency Act of 2017”; and,
H.R. 2480, the “Empowering Law Enforcement to Fight Sex Trafficking De",no,
106203,115,House,Hearing,2017-06-29,hlig00,Full Committee Hearing: Ongoing Intelligence Activity (Closed),no,
106211,115,House,Markup,2017-06-29,hsed00,"H.R. 986, Tribal Labor Sovereignty Act of 2017; H.R. 2776, Workforce Democracy and Fairness Act; and H.R. 2775, Employee Privacy Protection Act.",yes,
106218,115,House,Hearing,2017-07-12,hsed00,“Redefining Joint Employer Standards: Barriers to Job Creation and Entrepreneurship”,yes,
106219,115,House,Hearing,2017-07-12,hsag00,The Next Farm Bill:  Technology & Innovation in Specialty Crops,yes,
106242,115,House,Markup,2017-07-12,hsap00,"FY18 Interior, Environment and Related Agencies Appropriations Bill",yes,
106236,115,House,Hearing,2017-07-13,hswm00,Hearing on How Tax Reform Will Help America’s Small Businesses Grow and Create New Jobs,yes,
106247,115,House,Markup,2017-07-13,hlig00,"Full Committee Markup: H.R. 3180, Intelligence Authorization Act for Fiscal Year 2018 (Closed)",no,
106272,115,House,Markup,2017-07-13,hswm00,Markup of Bills to Strengthen Medicare Programs & Protect Taxpayers,yes,
106260,115,House,Hearing,2017-07-18,hsag00,The Next Farm Bill:  Pathways to Success for SNAP Households,yes,
106304,115,House,Markup,2017-07-19,hsed00,"H.R. 2823, Affordable Retirement Advice for Savers Act.",yes,
106306,115,House,Markup,2017-07-26,hshm00,"Markup of:
H.R. 2626, (Mr. Hurd), the “Strong Visa Integrity Secures America Act”.
H.R. 2805, (Miss Rice of New York), To permanently authorize the Asia-Pacific Economic Cooperation Business Travel Ca",no,
106342,115,House,Markup,2017-07-26,hsju00,"H.R. 391, the “Asylum Reform and Border Protection Act of 2017” and
H. Res. 446, Resolution of inquiry requesting the President and directing the Attorney General to transmit, respectively, certain do",yes,
106349,115,House,Markup,2017-07-27,hspw00,H.Res. 437 - Of inquiry requesting the President to provide certain documents in the President's possession; H.R. 1375 - Community Empowerment for Mitigated Properties Act of 2017; H.R. 3176 - Disaste,no,
106477,115,House,Hearing,2017-09-05,hsas00,U.S. Defense Strategy In South Asia,no,
106356,115,House,Hearing,2017-09-06,hshm00,“The Future of FEMA: The Administrator’s Perspective.”,no,
106364,115,House,Hearing,2017-09-06,hsii00,"Legislative Hearing on H.R. 2661 (Rep. Liz Cheney), H.R. 2907 (Rep. Scott Tipton), and H.R. 3565 (Rep. Diane Black)",yes,
106377,115,House,Markup,2017-09-07,hsju00,"H.R. 3229, To protect the safety of judges by extending the authority of the Judicial Conference to redact sensitive information contained in their financial disclosure reports, and for other purposes",yes,
106384,115,House,Markup,2017-09-07,hswm00,Markup of H.Res. 479,yes,
106405,115,House,Hearing,2017-09-08,hsru00,"Senate amendment to H.R. 601—READ Act [Hurricane Supplemental, Debt Limit, Continuing Appropriations, and Flood Insurance Package]",yes,
106351,115,House,Meeting,2017-09-12,hsas00,Securing the Peace After the Fall of ISIL,no,
106387,115,House,Hearing,2017-09-12,hspw00,"""Building a 21st Century Infrastructure for America: Coast Guard Stakeholders' Perspectives""",no,
106388,115,House,Hearing,2017-09-12,hspw00,"""Building a 21st Century Infrastructure for America: Rail Stakeholders' Perspectives""",no,
106391,115,House,Markup,2017-09-12,hsii00,"•	H.R. 210 (Rep. Don Young of AK), To facilitate the development of energy on Indian lands by reducing Federal regulations that impede tribal development of Indian lands, and for other purposes. “Nati",no,
106418,115,House,Meeting,2017-09-12,hsii00,"H.R. 3668 (Rep. Jeff Duncan), To provide for the preservation of sportsmen’s heritage and enhance recreation opportunities on Federal land, and for other purposes. “Sportsmen’s Heritage And Recreation",yes,
106412,115,House,Markup,2017-09-13,hsgo00,"H.R. 3731, Secret Service Recruitment and Retention Act of 2017; 

H.R. 3739, Presidential Allowance Modernization Act of 2017;

H.R. 1701, Eliminating Government-funded Oil-painting Act;

H.R. 3019, ",no,
106430,115,House,Hearing,2017-09-27,hsag00,Examining the 2017 Agenda for the Commodity Futures Trading Commission,no,
106446,115,House,Hearing,2017-10-03,hsii00,"H.R. 3400 (Rep. Rob Bishop), To promote innovative approaches to outdoor recreation on Federal land and to open up opportunities for collaboration with non-Federal partners, and for other purposes. “R",yes,
106464,115,House,Markup,2017-10-03,hsii00,"the Committee on Natural Resources will convene on Tuesday, October 3, 2017, at 4:00p.m. for opening statements only, for a Full Committee markup in 1334 Longworth House Office Building.  The Committe",yes,
106478,115,House,Markup,2017-10-04,hsed00,"H.R. 3441, Save Local Business Act",yes,
106480,115,House,Markup,2017-10-04,hsag00,"H.R. 2936, Resilient Federal Forests Act of 2017,
H.R. 2521, South Carolina Peanut Parity Act of 2017,
H.R. 2921, National Forest System Vegetation Management Pilot Program Act of 2017,
H.R. 2941, Kis",yes,
106447,115,House,Hearing,2017-10-11,hsii00,"•H.R. 219 (Rep. Don Young of AK), To correct the Swan Lake hydroelectric project survey boundary and to provide for the conveyance of the remaining tract of land within the corrected survey boundary t",yes,
106504,115,House,Hearing,2017-10-11,hsii00,"Legislative Hearing on the Discussion Draft of the ""Accessing Strategic Resources Offshore Act"" or ""ASTRO Act.""",yes,
106514,115,House,Meeting,2017-10-12,hsju00,"H.R. 4010, the “Congressional Subpoena Compliance and Enforcement Act of 2017”; 
H.R. 2228, the “Law Enforcement Mental Health and Wellness Act of 2017”; and,
H.R. 3996, the “Protecting Access to the ",no,
106515,115,House,Hearing,2017-10-13,hsii00,"Legislative Hearing on the Discussion Draft of the ""Opportunities for the Nation and States to Harness Onshore Resources Act"" or ""ONSHORE Act.""",yes,
106545,115,House,Markup,2017-10-24,hsju00,"H.R. 4092, the “Agricultural Guestworker Act” and
H.R. 3711, the “Legal Workforce Act”",yes,
106553,115,House,Markup,2017-10-25,hsju00,"(CONTINUED FROM 10.24.2017) H.R. 4092, the “Agricultural Guestworker Act” and
H.R. 3711, the “Legal Workforce Act”",yes,
106558,115,House,Hearing,2017-11-01,hlig00,Russia Investigative Task Force Hearing with Social Media Companies (Open),yes,
106559,115,House,Hearing,2017-11-02,hlig00,Full Committee Hearing: Testimony of Carter Page (Open Hearing in a Closed Space),no,
106590,115,House,Markup,2017-11-02,hsju00,"H.R. 3249, the “Project Safe Neighborhoods Grant Program Authorization Act of 2017”; 
H.R. 1730, the “Combating Anti-Semitism Act of 2017”;
H.R. 3317, the “Stopping Abusive Female Exploitation Act”; a",yes,
106608,115,House,Markup,2017-11-06,hswm00,Tax Cuts and Jobs Act,yes,
106622,115,House,Markup,2017-11-08,hsju00,"H.R. 3989, the “USA Liberty Act of 2017”",yes,
106639,115,House,Hearing,2017-11-13,hsru00,Conference report to accompany H.R. 2810—National Defense Authorization Act for Fiscal Year 2018 (H. Rept. 115-404) (as filed); H.R. 2874—21st Century Flood Reform Act,no,
106629,115,House,Hearing,2017-11-15,hsii00,"Legislative hearing on the following bills: 

•H.R. 801 (Rep. Darin LaHood), To amend the National Trails System Act to designate the Route 66 National Historic Trail, and for other purposes. “Route 6",yes,
106631,115,House,Hearing,2017-11-15,hsed00,"""Examining the Policies and Priorities of the U.S. Department of Labor.""",yes,
106642,115,House,Markup,2017-11-15,hsju00,"H.R. 170, the “Protect and Grow American Jobs Act”",yes,
106680,115,House,Markup,2017-11-29,hsju00,"H.R. 38, the “Concealed Carry Reciprocity Act of 2017”; 
H.R. 4477, the “Fix NICS Act of 2017”; and,
H.R. 2666, the “AMBER Alert in Indian Country Act of 2017”",no,
106661,115,House,Hearing,2017-11-30,hlig00,Full Committee Hearing: Testimony of Erik Prince (Open Hearing in a Closed Space),no,
106683,115,House,Markup,2017-11-30,hsgo00,"H.R. 2623 (Meadows-NC), Lessening Regulatory Costs and Establishing a Federal Regulatory Budget Act of 2017;

H.R. 4431 (Carter-GA), Correcting Miscalculations in Veterans’ Pensions Act; 

H.R. 3638 (",no,
106690,115,House,Markup,2017-11-30,hspw00,"H.R. 4460 - Disaster Recover Reform Act of 2017; 
H.R. 3814 - No Human Trafficking on Our Roads Act; 
H.R. 3813 - Combating Human Trafficking in Commercial Vehicles Act; 
Other matters cleared for con",yes,
106696,115,House,Markup,2017-12-01,hlig00,Full Committee Markup: H.R. 4478 the FISA Amendments Reauthorization Act of 2017.,yes,
106694,115,House,Hearing,2017-12-07,hsii00,"Legislative Hearing on 
•	H.R. 805 (Rep. Devin Nunes), To authorize the conveyance of and remove the reversionary interest of the United States in certain lands in the City of Tulare, California. “Tul",yes,
106700,115,House,Hearing,2017-12-07,hsii00,Oversight hearing titled “Transforming the Department of the Interior for the 21st Century.”,yes,
106706,115,House,Hearing,2017-12-08,hsif00,Examining the Role of the Department of Energy in Energy Sector Cybersecurity,yes,
106733,115,House,Markup,2017-12-12,hsed00,"H.R. 4508, Promoting Real Opportunity, Success, and Prosperity through Education Reform (PROSPER) Act.",yes,
106734,115,House,Markup,2017-12-12,hsju00,"H.R. 1865, the “Allow States and Victims to Fight Online Sex Trafficking Act of 2017” and
H.R. 2595, the “Strengthening the Department of Homeland Security Secure Mail Initiative Act”",yes,
106735,115,House,Hearing,2017-12-12,hsru00,H.R. 1638—Iranian Leadership Asset Transparency Act (Rules Committee Print 115-47—Showing the text of H.R. 1638 as ordered reported by the Committee on Financial Services); H.R. 2396—Privacy Notificat,yes,
106747,115,House,Hearing,2017-12-18,hsru00,H.R. 3312—Systemic Risk Designation Improvement Act of 2017 (Rules Committee Print 115-49—Showing the text of H.R. 3312 as reported by the Committee on Financial Services with modification.); Conferen,yes,
106748,115,House,Hearing,2017-12-19,hsru00,Senate Amendment to H.R. 1370—Department of Homeland Security Blue Campaign Authorization Act of 2017 [Further Continuing Resolution],yes,
106750,115,House,Hearing,2017-12-20,hsru00,"H.R. 4478—FISA Amendments Reauthorization Act of 2017 (Rules Committee Print 115-51—Showing the text of H.R. 4478, as ordered reported by the Permanent Committee on Intelligence)",yes,
106751,115,House,Hearing,2017-12-20,hsru00,Senate amendment to H.R. 1—An Act to provide for reconciliation pursuant to titles II and V of the concurrent resolution on the budget for fiscal year 2018. [Tax Cuts and Jobs Act],yes,
106752,115,House,Hearing,2017-12-21,hsru00,Senate amendment to H.R. 1370—Department of Homeland Security Blue Campaign Authorization Act of 2017 [Further Continuing Resolution]; H.R. 4667—Making further supplemental appropriations for the fisc,yes,
106765,115,House,Hearing,2018-01-09,hsru00,S.140—To amend the White Mountain Apache Tribe Water Rights Quantification Act of 2010 to clarify the use of amounts in the WMAT Settlement Fund (Rules Committee Print 115-54—Showing the text of S. 14,yes,
106759,115,House,Markup,2018-01-10,hsii00,"The Committee on Natural Resources has scheduled a markup on Wednesday, January 10, 2018, at 10:00 a.m.  The Committee will consider the following bills: 

•	H.R. 219 (Rep. Don Young),“Swan Lake Hydro",no,
106766,115,House,Markup,2018-01-10,hsju00,"Ratification of Subcommittee Assignments and
H.R. 506, the “Preventing Crimes Against Veterans Act of 2017”",yes,
106770,115,House,Hearing,2018-01-16,hsgo00,"“The Obama Rapprochement with the
Castro Regime: The Anatomy of a Policy Failure”",no,
106776,115,House,Hearing,2018-01-16,hsru00,H.R. 2954—Home Mortgage Disclosure Adjustment Act; H.R. 3326—World Bank Accountability Act of 2017; H.R. 4712—Born-Alive Abortion Survivors Protection Act,yes,
106786,115,House,Markup,2018-01-17,hsju00,"H.R. 4170, the “Disclosing Foreign Influence Act”",yes,
106802,115,House,Hearing,2018-01-17,hsii00,"Legislative Hearing on H.R. 4506 (Rep. Norma Torres), ""Jobs for Tribes Act.""",yes,
106743,115,House,Hearing,2018-01-18,hsvr00,Addressing Veteran Homelessness: Current Position; Future Course,yes,
106777,115,House,Hearing,2018-01-18,hsru00,Hearing on Article I: Effective Oversight and the Power of the Purse [OJ HEARING],no,
106796,115,House,Meeting,2018-01-18,hlig00,Business Meeting: Consideration of the Public Release of a Committee Transcript,yes,
106801,115,House,Meeting,2018-01-18,hsju00,Request for DHS Departmental Report on the Beneficiary of H.R. 1237,no,
106822,115,House,Meeting,2018-01-29,hlig00,Full Committee Business Meeting: Consideration of Pending Committee Business and Other Matters,no,
106808,115,House,Hearing,2018-01-30,hsed00,"“Protecting Privacy, Promoting Policy: Evidence-Based Policymaking and the Future of Education”",yes,
106821,115,House,Markup,2018-01-30,hsju00,"H.R. 3808, the “Infrastructure Expansion Act of 2017”",no,
106838,115,House,Meeting,2018-02-05,hlig00,"Full Committee Business Meeting:
Consideration of the public disclosure of executive session material, pursuant to House Rule X, clause 11(g) and other matters.",yes,
106825,115,House,Hearing,2018-02-06,hsed00,“Reviewing the Policies and Priorities of the Mine Safety and Health Administration”,yes,
106829,115,House,Hearing,2018-02-06,hsii00,"Legislative hearing on the following bills: 

• H.R. 835 (Rep. Doug Lamborn), To update the map of, and modify the maximum
acreage available for inclusion in, the Florissant Fossil Beds National Monum",yes,
106836,115,House,Markup,2018-02-06,hsgo00,"H.R. 1339 (Duncan-TN), Freedom from Government Competition Act of 2017; 

H.R. 4887 (Foxx), Grant Reporting Efficiency and Agreements Transparency (GREAT) Act of 2018;

H.R. ____ (Russell), IG Subpoen",yes,
106843,115,House,Hearing,2018-02-06,hsii00,"Legislative Hearing on H.R. 231 (Rep. Don Young of AK), ""Canyon Village Land Conveyance Act,"" and H.R. 4032 (Rep. Tom O'Halleran), ""Gila River Indian Community Federal Rights-of-Way, Easements, and Bo",yes,
106882,115,House,Hearing,2018-02-09,hsru00,"Senate amendment to the House amendment to the Senate amendment to H.R. 1892—An Act to amend title 4, United States Code, to provide for the flying of the flag at half-staff in the event of the death ",no,
106841,115,House,Markup,2018-02-14,hsii00,"The Committee on Natural Resources has scheduled a markup beginning on Wednesday, February 14, 2018, at 10:15 a.m.  The Committee will consider the following bills: 


•	H.R. 835 (Rep. Doug Lamborn), ",no,
106845,115,House,Hearing,2018-02-14,hsed00,“Examining the Government’s Management of Native American Schools”,yes,
106856,115,House,Hearing,2018-02-14,hswm00,Department of Health and Human Services' Fiscal Year 2019 Budget Request,yes,
106880,115,House,Markup,2018-02-14,hspw00,"Fiscal Year 2019 Budget Views and Estimates of the Committee on Transportation and Infrastructure;
H.R. 4921 – STB Information Security Improvement Act;
H.R. 4925 – FRA Safety Data Improvement Act; an",no,
106884,115,House,Hearing,2018-02-14,hsii00,"Oversight hearing titled, ""The State of the Nation's Water and Power Infrastructure.""",yes,
106866,115,House,Hearing,2018-02-15,hswm00,The President's Fiscal Year 2019 Budget Proposals with U.S. Secretary of the Treasury Steven Mnuchin,yes,
106885,115,House,Meeting,2018-02-26,hlig00,"Full Committee Business Meeting:
Adoption of the Committee’s FY 2019 Budget Views and Estimates Letter, pursuant to House Rule X, clause 11(c)(3)",no,
106886,115,House,Hearing,2018-02-27,hsvr00,Joint Hearing of the House and Senate Veterans' Affairs Committees to receive the Legislative Presentation of the Disabled American Veterans,yes,
106907,115,House,Meeting,2018-02-27,hsed00,“A More Effective and Collaborative OSHA: A View from Stakeholders”,yes,
106922,115,House,Markup,2018-02-27,hsag00,the Budget Views and Estimates Letter of the Committee on Agriculture for the agencies and programs under the jurisdiction of the Committee for fiscal year 2019,no,
106924,115,House,Markup,2018-02-27,hswm00,Adoption of Ways and Means Committee Views and Estimates on the Fiscal Year 2019 Federal Budget,no,
106887,115,House,Hearing,2018-02-28,hsvr00,Joint Hearing of the House and Senate Veterans' Affairs Committees to receive the Legislative Presentation of The American Legion,yes,
106899,115,House,Hearing,2018-02-28,hsas00,"A Review and Assessment of the Department of Defense Budget, Strategy, Policy, and Programs for Cyber Operations and U.S. Cyber Command for Fiscal Year 2019",no,
106908,115,House,Markup,2018-02-28,hsii00,Full Committee,yes,
106934,115,House,Hearing,2018-03-06,hsed00,“Strengthening Welfare to Work With Child Care”,yes,
106939,115,House,Hearing,2018-03-06,hsvr00,"Joint Hearing of the House and Senate Veterans' Affairs Committees to receive the Legislative Presentation of 
Multiple Veterans Service Organizations
(PVA, AMVETS, VVA, AXPOW, IAVA, AUSN,
WWP, NGAUS,",yes,
106936,115,House,Markup,2018-03-07,hsii00,"Full Committee

The Committee will consider the following bills: 


•	H.R. 520 (Rep. Mark E. Amodei), To require the Secretary of the Interior and the Secretary of Agriculture to more efficiently deve",yes,
107971,115,House,Markup,2018-03-07,hsju00,"H.R. 2152, the “Citizens' Right to Know Act of 2017”",yes,
106957,115,House,Hearing,2018-03-14,hshm00,"“Examining the President’s FY 2019 Budget Request for the Transportation Security Administration.""",yes,
106969,115,House,Hearing,2018-03-14,hsvr00,"Joint Hearing of the House and Senate Veterans' Affairs Committees to receive the Legislative Presentation of
Multiple Veterans Service Organizations (FRA, JWV, AFSA, BVA, MOPH, NASDVA, MOAA, TREA, GS",yes,
108001,115,House,Hearing,2018-03-15,hsed00,“Strengthening Access and Accountability to Work in Welfare Programs”,yes,
108037,115,House,Hearing,2018-03-21,hsap00,"POSTPONED: FY19 - Budget Oversight Hearing on Energy, Installations, and Environment",no,
108040,115,House,Hearing,2018-03-21,hsap00,FY 19 Budget - Open World Leadership Trust Fund,no,
108044,115,House,Meeting,2018-03-21,hsii00,"The Subcommittee on Water, Power and Oceans will hold an oversight hearing on “Examining the Proposed Fiscal Year 2019 Spending, Priorities and Missions of the Bureau of Reclamation and the Four Power",no,
108046,115,House,Hearing,2018-03-21,hsii00,"The Subcommittee on Water, Power and Oceans will hold an oversight hearing on “Examining the Proposed Fiscal Year 2019 Spending, Priorities and Missions of the Bureau of Reclamation and the Four Power",yes,
108054,115,House,Hearing,2018-03-21,hsgo00,“Bureaucratic Challenges to Hurricane Recovery in Puerto Rico”,no,
108023,115,House,Meeting,2018-03-22,hlig00,"Full Committee Business Meeting:
Adoption of the Committee’s Investigative Report into Russian Active Measures During the 2016 Presidential Election",no,
108082,115,House,Markup,2018-04-11,hsvr00,"H.R. 1206, H.R. 3023, H.R. 3940, H.R. 4451, H.R. 4830, H.R. 4835,and H.R. 5044",no,
108128,115,House,Markup,2018-04-11,hsju00,"H.R. 5283, To make technical amendments to update statutory references to certain provisions classified to title 7, title 20, and title 43, United States Code.; 
H.R. 5293, To make technical amendment",yes,
108133,115,House,Markup,2018-04-11,hswm00,Bills to Better Serve and Protect Taxpayers,yes,
108068,115,House,Markup,2018-04-12,hspw00,"H.R. 5294 - Treating Barriers to Prosperity Act of 2018; 
H.R. 3288 - Northern Border Regional Commission Reauthorization Act of 2017;
H. Con. Res. 115 - Authorizing the use of the Capitol Grounds for",yes,
108081,115,House,Hearing,2018-04-12,hsii00,"Examining the Proposed Fiscal Year 2019 Spending, Priorities and Missions of the Bureau of Reclamation, the U.S. Fish and Wildlife Service, the National Oceanic and Atmospheric Administration, and the",yes,
108121,115,House,Hearing,2018-04-12,hlig00,Fiscal Year 2019 Budget Hearing (closed),no,
108134,115,House,Hearing,2018-04-17,hsed00,"“Fraud, Mismanagement, Non-Compliance, and Safety: The History of Failures of the Corporation for National and Community Service”",yes,
108188,115,House,Markup,2018-04-18,hsag00,"H.R. 2, Agriculture and Nutrition Act of 2018",no,
108202,115,House,Markup,2018-04-18,hsif00,"Subcommittee Vote on H.R.4606, H.R. 5174, H.R. 5175, H.R. 5239, and H.R. 5240.",yes,
108242,115,House,Meeting,2018-04-25,hsju00,"Ratification of Subcommittee Assignments;
H.R.1689, the “Private Property Rights Protection Act of 2017”",yes,
108196,115,House,Markup,2018-04-26,hsas00,H.R. 5515 - National Defense Authorization Act for Fiscal Year 2019,yes,
108197,115,House,Markup,2018-04-26,hsas00,H.R. 5515 - National Defense Authorization Act for Fiscal Year 2019,yes,
108200,115,House,Markup,2018-04-26,hsas00,H.R. 5515 - National Defense Authorization Act for Fiscal Year 2019,yes,
108203,115,House,Hearing,2018-04-26,hlig00,CIA Subcommittee Hearing: Fiscal Year 2019 Budget Hearing (closed),no,
108257,115,House,Hearing,2018-05-08,hsed00,"""The Opioid Epidemic: Implications for the Federal Employees’ Compensation Act”",yes,
108258,115,House,Meeting,2018-05-09,hsed00,“Closing the Skills Gap: Private sector solutions for America's workforce”,yes,
108291,115,House,Markup,2018-05-09,hsju00,"H.R. 5682, the “FIRST STEP Act” and
H.R. 5698, the “Protect and Serve Act of 2018”",no,
108293,115,House,Markup,2018-05-09,hsif00,"Energy and Commerce Committee Vote on Opioids Legislation and H.R. 4606, H.R. 5174, H.R. 5175, H.R. 5239, and H.R. 5240",yes,
108268,115,House,Hearing,2018-05-10,hsap00,State and Foreign Operations Member Day,no,
108338,115,House,Markup,2018-05-10,hsju00,"H.R. 2561, the “POLICE Act of 2017”",yes,
108314,115,House,Markup,2018-05-15,hsap00,"FY 2019 Interior, Environment, and Related Agencies",yes,
108294,115,House,Hearing,2018-05-16,hsed00,“Enhancing Retirement Security: Examining Proposals to Simplify and Modernize Retirement Plan Administration.”,yes,
108296,115,House,Markup,2018-05-16,hsii00,"Full Committee to consider the following bills: 

•	H.R. 224 (Rep. Don Young), To amend the Marine Mammal Protection Act of 1972 to allow importation of polar bear trophies taken in sport hunts in Can",yes,
108297,115,House,Hearing,2018-05-16,hswm00,Series on Tax Reform: Growing Our Economy and Creating Jobs,yes,
108329,115,House,Markup,2018-05-16,hswm00,Bills to Combat the Opioid Crisis,no,
108295,115,House,Hearing,2018-05-17,hsed00,"“Protecting Privacy, Promoting Data Security: Exploring How Schools and States Keep Data Safe.”",yes,
108298,115,House,Hearing,2018-05-17,hlig00,Full Committee Hearing: China’s Worldwide Military Expansion (Open),yes,
108330,115,House,Markup,2018-05-17,hsap00,"FY 2019 Commerce, Justice, and Science Appropriations Bill",no,
108365,115,House,Markup,2018-05-17,hsju00,"H.R. 2561, the “POLICE Act of 2017”",no,
108327,115,House,Hearing,2018-05-22,hlig00,CIA Subcommittee Hearing: Ongoing Intelligence Activities (closed),no,
108331,115,House,Hearing,2018-05-22,hsed00,“Examining the Policies and Priorities of the U.S. Department of Education”,yes,
108349,115,House,Hearing,2018-05-23,hsed00,“Regulatory Reform:  Unleashing Economic Opportunity for Workers and Employers.”,yes,
108358,115,House,Hearing,2018-05-23,hsgo00,“The Federal Information Technology Acquisition Reform Act (FITARA) Scorecard 6.0”,yes,
108364,115,House,Hearing,2018-05-23,hswm00,Tax Reform and Small Businesses: Growing Our Economy and Creating Jobs,yes,
108374,115,House,Markup,2018-05-23,hswm00,the JOBS for Success Act,yes,
108376,115,House,Markup,2018-05-23,hspw00,H.R. 8 – the Water Resources Development Act of 2018.,yes,
108372,115,House,Markup,2018-05-24,hsap00,FY 2019 Financial Services and General Government,no,
108205,115,House,Markup,2018-06-06,hshm00,"Markup of: H.R. 4627, (Mr. Donovan) the “Shielding Public Spaces from Vehicular Terrorism Act”.
H.R. 4991, (Mr. Donovan) the “Supporting Research and Development for First Responders Act”.

H.R. 5206,",no,
108384,115,House,Hearing,2018-06-06,hsed00,"""Examining the Policies and Priorities of the U.S. Department of Health and Human Services”",yes,
108394,115,House,Hearing,2018-06-06,hswm00,Lowering Costs and Expanding Access to Health Care through Consumer-Directed Health Plans,yes,
108402,115,House,Markup,2018-06-06,hsap00,"FY 2019 Interior, Environment, and Related Agencies Appropriations Bill",yes,
108403,115,House,Markup,2018-06-07,hsap00,FY 2019 Defense Appropriations Bill,yes,
108407,115,House,Hearing,2018-06-13,hsed00,"""The Power of Charter Schools: Promoting Opportunity for America’s Students”",yes,
108423,115,House,Markup,2018-06-13,hsju00,"H.R. 4423, the “North Texas Water Supply Security Act of 2017”;
H.R. 5954, the “Anti-terrorism Clarification Act of 2018”; and,
H.R. 5904, the “NOPEC”",yes,
108416,115,House,Hearing,2018-06-19,hsju00,"Committee on the Judiciary and Committee on Oversight and Government Reform Joint Hearing on, “Oversight of the FBI and DOJ Actions in Advance of the 2016 Election”",yes,
108436,115,House,Hearing,2018-06-20,hswm00,Internal Revenue Service and U.S. Department of Justice Efforts to Return Taxpayers' Seized Funds,yes,
108437,115,House,Hearing,2018-06-20,hsed00,“Occupational Licensing: Reducing Barriers to Economic Mobility and Growth”,yes,
108462,115,House,Markup,2018-06-20,hsap00,FY 2019 State and Foreign Operations Appropriations Bill and Revised Report on the Suballocation of Budget Allocations for FY 2019,yes,
108440,115,House,Hearing,2018-06-21,hlig00,Full Committee Hearing: DIA Roles & Mission (Closed),no,
108472,115,House,Markup,2018-06-21,hswm00,"Bills from the Subcommittees on Tax Policy, Health, Social Security, and Oversight",no,
108493,115,House,Hearing,2018-06-21,hsru00,H.R. 4760—Securing America's Future Act (Meeting II),no,
108621,115,House,Hearing,2018-06-21,hsii00,"Legislative Hearing on H.R. 4644 and 5859 the ""Yellowstone Gateway Protection Act"" and ""Education and Energy Act of 2018""",no,
108456,115,House,Hearing,2018-06-22,hssy00,Space Situational Awareness: Whole of Government Perspectives on Roles and Responsibilities,yes,
108473,115,House,Markup,2018-06-26,hsap00,"POSTPONED: FY 2019 Labor, Health and Human Services, Education, and Related Agencies Appropriations Bill",no,
108487,115,House,Hearing,2018-06-26,hsju00,The State of Intellectual Freedom in America,no,
108500,115,House,Markup,2018-06-26,hsju00,"H. Res. 938, Of inquiry directing the Attorney General to provide certain documents in the Attorney General's possession to the House of Representatives relating to the ongoing congressional investiga",yes,
108622,115,House,Hearing,2018-06-26,hsii00,Legislative Hearing on Discussion Draft (Rep. Bordallo) and H.R. 5291 and Discussion Draft,no,
108489,115,House,Markup,2018-06-27,hsii00,"Full Committee will consider the following bills: 

•	H.R. 5291 (Rep. Niki Tsongas), To establish an offshore wind career training grant program, and for other purposes.  “Offshore Wind Jobs and Oppor",no,
108506,115,House,Meeting,2018-06-27,hsju00,Deposition of Peter P. Strzok,yes,
108507,115,House,Markup,2018-06-27,hspw00,H.R. 66 - Route 66 Centennial Commission Act; General Services Administration Capital Investment and Leasing Program Resolutions; H.R. 6194 - REAL Reform Act of 2018; H.R. 5846 - Promoting Flood Risk ,no,
108471,115,House,Markup,2018-06-28,hlig00,"Full Committee Business Meeting: 

  1. Mark up of H.R. 6237 the Matthew Young Pollard Intelligence Authorization Act for Fiscal Years 2018 and 2019

  2. To Call to the Attention of the House, pursua",no,
108509,115,House,Hearing,2018-06-28,hsju00,Oversight of FBI and DOJ Actions Surrounding the 2016 Election,no,
108540,115,House,Markup,2018-07-11,hswm00,Full Committee Markup,yes,
108526,115,House,Hearing,2018-07-12,hsju00,"Committee on the Judiciary and Committee on Oversight and Government Reform Joint Hearing on, “Oversight of FBI and DOJ Actions Surrounding the 2016 Election: Testimony by FBI Deputy Assistant Directo",yes,
108544,115,House,Hearing,2018-07-17,hsed00,"“Examining the Summer Food Service Program""",yes,
108553,115,House,Hearing,2018-07-17,hswm00,Modernizing Stark Law to Ensure the Successful Transition from Volume to Value in the Medicare Program,yes,
108554,115,House,Meeting,2018-07-17,hswm00,Combating Fraud in Medicare:  A Strategy for Success,yes,
108557,115,House,Hearing,2018-07-18,hswm00,"the Effects of Tariffs on 
U.S. Agriculture and Rural Communities",yes,
108577,115,House,Markup,2018-07-18,hswm00,Bills from the Subcommittees on Social Security and Tax Policy,no,
108578,115,House,Markup,2018-07-18,hssy00,"H.R. 6398, the “Department of Energy Veterans’ Health Initiative Act”",yes,
108561,115,House,Hearing,2018-07-19,hlig00,"Full Committee Hearing: 
China’s Threat to American Government and Private Sector Research and Innovation Leadership",yes,
108585,115,House,Hearing,2018-07-24,hsed00,"H.R. 4219, Workflex in the 21st Century Act.",yes,
108619,115,House,Hearing,2018-07-24,hsii00,Assessing Innovative and Alternative Uses of Coal,no,
108626,115,House,Markup,2018-07-24,hsba00,"H.R. 1511, H.R. 2069, H.R. 2570, H.R. 3626. H.R. 5036, H.R. 5059, and H.R. 6332",yes,
108624,115,House,Markup,2018-07-25,hsju00,"H.R. 1872, the “Reciprocal Access to Tibet Act of 2017”",yes,
108629,115,House,Hearing,2018-07-25,hsru00,"H. Res. ___—Waiving a requirement of clause 6(a) of rule XIII with respect to consideration of certain resolutions reported from the Committee on Rules, and providing for consideration of motions to s",yes,
108636,115,House,Hearing,2018-08-29,hsii00,Energy and Education: What's the Connection?,yes,
108638,115,House,Hearing,2018-09-04,hsru00,H.R. 1635—Empowering Students Through Enhanced Financial Counseling Act; H.R. 4606—Ensuring Small Scale LNG Certainty and Access Act,no,
108640,115,House,Hearing,2018-09-05,hsed00,“On-The-Job: Rebuilding the Workforce Through Apprenticeships.”,yes,
108653,115,House,Markup,2018-09-05,hswm00,Full Committee Markup,no,
108657,115,House,Hearing,2018-09-05,hsru00,H.R. 6691—Community Safety and Security Act of 2018,no,
108667,115,House,Meeting,2018-09-05,hsap00,Conference of House and Senate Amendments to H.R. 5895,yes,
108662,115,House,Markup,2018-09-06,hsju00,"H.R. 5468, the “Permitting Litigation Efficiency Act of 2018”",yes,
108683,115,House,Hearing,2018-09-12,hsru00,"H.R. 3798—Save American Workers Act of 2017 (Rules Committee Print 115-84—Showing the text of H.R. 3798 and H.R. 1150, as introduced with modifications, H.R. 6718 as introduced, and H.R. 4616 as repor",yes,
108671,115,House,Meeting,2018-09-13,hsru00,SUBCOMMITTEE HEARING:  Members' Day Hearing on Proposed Rules Changes for the 116th Congress,no,
108678,115,House,Hearing,2018-09-13,hsap00,FY19 Oversight Hearing on the NASA James Webb Space Telescope,no,
108690,115,House,Markup,2018-09-13,hswm00,Bills to Protect Taxpayers,yes,
108691,115,House,Markup,2018-09-13,hsju00,"H.R. 5634, the “Medical Cannabis Research Act of 2018”; 
H.R. 6755, the “Judiciary ROOM Act”;
H.R. 3487, To amend section 1332 of title 28, United States Code, to provide that the requirement for dive",yes,
108693,115,House,Markup,2018-09-13,hsii00,"The Committee on Natural Resources has scheduled a markup beginning on Thursday, September 13, 2018, at 10:15 a.m.  The Committee will consider the following bill: 

H.R. 6510 (Rep. Rob Bishop of UT),",no,
108734,115,House,Hearing,2018-09-25,hsru00,"Conference report to accompany H.R. 6157—Department of Defense Appropriations Act, 2019 [Department of Defense and Labor, Health and Human Services, and Education Appropriations Act, 2019 and Continui",yes,
108704,115,House,Hearing,2018-09-26,hsed00,“Examining First Amendment Rights on Campus”,yes,
108707,115,House,Hearing,2018-09-26,hswm00,The Internal Revenue Service’s Taxpayer Online Authentication Efforts,yes,
108735,115,House,Hearing,2018-09-26,hsru00,H.R. 6756—American Innovation Act of 2018; H.R. 6757—Family Savings Act of 2018; H.R. 6760—Protecting Family and Small Business Tax Cuts Act of 2018,yes,
108743,115,House,Markup,2018-09-27,hspw00,"General Services Administration Capital Investment and Leasing Program Resolutions;

H.R. 5158,To direct the Secretary of Transportation to request nominations for and make determinations regarding ro",no,
108748,115,House,Meeting,2018-09-28,hlig00,Full Committee Business Meeting (Closed) See Attachment for Full Details,yes,
108758,115,House,Hearing,2018-11-13,hsru00,H.R. 6784—Manage our Wolves Act,no,
108754,115,House,Hearing,2018-11-14,hshm00,"Interagency Cyber Cooperation: Roles, Responsibilities and Authorities of the Department of Defense & the Department of Homeland Security",yes,
108756,115,House,Hearing,2018-11-14,hshm00,"“Interagency Cyber Cooperation: Roles, Responsibilities and Authorities of the Department of Defense & the Department of Homeland Security.”",yes,
108760,115,House,Markup,2018-11-15,hsii00,"The Committee on Natural Resources has scheduled a markup beginning on November 15, 2018, at 9:30 a.m.  The Committee will consider the following bills: 

•	H.R. 3593 (Rep. Mike Johnson), To amend the",no,
108771,115,House,Hearing,2018-11-28,hsru00,"H.R. 88—Shiloh National Military Park Boundary Adjustment and Parker's Crossroads Battlefield Designation Act (Rules Committee Print 115-85——Showing the text of the Retirement, Savings, and Other Tax ",yes,
108773,115,House,Hearing,2018-12-05,hsas00,"Department of Defense’s Artificial Intelligence Structure, Investments, and Applications",no,
108772,115,House,Hearing,2018-12-06,hsas00,National Defense Strategy Commission: Assessment and Recommendations,no,
108778,115,House,Hearing,2018-12-06,hsas00,Naval Surface Forces: On the Road to Recovery?,no,
108776,115,House,Meeting,2018-12-11,hsju00,"Transparency & Accountability: Examining Google and its Data Collection, Use, and Filtering Practices",yes,
108799,115,House,Hearing,2018-12-11,hsru00,Conference report to accompany H.R. 2—Agriculture Improvement Act of 2018,no,
108774,115,House,Hearing,2018-12-12,hsju00,Oversight Hearing for the Antitrust Enforcement Agencies (Federal Trade Commission’s Bureau of Competition and the Department of Justice’s Antitrust Division),yes,
108798,115,House,Markup,2018-12-12,hspw00,Markup of General Services Administration Capital Investment and Leasing Program Resolutions,yes,
108796,115,House,Meeting,2018-12-13,hlig00,Full Committee Business Meeting,yes,
108800,115,House,Hearing,2018-12-19,hsru00,"Senate amendment to H.R. 88—Shiloh National Military Park Boundary Adjustment and Parker's Crossroads Battlefield Designation Act (Rules Committee Print 115-87——Showing the text of the Retirement, Sav",no,
108803,115,House,Meeting,2018-12-20,hlig00,Full Committee Business Meeting (Closed),no,
108804,115,House,Hearing,2018-12-20,hsru00,"Senate amendment to H.R. 695—Department of Defense Appropriations Act, 2018 (Further Additional Continuing Appropriations Act, 2019)",no,
108805,115,House,Hearing,2018-12-21,hsru00,S. 2322—Codifying Useful Regulatory Definitions Act,no,
108807,116,House,Meeting,2019-01-08,hsru00,"H.R. 264—Financial Services and General Government Appropriations Act, 2019; H.R. 267—Transportation, Housing and Urban Development, and Related Agencies Appropriations Act, 2019; H.R. 265—Agriculture",yes,
108866,116,House,Meeting,2019-02-06,hlig00,Full Committee Organizational/Business Meeting (Closed),yes,
109067,116,House,Hearing,2019-02-12,hsif00,“The Fiscal Year 2020 HHS Budget”,yes,
108892,116,House,Hearing,2019-02-14,hsju00,"The State of Competition in the Wireless Market: Examining the Impact of the Proposed Merger of T-Mobile and Sprint on Consumers, Workers, and the Internet",yes,
108989,116,House,Hearing,2019-03-06,hsii00,"“Examining the Policies and Priorities of the Bureau of Ocean Energy Management, the Bureau of Safety and Environmental Enforcement, and the U.S. Geological Survey”",yes,
108991,116,House,Meeting,2019-03-07,hlig00,"Full Committee Business Meeting
Topic: Adoption of the Committee’s Views and Estimates Letter",yes,
109095,116,House,Hearing,2019-03-14,hswm00,The President's Fiscal Year 2020 Budget Proposal with U.S. Secretary of the Treasury Steven Mnuchin,yes,
109196,116,House,Hearing,2019-04-03,hlig00,"Full Committee Hearing
Title: Fiscal Year 2020 Intelligence Community Budget Request Overview (Closed)",no,
109307,116,House,Meeting,2019-04-25,hsgo00,"Deposition of John Gore, Principal Deputy Assistant Attorney General, U.S. Department of Justice",no,
109337,116,House,Hearing,2019-04-29,hsap00,Central Intelligence Agency - FY2020 Budget Hearing,no,
109402,116,House,Meeting,2019-04-30,hsha00,Joint Committee on Printing,yes,
109403,116,House,Meeting,2019-04-30,hsha00,Joint Committee on the Library,yes,
325720,116,NoChamber,Meeting,2019-04-30,jjec00,"Hearings to examine expanding opportunity by strengthening families, communities, and civil society.",no,
325749,116,NoChamber,Meeting,2019-04-30,jslc00,Organizational business meeting to consider committee rules for the 116th Congress.,no,
325750,116,NoChamber,Meeting,2019-04-30,jspr00,Organizational business meeting to consider committee rules for the 116th Congress.,no,
109365,116,House,Hearing,2019-05-01,hlig00,Fiscal Year 2020 National Reconnaissance and National Geospatial Program Budget Request (Closed),yes,
109366,116,House,Hearing,2019-05-02,hlig00,Fiscal Year 2020 Central Intelligence Agency Program Budget Request (Closed),yes,
109404,116,House,Hearing,2019-05-08,hlig00,Fiscal Year 2020 National Security Program Budget Request (Closed),no,
109405,116,House,Hearing,2019-05-09,hlig00,Fiscal Year 2020 Defense Intelligence Agency and Military Services Budget Request (Closed),yes,
325780,116,NoChamber,Meeting,2019-05-09,jcse00,To receive a briefing on the state of institutional resilience and political context for the election of Volodymyr Zelenskiy as Ukraine's next president.,no,
325783,116,NoChamber,Meeting,2019-05-09,jcse00,To receive a closed briefing on issues related to Hungary and Russia.,no,
109453,116,House,Hearing,2019-05-14,hlig00,Compartmented FY 2020 Budget Request (Closed),no,
109491,116,House,Markup,2019-05-15,hsap00,FY 2020 Defense Subcommittee Markup [Closed],yes,
109549,116,House,Meeting,2019-05-20,hlig00,Full Committee Business Meeting (Closed),yes,
325842,116,NoChamber,Meeting,2019-05-22,jjec00,Hearings to examine the economic impacts of the 2020 Census and business uses of Federal data.,no,
109543,116,House,Markup,2019-06-04,hsas00,H.R. 2500 - National Defense Authorization Act for Fiscal Year 2020,yes,
109545,116,House,Markup,2019-06-04,hsas00,H.R. 2500 - National Defense Authorization Act for Fiscal Year 2020,yes,
325818,116,Senate,Meeting,2019-06-04,slin00,Closed hearings to examine certain intelligence matters.,no,
325920,116,Senate,Meeting,2019-06-04,ssju00,Hearings to examine fentanyl analogues and the expiring emergency scheduling order.,no,https://www.senate.gov/isvp/?comm=judiciary&filename=judiciary060419
325921,116,Senate,Meeting,2019-06-04,ssap00,To receive a closed briefing on proposed budget estimates and justification for fiscal year 2020 for Nuclear Modernization programs.,no,
325926,116,Senate,Meeting,2019-06-04,ssas00,"Hearings to examine the nominations of Christopher J. Scolese, to be Director of the National Reconnaissance Office, and General John W. Raymond, USAF, for reappointment to the grade of general and to",yes,https://www.senate.gov/isvp/?comm=armed&filename=armedA060419
325940,116,Senate,Meeting,2019-06-04,ssju00,Hearings to examine the state of patent eligibility in America.,no,https://www.senate.gov/isvp/?comm=judiciary&filename=judiciary060419
325927,116,Senate,Meeting,2019-06-05,ssap00,Closed hearings to examine defense innovation and research funding.,no,
325928,116,Senate,Meeting,2019-06-05,ssju00,"Hearings to examine the nominations of Peter Joseph Phipps, of Pennsylvania, to be United States Circuit Judge for the Third Circuit, Charles R. Eskridge III, to be United States District Judge for th",yes,https://www.senate.gov/isvp/?comm=judiciary&filename=judiciary060519
325930,116,Senate,Meeting,2019-06-05,ssju00,Hearings to examine the state of patent eligibility in America.,no,https://www.senate.gov/isvp/?comm=judiciary&filename=judiciary060519
325934,116,Senate,Meeting,2019-06-05,ssva00,"Business meeting to consider the nomination of James Byrne, of Virginia, to be Deputy Secretary of Veterans Affairs.",yes,
325960,116,Senate,Meeting,2019-06-11,ssju00,Hearings to examine the state of patent eligibility in America.,no,https://www.senate.gov/isvp/?comm=judiciary&filename=judiciary061119
325961,116,Senate,Meeting,2019-06-11,ssju00,"Hearings to examine the crisis at the southwest border, including S.1494, to amend the William Wilberforce Trafficking Victims Protection Reauthorization Act of 2008 to protect alien minors and to ame",yes,https://www.senate.gov/isvp/?comm=judiciary&filename=judiciary061119
325980,116,Senate,Meeting,2019-06-11,scnc00,Hearings to examine the global narcotics epidemic and the United States strategy to confront the rising epidemic.,no,
325993,116,Senate,Meeting,2019-06-11,slin00,Closed business meeting to consider pending calendar business; to be immediately followed by a closed hearing to examine certain intelligence matters.,no,
326004,116,Senate,Meeting,2019-06-11,ssfi00,"Business meeting to consider the nominations of Amy Karpel, of Washington, and Randolph J. Stayin, of Virginia, both to be a Member of the United States International Trade Commission.",yes,
109628,116,House,Hearing,2019-06-12,hlig00,Lessons from the Mueller Report: Counterintelligence Implications of Volume 1 (Open),yes,
325932,116,Senate,Meeting,2019-06-12,ssju00,Hearings to examine competitive implications of vertical consolidation in the healthcare industry.,no,https://www.senate.gov/isvp/?comm=judiciary&filename=judiciary061219
325994,116,Senate,Meeting,2019-06-13,slin00,Closed hearings to examine certain intelligence matters.,no,
326005,116,Senate,Meeting,2019-06-13,ssju00,"Business meeting to consider S.1494, to amend the William Wilberforce Trafficking Victims Protection Reauthorization Act of 2008 to protect alien minors and to amend the Immigration and Nationality Ac",yes,https://www.senate.gov/isvp/?comm=judiciary&filename=judiciary061319
326009,116,Senate,Meeting,2019-06-18,ssju00,"Hearings to examine keeping Congress accountable, focusing on term limits in the United States.",no,https://www.senate.gov/isvp/?comm=judiciary&filename=judiciary061819
326026,116,Senate,Meeting,2019-06-18,slin00,Closed hearings to examine certain intelligence matters.,no,
109666,116,House,Meeting,2019-06-19,hswm00,"Hearing on Ending the TCJA Tax on Houses of Worship, Charities, and Nonprofits",no,
326010,116,Senate,Meeting,2019-06-19,ssga00,"Business meeting to consider S.1867, to amend the Homeland Security Act of 2002 to establish in the Department of Homeland Security an Unmanned Aircraft Systems Coordinator, S.1877, to establish proce",yes,https://www.senate.gov/isvp/?comm=govtaff&filename=govtaff061919
326013,116,Senate,Meeting,2019-06-19,ssap00,"Business meeting to markup an original bill entitled, ""Emergency Supplemental Appropriations for Humanitarian Assistance and Security at the Southern Border, 2019"".",no,https://www.senate.gov/isvp/?comm=approps&filename=appropsA061919
326014,116,Senate,Meeting,2019-06-19,ssbu00,"Hearings to examine fixing a broken budget process, focusing on lessons from states.",no,https://www.senate.gov/isvp/?comm=budget&filename=budget061919
326019,116,Senate,Meeting,2019-06-19,ssju00,"Hearings to examine combating kleptocracy, focusing on beneficial ownership, money laundering, and other reforms.",no,https://www.senate.gov/isvp/?comm=judiciary&filename=judiciary061919
326040,116,NoChamber,Meeting,2019-06-19,jcse00,To receive a briefing on international election observation in the United States and beyond.,no,
326020,116,Senate,Meeting,2019-06-20,ssju00,"Business meeting to consider S.1227, to require the Federal Trade Commission to study the role of intermediaries in the pharmaceutical supply chain and provide Congress with appropriate policy recomme",yes,https://www.senate.gov/isvp/?comm=judiciary&filename=judiciary062019
326023,116,Senate,Meeting,2019-06-20,ssfr00,"Hearings to examine the nominations of Andrew P. Bremberg, of Virginia, to be Representative of the United States of America to the Office of the United Nations and Other International Organizations i",yes,https://www.senate.gov/isvp/?comm=foreign&filename=foreign062019
326024,116,Senate,Meeting,2019-06-20,slin00,Closed hearings to examine certain intelligence matters.,no,
326025,116,Senate,Meeting,2019-06-20,ssaf00,Closed hearings to examine certain intelligence matters.,no,
326051,116,Senate,Meeting,2019-06-25,ssfr00,"Business meeting to consider S.727, to combat international extremism by addressing global fragility and violence and stabilizing conflict-affected areas, S.1102, to promote security and energy partne",yes,
326060,116,Senate,Meeting,2019-06-25,slin00,Closed hearings to examine certain intelligence matters.,no,
326049,116,Senate,Meeting,2019-06-26,ssga00,"Hearings to examine unprecedented migration at the United States southern border, focusing on the exploitation of migrants through smuggling, trafficking, and involuntary servitude.",no,https://www.senate.gov/isvp/?comm=govtaff&filename=govtaff062619
326050,116,Senate,Meeting,2019-06-26,ssfr00,Business meeting to consider pending calendar business.,no,
326052,116,Senate,Meeting,2019-06-26,ssbu00,"Hearings to examine fixing a broken budget and spending process, focusing on securing the nation's fiscal future.",no,https://www.senate.gov/isvp/?comm=budget&filename=budget062619
326053,116,Senate,Meeting,2019-06-26,ssju00,"Hearings to examine the nominations of Douglas Russell Cole, and Matthew Walden McFarland, both to be a United States District Judge for the Southern District of Ohio, Robert Anthony Molloy, to be Jud",yes,https://www.senate.gov/isvp/?comm=judiciary&filename=judiciary062619
326059,116,Senate,Meeting,2019-06-26,sshr00,"Business meeting to consider S.1199, to amend the Public Health Service Act to revise and extend the poison center network program, S.1173, to amend the Public Health Service Act to reauthorize the Em",yes,https://www.senate.gov/isvp/?comm=help&filename=help062619
326057,116,Senate,Meeting,2019-06-27,ssju00,"Business meeting to consider S.1227, to require the Federal Trade Commission to study the role of intermediaries in the pharmaceutical supply chain and provide Congress with appropriate policy recomme",yes,https://www.senate.gov/isvp/?comm=judiciary&filename=judiciary062719
326061,116,Senate,Meeting,2019-06-27,slin00,Closed hearings to examine certain intelligence matters.,no,
326127,116,Senate,Meeting,2019-07-09,ssju00,Hearings to examine protecting innocence in a digital world.,no,https://www.senate.gov/isvp/?comm=judiciary&filename=judiciary070919
326362,116,Senate,Meeting,2019-07-09,slin00,Closed hearings to examine certain intelligence matters.,no,
109777,116,House,Markup,2019-07-10,hsif00,Six Bills to Protect Consumers from Dangerous Products,yes,
326102,116,Senate,Meeting,2019-07-10,ssas00,Business meeting to consider pending military nominations.,no,
326128,116,Senate,Meeting,2019-07-10,sscm00,"Business meeting to consider S.149, to establish a Senior Scams Prevention Advisory Council, S.153, to promote veteran involvement in STEM education, computer science, and scientific research, S.384, ",yes,https://www.senate.gov/isvp/?comm=commerce&filename=commerce071019
326101,116,Senate,Meeting,2019-07-11,ssas00,"Hearings to examine the nomination of Gen. Mark A. Milley, for reappointment to the grade of General, and to be Chairman of the Joint Chiefs of Staff in the United States Army.",yes,https://www.senate.gov/isvp/?comm=armed&filename=armedA071119
326164,116,Senate,Meeting,2019-07-11,ssju00,"Business meeting to consider S.1273, to amend title 17, United States Code, to establish an alternative dispute resolution program for copyright small claims, S.1883, to improve the prohibitions on mo",yes,https://www.senate.gov/isvp/?comm=judiciary&filename=judiciary071119
326360,116,Senate,Meeting,2019-07-11,slin00,To receive a closed briefing on certain intelligence matters.,no,
326148,116,Senate,Meeting,2019-07-16,ssju00,Hearings to examine Google and censorship through search engines.,no,https://www.senate.gov/isvp/?comm=judiciary&filename=judiciary071619
326161,116,Senate,Meeting,2019-07-16,slin00,Closed hearings to examine certain intelligence matters.,no,
326162,116,Senate,Meeting,2019-07-16,ssas00,"Hearings to examine the nomination of Mark T. Esper, of Virginia, to be Secretary of Defense.",yes,https://www.senate.gov/isvp/?comm=armed&filename=armedA071619
326123,116,Senate,Meeting,2019-07-17,slia00,"Business meeting to consider S.886, to amend the Omnibus Public Land Management Act of 2009 to make the Reclamation Water Settlements Fund permanent, and S.2071, to repeal certain obsolete laws relati",yes,
326150,116,Senate,Meeting,2019-07-17,ssju00,"Hearings to examine the nominations of Halil Suleyman Ozerden, of Mississippi, to be United States Circuit Judge for the Fifth Circuit, David B. Barlow, to be United States District Judge for the Dist",yes,https://www.senate.gov/isvp/?comm=judiciary&filename=judiciary071719
326159,116,Senate,Meeting,2019-07-17,ssfr00,"Hearings to examine the nominations of Michelle A. Bekkering, of the District of Columbia, to be an Assistant Administrator of the United States Agency for International Development, and Richard K. Be",yes,https://www.senate.gov/isvp/?comm=foreign&filename=foreign071719
326140,116,Senate,Meeting,2019-07-18,ssju00,"Business meeting to consider S.1273, to amend title 17, United States Code, to establish an alternative dispute resolution program for copyright small claims, S.1883, to improve the prohibitions on mo",yes,https://www.senate.gov/isvp/?comm=judiciary&filename=judiciary071819
326182,116,Senate,Meeting,2019-07-18,ssas00,Business meeting to consider pending military nominations.,no,
326214,116,Senate,Meeting,2019-07-18,slin00,Closed hearings to examine certain intelligence matters.,no,
326125,116,Senate,Meeting,2019-07-23,slin00,Closed business meeting to consider pending intelligence matters; to be immediately followed by a closed briefing on certain intelligence matters.,no,
326184,116,Senate,Meeting,2019-07-23,ssju00,Oversight hearings to examine the Federal Bureau of Investigation.,no,https://www.senate.gov/isvp/?comm=judiciary&filename=judiciary072319
326189,116,Senate,Meeting,2019-07-23,ssas00,To receive a closed briefing on Department of Defense Cyber operations.,no,
326208,116,Senate,Meeting,2019-07-23,ssas00,Business meeting to consider pending military nominations.,no,
326200,116,Senate,Meeting,2019-07-24,ssga00,"Business meeting to consider S.2162, to require the Commissioner of U.S. Customs and Border Protection to annually hire at least 600 new Border Patrol agents, to report quarterly to Congress on the st",yes,https://www.senate.gov/isvp/?comm=govtaff&filename=govtaff072419
326206,116,Senate,Meeting,2019-07-24,spag00,"Business meeting to consider pending calendar business; to be immediately followed by a hearing to examine the nomination of E. Sequoyah Simermeyer, of Maryland, to be Chairman of the National Indian ",yes,
326209,116,Senate,Meeting,2019-07-24,ssas00,"Hearings to examine the nomination of David L. Norquist, of Virginia, to be Deputy Secretary of Defense.",yes,https://www.senate.gov/isvp/?comm=armed&filename=armedA072419
326211,116,Senate,Meeting,2019-07-24,sssb00,"Business meeting to markup an original bill entitled, ""Small Business Administration Reauthorization Act"".",no,
109854,116,House,Hearing,2019-07-25,hlig00,Business Meeting: Consideration of Access Requests,yes,
109872,116,House,Meeting,2019-07-25,hswm00,"Consideration of:
Historical documents protected under Internal Revenue Code section 6103.",yes,
326126,116,Senate,Meeting,2019-07-25,slin00,Closed hearings to examine certain intelligence matters.,no,
326201,116,Senate,Meeting,2019-07-25,ssfr00,"Business meeting to consider S.398, to support the peaceful resolution of the civil war in Yemen, to address the resulting humanitarian crisis, and to hold the perpetrators responsible for murdering a",yes,
326204,116,NoChamber,Meeting,2019-07-25,jcse00,Hearings to examine the state of media freedom in the Organization for Security and Co-operation in Europe region.,no,
326210,116,Senate,Meeting,2019-07-25,ssas00,Business meeting to consider pending military nominations.,no,
326223,116,Senate,Meeting,2019-07-25,ssju00,"Business meeting to consider S.1494, to amend the William Wilberforce Trafficking Victims Protection Reauthorization Act of 2008 to protect alien minors and to amend the Immigration and Nationality Ac",yes,https://www.senate.gov/isvp/?comm=judiciary&filename=judiciary072519
326225,116,Senate,Meeting,2019-07-25,ssfi00,"Business meeting to consider an original bill entitled, ""The Prescription Drug Pricing Reduction Act of 2019"".",no,https://www.senate.gov/isvp/?comm=finance&filename=finance072519
326058,116,Senate,Meeting,2019-07-30,ssju00,An oversight hearing to examine the United States Copyright Office.,no,https://www.senate.gov/isvp/?comm=judiciary&filename=judiciary073019
326227,116,Senate,Meeting,2019-07-30,sshr00,"Business meeting to consider the nominations of Sharon Fast Gustafson, of Virginia, to be General Counsel,  and Charlotte A. Burrows, of the District of Columbia, to be a Member, both of the Equal Emp",yes,
326230,116,Senate,Meeting,2019-07-30,ssfr00,"Hearings to examine the nominations of John Leslie Carwile, of Maryland, to be Ambassador to the Republic of Latvia, Erin Elizabeth McKee, of California, to be Ambassador to the Independent State of P",yes,https://www.senate.gov/isvp/?comm=foreign&filename=foreign073019
326235,116,Senate,Meeting,2019-07-30,slin00,Closed hearings to examine certain intelligence matters.,no,
326242,116,Senate,Meeting,2019-07-30,ssas00,Business meeting to consider pending military nominations.,no,https://www.senate.gov/isvp/?comm=armed&filename=armedA073019
326243,116,Senate,Meeting,2019-07-30,ssas00,"Hearings to examine the nomination of Gen. John E. Hyten, USAF, for reappointment to the grade of general and to be Vice Chairman of the Joint Chiefs of Staff.",yes,https://www.senate.gov/isvp/?comm=armed&filename=armedA073019
326213,116,Senate,Meeting,2019-07-31,ssfi00,"Business meeting to consider the nominations of Brent James McIntosh, of Michigan, to be an Under Secretary, Brian Callanan, of New Jersey, to be General Counsel, and Brian McGuire, of New York, to be",yes,https://www.senate.gov/isvp/?comm=finance&filename=finance073119
326222,116,Senate,Meeting,2019-07-31,ssas00,"Hearings to examine the nomination of Vice Admiral Michael M. Gilday, USN, to be Admiral and Chief of Naval Operations, Department of Defense.",yes,https://www.senate.gov/isvp/?comm=armed&filename=armedA073119
326231,116,Senate,Meeting,2019-07-31,ssju00,"Hearings to examine the nominations of Kenneth Charles Canterbury, Jr., of South Carolina, to be Director, Bureau of Alcohol, Tobacco, Firearms, and Explosives, Department of Justice, R. Austin Huffak",yes,https://www.senate.gov/isvp/?comm=judiciary&filename=judiciary073119
326244,116,Senate,Meeting,2019-07-31,slia00,"Business meeting to consider the nomination of E. Sequoyah Simermeyer, of Maryland, to be Chairman of the National Indian Gaming Commission.",yes,https://www.senate.gov/isvp/?comm=indian&filename=indian073119
326280,116,Senate,Meeting,2019-07-31,ssfr00,"Business meeting to consider S.1441, to impose sanctions with respect to the provision of certain vessels for the construction of Russian energy export pipelines.",yes,
326240,116,Senate,Meeting,2019-08-01,ssju00,"Business meeting to consider S.1494, to amend the William Wilberforce Trafficking Victims Protection Reauthorization Act of 2008 to protect alien minors and to amend the Immigration and Nationality Ac",yes,https://www.senate.gov/isvp/?comm=judiciary&filename=judiciary080119
326340,116,Senate,Meeting,2019-09-10,ssap00,"Business meeting to markup an original bill making appropriations for the Department of Defense for the fiscal year ending September 30, 2020.",no,https://www.senate.gov/isvp/?comm=approps&filename=appropsA091019 https://www.senate.gov/isvp/?comm=approps&filename=appropsB091019
326542,116,Senate,Meeting,2019-09-10,slin00,To receive a closed briefing on certain intelligence matters.,no,
326344,116,Senate,Meeting,2019-09-11,ssju00,"Hearings to examine the nominations of Steven J. Menashi, of New York, to be United States Circuit Judge for the Second Circuit, Karen Spencer Marston, to be United States District Judge for the Easte",yes,https://www.senate.gov/isvp/?comm=judiciary&filename=judiciary091119
326351,116,Senate,Meeting,2019-09-11,ssju00,"Hearings to examine innovation in America, focusing on how Congress can make our patent system stronger.",no,https://www.senate.gov/isvp/?comm=judiciary&filename=judiciary091119
109910,116,House,Hearing,2019-09-12,hsju00,"Online Platforms and Market Power, Part 3: The Role of Data and Privacy in Competition",yes,
326346,116,Senate,Meeting,2019-09-12,ssas00,"Hearings to examine the nominations of Ryan McCarthy, of Illinois, to be Secretary of the Army, and Barbara McConnell Barrett, of Arizona, to be Secretary of the Air Force, both of the Department of D",yes,https://www.senate.gov/isvp/?comm=armed&filename=armedA091219
326353,116,Senate,Meeting,2019-09-12,ssap00,"Business meeting to markup an original bill making appropriations for the Department of Defense for the fiscal year ending September 30, 2020, an original bill making appropriations for Energy and Wat",no,https://www.senate.gov/isvp/?comm=approps&filename=appropsA091219
326541,116,Senate,Meeting,2019-09-12,slin00,Closed hearings to examine certain intelligence matters.,no,
109922,116,House,Hearing,2019-09-16,hsii00,"""Examining the Benefits and Potential Challenges for New Jersey's Growing Offshore Wind Industry""",yes,
109968,116,House,Hearing,2019-09-17,hlig00,"Full Committee Business Meeting: 

I. Motion to release certain executive session material.",yes,
326016,116,Senate,Meeting,2019-09-17,ssju00,An oversight hearing to examine enforcement of the antitrust laws.,no,https://www.senate.gov/isvp/?comm=judiciary&filename=judiciary091719
326382,116,Senate,Meeting,2019-09-17,ssju00,Hearings to examine Holocaust-era insurance claims.,no,https://www.senate.gov/isvp/?comm=judiciary&filename=judiciary091719
326384,116,Senate,Meeting,2019-09-17,ssap00,"Business meeting to markup an original bill making appropriations for Financial Services and General Government for the fiscal year ending September 30, 2020.",no,https://www.senate.gov/isvp/?comm=approps&filename=appropsA091719 https://www.senate.gov/isvp/?comm=approps&filename=appropsB091719
326385,116,Senate,Meeting,2019-09-17,ssap00,"Business meeting to markup an original bill making appropriations for the Department of Transportation, the Department of Housing and Urban Development, and Related Agencies for the fiscal year ending",no,https://www.senate.gov/isvp/?comm=approps&filename=appropsA091719 https://www.senate.gov/isvp/?comm=approps&filename=appropsB091719
326397,116,Senate,Meeting,2019-09-17,slin00,Closed hearings to examine certain intelligence matters.,no,
326399,116,Senate,Meeting,2019-09-17,ssap00,"Business meeting to markup an original bill making appropriations for the Department of Agriculture, Rural Development, the Food and Drug Administration, and Related Agencies for the fiscal year endin",no,https://www.senate.gov/isvp/?comm=approps&filename=appropsA091719 https://www.senate.gov/isvp/?comm=approps&filename=appropsB091719
323276,116,Senate,Meeting,2019-09-19,,"Closed meeting of conferees on S.1790, a bill to authorize appropriations for fiscal year 2020 for military activities of the Department of Defense, for military construction, and for defense activiti",yes,
326398,116,Senate,Meeting,2019-09-19,ssap00,"Business meeting to markup an original bill making appropriations for Transportation, Housing and Urban Development, and related agencies for the fiscal year ending September 30, 2020, an original bil",no,https://www.senate.gov/isvp/?comm=approps&filename=appropsA091919
326418,116,Senate,Meeting,2019-09-19,ssju00,"Business meeting to consider S.2132, to promote security and provide justice for United States victims of international terrorism, S.2281, to amend chapter 11 of title 35, United States Code, to requi",yes,https://www.senate.gov/isvp/?comm=judiciary&filename=judiciary091919
326361,116,Senate,Meeting,2019-09-24,slin00,Closed hearings to examine certain intelligence matters.,no,
326363,116,Senate,Meeting,2019-09-24,ssju00,"Hearings to examine competition in digital technology markets, focusing on acquisitions of nascent or potential competitors by digital platforms.",no,https://www.senate.gov/isvp/?comm=judiciary&filename=judiciary092419
326401,116,Senate,Meeting,2019-09-24,sshr00,"Business meeting to consider the nomination of Eugene Scalia, of Virginia, to be Secretary of Labor.",yes,https://www.senate.gov/isvp/?comm=help&filename=help092419
326403,116,Senate,Meeting,2019-09-24,ssap00,"Business meeting to markup an original bill making appropriations for the Department of the Interior, the Environmental Protection Agency, and Related Agencies for the fiscal year ending September 30,",no,https://www.senate.gov/isvp/?comm=approps&filename=appropsA092419 https://www.senate.gov/isvp/?comm=approps&filename=appropsB092419
326406,116,Senate,Meeting,2019-09-24,ssap00,"Business meeting to markup an original bill making appropriations for the Department of Commerce, the Department of Justice, Science, and Related Agencies for the fiscal year ending September 30, 2020",no,https://www.senate.gov/isvp/?comm=approps&filename=appropsA092419 https://www.senate.gov/isvp/?comm=approps&filename=appropsB092419
326440,116,Senate,Meeting,2019-09-24,ssap00,"Business meeting to markup an original bill making appropriations for the Department of Homeland Security for the fiscal year ending September 30, 2020.",no,https://www.senate.gov/isvp/?comm=approps&filename=appropsA092419 https://www.senate.gov/isvp/?comm=approps&filename=appropsB092419
326412,116,Senate,Meeting,2019-09-25,ssju00,"Hearings to examine the nominations of Danielle J. Hunsaker, of Oregon, to be United States Circuit Judge for the Ninth Circuit, William Joseph Nardini, of Connecticut, to be United States Circuit Jud",yes,https://www.senate.gov/isvp/?comm=judiciary&filename=judiciary092519
326419,116,Senate,Meeting,2019-09-25,sseg00,"Business meeting to consider S.334, to authorize the construction of the Musselshell-Judith Rural Water System and study of the Dry-Redwater Regional Water Authority System in the States of Montana an",yes,https://www.senate.gov/isvp/?comm=energy&filename=energy092519
110027,116,House,Hearing,2019-09-26,hlig00,Full Committee Hearing: Whistleblower Disclosure,yes,
110030,116,House,Hearing,2019-09-26,hlmh00,Promoting Civility and Building a More Collaborative Congress,yes,
325313,116,Senate,Meeting,2019-09-26,slin00,Closed business meeting to consider pending intelligence matters; to be immediately followed by a closed briefing on certain intelligence matters.,no,
326215,116,Senate,Meeting,2019-09-26,slin00,To receive a closed briefing on certain intelligence matters.,no,
330260,116,Senate,Meeting,2019-09-26,ssap00,"Business meeting to markup an original bill making appropriations for Interior, Environment, and related agencies for the fiscal year ending September 30, 2020, an original bill making appropriations ",no,https://www.senate.gov/isvp/?comm=approps&filename=appropsA092619
326417,116,Senate,Meeting,2019-10-15,slin00,Closed hearings to examine certain intelligence matters.,no,
326543,116,Senate,Meeting,2019-10-16,ssju00,"Hearings to examine the nominations of Barbara Lagoa and Robert J. Luck, both of Florida, both to be a United States Circuit Judge for the Eleventh Circuit, Sylvia Carreno-Coll, to be United States Di",yes,https://www.senate.gov/isvp/?comm=judiciary&filename=judiciary101619
326564,116,Senate,Meeting,2019-10-17,ssas00,Closed hearings to examine the situation in Syria and the wider region.,no,
326593,116,Senate,Meeting,2019-10-17,ssju00,"Business meeting to consider S.2132, to promote security and provide justice for United States victims of international terrorism, S.2511, to amend title 40, United States Code, to provide the Marshal",yes,https://www.senate.gov/isvp/?comm=judiciary&filename=judiciary101719
110745,116,House,Meeting,2019-10-19,hspw00,"Roundtable ""America's Water Resources Infrastructure"" Concepts for the Next Water Resources Development Act.""",yes,
326584,116,Senate,Meeting,2019-10-22,ssju00,"Hearings to examine sanctuary jurisdictions, focusing on the impact on public safety and victims.",no,https://www.senate.gov/isvp/?comm=judiciary&filename=judiciary102219
326598,116,Senate,Meeting,2019-10-22,slin00,Closed hearings to examine certain intelligence matters.,no,
326480,116,Senate,Meeting,2019-10-23,ssas00,"To receive a closed briefing on the Navy's ""Spectrum of Conflict"" strategic framework.",no,
326589,116,Senate,Meeting,2019-10-24,ssas00,"Hearings to examine the nomination of Vice Admiral Charles A. Richard, USN, to be Admiral and Commander, United States Strategic Command, Department of Defense.",yes,https://www.senate.gov/isvp/?comm=armed&filename=armedA102419
326599,116,Senate,Meeting,2019-10-24,slin00,To receive a closed briefing to examine certain intelligence matters.,no,
326633,116,Senate,Meeting,2019-10-24,ssju00,"Business meeting to consider S.2511, to amend title 40, United States Code, to provide the Marshal of the Supreme Court of the United States and Supreme Court Police with the authority to protect the ",yes,https://www.senate.gov/isvp/?comm=judiciary&filename=judiciary102419
326590,116,Senate,Meeting,2019-10-29,ssas00,"Hearings to examine the nominations of Lisa W. Hershman, of Indiana, to be Chief Management Officer, Dana S. Deasy, of Virginia, to be Chief Information Officer, and Robert John Sander, of Virginia, t",yes,https://www.senate.gov/isvp/?comm=armed&filename=armedA102919
326622,116,Senate,Meeting,2019-10-29,ssfr00,"Hearings to examine the nominations of Roxanne Cabral, of Virginia, to be Ambassador to the Republic of the Marshall Islands, Kelly C. Degnan, of California, to be Ambassador to Georgia, Robert S. Gil",yes,https://www.senate.gov/isvp/?comm=foreign&filename=foreign102919
326636,116,Senate,Meeting,2019-10-29,slin00,Closed hearings to examine certain intelligence matters.,no,
326591,116,Senate,Meeting,2019-10-30,ssas00,To receive a closed briefing on Department of Defense cyber operations.,no,
326597,116,Senate,Meeting,2019-10-30,ssju00,"Hearings to examine promoting the useful arts, focusing on how Congress can prevent the issuance of poor quality patents.",no,https://www.senate.gov/isvp/?comm=judiciary&filename=judiciary103019
326626,116,Senate,Meeting,2019-10-30,ssju00,"Hearings to examine the nominations of Patrick J. Bumatay, of California, and Lawrence VanDyke, of Nevada, both to be a United States Circuit Judge for the Ninth Circuit, Philip M. Halpern, to be Unit",yes,https://www.senate.gov/isvp/?comm=judiciary&filename=judiciary103019
326629,116,Senate,Meeting,2019-10-30,ssbu00,Hearings to examine the Chief Financial Officers Act of 1990.,no,https://www.senate.gov/isvp/?comm=budget&filename=budget103019
326635,116,Senate,Meeting,2019-10-30,ssfr00,"Hearings to examine the nomination of John Joseph Sullivan, of Maryland, to be Ambassador to the Russian Federation, Department of State.",yes,https://www.senate.gov/isvp/?comm=foreign&filename=foreign103019
326632,116,Senate,Meeting,2019-10-31,sshr00,"Business meeting to consider S.1657, to provide assistance to combat the escalating burden of Lyme disease and other tick and vector-borne diseases and disorders, S.2619, to amend the Public Health Se",yes,https://www.senate.gov/isvp/?comm=help&filename=help103119
326639,116,Senate,Meeting,2019-10-31,ssfr00,"Hearings to examine the nominations of Andeliz N. Castillo, of New York, to be United States Alternate Executive Director of the Inter-American Development Bank, Alma L. Golden, of Texas, to be an Ass",yes,https://www.senate.gov/isvp/?comm=foreign&filename=foreign103119
326640,116,NoChamber,Meeting,2019-10-31,jcse00,Hearings to examine the human toll of Turkey's policy at home and abroad.,no,
326666,116,Senate,Meeting,2019-10-31,slin00,To receive a closed briefing on certain intelligence matters.,no,
326670,116,Senate,Meeting,2019-10-31,ssju00,"Business meeting to consider S.2511, to amend title 40, United States Code, to provide the Marshal of the Supreme Court of the United States and Supreme Court Police with the authority to protect the ",yes,https://www.senate.gov/isvp/?comm=judiciary&filename=judiciary103119
326645,116,Senate,Meeting,2019-11-05,ssju00,"Hearings to examine how corporations and Big Tech leave our data exposed to criminals, China, and other bad actors.",no,https://www.senate.gov/isvp/?comm=judiciary&filename=judiciary110519
326667,116,Senate,Meeting,2019-11-05,slin00,To receive a closed briefing on certain intelligence matters.,no,
326648,116,Senate,Meeting,2019-11-06,ssga00,"Business meeting to consider S.2779, to establish the Federal Clearinghouse on School Safety Best Practices, S.2162, to require the Commissioner of U.S. Customs and Border Protection to annually hire ",yes,https://www.senate.gov/isvp/?comm=govtaff&filename=govtaff110619
326649,116,Senate,Meeting,2019-11-06,ssju00,Hearings to examine reauthorizing the USA FREEDOM Act of 2015.,no,https://www.senate.gov/isvp/?comm=judiciary&filename=judiciary110619
326661,116,NoChamber,Meeting,2019-11-06,jcse00,"To receive a briefing on Putin's shadow warriors, focusing on mercenaries, security contracting, and the way ahead.",no,
326668,116,Senate,Meeting,2019-11-06,ssbu00,"Business meeting to markup S.2765, to improve Federal fiscal controls and the congressional budget process.",yes,https://www.senate.gov/isvp/?comm=budget&filename=budget110619
326400,116,Senate,Meeting,2019-11-07,ssju00,"Business meeting to consider the nominations of Halil Suleyman Ozerden, of Mississippi, to be United States Circuit Judge for the Fifth Circuit, Steven J. Menashi, of New York, to be United States Cir",yes,https://www.senate.gov/isvp/?comm=judiciary&filename=judiciary110719
326637,116,Senate,Meeting,2019-11-07,slin00,To receive a closed briefing on certain intelligence matters.,no,
326672,116,Senate,Meeting,2019-11-07,ssfr00,"To receive a closed briefing on Afghanistan, focusing on the way ahead.",no,
326671,116,Senate,Meeting,2019-11-13,ssga00,"Hearings to examine unprecedented migration at the United States southern border, focusing on the year in review.",no,https://www.senate.gov/isvp/?comm=govtaff&filename=govtaff111319
326673,116,Senate,Meeting,2019-11-13,ssju00,"Hearings to examine the nominations of Stanley Blumenfeld, and Mark C. Scarsi, both to be a United States District Judge for the Central District of California, Grace Karaffa Obermann, of Virginia, to",yes,https://www.senate.gov/isvp/?comm=judiciary&filename=judiciary111319
326674,116,Senate,Meeting,2019-11-13,ssev00,"Hearings to examine preserving and expanding clean, reliable nuclear power, focusing on United States commercial nuclear reactor performance trends and safety initiatives.",no,https://www.senate.gov/isvp/?comm=epw&filename=epw111319
326675,116,Senate,Meeting,2019-11-13,sscm00,"Business meeting to consider S.10, to require the Inter-Agency Task Force on Harmful Algal Blooms and Hypoxia to develop a plan for reducing, mitigating, and controlling harmful algal blooms and hypox",yes,https://www.senate.gov/isvp/?comm=commerce&filename=commerce111319
326686,116,Senate,Meeting,2019-11-14,slin00,To receive a closed briefing on certain intelligence matters.,no,
326716,116,Senate,Meeting,2019-11-14,ssju00,"Business meeting to consider the nominations of Patrick J. Bumatay, of California, to be United States Circuit Judge for the Ninth Circuit, Lawrence VanDyke, of Nevada, to be United States Circuit Jud",yes,https://www.senate.gov/isvp/?comm=judiciary&filename=judiciary111419
326702,116,Senate,Meeting,2019-11-18,ssra00,"Business meeting to consider the nomination of Hugh Nathanial Halpern, of Virginia, to be Director of the Government Publishing Office.",yes,
326707,116,Senate,Meeting,2019-11-18,ssga00,"Business meeting to consider the nomination of Peter Gaynor, of Rhode Island, to be Administrator of the Federal Emergency Management Agency, Department of Homeland Security.",yes,
326690,116,Senate,Meeting,2019-11-19,ssju00,An oversight hearing to examine the Federal Bureau of Prisons.,no,https://www.senate.gov/isvp/?comm=judiciary&filename=judiciary111919
326693,116,NoChamber,Meeting,2019-11-19,jcse00,"A joint hearing with the House Committee on Foreign Affairs Subcommittee on Europe, Eurasia, Energy, and the Environment to examine the importance of the Open Skies Treaty.",no,
326705,116,Senate,Meeting,2019-11-19,sseg00,"Business meeting to consider S.242, to require the Secretary of Agriculture to release reversionary and reserved interests in certain land in the Coconino National Forest in the State of Arizona, S.25",yes,https://www.senate.gov/isvp/?comm=energy&filename=energy111919
326781,116,Senate,Meeting,2019-11-19,slin00,To receive a closed briefing on certain intelligence matters.,no,
110230,116,House,Hearing,2019-11-20,hsas00,Climate Change in the Era of Strategic Competition,yes,
326688,116,Senate,Meeting,2019-11-21,ssju00,"Business meeting to consider the nominations of Patrick J. Bumatay, of California, to be United States Circuit Judge for the Ninth Circuit, Lawrence VanDyke, of Nevada, to be United States Circuit Jud",yes,https://www.senate.gov/isvp/?comm=judiciary&filename=judiciary112119
110294,116,House,Hearing,2019-12-03,hlig00,Full Committee Business Meeting: Consideration of the Report Issued by the Chair,yes,
326760,116,NoChamber,Meeting,2019-12-03,jcse00,"To receive a briefing on Balkan recovery, focusing on corruption.",no,
326761,116,Senate,Meeting,2019-12-03,ssju00,"Hearings to examine fraudulent trademarks, focusing on how they undermine the trademark system and harm American consumers and businesses.",no,https://www.senate.gov/isvp/?comm=judiciary&filename=judiciary120319
326780,116,Senate,Meeting,2019-12-03,sshr00,"Business meeting to consider the nominations of Stephen Hahn, of Texas, to be Commissioner of Food and Drugs, Department of Health and Human Services, Richard Giacolone, of Virginia, to be Federal Med",yes,https://www.senate.gov/isvp/?comm=help&filename=help120319
326782,116,Senate,Meeting,2019-12-03,slin00,To receive a closed briefing on certain intelligence matters.,no,
326787,116,Senate,Meeting,2019-12-04,ssju00,"Hearings to examine the nominations of Andrew Lynn Brasher, of Alabama, to be United States Circuit Judge for the Eleventh Circuit, Fernando L. Aenlle-Rocha, to be United States District Judge for the",yes,https://www.senate.gov/isvp/?comm=judiciary&filename=judiciary120419
326801,116,NoChamber,Meeting,2019-12-05,jcse00,"Hearings to examine public diplomacy, democracy, and global leadership.",no,
326823,116,Senate,Meeting,2019-12-05,slin00,To receive a closed briefing on certain intelligence matters.,no,
326805,116,Senate,Meeting,2019-12-10,ssju00,An oversight hearing to examine modernization of the United States Copyright Office.,no,https://www.senate.gov/isvp/?comm=judiciary&filename=judiciary121019
326807,116,Senate,Meeting,2019-12-10,ssju00,"Hearings to examine encryption and lawful access, focusing on evaluating benefits and risks to public safety and privacy.",no,https://www.senate.gov/isvp/?comm=judiciary&filename=judiciary121019
326717,116,Senate,Meeting,2019-12-11,ssju00,Hearings to examine the Inspector General's report on alleged abuses of the Foreign Intelligence Surveillance Act.,no,https://www.senate.gov/isvp/?comm=judiciary&filename=judiciary121119
326804,116,Senate,Meeting,2019-12-11,ssfr00,"Business meeting to consider S.2641, to promote United States national security and prevent the resurgence of ISIS, S.2547, to state the policy of the United States with respect to the expansion of co",yes,
326809,116,Senate,Meeting,2019-12-11,ssas00,Closed hearings to examine an update on the situation and United States strategy in Afghanistan.,no,
326813,116,NoChamber,Meeting,2019-12-11,jcse00,To receive a briefing on Albania's leadership in Europe.,no,
326811,116,Senate,Meeting,2019-12-12,sshr00,"Business meeting to consider S.2971, to amend and reauthorize the Child Abuse Prevention and Treatment Act, S. 2997, to revise and extend health workforce programs under title VII of the Public Health",yes,https://www.senate.gov/isvp/?comm=help&filename=help121219
326820,116,Senate,Meeting,2019-12-12,sseg00,"Business meeting to consider S.225, to provide for partnerships among State and local governments, regional entities, and the private sector to preserve, conserve, and enhance the visitor experience a",yes,https://www.senate.gov/isvp/?comm=energy&filename=energy121219
326821,116,Senate,Meeting,2019-12-12,ssas00,To receive a closed briefing on national security issues in the Middle East.,no,
326824,116,Senate,Meeting,2019-12-12,slin00,To receive a closed briefing on certain intelligence matters.,no,
326827,116,Senate,Meeting,2019-12-12,ssfr00,Business meeting to consider pending calendar business.,no,
326825,116,Senate,Meeting,2019-12-16,ssra00,"Business meeting to consider the nomination of J. Brett Blanton, of Virginia, to be Architect of the Capitol.",yes,
326826,116,Senate,Meeting,2019-12-17,ssga00,"Business meeting to consider the nomination of Paul J. Ray, of Tennessee, to be Administrator of the Office of Information and Regulatory Affairs, Office of Management and Budget.",yes,https://www.senate.gov/isvp/?comm=govtaff&filename=govtaff121719
326828,116,Senate,Meeting,2019-12-17,ssju00,"Hearings to examine tackling the opioid crisis, focusing on a whole-of-government approach.",no,https://www.senate.gov/isvp/?comm=judiciary&filename=judiciary121719
326832,116,Senate,Meeting,2019-12-17,ssfr00,"Hearings to examine the nominations of John Hennessey-Niland, of Illinois, to be Ambassador to the Republic of Palau, Dorothy Shea, of North Carolina, to be Ambassador to the Lebanese Republic, Todd C",yes,https://www.senate.gov/isvp/?comm=foreign&filename=foreign121719
326840,116,Senate,Meeting,2019-12-17,ssaf00,"Business meeting to consider S.2695, to authorize the Secretary of Agriculture to provide for the defense of United States agriculture and food through the National Bio and Agro-Defense Facility, and ",yes,https://www.senate.gov/isvp/?comm=ag&filename=ag121719
326808,116,Senate,Meeting,2019-12-18,sssb00,"Business meeting to consider the nomination of Jovita Carranza, of Illinois, to be Administrator of the Small Business Administration.",yes,
326833,116,Senate,Meeting,2019-12-18,ssfr00,"Business meeting to consider S.482, to strengthen the North Atlantic Treaty Organization, to combat international cybercrime, and to impose additional sanctions with respect to the Russian Federation,",yes,
102479,116,House,Meeting,2019-12-25,hsap00,Test,yes,
326880,116,Senate,Meeting,2020-01-07,ssfi00,"Business meeting to consider H.R.5430, to implement the Agreement between the United States of America, the United Mexican States, and Canada attached as an Annex to the Protocol Replacing the North A",yes,https://www.senate.gov/isvp/?comm=finance&filename=finance010720
327610,116,Senate,Meeting,2020-01-07,slin00,To receive a closed briefing on certain intelligence matters.,no,
326861,116,Senate,Meeting,2020-01-08,ssju00,"Hearings to examine the nominations of William Scott Hardy, to be United States District Judge for the Western District of Pennsylvania, John F. Heil III, to be United States District Judge for the No",yes,https://www.senate.gov/isvp/?comm=judiciary&filename=judiciary010820
326709,116,Senate,Meeting,2020-01-09,slin00,Closed hearings to examine certain intelligence matters.,no,
326900,116,Senate,Meeting,2020-01-09,ssju00,"Business meeting to consider the nominations of Andrew Lynn Brasher, of Alabama, to be United States Circuit Judge for the Eleventh Circuit, John Charles Hinderaker, and Scott H. Rash, both to be a Un",yes,https://www.senate.gov/isvp/?comm=judiciary&filename=judiciary010920
326923,116,Senate,Meeting,2020-01-14,ssbu00,"Business meeting to markup H.R.5430, to implement the Agreement between the United States of America, the United Mexican States, and Canada attached as an Annex to the Protocol Replacing the North Ame",yes,https://www.senate.gov/isvp/?comm=budget&filename=budget011420
327303,116,Senate,Meeting,2020-01-14,slin00,Closed business meeting to consider pending intelligence matters; to be immediately followed by a closed hearing to examine certain intelligence matters.,no,
326920,116,Senate,Meeting,2020-01-15,sshr00,"Business meeting to consider H.R.5430, to implement the Agreement between the United States of America, the United Mexican States, and Canada attached as an Annex to the Protocol Replacing the North A",yes,https://www.senate.gov/isvp/?comm=help&filename=help011520
326926,116,Senate,Meeting,2020-01-15,ssfr00,"Business meeting to consider H.R.5430, to implement the Agreement between the United States of America, the United Mexican States, and Canada attached as an Annex to the Protocol Replacing the North A",yes,
326940,116,Senate,Meeting,2020-01-15,ssap00,"Business meeting to markup H.R.5430, to implement the Agreement between the United States of America, the United Mexican States, and Canada attached as an Annex to the Protocol Replacing the North Ame",yes,https://www.senate.gov/isvp/?comm=approps&filename=approps011520 https://www.senate.gov/isvp/?comm=approps&filename=appropsA011520
326925,116,Senate,Meeting,2020-01-16,ssas00,"Hearings to examine the nominations of James E. McPherson, of Virginia, to be Under Secretary of the Army, and Charles Williams, of Missouri, to be an Assistant Secretary of the Navy, both of the Depa",yes,https://www.senate.gov/isvp/?comm=armed&filename=armedA011620
326929,116,Senate,Meeting,2020-01-16,ssju00,"Business meeting to consider the nominations of Andrew Lynn Brasher, of Alabama, to be United States Circuit Judge for the Eleventh Circuit, John Charles Hinderaker, and Scott H. Rash, both to be a Un",yes,https://www.senate.gov/isvp/?comm=judiciary&filename=judiciary011620
327042,116,Senate,Meeting,2020-01-22,slin00,To receive a closed briefing on certain intelligence matters.,no,
110412,116,House,Hearing,2020-01-28,hswm00,Legislative Proposals for Paid Family and Medical Leave,no,
326930,116,Senate,Meeting,2020-01-28,ssfr00,To receive a closed briefing on United States-Iran policy and authorities for the use of force.,no,
327043,116,Senate,Meeting,2020-01-28,slin00,To receive a closed briefing on certain intelligence matters.,no,
110422,116,House,Markup,2020-01-29,hshm00,"H.R. 1140, (Mr. Thompson) The “Rights for Transportation Security Officers Act”; H.R. 5273, (Ms. Torres Small) The “Securing America’s Ports Act”; H.R. 1494, (Mr. Thompson) The “HBCU Homeland Security",yes,
327040,116,NoChamber,Meeting,2020-01-29,jcse00,"Hearings to examine human rights and democracy, focusing on obstacles and opportunities in the Organization for Security and Co-operation in Europe region.",no,
327045,116,Senate,Meeting,2020-01-29,ssva00,"Business meeting to consider S.785, to improve mental health care provided by the Department of Veterans Affairs, S.2336, to improve the management of information technology projects and investments o",yes,https://www.senate.gov/isvp/?comm=vetaff&filename=vetaff012920
327111,116,Senate,Meeting,2020-01-29,slin00,To receive a closed briefing on certain intelligence matters.,no,
326928,116,Senate,Meeting,2020-02-04,slin00,To receive a closed briefing on certain intelligence matters; to be immediately followed by a closed hearing to examine certain intelligence matters.,no,
110445,116,House,Hearing,2020-02-05,hswm00,Hearing on More Cures for More Patients: Overcoming Pharmaceutical Barriers,yes,
327046,116,NoChamber,Meeting,2020-02-05,jcse00,"Hearings to examine the power and purpose of parliamentary diplomacy, focusing on inter-parliamentary initiatives and the United States contribution.",no,
327212,116,Senate,Meeting,2020-02-05,slin00,To receive a closed briefing on certain intelligence matters.,no,
327105,116,Senate,Meeting,2020-02-11,ssju00,"Hearings to examine the Digital Millennium Copyright Act at 22, focusing on what it is, why was it enacted, and where are we now.",no,https://www.senate.gov/isvp/?comm=judiciary&filename=judiciary021120
327106,116,Senate,Meeting,2020-02-11,ssju00,Hearings to examine ensuring appropriate medical care for children.,no,https://www.senate.gov/isvp/?comm=judiciary&filename=judiciary021120
327112,116,Senate,Meeting,2020-02-11,sseg00,"Business meeting to consider the nominations of Katharine MacGregor, of Pennsylvania, to be Deputy Secretary, and Lanny Erdos, of Ohio, to be Director of the Office of Surface Mining Reclamation and E",yes,https://www.senate.gov/isvp/?comm=energy&filename=energy021120
110512,116,House,Hearing,2020-02-12,hsfa00,The Middle East Peace Process: An Analysis from Former U.S. Negotiators,yes,
327108,116,Senate,Meeting,2020-02-12,ssju00,"Hearings to examine the nominations of John Leonard Badalamenti, to be United States District Judge for the Middle District of Florida, Anna M. Manasco, to be United States District Judge for the Nort",yes,https://www.senate.gov/isvp/?comm=judiciary&filename=judiciary021220
327121,116,Senate,Meeting,2020-02-13,ssas00,Hearings to examine United States Northern Command and United States Strategic Command in review of the Defense Authorization Request for fiscal year 2021 and the Future Years Defense Program.,no,https://www.senate.gov/isvp/?comm=armed&filename=armedA021320
325120,116,Senate,Meeting,2020-02-25,ssva00,A joint hearing with the House Committee on Veterans' Affairs to examine the legislative presentation of the Disabled American Veterans.,no,https://www.senate.gov/isvp/?comm=vetaff&filename=vetaff022520
327080,116,Senate,Meeting,2020-02-25,slin00,To receive a closed briefing on certain intelligence matters.,no,
327201,116,Senate,Meeting,2020-02-25,ssas00,To receive a closed briefing on United States European Command and United States Transportation Command in review of the Defense Authorization Request for Fiscal Year 2021 and the Future Years Defense,no,https://www.senate.gov/isvp/?comm=armed&filename=armedA022520
327202,116,Senate,Meeting,2020-02-25,ssas00,Hearings to examine United States European Command and United States Transportation Command in review of the Defense Authorization Request for Fiscal Year 2021 and the Future Years Defense Program.,no,https://www.senate.gov/isvp/?comm=armed&filename=armedA022520
327208,116,Senate,Meeting,2020-02-25,ssju00,"Hearings to examine rule by district judge, focusing on the challenges of universal injunctions.",no,https://www.senate.gov/isvp/?comm=judiciary&filename=judiciary022520
110565,116,House,Hearing,2020-02-26,hswm00,U.S.-China Trade and Competition,yes,
110685,116,House,Markup,2020-03-03,hswm00,The Views and Estimates Letter to the House Budget Committee,yes,
327267,116,Senate,Meeting,2020-03-03,slin00,Closed hearings to examine certain intelligence matters.,no,
327253,116,Senate,Meeting,2020-03-04,ssju00,"Hearings to examine the nominations of John Peter Cronan, to be United States District Judge for the Southern District of New York, Thomas T. Cullen, to be United States District Judge for the Western",yes,https://www.senate.gov/isvp/?comm=judiciary&filename=judiciary030420
327258,116,Senate,Meeting,2020-03-04,ssju00,Hearings to examine big tech and Beijing.,no,https://www.senate.gov/isvp/?comm=judiciary&filename=judiciary030420
327782,116,Senate,Meeting,2020-03-04,slin00,Closed hearings to examine certain intelligence matters.,no,
327140,116,Senate,Meeting,2020-03-05,ssas00,Hearings to examine the posture of the Navy in review of the Defense Authorization Request for fiscal year 2021 and the Future Years Defense Program.,no,https://www.senate.gov/isvp/?comm=armed&filename=armedA030520
327262,116,Senate,Meeting,2020-03-05,ssga00,Hearings to examine the Federal interagency response to the Coronavirus and preparing for future global pandemics.,no,https://www.senate.gov/isvp/?comm=govtaff&filename=govtaff030520
327283,116,Senate,Meeting,2020-03-05,ssju00,"Business meeting to consider the nominations of Fernando L. Aenlle-Rocha, Stanley Blumenfeld, and Mark C. Scarsi, each to be a United States District Judge for the Central District of California, John",yes,https://www.senate.gov/isvp/?comm=judiciary&filename=judiciary030520
110746,116,House,Meeting,2020-03-06,hspw00,Roundtable “America’s Water Resources Infrastructure: Concepts for the Next Water Resources Development Act (WRDA)”,yes,
327320,116,Senate,Meeting,2020-03-09,ssfr00;ssap00,To receive a joint closed briefing on the Afghanistan agreement.,no,
110659,116,House,Hearing,2020-03-10,hlig00,NGA Budget Hearing (Closed),no,
327265,116,Senate,Meeting,2020-03-10,ssju00,"Hearings to examine copyright law in foreign jurisdictions, focusing on how other countries are handling digital piracy.",no,https://www.senate.gov/isvp/?comm=judiciary&filename=judiciary031020
327282,116,Senate,Meeting,2020-03-10,ssju00,"Hearings to examine competition in digital technology markets, focusing on self-preferencing by digital platforms.",no,https://www.senate.gov/isvp/?comm=judiciary&filename=judiciary031020
327289,116,Senate,Meeting,2020-03-10,ssas00,"Hearings to examine the nominations of Matthew P. Donovan, of Virginia, to be Under Secretary for Personnel and Readiness, and William Jordan Gillis, of Georgia, and Victor G. Mercado, of California, ",yes,https://www.senate.gov/isvp/?comm=armed&filename=armedA031020
327324,116,NoChamber,Meeting,2020-03-10,jcse00,"Hearings to examine Moldova, focusing on access and accountability.",no,
327340,116,Senate,Meeting,2020-03-10,slin00,Closed hearings to examine certain intelligence matters.,no,
110660,116,House,Hearing,2020-03-11,hlig00,NSA Budget Hearing (Closed),no,
326822,116,Senate,Meeting,2020-03-11,slin00,Closed hearings to examine certain intelligence matters.,no,
327294,116,Senate,Meeting,2020-03-11,ssga00,"Business meeting to consider S.3045, to amend the Homeland Security Act of 2002 to protect United States critical infrastructure by ensuring that the Cybersecurity and Infrastructure Security Agency h",yes,https://www.senate.gov/isvp/?comm=govtaff&filename=govtaff031120
327296,116,Senate,Meeting,2020-03-11,ssju00,"Hearings to examine the EARN IT Act, focusing on holding the tech industry accountable in the fight against online child sexual exploitation.",no,https://www.senate.gov/isvp/?comm=judiciary&filename=judiciary031120
327322,116,Senate,Meeting,2020-03-11,ssfi00,"Business meeting to consider the nominations of Kipp Kranbuhl, of Ohio, to be an Assistant Secretary of the Treasury, Sarah C. Arbes, of Virginia, to be an Assistant Secretary of Health and Human Serv",yes,https://www.senate.gov/isvp/?comm=finance&filename=finance031120
110661,116,House,Hearing,2020-03-12,hlig00,FBI Budget Hearing (Closed),no,
327306,116,Senate,Meeting,2020-03-12,ssas00,Hearings to examine United States Central Command in review of the Defense Authorization Request for fiscal year 2021 and the Future Years Defense Program; to be immediately followed by a closed sessi,no,https://www.senate.gov/isvp/?comm=armed&filename=armedA031220
327307,116,Senate,Meeting,2020-03-12,ssva00,"Business meeting to consider the nomination of Scott J. Laurer, of Virginia, to be a Judge of the United States Court of Appeals for Veterans Claims.",yes,
327323,116,Senate,Meeting,2020-03-12,ssju00,"Business meeting to consider the nominations of John Leonard Badalamenti, to be United States District Judge for the Middle District of Florida, William Scott Hardy, to be United States District Judge",yes,https://www.senate.gov/isvp/?comm=judiciary&filename=judiciary031220
327535,116,Senate,Meeting,2020-03-12,slin00,Closed business meeting to consider pending intelligence matters.,no,
327343,116,Senate,Meeting,2020-03-26,ssas00,Hearings to examine the posture of the Department of the Army in review of the Defense Authorization Request for fiscal year 2021 and the Future Years Defense Program.,no,
327380,116,Senate,Meeting,2020-04-09,ssas00,Hearings to examine the Department of Energy budget posture in review of the Defense Authorization Request for fiscal year 2021 and the Future Years Defense Program.,no,
110736,116,House,Meeting,2020-04-22,hsru00,"H. Res. ___—Authorizing remote voting by proxy in the House of Representatives and providing for official remote committee proceedings during a designated pandemic emergency, and for other purposes. [",no,
327401,116,Senate,Meeting,2020-05-06,ssju00,"Hearings to examine the nomination of Justin Reed Walker, of Kentucky, to be United States Circuit Judge for the District of Columbia Circuit.",yes,https://www.senate.gov/isvp/?comm=judiciary&filename=judiciary050620
327409,116,Senate,Meeting,2020-05-06,ssga00,"Hearings to examine COVID-19, focusing on how new information should drive policy.",no,https://www.senate.gov/isvp/?comm=govtaff&filename=govtaff050620
327410,116,Senate,Meeting,2020-05-06,ssev00,"Business meeting to consider a substitute amendment to an original bill entitled, ""America's Water Infrastructure Act of 2020"", and a substitute amendment to an original bill entitled, ""Drinking Water",no,https://www.senate.gov/isvp/?comm=epw&filename=epw050620
327407,116,Senate,Meeting,2020-05-07,ssra00,"Business meeting to consider the nomination of James E. Trainor III, of Texas, to be a Member of the Federal Election Commission.",yes,https://www.senate.gov/isvp/?comm=rules&filename=rules050720
327408,116,Senate,Meeting,2020-05-07,ssas00,"Hearings to examine the nominations of Kenneth J. Braithwaite, of Pennsylvania, to be Secretary of the Navy, James H. Anderson, of Virginia, to be a Deputy Under Secretary, and General Charles Q. Brow",yes,https://www.senate.gov/isvp/?comm=armed&filename=armedA050720
327413,116,Senate,Meeting,2020-05-12,ssju00,Hearings to examine liability during the COVID-19 pandemic.,no,https://www.senate.gov/isvp/?comm=judiciary&filename=judiciary051220
327415,116,Senate,Meeting,2020-05-12,ssbk00,"An oversight hearing to examine financial regulators, including S.3560, to amend the Truth in Lending Act to extend the consumer credit protections provided to members of the Armed Forces and their de",yes,https://www.senate.gov/isvp/?comm=banking&filename=banking051220
327418,116,Senate,Meeting,2020-05-12,ssbk00,"Business meeting to consider the nominations of Brian D. Miller, of Virginia, to be Special Inspector General for Pandemic Recovery, Department of the Treasury, and Dana T. Wade, of the District of Co",yes,https://www.senate.gov/isvp/?comm=banking&filename=banking051220
327406,116,Senate,Meeting,2020-05-13,slin00,Closed hearings to examine certain intelligence matters.,no,
327414,116,Senate,Meeting,2020-05-13,ssga00,"Hearings to examine evolving the United States Cybersecurity strategy and posture, focusing on reviewing the Cyberspace Solarium Commission Report.",no,https://www.senate.gov/isvp/?comm=govtaff&filename=govtaff051320
327411,116,Senate,Meeting,2020-05-14,ssju00,"Business meeting to consider the nominations of William Scott Hardy, to be United States District Judge for the Western District of Pennsylvania, David Cleveland Joseph, to be United States District J",yes,https://www.senate.gov/isvp/?comm=judiciary&filename=judiciary051420
326927,116,Senate,Meeting,2020-05-19,slin00,"Closed business meeting to consider the nomination of John L. Ratcliffe, of Texas, to be Director of National Intelligence, and other pending intelligence matters.",yes,
110756,116,House,Meeting,2020-05-20,hssm00,05-20-20 Virtual Forum,yes,
327442,116,Senate,Meeting,2020-05-20,ssga00,"Business meeting to consider a motion to issue a subpoena to Blue Star Strategies as described in Schedule A, and the nomination of Brian D. Miller, of Virginia, to be Special Inspector General for Pa",yes,https://www.senate.gov/isvp/?comm=govtaff&filename=govtaff052020
327445,116,Senate,Meeting,2020-05-20,ssju00,"Hearings to examine the nomination of Cory T. Wilson, of Mississippi, to be United States Circuit Judge for the Fifth Circuit.",yes,https://www.senate.gov/isvp/?comm=judiciary&filename=judiciary052020
327446,116,Senate,Meeting,2020-05-20,sscm00,"Business meeting to consider S.2894, to establish a National Shipper Advisory Committee, S.2904, to direct the Director of the National Science Foundation to support research on the outputs that may b",yes,https://www.senate.gov/isvp/?comm=commerce&filename=commerce052020
327419,116,Senate,Meeting,2020-05-21,ssfr00,"Business meeting to consider S.3667, to require the establishment of a repatriation task force during major infectious disease outbreaks, to authorize additional paid leave for employees of certain in",yes,https://www.senate.gov/isvp/?comm=foreign&filename=foreign052120
327460,116,Senate,Meeting,2020-05-21,ssju00,"Business meeting to consider S.685, to amend the Inspector General Act of 1978 relative to the powers of the Department of Justice Inspector General, the nomination of Justin Reed Walker, of Kentucky,",yes,https://www.senate.gov/isvp/?comm=judiciary&filename=judiciary052120
327528,116,Senate,Meeting,2020-06-02,ssju00,Hearings to examine best practices for incarceration and detention during COVID-19.,no,https://www.senate.gov/isvp/?comm=judiciary&filename=judiciary060220
327529,116,Senate,Meeting,2020-06-02,ssju00,Hearings to examine the Digital Millennium Copyright Act's notice-and-takedown system.,no,https://www.senate.gov/isvp/?comm=judiciary&filename=judiciary060220
327480,116,Senate,Meeting,2020-06-03,sshr00,"Business meeting to consider the nominations of Keith E. Sonderling, of Florida, Andrea R. Lucas, of Virginia, and Jocelyn Samuels, of Maryland, each to be a Member of the Equal Employment Opportunity",yes,https://www.senate.gov/isvp/?comm=help&filename=help060320
327630,116,Senate,Meeting,2020-06-03,slin00,Closed business meeting to consider pending intelligence matters.,no,
327861,116,Senate,Meeting,2020-06-03,ssju00,An oversight hearing to examine the Crossfire Hurricane investigation.,no,https://www.senate.gov/isvp/?comm=judiciary&filename=judiciary060320
327561,116,Senate,Meeting,2020-06-04,ssga00,Business meeting to consider a motion to authorize the Chairman to issue subpoenas for records and testimony to U.S. Government agencies and to individuals relating to the Federal Bureau of Investigat,no,https://www.senate.gov/isvp/?comm=govtaff&filename=govtaff060420
327564,116,Senate,Meeting,2020-06-04,ssfr00,"Hearings to examine the nominations of J. Steven Dowd, of Florida, to be United States Director of the European Bank for Reconstruction and Development, Richard M. Mills, Jr., of Texas, to be the Depu",yes,https://www.senate.gov/isvp/?comm=foreign&filename=foreign060420
327572,116,Senate,Meeting,2020-06-04,ssju00,"Business meeting to consider S.685, to amend the Inspector General Act of 1978 relative to the powers of the Department of Justice Inspector General, the nominations of Justin Reed Walker, of Kentucky",yes,https://www.senate.gov/isvp/?comm=judiciary&filename=judiciary060420
329965,116,Senate,Meeting,2020-06-08,ssas00,Closed business meeting to markup those provisions which fall under the subcommittee's jurisdiction of the proposed National Defense Authorization Act for fiscal year 2021.,no,
327536,116,Senate,Meeting,2020-06-09,ssga00,Hearings to examine the Federal government's procurement and distribution strategies in response to the COVID-19 pandemic.,no,https://www.senate.gov/isvp/?comm=govtaff&filename=govtaff060920
327574,116,NoChamber,Meeting,2020-06-09,jjec00,Hearings to examine supporting charitable giving during the COVID-19 crisis.,no,
329966,116,Senate,Meeting,2020-06-09,ssas00,Closed business meeting to markup those provisions which fall under the subcommittee's jurisdiction of the proposed National Defense Authorization Act for fiscal year 2021.,no,https://www.senate.gov/isvp/?comm=armed&filename=armedA060920
329967,116,Senate,Meeting,2020-06-09,ssas00,Closed business meeting to markup those provisions which fall under the subcommittee's jurisdiction of the proposed National Defense Authorization Act for fiscal year 2021.,no,https://www.senate.gov/isvp/?comm=armed&filename=armedA060920
329968,116,Senate,Meeting,2020-06-09,ssas00,Closed business meeting to markup those provisions which fall under the subcommittee's jurisdiction of the proposed National Defense Authorization Act for fiscal year 2021.,no,https://www.senate.gov/isvp/?comm=armed&filename=armedA060920
329969,116,Senate,Meeting,2020-06-09,ssas00,Closed business meeting to markup those provisions which fall under the subcommittee's jurisdiction of the proposed National Defense Authorization Act for fiscal year 2021.,no,https://www.senate.gov/isvp/?comm=armed&filename=armedA060920
327569,116,Senate,Meeting,2020-06-10,ssga00,"Business meeting to consider the nominations of Russell Vought, of Virginia, to be Director of the Office of Management and Budget, Donald Lee Moak, of Florida, and William Zollars, of Kansas, both to",yes,https://www.senate.gov/isvp/?comm=govtaff&filename=govtaff061020
329963,116,Senate,Meeting,2020-06-10,ssas00,Closed business meeting to markup the proposed National Defense Authorization Act for fiscal year 2021.,no,
325679,116,Senate,Meeting,2020-06-11,ssas00,Closed business meeting to continue to markup the proposed National Defense Authorization Act for fiscal year 2021.,no,
327562,116,Senate,Meeting,2020-06-11,ssju00,"Business meeting to consider authorization for subpoenas relating to the Crossfire Hurricane investigation, S.685, to amend the Inspector General Act of 1978 relative to the powers of the Department o",yes,https://www.senate.gov/isvp/?comm=judiciary&filename=judiciary061120
327578,116,Senate,Meeting,2020-06-11,ssbu00,"Business meeting to consider the nomination of Russell Vought, of Virginia, to be Director of the Office of Management and Budget.",yes,https://www.senate.gov/isvp/?comm=budget&filename=budget061120
327585,116,NoChamber,Meeting,2020-06-12,jcse00,"To receive a briefing on George Floyd, focusing on a time for transformation at home and abroad.",no,
110793,116,House,Hearing,2020-06-15,hlig00,Impact of COVID-19 in Sub-Saharan Africa,yes,
327581,116,Senate,Meeting,2020-06-16,ssju00,Hearings to examine police use of force and community relations.,no,https://www.senate.gov/isvp/?comm=judiciary&filename=judiciary061620
327448,116,Senate,Meeting,2020-06-17,slin00,Business meeting to consider pending intelligence matters.,no,
327570,116,Senate,Meeting,2020-06-17,ssju00,"Hearings to examine the nominations of John W. Holcomb, to be United States District Judge for the Central District of California, Brett H. Ludwig, to be United States District Judge for the Eastern D",yes,https://www.senate.gov/isvp/?comm=judiciary&filename=judiciary061720
327588,116,Senate,Meeting,2020-06-17,ssfr00,"To receive a closed briefing on assessing arms control, focusing on new START and beyond.",no,
110805,116,House,Hearing,2020-06-18,hlig00,"Emerging Trends in Online Foreign Influence Operations: Social Media, COVID-19, and Election Security",yes,
327591,116,Senate,Meeting,2020-06-18,ssas00,"Hearings to examine the nominations of Lieutenant General Daniel R. Hokanson, ARNG, to be general and Chief of the National Guard Bureau, and General Gustave F. Perna, USA, for reappointment to the gr",yes,https://www.senate.gov/isvp/?comm=armed&filename=armedA061820
110787,116,House,Markup,2020-06-23,hsas00,H.R. 6395 - National Defense Authorization Act for Fiscal Year 2021,yes,
327602,116,Senate,Meeting,2020-06-23,ssju00,"Hearings to examine the Foreign Sovereign Immunities Act, focusing on coronavirus and addressing China¿s culpability.",no,https://www.senate.gov/isvp/?comm=judiciary&filename=judiciary062320
328015,116,Senate,Meeting,2020-06-23,slin00,To receive a closed briefing on certain intelligence matters.,no,
327605,116,Senate,Meeting,2020-06-24,ssga00,Hearings to examine the role of the strategic national stockpile in pandemic response.,no,https://www.senate.gov/isvp/?comm=govtaff&filename=govtaff062420
327608,116,Senate,Meeting,2020-06-24,ssju00,"Hearings to examine the nominations of David W. Dugan and Stephen P. McGlynn, both to be a to be United States District Judge for the Southern District of Illinois, Hala Y. Jarbou, to be United States",yes,https://www.senate.gov/isvp/?comm=judiciary&filename=judiciary062420
110825,116,House,Hearing,2020-06-25,hsii00,"Legislative Hearing on H.R. 1776, H.R. 2264, H.R. 2492, H.R. 2871, H.R. 3937, H.R. 6761",yes,
327575,116,Senate,Meeting,2020-06-25,ssga00,"An oversight hearing to examine Customs and Border Protection, focusing on evolving challenges facing the agency.",no,https://www.senate.gov/isvp/?comm=govtaff&filename=govtaff062520
327590,116,Senate,Meeting,2020-06-25,ssju00,"Business meeting to consider S.685, to amend the Inspector General Act of 1978 relative to the powers of the Department of Justice Inspector General, S.3398, to establish a National Commission on Onli",yes,https://www.senate.gov/isvp/?comm=judiciary&filename=judiciary062520
110842,116,House,Hearing,2020-06-30,hsgo00,Empowering Women and Girls and Promoting International Security,yes,
327614,116,Senate,Meeting,2020-06-30,ssbk00,"Hearings to examine the digitization of money and payments, including S.2563, to improve laws relating to money laundering, and S.3571, to require member banks to maintain pass-through digital dollar ",yes,https://www.senate.gov/isvp/?comm=banking&filename=banking063020
327621,116,Senate,Meeting,2020-06-30,ssju00,Hearings to examine the Judicial Conference's recommendation for more judgeships.,no,https://www.senate.gov/isvp/?comm=judiciary&filename=judiciary063020
327623,116,Senate,Meeting,2020-06-30,ssfr00,"Hearings to examine COVID-19 and United States international pandemic preparedness, prevention, and response, focusing on additional perspectives.",no,https://www.senate.gov/isvp/?comm=foreign&filename=foreign063020
327633,116,Senate,Meeting,2020-06-30,,"Organizational business meeting to consider designation of the Chairman, designation of the 2021 Inaugural site, approval of the 2021 Inaugural budget, and designation of official staff representative",no,
327634,116,Senate,Meeting,2020-06-30,slin00,To receive a closed briefing on certain intelligence matters.,no,
110784,116,House,Markup,2020-07-01,hsas00,H.R. 6395 - National Defense Authorization Act for Fiscal Year 2021,yes,
110846,116,House,Hearing,2020-07-01,hlig00,U.S.-China Relations and its Impact on National Security and Intelligence in a Post-COVID World,yes,
327635,116,Senate,Meeting,2020-07-01,ssas00,To receive a closed briefing on matters relating to Afghanistan.,no,
327781,116,Senate,Meeting,2020-07-01,slin00,Closed business meeting to consider pending intelligence matters; to be immediately followed by a closed hearing to examine certain intelligence matters.,no,
326708,116,Senate,Meeting,2020-07-02,slin00,To receive a closed briefing on certain intelligence matters.,no,
327628,116,Senate,Meeting,2020-07-02,ssju00,"Business meeting to consider S.3398, to establish a National Commission on Online Child Sexual Exploitation Prevention, and the nominations of John W. Holcomb, to be United States District Judge for t",yes,https://www.senate.gov/isvp/?comm=judiciary&filename=judiciary070220
110858,116,House,Meeting,2020-07-07,hsap00,FY 21 Homeland Security Subcommittee Markup Meeting,yes,
110867,116,House,Markup,2020-07-08,hsap00,FY 2021 Defense Subcommittee Markup,yes,
110906,116,House,Markup,2020-07-15,hsif00,"30 bills pending before the Full Committee
(Virtual Markup)",yes,
327660,116,Senate,Meeting,2020-07-21,ssbu00,"Business meeting to consider the nomination of Derek Kan, of California, to be Deputy Director of the Office of Management and Budget.",yes,https://www.senate.gov/isvp/?comm=budget&filename=budget072120
327668,116,Senate,Meeting,2020-07-21,ssfr00,"Hearings to examine the nominations of Marshall Billingslea, of Virginia, to be Under Secretary for Arms Control and International Security, C.J. Mahoney, of Kansas, to be Legal Adviser, and Carlos Tr",yes,https://www.senate.gov/isvp/?comm=foreign&filename=foreign072120
110918,116,House,Hearing,2020-07-22,hsii00,"Legislative Hearing on H.R. 958, H.R. 6237, H.R. 6535, H.R. 7119",yes,
327680,116,Senate,Meeting,2020-07-22,sscm00,"Business meeting to consider S.933, to improve data collection and monitoring of the Great Lakes, oceans, bays, estuaries, and coasts, S.1730, to direct the Administrator of the National Oceanic and A",yes,https://www.senate.gov/isvp/?comm=commerce&filename=commerce072220
327682,116,Senate,Meeting,2020-07-22,ssju00,Hearings to examine protecting the integrity of college athletics.,no,https://www.senate.gov/isvp/?comm=judiciary&filename=judiciary072220
327684,116,Senate,Meeting,2020-07-22,ssga00,"Business meeting to consider S.4204, to establish an Interagency Task Force to analyze preparedness for national pandemics, S.4210, to amend the Homeland Security Act of 2002 to authorize the transfer",yes,https://www.senate.gov/isvp/?comm=govtaff&filename=govtaff072220
327681,116,NoChamber,Meeting,2020-07-23,jcse00,"Hearings to examine human rights at home, focusing on media, politics and safety of journalists.",no,
327689,116,Senate,Meeting,2020-07-23,ssfr00,"Hearings to examine the nominations of Lisa S. Kenna, of   Vermont, to be Ambassador to the Republic of Peru, Leora Rosenberg Levy,   of Connecticut, to be Ambassador to the Republic of Chile, Aldona ",yes,https://www.senate.gov/isvp/?comm=foreign&filename=foreign072320
327700,116,Senate,Meeting,2020-07-23,ssju00,"Business meeting to consider S.4212, to amend title 28, United States Code, to strip foreign sovereign immunity of certain foreign states to secure justice for victims of novel coronavirus in the Unit",yes,https://www.senate.gov/isvp/?comm=judiciary&filename=judiciary072320
110937,116,House,Hearing,2020-07-28,hsii00,Unanswered Questions About the US Park Police's June 1 Attack on Peaceful Protesters at Lafayette Square,yes,
327725,116,Senate,Meeting,2020-07-28,ssas00,"Hearings to examine the nominations of Lieutenant General D. VanHerck, USAF, to be general and Commander, United States Northern Command/Commander, North American Aerospace Defense Command, and Genera",yes,https://www.senate.gov/isvp/?comm=armed&filename=armedA072820
327726,116,Senate,Meeting,2020-07-28,ssju00,Hearings to examine how the DMCA contemplates limitations and exceptions like fair use.,no,https://www.senate.gov/isvp/?comm=judiciary&filename=judiciary072820
328014,116,Senate,Meeting,2020-07-28,slin00,Closed hearings to examine certain intelligence matters.,no,
109721,116,House,Markup,2020-07-29,hlig00,"Full Committee Business Meeting:

I. Authorizing Member Access Requests to review classified documents.",yes,
110943,116,House,Meeting,2020-07-29,hsvr00,Who's in Charge? Examining Oversight of State Veterans Homes During the COVID-19 Pandemic,yes,
110947,116,House,Hearing,2020-07-29,hssm00,Kick Starting Entrepreneurship and Main Street Economic Recovery,yes,
327741,116,Senate,Meeting,2020-07-29,ssju00,"Hearings to examine the nominations of J. Philip Calabrese, and James Ray Knepp II, both to be a United States District Judge for the Northern District of Ohio, Aileen Mercedes Cannon, to be United St",yes,https://www.senate.gov/isvp/?comm=judiciary&filename=judiciary072920
327763,116,Senate,Meeting,2020-07-29,ssfr00,"Business meeting to consider the nominations of Natalie E. Brown, of Nebraska, to be Ambassador to the Republic of Uganda, Sandra E. Clark, of Maryland, to be Ambassador to Burkina Faso, William Ellis",yes,https://www.senate.gov/isvp/?comm=foreign&filename=foreign072920
327820,116,NoChamber,Meeting,2020-07-29,jcse00,"Hearings to examine human rights at home, focusing on values made visible.",no,
327883,116,Senate,Meeting,2020-07-29,slin00,Closed business meeting to consider pending intelligence matters; to be immediately followed by a closed hearing to examine certain intelligence matters.,no,
327780,116,Senate,Meeting,2020-07-30,ssju00,"Business meeting to consider S.4212, to amend title 28, United States Code, to strip foreign sovereign immunity of certain foreign states to secure justice for victims of novel coronavirus in the Unit",yes,https://www.senate.gov/isvp/?comm=judiciary&filename=judiciary073020
110957,116,House,Markup,2020-07-31,hlig00,"Intelligence Authorization Act

I. Mark-up of the Intelligence Authorization Act (IAA) for Fiscal Year (FY) 2021. 

II. Authorizing all Members of the House of Representatives to review, at a time to ",yes,
327902,116,Senate,Meeting,2020-08-03,ssfi00,"Business meeting to consider the nominations of Michael N. Nemelka, of Utah, to be a Deputy United States Trade Representative (Investment, Services, Labor, Environment, Africa, China, and the Western",yes,
327589,116,Senate,Meeting,2020-08-04,slin00,Closed business meeting to consider pending intelligence matters; to be immediately followed by a closed hearing to examine certain intelligence matters.,no,
327760,116,Senate,Meeting,2020-08-04,ssju00,"Hearings to examine the right of the people peaceably to assemble, focusing on protecting speech by stopping violence.",no,https://www.senate.gov/isvp/?comm=judiciary&filename=judiciary080420
327534,116,Senate,Meeting,2020-08-05,ssju00,An oversight hearing to examine the Crossfire Hurricane investigation.,no,https://www.senate.gov/isvp/?comm=judiciary&filename=judiciary080520
327821,116,Senate,Meeting,2020-08-05,ssbk00,"Business meeting to consider the nominations of Hester Maria Peirce, of Ohio, and Caroline A. Crenshaw, of the District of Columbia, both to be a Member of the Securities and Exchange Commission, and ",yes,https://www.senate.gov/isvp/?comm=banking&filename=banking080520
327880,116,Senate,Meeting,2020-08-05,ssfr00,"Hearings to examine the nominations of Erik Paul Bethel, of Florida, to be Ambassador to the Republic of Panama, Jonathan Pratt, of California, to be Ambassador to the Republic of Djibouti, Barbera Ha",yes,https://www.senate.gov/isvp/?comm=foreign&filename=foreign080520
327881,116,Senate,Meeting,2020-08-05,ssfr00,"Hearings to examine the nominations of Jennifer Yue Barber, of Kentucky, to be the Representative of the United States of America on the Economic and Social Council of the United Nations, with the ran",yes,https://www.senate.gov/isvp/?comm=foreign&filename=foreign080520
327901,116,Senate,Meeting,2020-08-05,ssva00,"Business meeting to consider S.3282, to amend title 38, United States Code, to improve the oversight of contracts awarded by the Secretary of Veterans Affairs to small business concerns owned and cont",yes,https://www.senate.gov/isvp/?comm=vetaff&filename=vetaff080520
327841,116,Senate,Meeting,2020-08-06,ssas00,"Hearings to examine the nominations of Jason Abend, of Virginia, to be Inspector General, Bradley D. Hansell, of Virginia, to be a Deputy Under Secretary, Lucas N. Polakowski, of Virginia, and Louis W",yes,https://www.senate.gov/isvp/?comm=armed&filename=armedA080620
327900,116,Senate,Meeting,2020-08-06,ssfr00,"Hearings to examine the nominations of William A. Douglass, of Florida, to be Ambassador to the Commonwealth of The Bahamas, Melanie Harris Higgins, of Georgia, to be Ambassador to the Republic of Bur",yes,https://www.senate.gov/isvp/?comm=foreign&filename=foreign080620
110972,116,House,Hearing,2020-08-28,hsvr00,Coordinating Transition Resources,yes,
110975,116,House,Hearing,2020-09-01,hlvc00,Hybrid Hearing with Treasury Secretary Steven T. Mnuchin,yes,
110980,116,House,Hearing,2020-09-09,hlvc00,"Remote Hearing on “Ensuring a Free, Fair, and Safe Election During the Coronavirus Pandemic”",yes,
110991,116,House,Markup,2020-09-09,hsif00,38 bills pending before the Committee,yes,
327987,116,Senate,Meeting,2020-09-09,ssju00,"Hearings to examine the nominations of Benjamin Joel Beaton, to be United States District Judge for the Western District of Kentucky, Kristi Haskins Johnson, and Taylor B. McNeel, both to be a United ",yes,https://www.senate.gov/isvp/?comm=judiciary&filename=judiciary090920
327989,116,Senate,Meeting,2020-09-09,ssfr00,To receive a closed briefing on Eastern Europe.,no,
110981,116,House,Meeting,2020-09-10,hsvr00,Business Meeting: To Reauthorize the Women Veterans’ Task Force,yes,
110982,116,House,Hearing,2020-09-10,hsvr00,"H.R. 7541; H.R. 7504;H.R. 7784;H.R. 7879;H.R. 7747; H.R. 7888;H.R. 7964;H.R. 3450; 
H.R. 3788; H.R. 3826; H.R. 6092; H.R. 7469; H.R. 8005;H.R. 8033; H.R. 8084;H.R. 8068; H.R. 8149 H.R. 8148;H.R. 8108;",yes,
111000,116,House,Hearing,2020-09-10,hswm00,The Caribbean Basin Trade Partnership Act: Considerations for Renewal,yes,
328020,116,Senate,Meeting,2020-09-10,ssju00,"Business meeting to consider the nominations of J. Philip Calabrese, and James Ray Knepp II, both to be a United States District Judge for the Northern District of Ohio, Aileen Mercedes Cannon, to be ",yes,https://www.senate.gov/isvp/?comm=judiciary&filename=judiciary091020
110993,116,House,Hearing,2020-09-11,hlig00,Assessing the U.S.-Saudi Security and Intelligence Relationship,yes,
110995,116,House,Hearing,2020-09-11,hswm00,Consequences of Inaction on COVID Tax Legislation,yes,
328006,116,Senate,Meeting,2020-09-14,ssfr00,To receive a closed briefing on 2020 global nuclear threats.,no,
328002,116,Senate,Meeting,2020-09-15,ssju00,Hearings to examine whether Google harmed competition in online advertising.,no,https://www.senate.gov/isvp/?comm=judiciary&filename=judiciary091520
328057,116,Senate,Meeting,2020-09-15,slin00,Closed hearings to examine certain intelligence matters.,no,
111004,116,House,Hearing,2020-09-16,hsvr00,Moving Beyond Patchwork Systems: The Future of Education Services IT,yes,
111007,116,House,Hearing,2020-09-16,hsvr00,Modernizing VA’s Medical Supply Chain:  Lessons Learned from the Pandemic,yes,
111017,116,House,Markup,2020-09-16,hsgo00,"The Committee will consider the following:
   
1.H.R. 4774, Internet of Things Cybersecurity Training for Federal Employees Act; 

2.H.R. 5901, the Technology Modernization Centers of Excellence Progr",yes,
327629,116,Senate,Meeting,2020-09-16,slin00,To receive a closed briefing on certain intelligence matters.,no,
328001,116,Senate,Meeting,2020-09-16,ssju00,Hearings to examine whether the reforms to Section 1201 are needed and warranted.,no,https://www.senate.gov/isvp/?comm=judiciary&filename=judiciary091620
328007,116,Senate,Meeting,2020-09-16,ssga00,"Business meeting to consider a motion to authorize the Chairman to issue notices for taking depositions, subpoenas for records, and subpoenas for testimony, to individuals relating to the Federal Bure",yes,https://www.senate.gov/isvp/?comm=govtaff&filename=govtaff091620
328012,116,Senate,Meeting,2020-09-16,sscm00,"Business meeting to consider S.804, to amend the Marine Mammal Protection Act of 1972 to protect the cultural practices and livelihoods of producers of Alaska Native handicrafts and fossilized ivory p",yes,https://www.senate.gov/isvp/?comm=commerce&filename=commerce091620
111010,116,House,Meeting,2020-09-17,hswm00,Enforcing the Ban on Imports Produced by Forced Labor in Xinjiang,yes,
111012,116,House,Hearing,2020-09-17,hsif00,"""Trump FCC:  Four Years of Lost Opportunities"" - Virtual Hearing",yes,
111018,116,House,Markup,2020-09-17,hsvr00,"Markup of H.R.8247; A.N.S to H.R. 7163 A.N.S to H.R. 5843; A.N.S. to H.R. 7785, and H.R. 6092",yes,
328000,116,Senate,Meeting,2020-09-17,ssju00,"Business meeting to consider the nominations of J. Philip Calabrese, and James Ray Knepp II, both to be a United States District Judge for the Northern District of Ohio, Aileen Mercedes Cannon, to be ",yes,https://www.senate.gov/isvp/?comm=judiciary&filename=judiciary091720
328005,116,NoChamber,Meeting,2020-09-17,jcse00,Hearings to examine Albania's chairmanship of the Organization for Security and Co-operation in Europe.,no,
328045,116,Senate,Meeting,2020-09-22,ssfr00,"Business meeting to consider the nominations of Erik Paul Bethel, of Florida, to be Ambassador to the Republic of Panama, Keith W. Dayton, of Washington, to be Ambassador to Ukraine, William A. Dougla",yes,https://www.senate.gov/isvp/?comm=foreign&filename=foreign092220
111024,116,House,Hearing,2020-09-23,hsvr00,Toxic Exposures: Examining Airborne Hazards in the Southwest Asia Theater of Military Operations,yes,
111029,116,House,Hearing,2020-09-23,hlvc00,Hybrid Hearing with Federal Reserve Chair Jerome H. Powell,yes,
328048,116,Senate,Meeting,2020-09-23,ssas00,To receive a closed briefing on Department of Defense cyber operations in support of efforts to protect the integrity of U.S. national elections from malign actors.,no,
328051,116,Senate,Meeting,2020-09-23,sscm00,Hearings to examine the need for federal data privacy legislation.,no,https://www.senate.gov/isvp/?comm=commerce&filename=commerce092320
328056,116,Senate,Meeting,2020-09-23,ssva00,"Business meeting to consider S.4393, to improve the provision of health care and other benefits from the Department of Veterans Affairs for veterans who were exposed to toxic substances, and S.4511, t",yes,
328059,116,Senate,Meeting,2020-09-23,slin00,Closed hearings to examine certain intelligence matters.,no,
328080,116,Senate,Meeting,2020-09-23,ssva00,"Business meeting to consider S.4393, to improve the provision of health care and other benefits from the Department of Veterans Affairs for veterans who were exposed to toxic substances, and S.4511, t",yes,
111033,116,House,Hearing,2020-09-24,hsfa00,Oversight of the United States Agency for Global Media and U.S. International Broadcasting Efforts,yes,
111041,116,House,Hearing,2020-09-24,hsif00,“Mainstreaming Extremism:  Social Media’s Role in Radicalizing America” (Virtual Hearing),yes,
111046,116,House,Hearing,2020-09-24,hswm00,Save Our Social Security Now,yes,
111052,116,House,Meeting,2020-09-24,hlmh00,Business Meeting,yes,
327304,116,Senate,Meeting,2020-09-24,slin00,Closed hearings to examine certain intelligence matters.,no,
328100,116,Senate,Meeting,2020-09-24,ssju00,"Business meeting to consider S.4632, to amend title 17, United States Code, to establish an alternative dispute resolution program for copyright small claims, to amend the Communications Act of 1934 t",yes,https://www.senate.gov/isvp/?comm=judiciary&filename=judiciary092420
111044,116,House,Hearing,2020-09-25,hswm00,Restaurants in America During the COVID-19 Pandemic,yes,
111059,116,House,Hearing,2020-09-30,hsvr00,MISSION Critical: Assessing Community Care Wait Times,yes,
111060,116,House,Hearing,2020-09-30,hsvr00,Examining VA’s Ongoing Efforts in the Electronic Health Record Modernization Program”,yes,
111075,116,House,Hearing,2020-09-30,hlig00,Full Committee Business Meeting (Closed),yes,
328043,116,Senate,Meeting,2020-09-30,ssga00,"Business meeting to consider the nomination of Chad F. Wolf, of Virginia, to be Secretary of Homeland Security.",yes,https://www.senate.gov/isvp/?comm=govtaff&filename=govtaff093020
328081,116,Senate,Meeting,2020-09-30,ssju00,An oversight hearing to examine the Crossfire Hurricane Investigation.,no,https://www.senate.gov/isvp/?comm=judiciary&filename=judiciary093020
328060,116,Senate,Meeting,2020-10-01,ssju00,"Business meeting to consider S.4632, to amend title 17, United States Code, to establish an alternative dispute resolution program for copyright small claims, to amend the Communications Act of 1934 t",yes,https://www.senate.gov/isvp/?comm=judiciary&filename=judiciary100120
328101,116,Senate,Meeting,2020-10-01,sscm00,"Business meeting to consider an authorization to subpoena the attendance of a witness for purpose of a hearing to Jack Dorsey, Chief Executive Officer, Twitter; an authorization to subpoena the attend",no,https://www.senate.gov/isvp/?comm=commerce&filename=commerce100120
111037,116,House,Hearing,2020-10-02,hlvc00,Hybrid Hearing with Secretary of Health and Human Services Alex M. Azar II,yes,
111073,116,House,Hearing,2020-10-02,hsas00,Strengthening Biological Security: Traditional Threats and Emerging Challenges,yes,
111083,116,House,Hearing,2020-10-02,hlig00,Full Committee Hearing: DHS Senior Official Performing the Duties of the Under Secretary for Intelligence and Analysis Joseph B. Maher,yes,
328163,116,Senate,Meeting,2020-10-13,ssju00,"Hearings to examine the nomination of Amy Coney Barrett, of Indiana, to be an Associate Justice of the Supreme Court of the United States.",yes,https://www.senate.gov/isvp/?comm=judiciary&filename=judiciary101320
328164,116,Senate,Meeting,2020-10-14,ssju00,"Hearings to examine the nomination of Amy Coney Barrett, of Indiana, to be an Associate Justice of the Supreme Court of the United States.",yes,https://www.senate.gov/isvp/?comm=judiciary&filename=judiciary101420
111087,116,House,Hearing,2020-10-15,hlig00,"Misinformation, Conspiracy Theories, and ‘Infodemics’: Stopping the Spread Online",yes,
328182,116,Senate,Meeting,2020-10-15,ssju00,"Hearings to examine the nomination of Amy Coney Barrett, of Indiana, to be an Associate Justice of the Supreme Court of the United States; to be followed by a business meeting to consider the nominati",yes,https://www.senate.gov/isvp/?comm=judiciary&filename=judiciary101520
328161,116,Senate,Meeting,2020-10-22,ssju00,"Business meeting to consider the nominations of Amy Coney Barrett, of Indiana, to be an Associate Justice of the Supreme Court of the United States, Benjamin Joel Beaton, to be United States District ",yes,https://www.senate.gov/isvp/?comm=judiciary&filename=judiciary102220
328360,116,Senate,Meeting,2020-11-03,ssra00,"Business meeting to consider S.959, to establish in the Smithsonian Institution a comprehensive women's history museum, H.R.2420, to establish within the Smithsonian Institution the National Museum of",yes,
328777,116,Senate,Meeting,2020-11-10,slin00,Closed hearings to examine certain intelligence matters.,no,
328264,116,Senate,Meeting,2020-11-17,ssju00,"Hearings to examine breaking the news, focusing on censorship, suppression, and the 2020 election.",no,https://www.senate.gov/isvp/?comm=judiciary&filename=judiciary111720
328363,116,Senate,Meeting,2020-11-17,slin00,Closed hearings to examine certain intelligence matters.,no,
328263,116,Senate,Meeting,2020-11-18,ssju00,"Hearings to examine the nominations of Thomas L. Kirsch II, of Indiana, to be United States Circuit Judge for the Seventh Circuit, Charles Edward Atchley, Jr., and Katherine A. Crytzer, both to be a U",yes,https://www.senate.gov/isvp/?comm=judiciary&filename=judiciary111820
328265,116,Senate,Meeting,2020-11-18,sscm00,"Business meeting to consider S.1031, to implement recommendations related to the safety of amphibious passenger vessels, S.1166, to direct the Assistant Secretary of Commerce for Communications and In",yes,https://www.senate.gov/isvp/?comm=commerce&filename=commerce111820
328283,116,Senate,Meeting,2020-11-18,slia00,"Business meeting to consider S.790, to clarify certain provisions of Public Law 103-116, the Catawba Indian Tribe of South Carolina Land Claims Settlement Act of 1993, S.3264, to expedite and streamli",yes,https://www.senate.gov/isvp/?comm=indian&filename=indian111820
328285,116,Senate,Meeting,2020-11-18,ssas00,"A closed pass-the-gavel/general provisions panel meeting with the House Committee on Armed Services to examine H.R.6395, to authorize appropriations for fiscal year 2021 for military activities of the",yes,
328460,116,Senate,Meeting,2020-11-18,slin00,To receive a closed briefing on certain intelligence matters.,no,
328269,116,Senate,Meeting,2020-11-19,ssga00,"Hearings to examine an essential part of a COVID-19 solution, focusing on an early at home treatment.",no,https://www.senate.gov/isvp/?comm=govtaff&filename=govtaff111920
328286,116,Senate,Meeting,2020-11-30,ssfr00,To receive a closed briefing on United Arab Emirates arms sales.,no,
328281,116,Senate,Meeting,2020-12-01,slin00,Closed hearings to examine certain intelligence matters.,no,
111106,116,House,Meeting,2020-12-02,hsvr00,Business Meeting:  To Approve the Committee Report: Hijacking our Heroes,yes,
111107,116,House,Hearing,2020-12-02,hsvr00,A Time for Change: Assessing the Need to Modernize Veteran Eligibility for Care,yes,
111108,116,House,Hearing,2020-12-02,hsfa00,Advancing the Rights of Women and Girls in the Middle East: An Analysis of Current Trends and U.S. Policy,yes,
328343,116,Senate,Meeting,2020-12-02,sscm00,"Business meeting to consider the nominations of Gregory Autry, of California, to be Chief Financial Officer, National Aeronautics and Space Administration,  Daniel Huff, of Massachusetts, to be an Ass",yes,https://www.senate.gov/isvp/?comm=commerce&filename=commerce120220
328380,116,Senate,Meeting,2020-12-02,ssfr00,"Hearings to examine the nominations of C. Kevin Blackstone, of Virginia, to be Ambassador to the Democratic Republic of Timor-Leste, Cynthia Kierscht, of Minnesota, to be Ambassador to the Islamic Rep",yes,https://www.senate.gov/isvp/?comm=foreign&filename=foreign120220
328600,116,Senate,Meeting,2020-12-02,slin00,To receive a closed briefing on certain intelligence matters.,no,
328365,116,Senate,Meeting,2020-12-03,ssra00,"Business meeting to consider S.959, to establish in the Smithsonian Institution a comprehensive women's history museum, H.R.2420, to establish within the Smithsonian Institution the National Museum of",yes,https://www.senate.gov/isvp/?comm=rules&filename=rules120320
328402,116,Senate,Meeting,2020-12-03,ssju00,"Business meeting to consider S.4632, to amend title 17, United States Code, to establish an alternative dispute resolution program for copyright small claims, to amend the Communications Act of 1934 t",yes,https://www.senate.gov/isvp/?comm=judiciary&filename=judiciary120320
111098,116,House,Hearing,2020-12-08,hsap00,The Impact on Women Seeking an Abortion but are Denied Because of an Inability to Pay,yes,
111110,116,House,Hearing,2020-12-08,hsvr00,"Identifying
Congressional and Administration Priorities for the Next Congress: How we can support our
Veterans through and after COVID-19",yes,
328344,116,NoChamber,Meeting,2020-12-08,jcse00,Hearings to examine United States priorities for engagement at the Organization for Security and Cooperation in Europe.,no,
328381,116,Senate,Meeting,2020-12-08,ssga00,"Hearings to examine an essential part of a COVID-19 solution, focusing on early outpatient treatment.",no,https://www.senate.gov/isvp/?comm=govtaff&filename=govtaff120820
328282,116,Senate,Meeting,2020-12-09,slin00,To receive a closed briefing on certain intelligence matters.,no,
328361,116,Senate,Meeting,2020-12-10,ssju00,"Business meeting to consider S.4632, to amend title 17, United States Code, to establish an alternative dispute resolution program for copyright small claims, to amend the Communications Act of 1934 t",yes,https://www.senate.gov/isvp/?comm=judiciary&filename=judiciary121020
328420,116,Senate,Meeting,2020-12-15,ssas00,To receive a closed briefing on Department of Defense cyber operations.,no,
328423,116,Senate,Meeting,2020-12-15,ssju00,Hearings to examine the role of private agreements and existing technology in curbing online piracy.,no,https://www.senate.gov/isvp/?comm=judiciary&filename=judiciary121520
328442,116,Senate,Meeting,2020-12-16,ssju00,"Hearings to examine the nomination of Raul M. Arias-Marxuach, of Puerto Rico, to be United States Circuit Judge for the First Circuit.",yes,https://www.senate.gov/isvp/?comm=judiciary&filename=judiciary121620
328443,116,Senate,Meeting,2020-12-16,ssju00,Hearings to examine supporting Hong Kong's pro-democracy movement through United States refugee policy.,no,https://www.senate.gov/isvp/?comm=judiciary&filename=judiciary121620
111121,116,House,Meeting,2020-12-21,hsru00,"Senate Amendment to H.R. 133—United States-Mexico Economic Partnership Act [Consolidated Appropriations Act, 2021]",yes,
328364,117,Senate,Meeting,2021-01-06,slin00,To receive a closed briefing on certain intelligence matters.,no,
111125,117,House,Meeting,2021-01-13,hsru00,"H. Res. 24—Impeaching Donald John Trump, President of the United States, for high crimes and misdemeanors.",yes,
328580,117,Senate,Meeting,2021-01-21,slin00,"Closed business meeting to consider the expected nomination of Avril Haines, to be Director of National Intelligence.",no,
328582,117,Senate,Meeting,2021-01-22,ssfi00,"Business meeting to consider the nomination of Janet Louise Yellen, of California, to be Secretary of the Treasury.",yes,https://www.senate.gov/isvp/?comm=finance&filename=finance012221
328560,117,Senate,Meeting,2021-01-25,ssfr00,"Business meeting to consider the nomination of Antony John Blinken, of New York, to be Secretary of State.",yes,https://www.senate.gov/isvp/?comm=foreign&filename=foreign012521
328586,117,Senate,Meeting,2021-01-26,ssga00,"Business meeting to consider the nomination of Alejandro Nicholas Mayorkas, of the District of Columbia, to be Secretary of Homeland Security.",yes,https://www.senate.gov/isvp/?comm=govtaff&filename=govtaff012621
328601,117,Senate,Meeting,2021-01-27,sscm00,"Business meeting to consider the nomination of Peter Paul Montgomery Buttigieg, of Indiana, to be Secretary of Transportation.",yes,https://www.senate.gov/isvp/?comm=commerce&filename=commerce012721
328641,117,Senate,Meeting,2021-01-27,slin00,To receive a closed briefing on certain intelligence matters.,no,
111131,117,House,Meeting,2021-01-28,hsif00,Organizational Meeting,yes,
111133,117,House,Meeting,2021-02-01,hsgo00,Organizational Meeting,yes,
328444,117,Senate,Meeting,2021-02-02,slin00,To receive a closed briefing on certain intelligence matters.,no,
328603,117,Senate,Meeting,2021-02-02,ssas00,"Hearings to examine the nomination of Kathleen Holland Hicks, of Virginia, to be Deputy Secretary of Defense.",yes,https://www.senate.gov/isvp/?comm=armed&filename=armedA020221
328609,117,Senate,Meeting,2021-02-02,ssva00,"Business meeting to consider the nomination of Denis Richard McDonough, of Maryland, to be Secretary of Veterans Affairs.",yes,
111147,117,House,Meeting,2021-02-03,hsfa00,Committee Organizational Meeting,yes,
328606,117,Senate,Meeting,2021-02-03,sscm00,"Business meeting to consider the nomination of Gina Marie Raimondo, of Rhode Island, to be Secretary of Commerce.",yes,https://www.senate.gov/isvp/?comm=commerce&filename=commerce020321
328607,117,Senate,Meeting,2021-02-04,ssfr00,"Business meeting to consider the nominations of Linda Thomas-Greenfield, of Louisiana, to be the Representative of the United States of America to the United Nations, with the rank and status of the A",yes,https://www.senate.gov/isvp/?comm=foreign&filename=foreign020421
328608,117,Senate,Meeting,2021-02-04,ssfr00,Business meeting to consider pending calendar business.,no,https://www.senate.gov/isvp/?comm=foreign&filename=foreign020421
328622,117,Senate,Meeting,2021-02-04,ssas00,To receive a closed briefing on the Army response to the findings and recommendations of the Fort Hood Independent Review Committee's assessment of the Fort Hood command climate and culture.,no,
328644,117,Senate,Meeting,2021-02-04,ssbk00,"Business meeting to consider the nominations of Marcia Louise Fudge, of Ohio, to be Secretary of Housing and Urban Development, and Cecilia Elena Rouse, of New Jersey, to be Chairman of the Council of",yes,https://www.senate.gov/isvp/?comm=banking&filename=banking020421
328680,117,Senate,Meeting,2021-02-08,ssfr00,To receive a closed briefing on around the world threat assessment.,no,
111190,117,House,Markup,2021-02-11,hsif00,"Budget Reconciliation pursuant to S. Con. Res. 5, the Concurrent Resolution on the Budget for Fiscal Year 2021",yes,
111195,117,House,Meeting,2021-02-11,hsvr00,Full Committee Organizational Meeting of the 117th Congress,yes,
111196,117,House,Markup,2021-02-11,hsvr00,"Committee Print to comply with reconciliation directives included in section 2001 (k) of the Concurrent Resolution on the Budget for Fiscal Year 2021, S.Con.Res. 5",yes,
328681,117,Senate,Meeting,2021-02-11,sshr00,"Business meeting to consider the nominations of Miguel A. Cardona, of Connecticut, to be Secretary of Education, and Martin Joseph Walsh, of Massachusetts, to be Secretary of Labor.",yes,https://www.senate.gov/isvp/?comm=help&filename=help021121
328682,117,Senate,Meeting,2021-02-11,sscm00,"Organizational business meeting to consider committee rules, and an original resolution authorizing expenditures by the committee for the 117th Congress.",no,https://www.senate.gov/isvp/?comm=commerce&filename=commerce021121
328701,117,Senate,Meeting,2021-02-11,ssbk00,"Organizational business meeting to consider an original resolution authorizing expenditures by the committee for the 117th Congress, committee rules and procedure for the 117th Congress, and committee",no,https://www.senate.gov/isvp/?comm=banking&filename=banking021121
328702,117,Senate,Meeting,2021-02-11,slia00,"Organizational business meeting to consider the selection of the Chairman and Vice Chairman, committee rules, and an original resolution authorizing expenditures by the committee for the 117th Congres",no,https://www.senate.gov/isvp/?comm=indian&filename=indian021121
328704,117,Senate,Meeting,2021-02-11,slin00,Business meeting to consider pending calendar business.,no,
328706,117,Senate,Meeting,2021-02-11,ssga00,Organizational business meeting to consider an original resolution authorizing expenditures by the committee for the 117th Congress.,no,https://www.senate.gov/isvp/?comm=govtaff&filename=govtaff021121
111197,117,House,Markup,2021-02-12,hsgo00,"1.  Committee Print providing for reconciliation pursuant to S. Con. Res. 5;

a.  ANS to Committee Print, offered by Ms. Maloney of NY; and 

2.  Several postal naming measures.",yes,
328703,117,Senate,Meeting,2021-02-12,ssju00,Organizational business meeting to consider an original resolution authorizing expenditures by the committee for the 117th Congress.,no,
328705,117,Senate,Meeting,2021-02-12,sseg00,Organizational business meeting to consider an original resolution authorizing expenditures by the committee for the 117th Congress.,no,
328720,117,Senate,Meeting,2021-02-13,ssfi00,Business meeting to consider an original resolution authorizing expenditures by the committee for the 117th Congress.,no,
328741,117,Senate,Meeting,2021-02-13,sssb00,"Organizational business meeting to consider committee rules, and an original resolution authorizing expenditures by the committee for the 117th Congress.",no,
111192,117,House,Meeting,2021-02-18,hsii00,FC Organizational meeting to consider and adopt the Committee Rules and Staffing Resolution for the 117th Congress.,yes,
328760,117,Senate,Meeting,2021-02-22,ssra00,"Organizational business meeting to consider committee rules, an original resolution authorizing expenditures by the committee for the 117th Congress, and an omnibus committee funding resolution.",no,https://www.senate.gov/isvp/?comm=rules&filename=rules022221
111231,117,House,Hearing,2021-02-24,hsfa00,America Forward: Restoring Diplomacy and Development in a Fracturing World,yes,
328742,117,Senate,Meeting,2021-02-24,sssb00,"Business meeting to consider the nomination of Isabella Casillas Guzman, of California, to be Administrator of the Small Business Administration.",yes,https://www.senate.gov/isvp/?comm=smbiz&filename=smbiz022421
328768,117,Senate,Meeting,2021-02-24,sseg00,"Hearings to examine the nomination of Debra Anne Haaland, of New Mexico, to be Secretary of the Interior.",yes,https://www.senate.gov/isvp/?comm=energy&filename=energy022421
328770,117,Senate,Meeting,2021-02-24,ssga00,"Business meeting to consider the nomination of Neera Tanden, of Massachusetts, to be Director of the Office of Management and Budget, and committee rules of procedure for the 117th Congress.",yes,
328772,117,Senate,Meeting,2021-02-24,ssbu00,"Business meeting to consider the nomination of Neera Tanden, of Massachusetts, to be Director of the Office of Management and Budget.",yes,
111232,117,House,Markup,2021-02-25,hsfa00,Markup of Various Measures,yes,
328779,117,Senate,Meeting,2021-02-25,sscm00,Business meeting to consider subcommittee assignments.,no,https://www.senate.gov/isvp/?comm=commerce&filename=commerce022521
328812,117,Senate,Meeting,2021-03-01,ssju00,"Business meeting to consider committee rules and designation of subcommittees for the 117th Congress, and the nomination of Merrick Brian Garland, of Maryland, to be Attorney General.",yes,https://www.senate.gov/isvp/?comm=judiciary&filename=judiciary030121
111270,117,House,Hearing,2021-03-02,hsfa00,Elections in Africa,yes,
331300,117,Senate,Meeting,2021-03-02,slin00,Closed business meeting to consider pending intelligence matters; to be immediately followed by a closed briefing on certain intelligence matters.,no,
111256,117,House,Hearing,2021-03-03,hsvr00,"Legislative Presentation of the 
Disabled American Veterans and Multi VSOs: 
SVA, BVA, MOAA, NASDVA, MVA, NCHV",yes,
328809,117,Senate,Meeting,2021-03-03,ssfr00,"Hearings to examine the nominations of Wendy Ruth Sherman, of Maryland, to be Deputy Secretary, and Brian P. McKeon, of the District of Columbia, to be Deputy Secretary for Management and Resources, b",yes,https://www.senate.gov/isvp/?comm=foreign&filename=foreign030321
328814,117,Senate,Meeting,2021-03-03,ssga00;ssra00,"To resume joint hearings to examine the January 6, 2021 attack on the Capitol.",no,https://www.senate.gov/isvp/?comm=govtaff&filename=govtaff030321
328821,117,Senate,Meeting,2021-03-03,ssfi00,"Business meeting to consider the nominations of Xavier Becerra, of California, to be Secretary of Health and Human Services, Katherine C. Tai, of the District of Columbia, to be United States Trade Re",yes,https://www.senate.gov/isvp/?comm=finance&filename=finance030321
111257,117,House,Hearing,2021-03-04,hsvr00,"Legislative Presentation of the 
The American Legion and Multi VSOs: VVA, PVA, JWV, MOPH, WWP, and IAVA",yes,
111285,117,House,Hearing,2021-03-09,hssm00,The Interaction Between the Paycheck Protection Program and Federal Acquisition Rules: What it Means for Government Contractors,yes,
111314,117,House,Hearing,2021-03-09,hsii00,"“Modernizing Energy Development Laws for the Benefit of Taxpayers, Communities, and the Environment”",yes,
329353,117,Senate,Meeting,2021-03-09,slin00,To receive a closed briefing on certain intelligence matters.,no,
328831,117,Senate,Meeting,2021-03-10,ssga00,"Business meeting to consider the nomination of Shalanda D. Young, of Louisiana, to be Deputy Director of the Office of Management and Budget.",yes,https://www.senate.gov/isvp/?comm=govtaff&filename=govtaff031021
328835,117,Senate,Meeting,2021-03-10,ssap00,Closed hearings to examine domestic and foreign threats and other challenges facing the Federal Bureau of Investigation.,no,
328836,117,Senate,Meeting,2021-03-10,slia00,"Business meeting to consider S.325, to amend the Alyce Spotted Bear and Walter Soboleff Commission on Native Children Act to extend the deadline for a report by the Alyce Spotted Bear and Walter Sobol",yes,https://www.senate.gov/isvp/?comm=indian&filename=indian031021
328846,117,Senate,Meeting,2021-03-10,ssbu00,"Business meeting to consider the nomination of Shalanda D. Young, of Louisiana, to be Deputy Director of the Office of Management and Budget.",yes,
328847,117,Senate,Meeting,2021-03-10,ssbk00,"Business meeting to consider the subcommittee assignments for the 117th Congress, and the nominations of Gary Gensler, of Maryland, to be a Member of the Securities and Exchange Commission, and Rohit ",yes,https://www.senate.gov/isvp/?comm=banking&filename=banking031021
328942,117,Senate,Meeting,2021-03-10,slin00,To receive a closed briefing on certain intelligence matters.,no,
111308,117,House,Hearing,2021-03-11,hsii00,"Building Back Better: Building Resilience for the Economy, Climate, and Ecosystems",yes,
111313,117,House,Hearing,2021-03-11,hsfa00,The Crisis in Yemen: Part 1,yes,
328839,117,Senate,Meeting,2021-03-11,ssfr00,"Business meeting to consider the nominations of Wendy Ruth Sherman, of Maryland, to be Deputy Secretary, and Brian P. McKeon, of the District of Columbia, to be Deputy Secretary for Management and Res",yes,https://www.senate.gov/isvp/?comm=foreign&filename=foreign031121
328843,117,Senate,Meeting,2021-03-11,ssfr00,To receive a closed briefing on opportunities and challenges for the United States around the world.,no,https://www.senate.gov/isvp/?comm=foreign&filename=foreign031121
328885,117,Senate,Meeting,2021-03-16,ssas00,Hearings to examine United States Southern Command and United States Northern Command in review of the Defense Authorization Request for fiscal year 2022 and Future Years Defense program.,no,https://www.senate.gov/isvp/?comm=armed&filename=armedA031621
329800,117,Senate,Meeting,2021-03-16,slin00,Closed business meeting to consider pending intelligence matters; to be immediately followed by a closed briefing on certain intelligence matters.,no,
111333,117,House,Hearing,2021-03-17,hsju00,The SHOP SAFE Act: Stemming the Rising Tide of Unsafe Counterfeit Products Online,no,
111339,117,House,Hearing,2021-03-17,hlvc00,"Remote Hearing on ""From Rescue to Recovery:  Building a Thriving and Inclusive Post-Pandemic Economy""",yes,
111357,117,House,Hearing,2021-03-17,hlig00,Organizational Business Meeting,yes,
328886,117,Senate,Meeting,2021-03-17,sshr00,"Business meeting to consider the nominations of Vivek Hallegere Murthy, of Florida, to be Medical Director in the Regular Corps of the Public Health Service, and to be Surgeon General of the Public He",yes,
328887,117,Senate,Meeting,2021-03-17,ssga00,"Business meeting to consider S.231, to direct the Administrator of the Federal Emergency Management Agency to develop guidance for firefighters and other emergency response personnel on best practices",yes,https://www.senate.gov/isvp/?comm=govtaff&filename=govtaff031721
111342,117,House,Hearing,2021-03-18,hsii00,"""Restoring Abandoned Mine Lands, Local Economies, and the Environment""",yes,
328824,117,Senate,Meeting,2021-03-18,ssva00,To resume joint hearings with the House Committee on Veterans' Affairs to examine the legislative presentation of veterans services organizations.,no,https://www.senate.gov/isvp/?comm=vetaff&filename=vetaff031821
328899,117,Senate,Meeting,2021-03-18,ssas00,"To receive a closed briefing on the planning, programming, budget, and execution process of the Department of Defense.",no,
328902,117,Senate,Meeting,2021-03-18,ssju00,"Business meeting to consider S.632, to amend chapter 11 of title 35, United States Code, to require the voluntary collection of demographic information for patent inventors, S.169, to amend title 17, ",yes,https://www.senate.gov/isvp/?comm=judiciary&filename=judiciary031821
111383,117,House,Hearing,2021-03-19,hsfa00,America's Way Forward in the Indo-Pacific,yes,
328860,117,Senate,Meeting,2021-03-22,ssfr00,To receive a closed briefing on the policy and legal rationale of U.S. airstrikes in Syria.,no,
111370,117,House,Hearing,2021-03-23,hsvr00,VA Compensation and Pension Exams During the COVID-19 Pandemic: A Path Forward,yes,
111375,117,House,Hearing,2021-03-23,hsii00,Building Back Better: Examining the Future of America's Public Lands,yes,
111414,117,House,Hearing,2021-03-23,hsii00,"""A Year in Review: The State of COVID-19 in American Indian, Alaska Native, and Native Hawaiian Communities—Lessons Learned for Future Action""",yes,
112861,117,House,Hearing,2021-03-23,hswm00,Member's Day Hearing,no,
328943,117,Senate,Meeting,2021-03-23,slin00,To receive a closed briefing on certain intelligence matters.,no,
111332,117,House,Hearing,2021-03-24,hsvr00,The Pandemic and VA's Medical Supply Chain: Evaluating the Year-Long Response and Modernization,yes,
111384,117,House,Hearing,2021-03-24,hsii00,"""How the Biden Administration’s Build Back Better Plan Can Benefit the U.S. Territories""",yes,
328845,117,Senate,Meeting,2021-03-24,slin00,To receive a closed briefing on certain intelligence matters.,no,
328933,117,Senate,Meeting,2021-03-24,ssas00,To receive a closed briefing on Department of Defense cyber operations.,no,https://www.senate.gov/isvp/?comm=armed&filename=armedA032421
328937,117,Senate,Meeting,2021-03-24,sssb00,An oversight hearing to examine Small Business Administration's COVID-19 relief programs.,no,https://www.senate.gov/isvp/?comm=smbiz&filename=smbiz032421
328938,117,Senate,Meeting,2021-03-24,ssas00,Hearings to examine sexual assault in the military.,no,https://www.senate.gov/isvp/?comm=armed&filename=armedA032421
111304,117,House,Hearing,2021-03-25,hsvr00,"“Restoring Faith by Building Trust: VA’s First 100 Days.""",yes,
111408,117,House,Hearing,2021-03-25,hlvc00,Remote Hearing on “Rooting Out Fraud in Small Business Relief Programs”,yes,
112489,117,House,Markup,2021-03-25,hlmh00,Organizational Meeting for the 117th Congress,yes,
328961,117,Senate,Meeting,2021-03-25,ssju00,"Business meeting to consider S.632, to amend chapter 11 of title 35, United States Code, to require the voluntary collection of demographic information for patent inventors, S.169, to amend title 17, ",yes,https://www.senate.gov/isvp/?comm=judiciary&filename=judiciary032521
328963,117,Senate,Meeting,2021-03-25,ssas00,Hearings to examine United States Special Operations Command and United States Cyber Command in review of the Defense Authorization Request for fiscal year 2022 and the Future Years Defense Program.,no,https://www.senate.gov/isvp/?comm=armed&filename=armedA032521
328964,117,Senate,Meeting,2021-03-25,ssas00,To receive a closed briefing on United States Special Operations Command and United States Cyber Command in review of the Defense Authorization Request for fiscal year 2022 and the Future Years Defens,no,https://www.senate.gov/isvp/?comm=armed&filename=armedA032521
329003,117,Senate,Meeting,2021-04-13,ssas00,Hearings to examine United States European Command and United States Transportation Command in review of the Defense Authorization Request for fiscal year 2022 and the Future Years Defense Program; to,no,https://www.senate.gov/isvp/?comm=armed&filename=armedA041321
111428,117,House,Hearing,2021-04-14,hsvr00,"Legislative Hearing on: H.R. 147, Bringing Registered Apprenticeships to Veterans Education Act; H.R. 2195, Protecting the Employment Rights of Service Members Act; Discussion Draft: Value Added Homes",yes,
111437,117,House,Hearing,2021-04-14,hsvr00,“Strategic Review: Evaluating Concerns About the Ongoing Implementation of the Electronic Health Record Modernization Program”,yes,
111452,117,House,Markup,2021-04-14,hsgo00,"The Committee will consider the following: 
1.  H.R. 51, DC Admissions Act; and 
2.  Several postal naming measures.",yes,
329043,117,Senate,Meeting,2021-04-14,ssas00,Hearings to examine future cybersecurity architectures.,no,https://www.senate.gov/isvp/?comm=armed&filename=armedA041421
111426,117,House,Hearing,2021-04-15,hlvc00,"Hybrid Hearing on “Reaching the Light at the End of the Tunnel:  
A Science-Driven Approach to Swiftly and Safely Ending the Pandemic”",yes,
111434,117,House,Hearing,2021-04-15,hlmh00,Modernization Committee Member Day Hearing,yes,
111440,117,House,Hearing,2021-04-15,hlig00,Worldwide Threats,yes,
111444,117,House,Hearing,2021-04-15,hsvr00,"Legislative Hearing on: H.R. 234, Korean American VALOR Act; H.R. 344, Women Veterans TRUST Act; H.R. 958, Protecting Moms Who Served Act; H.R. 1448, PAWS for Veterans Therapy Act; H.R. 1510, Veterans",yes,
111449,117,House,Hearing,2021-04-15,hsii00,“Building Back Better: Creating Jobs and Reducing Pollution by Plugging and Reclaiming Orphaned Wells”,yes,
329040,117,Senate,Meeting,2021-04-15,ssfr00,"Business meeting to consider the nomination of Samantha Power, of Massachusetts, to be Administrator of the United States Agency for International Development; to be immediately followed by a hearing ",yes,https://www.senate.gov/isvp/?comm=foreign&filename=foreign041521
111454,117,House,Hearing,2021-04-16,hsfa00,Innovation in Development Policy: Maximizing Impact and Results,yes,
329101,117,Senate,Meeting,2021-04-19,ssfr00,To receive a closed briefing on the negotiation process and understanding the security situation in Afghanistan.,no,
112464,117,House,Meeting,2021-04-20,hsii00,“Building Back Better: Reducing Pollution and Creating Jobs Through Offshore Wind”,yes,
329103,117,Senate,Meeting,2021-04-20,ssas00,Hearings to examine United States Strategic Command and United States Space Command in review of the Defense Authorization Request for fiscal year 2022 and the Future Years Defense Program; to be imme,no,https://www.senate.gov/isvp/?comm=armed&filename=armedA042021
111431,117,House,Hearing,2021-04-21,hsvr00,"Legislative Hearing on: H.R. 711, West Los Angeles VA Campus Improvement Act of 2021; H.R. 1948, VA Employee Fairness Act of 2021; H.R. 2082 -VA Supply Chain Resiliency Act; H.R. 2428  - Strengthening",yes,
112468,117,House,Hearing,2021-04-21,hsii00,Oversight Hearing: Infrastructure in Indigenous Communities: Priorities for American Jobs Plan.,yes,
112470,117,House,Hearing,2021-04-21,hsii00,Oversight Hearing: Infrastructure in Indigenous Communities: Priorities for American Jobs Plan,yes,
112473,117,House,Hearing,2021-04-21,hsii00,"Legislative hearing on H.R. 820, H.R. 920, H.R. 2497, and the Pullman National Historical Park Act.",yes,
112474,117,House,Markup,2021-04-21,hsfa00,Markup of Various Measures,yes,
112495,117,House,Hearing,2021-04-21,hsfa00,The Crisis in Yemen: Part 2,yes,
329120,117,Senate,Meeting,2021-04-21,sshr00,"Business meeting to consider the nominations of Julie A. Su, of California, to be Deputy Secretary of Labor, Cynthia Minette Marten, of California, to be Deputy Secretary, and James Richard Kvaal, of ",yes,
329244,117,Senate,Meeting,2021-04-21,slin00,To receive a closed briefing on certain intelligence matters.,no,
329160,117,Senate,Meeting,2021-04-22,ssas00,Hearings to examine United States Central Command and United States Africa Command in review of the Defense Authorization Request for fiscal year 2022 and the Future Years Defense Program; to be immed,no,https://www.senate.gov/isvp/?comm=armed&filename=armedA042221
329182,117,Senate,Meeting,2021-04-22,ssva00,"Business meeting to consider the nomination of Richard A. Sauber, of the District of Columbia, to be General Counsel, Department of Veterans Affairs.",yes,
112496,117,House,Hearing,2021-04-27,hsfa00,The Effect of Climate Change in Africa,yes,
112503,117,House,Hearing,2021-04-27,hsii00,Wildlife Trafficking and the Growing Online Marketplace,yes,
112525,117,House,Hearing,2021-04-27,hsii00,Accessibility for People with Disabilities on National Parks and Public Lands,yes,
329180,117,Senate,Meeting,2021-04-27,ssap00,"Closed hearings to examine the Missile Defense Agency, focusing on a program update.",no,
112493,117,House,Markup,2021-04-28,hsii00,"Markup on the following bills: H.R. 443, H.R. 1029, H.R. 1492, H.R. 1503, H.R. 1505, H.R. 1506, H.R. 1517, H.R. 1884, H.R. 2348",yes,
112586,117,House,Hearing,2021-04-28,hswm00,Charting the Path Forward for Telehealth,yes,
328844,117,Senate,Meeting,2021-04-28,slin00,To receive a closed briefing on certain intelligence matters.,no,
329228,117,Senate,Meeting,2021-04-28,ssfr00,"Hearings to examine the nominations of Bonnie D. Jenkins, of New York, to be Under Secretary for Arms Control and International Security, and Jose W. Fernandez, of New York, to be United States Altern",yes,https://www.senate.gov/isvp/?comm=foreign&filename=foreign042821
329229,117,Senate,Meeting,2021-04-28,ssas00,Hearings to examine defense acquisition programs and acquisition reform.,no,https://www.senate.gov/isvp/?comm=armed&filename=armedA042821 https://www.senate.gov/isvp/?comm=armed&filename=armedB042821
329230,117,Senate,Meeting,2021-04-28,ssas00,Hearings to examine United States Special Operations Command's efforts to sustain the readiness of special operations forces and transform the force for future security challenges.,no,https://www.senate.gov/isvp/?comm=armed&filename=armedA042821 https://www.senate.gov/isvp/?comm=armed&filename=armedB042821
329232,117,Senate,Meeting,2021-04-28,ssas00,Hearings to examine United States nuclear deterrence policy and strategy.,no,https://www.senate.gov/isvp/?comm=armed&filename=armedA042821 https://www.senate.gov/isvp/?comm=armed&filename=armedB042821
329233,117,Senate,Meeting,2021-04-28,sscm00,"Business meeting to consider S.15, to require the Federal Trade Commission to submit a report to Congress on scams targeting seniors, S.115, to direct the Secretary of Commerce to conduct a study and ",yes,https://www.senate.gov/isvp/?comm=commerce&filename=commerce042821
112540,117,House,Hearing,2021-04-29,hsii00,"Wildfire in a Warming World: Opportunities to Improve Community Collaboration, Climate Resilience, and Workforce Capacity",yes,
112557,117,House,Hearing,2021-04-29,hsfa00,Maritime Security in the Indo-Pacific and the UN Convention on the Law of the Sea,no,
329260,117,Senate,Meeting,2021-04-29,ssju00,"Business meeting to consider S.632, to amend chapter 11 of title 35, United States Code, to require the voluntary collection of demographic information for patent inventors, S.169, to amend title 17, ",yes,https://www.senate.gov/isvp/?comm=judiciary&filename=judiciary042921
112543,117,House,Hearing,2021-05-04,hsii00,"Legislative Hearing on	H.R. 160, the “Restoring Resilient Reefs Act of 2021”",yes,
112560,117,House,Markup,2021-05-04,hsvr00,"Markup on : Budget Views and Estimates Letter, H.R. 711, H.R. 1510, H.R. 1448, H.R. 2167, H.R. 2878, H.R. 234, H.R. 2195, H.R. 1948, H.R. 2911, H.R. 958, H.R. 239, H.R. 2441, H.R. 2545, H.R. 2093, H.R",yes,
112559,117,House,Hearing,2021-05-05,hsvr00,"Legislative Hearing on: H.R. 1273, Vietnam Veterans Liver Fluke Study Act (Rep. Zeldin); H.R. 1355, K2 Veterans Care Act of 2021 (Rep. Lynch); H.R. 1585, Mark Takai Atomic Veterans Healthcare Parity A",yes,
112583,117,House,Markup,2021-05-05,hsii00,"FC Markup: HR 443, HR 1029, HR 1503, HR 1505, HR 1506, HR 1517, HR 2348",yes,
112573,117,House,Hearing,2021-05-06,hsvr00,"Transforming the VA Workforce: Assessing Progress on Diversity, Equity, and Inclusion Initiatives",yes,
112577,117,House,Hearing,2021-05-06,hsii00,Member Day Hearing,yes,
329360,117,Senate,Meeting,2021-05-10,ssaf00,"Business meeting to consider the nomination of Jewel Hairston Bronaugh, of Virginia, to be Deputy Secretary of Agriculture.",yes,
329326,117,Senate,Meeting,2021-05-11,ssra00,"Business meeting to consider S.1, to expand Americans' access to the ballot box, reduce the influence of big money in politics, strengthen ethics rules for public servants, and implement other anti-co",yes,https://www.senate.gov/isvp/?comm=rules&filename=rules051121
112605,117,House,Hearing,2021-05-12,hsvr00,Military Transition During the COVID-19 Pandemic,yes,
329340,117,Senate,Meeting,2021-05-12,sscm00,"Business meeting to consider S.82, to require a joint task force on air travel during and after the COVID-19 Public Health Emergency, S.140, to improve data collection and monitoring of the Great Lake",yes,https://www.senate.gov/isvp/?comm=commerce&filename=commerce051221
329346,117,Senate,Meeting,2021-05-12,sshr00,"Business meeting to consider the nominations of Jocelyn Samuels, of Maryland, to be a Member of the Equal Employment Opportunity Commission, Jennifer Ann Abruzzo, of New York, to be General Counsel of",yes,
329960,117,Senate,Meeting,2021-05-12,slin00,To receive a closed briefing on certain intelligence matters.,no,
112609,117,House,Hearing,2021-05-13,hsii00,Oversight Hearing: Environmental Justice in Indigenous Communities,yes,
112619,117,House,Hearing,2021-05-13,hsii00,“Protecting Coastal Communities and Ocean Resources from Offshore Drilling”,yes,
112627,117,House,Markup,2021-05-13,hsgo00,"The Committee will consider the following: 

1.H.R. 3076, the Postal Service Reform Act.

2.	H.R. 3077, the Postal Service Improvement Act.

3.	H.R. 1930, the Federal Advisory Committee Transparency A",yes,
329463,117,Senate,Meeting,2021-05-13,ssju00,"Business meeting to consider S.228, to promote antitrust enforcement and protect competition through adjusting premerger filing fees, and increasing antitrust enforcement resources, S.1511, to amend t",yes,https://www.senate.gov/isvp/?comm=judiciary&filename=judiciary051321
329403,117,Senate,Meeting,2021-05-17,ssfr00,To receive a closed briefing on the challenges and opportunities for the United States in the Horn of Africa.,no,
112641,117,House,Hearing,2021-05-19,hlvc00,Hybrid Hearing on “Examining Emergent BioSolutions’ Failure to Protect Public Health and Public Funds”,yes,
112644,117,House,Markup,2021-05-19,hsfa00,Markup of Various Measures,yes,
112646,117,House,Hearing,2021-05-19,hsvr00,Protecting Whistleblowers and Promoting Accountability: Is VA Making Progress?,yes,
112651,117,House,Hearing,2021-05-19,hsii00,Misuse of Taxpayer Dollars and Corporate Welfare in the Oil and Gas Industry,yes,
329443,117,Senate,Meeting,2021-05-19,ssas00,Hearings to examine the Department of Energy's atomic defense activities and programs in review of the Defense Authorization Request for fiscal year 2022 and future years defense program.,no,https://www.senate.gov/isvp/?comm=armed&filename=armedA051921
329483,117,Senate,Meeting,2021-05-19,ssbk00,"Business meeting to consider the nominations of Adrianne Todman, of the Virgin Islands, to be Deputy Secretary of Housing and Urban Development, and Nuria I. Fernandez, of California, to be Federal Tr",yes,https://www.senate.gov/isvp/?comm=banking&filename=banking051921
329523,117,Senate,Meeting,2021-05-19,ssfr00,"Hearings to examine the nominations of Brian A. Nichols, of Rhode Island, to be an Assistant Secretary (Western Hemisphere Affairs), and Michele Jeanne Sison, of Maryland, to be an Assistant Secretary",yes,https://www.senate.gov/isvp/?comm=foreign&filename=foreign051921
112658,117,House,Hearing,2021-05-20,hsvr00,Cybersecurity and Risk Management at VA: Addressing Ongoing Challenges and Moving Forward,yes,
112660,117,House,Hearing,2021-05-20,hsii00,"Legislative Hearing on H.R. 2930, H.R. 438, and RESPECT Act",yes,
329548,117,Senate,Meeting,2021-05-20,ssju00,"Business meeting to consider S.312, to expand eligibility for and provide judicial review for the Elderly Home Detention Pilot Program, provide for compassionate release based on COVID-19 vulnerabilit",yes,https://www.senate.gov/isvp/?comm=judiciary&filename=judiciary052021
112685,117,House,Hearing,2021-05-24,hsii00,"“Expanding Clean Energy on Public Lands""",yes,
329503,117,Senate,Meeting,2021-05-24,ssfr00,To receive a closed briefing on the United States-Russia bilateral relationship.,no,
112681,117,House,Hearing,2021-05-25,hsii00,The Status of Drought Conditions Throughout the Western United States,yes,
112706,117,House,Markup,2021-05-25,hsgo00,"The Committee will consider the following:

1.	H.R. 2662, the IG Independence and Empowerment Act;

2.	H.R. 302, the Preventing a Patronage System Act;
 
3.	H.R. 2617, the Performance Enhancement Refo",yes,
112715,117,House,Hearing,2021-05-25,hsfa00,The Impact of Sanctions in Africa,yes,
329142,117,Senate,Meeting,2021-05-25,slin00,To receive a closed briefing on certain intelligence matters.,no,
329400,117,Senate,Meeting,2021-05-25,ssap00,Hearings to examine proposed budget estimates and justification for fiscal year 2022 for the Department of State.,no,
329448,117,Senate,Meeting,2021-05-25,ssfr00,"Business meeting to consider the nominations of Bonnie D. Jenkins, of New York, to be Under Secretary of State for Arms Control and International Security, Jose W. Fernandez, of New York, to be an Und",yes,https://www.senate.gov/isvp/?comm=foreign&filename=foreign052521
329502,117,Senate,Meeting,2021-05-25,sshr00,"Business meeting to consider S.1675, to improve maternal health, S.1491, to amend the Public Health Service Act to improve obstetric care in rural areas, S.1662, to increase funding for the Reagan-Uda",yes,https://www.senate.gov/isvp/?comm=help&filename=help052521
112688,117,House,Hearing,2021-05-26,hsvr00,Member Day,yes,
112691,117,House,Hearing,2021-05-26,hsvr00,Veteran Employment Amid the COVID-19 Pandemic,yes,
112705,117,House,Markup,2021-05-26,hsii00,"Markup of: HR 164, HR 438, HR 1146, HR 1619, HR 1733, HR 1734, HR 2415, and HR 2641.",yes,
328897,117,Senate,Meeting,2021-05-26,slin00,Closed business meeting to consider pending intelligence matters; to be immediately followed by a closed briefing on certain intelligence matters.,no,
329449,117,Senate,Meeting,2021-05-26,slin00,"Closed business meeting to consider the nominations of Christopher Charles Fonzone, of Pennsylvania, to be General Counsel of the Office of the Director of National Intelligence, and Brett M. Holmgren",yes,
329580,117,Senate,Meeting,2021-05-26,ssfi00,"Business meeting to consider an original bill entitled, ""Clean Energy for America Act"".",no,https://www.senate.gov/isvp/?comm=finance&filename=finance052621
329582,117,Senate,Meeting,2021-05-26,ssva00,"Business meeting to consider S.89, to require the Secretary of Veterans Affairs to secure medical opinions for veterans with service-connected disabilities who die from COVID-19 to determine whether t",yes,https://www.senate.gov/isvp/?comm=vetaff&filename=vetaff052621
112702,117,House,Hearing,2021-05-27,hsii00,"Legislative Hearing on H.R. 1664, H.R. 1931, H.R. 2278, and H.R. 2444.",yes,
112708,117,House,Hearing,2021-05-27,hsvr00,Investing in a Better VA: Examining the Role of Infrastructure in Veterans’ Access to Care and Benefits,yes,
112717,117,House,Markup,2021-05-27,hsif00,"H.R. 2668, the “Consumer Protection and Recovery Act”",yes,
329381,117,Senate,Meeting,2021-05-27,ssju00,"Business meeting to consider S.312, to expand eligibility for and provide judicial review for the Elderly Home Detention Pilot Program, provide for compassionate release based on COVID-19 vulnerabilit",yes,https://www.senate.gov/isvp/?comm=judiciary&filename=judiciary052721
329584,117,Senate,Meeting,2021-05-27,sseg00,"Business meeting to consider the nominations of Robert T. Anderson, of Washington, to be Solicitor, Shannon Aneal Estenoz, of Florida, to be Assistant Secretary for Fish and Wildlife, and Tanya Marie ",yes,https://www.senate.gov/isvp/?comm=energy&filename=energy052721
112725,117,House,Hearing,2021-06-08,hsvr00,"U.S. Department of Veterans Affairs Budget Request for 
Fiscal Year 2022",yes,
112728,117,House,Hearing,2021-06-08,hsii00,"DDT Dumping Off the Southern California Coast: Ecological Impacts, Scientific Needs, and Next Steps",yes,
112732,117,House,Hearing,2021-06-08,hsii00,Legislative Hearing on four public land recreation bills.,yes,
329761,117,Senate,Meeting,2021-06-08,slin00,To receive a closed briefing on certain intelligence matters.,no,
329680,117,Senate,Meeting,2021-06-09,ssga00,"Business meeting to consider the nominations of John K. Tien, of Georgia, to be Deputy Secretary, Robert Peter Silvers, of the District of Columbia, to be Under Secretary for Strategy, Policy, and Pla",yes,https://www.senate.gov/isvp/?comm=govtaff&filename=govtaff060921
329686,117,Senate,Meeting,2021-06-09,ssas00,"Hearings to examine missile defense strategy, policies, and programs in review of the Defense Authorization Request for fiscal year 2022 and the Future Years Defense Program.",no,https://www.senate.gov/isvp/?comm=armed&filename=armedA060921
112766,117,House,Markup,2021-06-10,hsif00,six bills pending before the Full Committee,yes,
329697,117,Senate,Meeting,2021-06-10,sshr00,"Business meeting to consider S.1927, to amend the Child Abuse Prevention and Treatment Act, and other pending calendar business.",yes,https://www.senate.gov/isvp/?comm=help&filename=help061021
329704,117,Senate,Meeting,2021-06-10,ssas00,Open and closed hearings to examine the Department of Defense budget posture in review of the Defense Authorization Request for fiscal year 2022.,no,https://www.senate.gov/isvp/?comm=armed&filename=armedA061021
329724,117,Senate,Meeting,2021-06-10,ssaf00,"Business meeting to consider the nomination of Janie Simms Hipp, of Arkansas, to be General Counsel of the Department of Agriculture.",yes,
329783,117,Senate,Meeting,2021-06-10,ssas00,"Business meeting to consider the nominations of Frank Kendall III, of Massachusetts, to be Secretary of the Air Force, Heidi Shyu, of Virginia, to be Under Secretary for Research and Engineering, Susa",yes,https://www.senate.gov/isvp/?comm=armed&filename=armedA061021
329785,117,Senate,Meeting,2021-06-10,ssju00,"Business meeting to consider S.601, to amend section 3661 of title 18, United States Code, to prohibit the consideration of acquitted conduct at sentencing, S.1014, to reform sentencing laws and corre",yes,https://www.senate.gov/isvp/?comm=judiciary&filename=judiciary061021
112762,117,House,Hearing,2021-06-15,hlig00,National Intelligence Program (NIP) Budget Overview Hearing (Closed),no,
112763,117,House,Hearing,2021-06-15,hsii00,"""Environmental Justice for Coal Country: Supporting Communities Through the Energy Transition""",yes,
112765,117,House,Hearing,2021-06-15,hsii00,"Legislative Hearing on H.R. 1154, H.R. 1286, H.R. 1316, H.R. 1424, H.R. 1908, H.R. 1925, H.R. 2024, H.R. 2107, H.R. 2359, H.R. 2899, H.R. 3222, and H.R. 3616.",yes,
329735,117,Senate,Meeting,2021-06-15,ssfr00,"Hearings to examine the nominations of Todd D. Robinson, of New Jersey, to be an Assistant Secretary (International Narcotics and Law Enforcement Affairs), Brett M. Holmgren, of Minnesota, to be an As",yes,https://www.senate.gov/isvp/?comm=foreign&filename=foreign061521
330062,117,Senate,Meeting,2021-06-15,slin00,Closed hearings to examine certain intelligence matters.,no,
112774,117,House,Hearing,2021-06-16,hsvr00,Veteran Homelessness in the Wake of COVID-19,yes,
112777,117,House,Hearing,2021-06-16,hsfa00,The Biden Administration's Priorities for Engagement with the United Nations,yes,
112794,117,House,Markup,2021-06-16,hsif00,Drinking Water and PFAS Legislation,yes,
329694,117,Senate,Meeting,2021-06-16,slin00,To receive a closed briefing on certain intelligence matters.,no,
329740,117,Senate,Meeting,2021-06-16,sshr00,"Business meeting to consider the nominations of Gwen Graham, of Florida, to be Assistant Secretary for Legislation and Congressional Affairs, Department of Education, Rajesh D. Nayak, of Maryland, Tar",yes,
329762,117,Senate,Meeting,2021-06-16,sssb00,"Business meeting to consider the nomination of Dilawar Syed, of California, to be Deputy Administrator of the Small Business Administration.",yes,
329765,117,Senate,Meeting,2021-06-16,sscm00,"Business meeting to consider S.66, to require the Inter-Agency Task Force on Harmful Algal Blooms and Hypoxia to develop a plan for reducing, mitigating, and controlling harmful algal blooms and hypox",yes,https://www.senate.gov/isvp/?comm=commerce&filename=commerce061621
330149,117,Senate,Meeting,2021-06-16,slin00,Closed business meeting to consider pending intelligence matters; to be immediately followed by a closed briefing on certain intelligence matters.,yes,
112781,117,House,Hearing,2021-06-17,hsii00,"Oversight Hearing on Examining Federal Facilities in
Indian Country",yes,
329701,117,Senate,Meeting,2021-06-17,ssju00,"Business meeting to consider S.807, to permit the televising of Supreme Court proceedings, S.818, to provide for media coverage of Federal court proceedings, and the nominations of Tiffany P. Cunningh",yes,https://www.senate.gov/isvp/?comm=judiciary&filename=judiciary061721
329804,117,Senate,Meeting,2021-06-17,ssas00,Hearings to examine the posture of the Department of the Air Force in review of the Defense Authorization Request for fiscal year 2022 and the Future Years Defense Program; to be immediately followed ,no,https://www.senate.gov/isvp/?comm=armed&filename=armedA061721
112798,117,House,Hearing,2021-06-22,hlvc00,Hybrid Hearing on “Lessons Learned:  The Federal Reserve’s Response to the	Coronavirus Pandemic”,yes,
329829,117,Senate,Meeting,2021-06-22,ssas00,Hearings to examine modernization efforts of the Department of the Air Force in review of the Defense Authorization Request for fiscal year 2022 and the Future Years Defense Program.,no,https://www.senate.gov/isvp/?comm=armed&filename=armedA062221 https://www.senate.gov/isvp/?comm=armed&filename=armedB062221
329830,117,Senate,Meeting,2021-06-22,ssas00,"Business meeting to consider the nominations of Caroline Diane Krass, of the District of Columbia, to be General Counsel of the Department of Defense, Gina Maria Ortiz Jones, of Texas, to be Under Sec",yes,https://www.senate.gov/isvp/?comm=armed&filename=armedA062221 https://www.senate.gov/isvp/?comm=armed&filename=armedB062221
329866,117,Senate,Meeting,2021-06-22,slin00,Closed business meeting to consider pending intelligence matters; be immediately followed by a closed hearing to examine certain intelligence matters.,no,
329900,117,Senate,Meeting,2021-06-22,ssfr00,"Business meeting to consider S.J.Res.10, to repeal the authorizations for use of military force against Iraq, S.1041, to advance the strategic alignment of United States diplomatic tools toward the re",yes,https://www.senate.gov/isvp/?comm=foreign&filename=foreign062221
112803,117,House,Meeting,2021-06-23,hlig00,Full Committee Hearing - Central Intelligence Agency Budget Hearing (Closed),no,
112834,117,House,Markup,2021-06-23,hsif00,Drinking Water and PFAS Legislation,yes,
329880,117,Senate,Meeting,2021-06-23,slia00,Hearings to examine building a successful foundation for Native communities' infrastructure development.,no,https://www.senate.gov/isvp/?comm=indian&filename=indian062321
329881,117,NoChamber,Meeting,2021-06-23,jspr00,"Organizational business meeting to consider the selection of the Chair and Vice Chair, and committee rules of procedure for the 117th Congress.",no,
329882,117,NoChamber,Meeting,2021-06-23,jslc00,"Organizational business meeting to consider the selection of the Chair and Vice Chair, and committee rules of procedure for the 117th Congress.",no,
332461,117,Senate,Meeting,2021-06-23,slin00,Closed hearings to examine certain intelligence matters.,no,
112812,117,House,Hearing,2021-06-24,hlig00,Full Committee Hearing - National Security Agency Budget Hearing (Closed),no,
112832,117,House,Markup,2021-06-24,hsvr00,Markup on: H.R. 3967 Honoring our Promise to Address Comprehensive Toxics Act of 2021,yes,
329842,117,Senate,Meeting,2021-06-24,ssfr00,"Business meeting to consider S.65, to ensure that goods made with forced labor in the Xinjiang Uyghur Autonomous Region of the People's Republic of China do not enter the United States market, S.1061,",yes,https://www.senate.gov/isvp/?comm=foreign&filename=foreign062421
329864,117,Senate,Meeting,2021-06-24,ssas00,Hearings to examine the Department of Energy and National Nuclear Security Administration on atomic energy defense activities in review of the Defense Authorization Request for fiscal year 2022 and th,no,https://www.senate.gov/isvp/?comm=armed&filename=armedA062421
329867,117,Senate,Meeting,2021-06-24,ssju00,"Business meeting to consider S.807, to permit the televising of Supreme Court proceedings, S.818, to provide for media coverage of Federal court proceedings, and the nominations of David H. Chipman, o",yes,https://www.senate.gov/isvp/?comm=judiciary&filename=judiciary062421
329886,117,Senate,Meeting,2021-06-24,ssfr00,Business meeting to consider pending nominations.,no,https://www.senate.gov/isvp/?comm=foreign&filename=foreign062421
112825,117,House,Markup,2021-06-25,hsap00,"Fiscal Year 2022 Agriculture, Rural Development, Food and Drug Administration, and Related Agencies Subcommittee Appropriations Bill",yes,
112859,117,House,Hearing,2021-06-25,hsfa00,Brain Health: A Global Perspective,yes,
112828,117,House,Hearing,2021-06-29,hlig00,Full Committee Hearing - Federal Bureau of Investigation Budget Hearing (Closed),no,
112845,117,House,Hearing,2021-06-29,hsii00,"Legislative hearing on H.R. 1851, H.R. 1869, H.R. 3877, and H.R. 4099",yes,
112851,117,House,Hearing,2021-06-29,hsfa00,The Conflict in Ethiopia,yes,
112869,117,House,Meeting,2021-06-29,hsgo00,"The Committee will consider the following:
 
1.  H.R.1204, District of Columbia Chief Financial Officer Salary Home Rule Act;
 
2.  H.R. 1224, Merit System Protection Board Empowerment Act;
 
3.  H.R.",yes,
112829,117,House,Hearing,2021-06-30,hlig00,Full Committee Hearing - National Reconnaissance Office and National Geospatial-Intelligence Agency Budget Hearing (Closed),no,
112852,117,House,Markup,2021-06-30,hsfa00,"Markup of H.R. 3524, Ensuring American Global Leadership and Engagement Act",yes,
112854,117,House,Markup,2021-06-30,hsap00,Fiscal Year 2022 Defense Subcommittee Appropriations Bill (CLOSED),yes,
112858,117,House,Hearing,2021-06-30,hsii00,"On H.R. 1317, “Vieques Recovery and Redevelopment Act of 2021” and H.R. 1126, “Vieques Recovery and Redevelopment Act of 2021.”",yes,
112860,117,House,Hearing,2021-06-30,hsii00,Toxic Coal Ash: Adverse Health Effects from the Puerto Rico Plant and Options for Plant Closure.,yes,
112862,117,House,Hearing,2021-07-01,hsvr00,Review of the FY22 Veterans Affairs Information Technology Budget,yes,
112865,117,House,Hearing,2021-07-01,hlvc00,Hybrid Hearing on “Building Trust and Battling Barriers:  The Urgent Need to Overcome Vaccine Hesitancy”,yes,
329940,117,Senate,Meeting,2021-07-12,ssfr00,"To receive a closed briefing on S.J.Res.10, to repeal the authorizations for use of military force against Iraq, focusing on recent U.S. military strikes in Iraq and Syria.",yes,
112889,117,House,Hearing,2021-07-13,hsii00,"Legislative hearing on H.R. 2049, H.R. 2816, H.R. 3211, H.R. 3132, and H.R. 4300",yes,
112890,117,House,Hearing,2021-07-13,hsvr00,VA Appeals Program: Examining the State of Modernization Efforts,yes,
112892,117,House,Hearing,2021-07-13,hsvr00,Modernizing the VA Police Force: Ensuring Accountability,yes,
112893,117,House,Meeting,2021-07-13,hsif00,Member Day,yes,
113920,117,House,Hearing,2021-07-13,hspw00,“Review of Fiscal Year 2022 Budget for the Coast Guard and Maritime Transportation Programs”,no,
329941,117,Senate,Meeting,2021-07-13,ssfr00,"Hearings to examine the nominations of Gentry O. Smith, of Virginia, to be an Assistant Secretary (Diplomatic Security), Rena Bitter, of the District of Columbia, to be an Assistant Secretary (Consula",yes,https://www.senate.gov/isvp/?comm=foreign&filename=foreign071321
329985,117,Senate,Meeting,2021-07-13,ssfi00,"Business meeting to consider the nominations of Sarah Bianchi, of Virginia, to be Deputy United States Trade Representative (Asia, Africa, Investment, Services, Textiles, and Industrial Competitivenes",yes,https://www.senate.gov/isvp/?comm=finance&filename=finance071321
330148,117,Senate,Meeting,2021-07-13,slin00,To receive a closed briefing on certain intelligence matters.,no,
112895,117,House,Hearing,2021-07-14,hsfa00,The Biden Administration's Foreign Assistance Priorities and USAID's FY22 Budget Request,yes,
112898,117,House,Markup,2021-07-14,hsii00,"HR 820, HR 972, HR 1154, HR 1664, HR 1908, HR 2278, HR 2444, HR 2497, HR 2780, HR 2899, HR 3113, HR 3616, HR 3764, HR 4300",yes,
112899,117,House,Hearing,2021-07-14,hsvr00,"Legislative Hearing on: H.R. 913, Build a Better VA Act; H.R. 2587, SERVE Act; H.R. 2775, VA Quality Health Care Accountability and Transparency Act; H.R. 2797, National Green Alert Act of 2021; H.R. ",yes,
113914,117,House,Markup,2021-07-14,hsag00,"HR 4374, The Broadband Internet Connections for Rural America Act",yes,
329975,117,Senate,Meeting,2021-07-14,slia00,"Business meeting to consider the nomination of Bryan Todd Newland, of Michigan, to be an Assistant Secretary of the Interior.",yes,https://www.senate.gov/isvp/?comm=indian&filename=indian071421
329977,117,Senate,Meeting,2021-07-14,ssga00,"Business meeting to consider S.2123, to establish the Federal Clearinghouse on Safety and Security Best Practices for Faith-Based Organizations and Houses of Worship, S.1917, to establish a K-12 educa",yes,https://www.senate.gov/isvp/?comm=govtaff&filename=govtaff071421
329984,117,Senate,Meeting,2021-07-14,sseg00,"Business meeting to consider an original bill to invest in the energy and outdoor infrastructure of the United States to deploy new and innovative technologies, update existing infrastructure to be re",no,https://www.senate.gov/isvp/?comm=energy&filename=energy071421
112886,117,House,Hearing,2021-07-15,hsii00,"""Are Toxic Chemicals From Tires And Playground Surfaces Killing Endangered Salmon?""",yes,
113909,117,House,Markup,2021-07-15,hsif00,19 Health Bills,yes,
329981,117,Senate,Meeting,2021-07-15,ssju00,"Business meeting to consider the nominations of Eunice C. Lee, of New York, to be United States Circuit Judge for the Second Circuit, Veronica S. Rossman, of Colorado, to be United States Circuit Judg",yes,https://www.senate.gov/isvp/?comm=judiciary&filename=judiciary071521
325673,117,Senate,Meeting,2021-07-19,ssas00,Closed business meeting to markup those provisions which fall under the subcommittee's jurisdiction of the proposed National Defense Authorization Act for fiscal year 2022.,no,
325674,117,Senate,Meeting,2021-07-19,ssas00,Closed business meeting to markup those provisions which fall under the subcommittee's jurisdiction of the proposed National Defense Authorization Act for fiscal year 2022.,no,
113911,117,House,Hearing,2021-07-20,hlig00,STAR Subcommittee Hearing - Microelectronics: Levers for Promoting Security and Innovation (Open),yes,
113917,117,House,Hearing,2021-07-20,hsvr00,Isakson-Roe at Six Months: An Update on Implementation of Education Improvements,yes,
113928,117,House,Hearing,2021-07-20,hsii00,Legislative Hearing on H.R. 442 and H.R. 3469,yes,
113943,117,House,Markup,2021-07-20,hsgo00,"the following:
 
1.H.R. 564, the Comprehensive Paid Leave for Federal Employees Act;

2.H.R. 1508, the Guidance Clarity Act;

3.H.R. 2994, the Accountability for Acting Officials Act;

4.H.R. 3533, “T",yes,
113947,117,House,Hearing,2021-07-20,hsii00,Examining the Potential for a Civilian Climate Corps,yes,
325671,117,Senate,Meeting,2021-07-20,ssas00,Business meeting to markup those provisions which fall under the subcommittee's jurisdiction of the proposed National Defense Authorization Act for fiscal year 2022.,no,https://www.senate.gov/isvp/?comm=armed&filename=armedA072021 https://www.senate.gov/isvp/?comm=armed&filename=armedB072021
325672,117,Senate,Meeting,2021-07-20,ssas00,Closed business meeting to markup those provisions which fall under the subcommittee's jurisdiction of the proposed National Defense Authorization Act for fiscal year 2022.,no,https://www.senate.gov/isvp/?comm=armed&filename=armedA072021 https://www.senate.gov/isvp/?comm=armed&filename=armedB072021
325675,117,Senate,Meeting,2021-07-20,ssas00,Closed business meeting to markup those provisions which fall under the subcommittee's jurisdiction of the proposed National Defense Authorization Act for fiscal year 2022.,no,https://www.senate.gov/isvp/?comm=armed&filename=armedA072021 https://www.senate.gov/isvp/?comm=armed&filename=armedB072021
325676,117,Senate,Meeting,2021-07-20,ssas00,Business meeting to markup those provisions which fall under the subcommittee's jurisdiction of the proposed National Defense Authorization Act for fiscal year 2022.,no,https://www.senate.gov/isvp/?comm=armed&filename=armedA072021 https://www.senate.gov/isvp/?comm=armed&filename=armedB072021
325677,117,Senate,Meeting,2021-07-20,ssas00,Closed business meeting to markup those provisions which fall under the subcommittee's jurisdiction of the proposed National Defense Authorization Act for fiscal year 2022.,no,https://www.senate.gov/isvp/?comm=armed&filename=armedA072021 https://www.senate.gov/isvp/?comm=armed&filename=armedB072021
330081,117,Senate,Meeting,2021-07-20,scnc00,Hearings to examine the Federal response to the drug overdose epidemic.,no,
113912,117,House,Hearing,2021-07-21,hlig00,DIWS Subcommittee Hearing - Military Intelligence Program Budget Overview Hearing (Closed),no,
113935,117,House,Hearing,2021-07-21,hsvr00,Moving Forward: Evaluating Next Steps for the Department of Veterans Affairs Electronic Health Record Modernization Program,yes,
113950,117,House,Hearing,2021-07-21,hsfa00,People to People: Examining Grassroots Peacebuilding Efforts Between Israelis and Palestinians,yes,
113954,117,House,Markup,2021-07-21,hsif00,16 Health Bills and 8 Communications and Technology Bills,yes,
329865,117,Senate,Meeting,2021-07-21,slin00,Closed hearings to examine certain intelligence matters.,no,
329964,117,Senate,Meeting,2021-07-21,ssas00,Closed business meeting to markup the proposed National Defense Authorization Act for fiscal year 2022.,no,
113913,117,House,Hearing,2021-07-22,hlig00,Full Committee Hearing - Defense Intelligence Agency Budget Hearing (Closed),no,
327527,117,Senate,Meeting,2021-07-22,ssas00,Closed business meeting to continue to markup the proposed National Defense Authorization Act for fiscal year 2022.,no,
330086,117,Senate,Meeting,2021-07-22,ssju00,"Business meeting to consider S.1425, to enable the Federal Trade Commission to deter filing of sham citizen petitions to cover an attempt to interfere with approval of a competing generic drug or bios",yes,https://www.senate.gov/isvp/?comm=judiciary&filename=judiciary072221
330087,117,Senate,Meeting,2021-07-22,sseg00,"Business meeting to consider the nominations of Robert T. Anderson, of Washington, to be Solicitor, and Tracy Stone-Manning, of Montana, to be Director of the Bureau of Land Management, both of the De",yes,https://www.senate.gov/isvp/?comm=energy&filename=energy072221
330160,117,Senate,Meeting,2021-07-26,ssaf00,"Business meeting to consider the nomination of Jennifer Lester Moffitt, of California, to be Under Secretary of Agriculture for Marketing and Regulatory Programs.",yes,
113955,117,House,Hearing,2021-07-27,hlvc00,Hybrid Hearing on “Oversight of Pandemic Evictions: Assessing Abuses by Corporate Landlords and Federal Efforts to Keep Americans in Their Homes”,yes,
113957,117,House,Hearing,2021-07-27,hsvr00,Aging in Place: Examining Veterans’ Access to Home and Community Based Services,yes,
113958,117,House,Hearing,2021-07-27,hsii00,"""The Toxic Legacy of the Mining Law of 1872""",yes,
113966,117,House,Hearing,2021-07-27,hsfa00,Implementation of the Global Child Thrive Act and Investing in Early Childhood Development,yes,
114001,117,House,Markup,2021-07-27,hsag00,"H.R. 267, 2020 WHIP+ Reauthorization Act",yes,
330240,117,Senate,Meeting,2021-07-27,slin00,To receive a closed briefing on certain intelligence matters.,no,
113897,117,House,Markup,2021-07-28,hsas00,H.R. 4350 - National Defense Authorization Act for Fiscal Year 2022,yes,
113898,117,House,Markup,2021-07-28,hsas00,H.R. 4350 - National Defense Authorization Act for Fiscal Year 2022,yes,
113899,117,House,Markup,2021-07-28,hsas00,H.R. 4350 - National Defense Authorization Act for Fiscal Year 2022,yes,
113900,117,House,Markup,2021-07-28,hsas00,H.R. 4350 - National Defense Authorization Act for Fiscal Year 2022,yes,
113961,117,House,Hearing,2021-07-28,hlig00,DHS I&A Budget Hearing (Closed),no,
113970,117,House,Markup,2021-07-28,hsfa00,Various Measures,yes,
113979,117,House,Hearing,2021-07-28,hsii00,"FC/OIA Oversight Hearing on “The President's FY22 Budget Priority for the Territories: Medicaid, SSI, and SNAP Parity.”",yes,
114004,117,House,Markup,2021-07-28,hsvr00,"Markup on: A.N.S. to H.R. 4657 Veteran Home Energy Savings Act, A.N.S. to H.R. 912 American Indian and Alaska Native Mental Health Act, A.N.S. to H.R. 3856 To require the Comptroller General of the Un",yes,
328820,117,Senate,Meeting,2021-07-28,slin00,Closed business meeting to consider pending intelligence matters.,no,
330120,117,Senate,Meeting,2021-07-28,ssga00,"Business meeting to consider the nominations of Robert Luis Santos, of Texas, to be Director of the Census, Department of Commerce, and Ed Gonzalez, of Texas, to be an Assistant Secretary of Homeland ",yes,
330182,117,Senate,Meeting,2021-07-28,ssva00,"Business meeting to consider S.372, to require the Secretary of Veterans Affairs to enter into a contract or other agreement with a third party to review appointees in the Veterans Health Administrati",yes,
113901,117,House,Markup,2021-07-29,hsas00,H.R. 4350 - National Defense Authorization Act for Fiscal Year 2022,yes,
113902,117,House,Markup,2021-07-29,hsas00,H.R. 4350 - National Defense Authorization Act for Fiscal Year 2022,yes,
113903,117,House,Markup,2021-07-29,hsas00,H.R. 4350 - National Defense Authorization Act for Fiscal Year 2022,yes,
113964,117,House,Meeting,2021-07-29,hlef00,Organizational Meeting for the 117th Congress,no,
113985,117,House,Hearing,2021-07-29,hsii00,"Hybrid Legislative Hearing on H.R. 273, H.R. 274, H.R. 1569, H.R. 1983, H.R. 2026, H.R. 2325, H.R. 2773, H.R. 2793, H.R. 2848, H.R. 2872, H.R. 3075, H.R. 3128, H.R. 3135, H.R. 3396, and H.R. 4458",yes,
114002,117,House,Hearing,2021-07-29,hlef00,The Nature and Consequences of American Economic Disparity,yes,
114003,117,House,Markup,2021-07-29,hlmh00,Proposed Recommendations,yes,
330144,117,Senate,Meeting,2021-07-29,ssju00,"Business meeting to consider S.1425, to enable the Federal Trade Commission to deter filing of sham citizen petitions to cover an attempt to interfere with approval of a competing generic drug or bios",yes,https://www.senate.gov/isvp/?comm=judiciary&filename=judiciary072921
330146,117,Senate,Meeting,2021-07-29,ssas00,To receive a closed briefing on the security situation on the Korean Peninsula.,no,
330261,117,Senate,Meeting,2021-08-02,ssap00,"Business meeting to markup an original bill making appropriations for Military Construction, Veterans Affairs, and Related Agencies for the fiscal year ending September 30, 2022.",no,https://www.senate.gov/isvp/?comm=approps&filename=appropsA080221
330262,117,Senate,Meeting,2021-08-02,ssap00,"Business meeting to markup an original bill making appropriations for Agriculture, Rural Development, Food and Drug Administration, and Related Agencies for the fiscal year ending September 30, 2022.",no,https://www.senate.gov/isvp/?comm=approps&filename=appropsA080221
329544,117,Senate,Meeting,2021-08-03,slin00,To receive a closed briefing on certain intelligence matters.,no,
330200,117,Senate,Meeting,2021-08-03,sshr00,"Business meeting to consider S.1486, to eliminate discrimination and promote women's health and economic security by ensuring reasonable workplace accommodations for workers whose ability to perform t",yes,
326441,117,Senate,Meeting,2021-08-04,ssap00,"Business meeting to markup an original bill making appropriations for Energy and Water Development and Related Agencies for the fiscal year ending September 30, 2022, an original bill making appropria",no,https://www.senate.gov/isvp/?comm=approps&filename=approps080421 https://www.senate.gov/isvp/?comm=approps&filename=appropsA080421
330142,117,Senate,Meeting,2021-08-04,ssfr00,"Business meeting to consider S.J.Res.10, to repeal the authorizations for use of military force against Iraq, and the nominations of Gentry O. Smith, of Virginia, to be an Assistant Secretary (Diploma",yes,https://www.senate.gov/isvp/?comm=foreign&filename=foreign080421
330143,117,Senate,Meeting,2021-08-04,ssfr00,"Business meeting to consider the nominations of Donald Lu, of California, to be Assistant Secretary for South Asian Affairs, Rufus Gifford, of Massachusetts, to be Chief of Protocol, and to have the r",yes,https://www.senate.gov/isvp/?comm=foreign&filename=foreign080421
330220,117,Senate,Meeting,2021-08-04,ssva00,"Hearings to examine improving veterans' employment and educational opportunities, focusing on success after service.",no,
330222,117,Senate,Meeting,2021-08-04,ssga00,"Business meeting to consider S.1514, to expedite detainee transport to border patrol processing facilities, S.2305, to enhance cybersecurity education, S.2439, to amend the Homeland Security Act of 20",yes,https://www.senate.gov/isvp/?comm=govtaff&filename=govtaff080421
330225,117,Senate,Meeting,2021-08-04,sscm00,"Business meeting to consider S.451, to require the Secretary of Commerce, acting through the Director of the National Institute of Standards and Technology, to help facilitate the adoption of composit",yes,https://www.senate.gov/isvp/?comm=commerce&filename=commerce080421
330242,117,Senate,Meeting,2021-08-04,ssga00,"Business meeting to consider S.2559, to establish the National Deepfake and Digital Provenance Task Force, S.2551, to require the Director of the Office of Management and Budget to establish or otherw",yes,https://www.senate.gov/isvp/?comm=govtaff&filename=govtaff080421
330264,117,Senate,Meeting,2021-08-04,slia00,"Business meeting to consider S.989, to establish a Native American language resource center in furtherance of the policy set forth in the Native American Languages Act, and S.1402, to amend the Native",yes,https://www.senate.gov/isvp/?comm=indian&filename=indian080421
330224,117,Senate,Meeting,2021-08-05,ssga00,"Hearings to examine domestic terrorism and violent extremism, focusing on the threat of racially, ethnically, religiously, and politically motivated attacks.",no,https://www.senate.gov/isvp/?comm=govtaff&filename=govtaff080521
330245,117,Senate,Meeting,2021-08-05,ssju00,"Business meeting to consider S.1787, to amend title 28 of the United States Code to prevent the transfer of actions arising under the antitrust laws in which a State is a complainant, and the nominati",yes,https://www.senate.gov/isvp/?comm=judiciary&filename=judiciary080521
330280,117,Senate,Meeting,2021-08-05,ssfr00,"Hearings to examine the nominations of Michael Raynor, of Maryland, to be Ambassador to the Republic of Senegal, and to serve concurrently and without additional compensation as Ambassador to the Repu",yes,https://www.senate.gov/isvp/?comm=foreign&filename=foreign080521
330320,117,Senate,Meeting,2021-08-10,slin00,Closed business meeting to consider pending intelligence matters.,no,
330360,117,Senate,Meeting,2021-08-10,ssaf00,"Business meeting to consider the nominations of Xochitl Torres Small, of New Mexico, to be Under Secretary for Rural Development, and Robert Farrell Bonnie, of Virginia, to be Under Secretary for Farm",yes,
330223,117,Senate,Meeting,2021-08-11,ssev00,"Hearings to examine the nominations of Amanda Howe, of Virginia, and David M. Uhlmann, of Michigan, both to be an Assistant Administrator, and Carlton Waterhouse, of Virginia, to be Assistant Administ",yes,
330321,117,Senate,Meeting,2021-08-11,ssju00,"Hearings to examine the nominations of Jane M. Beckering, to be United States District Judge for the Western District of Michigan, Shalina D. Kumar, to be United States District Judge for the Eastern ",yes,
330340,117,Senate,Meeting,2021-08-12,ssju00,"Business meeting to consider S.1787, to amend title 28 of the United States Code to prevent the transfer of actions arising under the antitrust laws in which a State is a complainant, S.2502, to provi",yes,
114014,117,House,Meeting,2021-08-24,hsru00,S. Con. Res. 14—Setting forth the congressional budget for the United States Government for fiscal year 2022 and setting forth the appropriate budgetary levels for fiscal years 2023 through 2031.; H.R,yes,
114015,117,House,Meeting,2021-08-24,hsru00,S. Con. Res. 14—Setting forth the congressional budget for the United States Government for fiscal year 2022 and setting forth the appropriate budgetary levels for fiscal years 2023 through 2031.; H.R,yes,
114012,117,House,Markup,2021-09-01,hsas00,Markup of H.R. 4350 - National Defense Authorization Act for Fiscal Year 2022,yes,
114019,117,House,Markup,2021-09-02,hsii00,"Markup to consider legislative proposals to comply with the reconciliation directive included in section 2002 of the Concurrent Resolution on the Budget for Fiscal Year 2022, S. Con. Res.14.",yes,
114020,117,House,Markup,2021-09-02,hsgo00,"the Committee Print to implement the instructions provided by S. Con. Res. 14, the Concurrent Resolution on the Budget for Fiscal Year 2022.  

The Committee Print contains:

1.	Critical funding to el",yes,
114022,117,House,Markup,2021-09-09,hsii00,Markup to consider the committee print containing legislative proposals to comply with the reconciliation directive included in section 2002 of the Concurrent Resolution on the Budget for Fiscal Year ,yes,
114025,117,House,Markup,2021-09-10,hsag00,consideration of a proposal to satisfy the Committee’s reconciliation instructions required by S. Con. Res. 14,yes,
114036,117,House,Meeting,2021-09-13,hsvr00,Full Committee Organizational Meeting: Subcommittee Assignments,yes,
114038,117,House,Markup,2021-09-13,hsvr00,"Legislative proposals to comply with the reconciliation directive included in section 2002 of the Concurrent Resolution on the Budget for Fiscal Year 2022, S. Con. Res. 14",yes,
114039,117,House,Markup,2021-09-13,hsif00,the Build Back Better Act,yes,
114040,117,House,Markup,2021-09-13,hsju00,Markup of legislative proposals to comply with the reconciliation directive included in section 2002 of the Concurrent Resolution on the Budget for Fiscal Year 2022 (S. Con. Res. 14),yes,
114043,117,House,Markup,2021-09-13,hsag00,consideration of a proposal to satisfy the Committee’s reconciliation instructions required by S. Con. Res. 14,yes,
114035,117,House,Hearing,2021-09-14,hssy00,The Disinformation Black Box: Researching Social Media Data,yes,
330420,117,Senate,Meeting,2021-09-14,ssas00,To receive a closed briefing on recent events in Afghanistan.,no,
331166,117,Senate,Meeting,2021-09-14,slin00,To receive a closed briefing on certain intelligence matters.,no,
330424,117,Senate,Meeting,2021-09-15,ssfr00,"Hearings to examine the nominations of Julieta Valls Noyes, of Virginia, to be an Assistant Secretary (Population, Refugees, and Migration), Denise Campbell Bauer, of California, to be Ambassador to t",yes,https://www.senate.gov/isvp/?comm=foreign&filename=foreign091521
330425,117,Senate,Meeting,2021-09-15,ssfr00,"Hearings to examine the nominations of C.S. Eliot Kang, of New Jersey, to be an Assistant Secretary (International Security and Non-Proliferation), Adam Scheinman, of Virginia, to be Special Represent",yes,https://www.senate.gov/isvp/?comm=foreign&filename=foreign091521
114046,117,House,Hearing,2021-09-21,hsvr00,"Legislative Hearing on: Discussion Draft, To amend title 38, United States Code, to direct the Secretary of Veterans Affairs to pay to certain veterans, who receive certain educational assistance furn",yes,
114062,117,House,Markup,2021-09-21,hsag00,"“Markup of H. Res. 271, Recognizing the importance of the blueberry industry to the United States and supporting the designation of July 2021 as National Blueberry Month, and HR 2424, the Agricultural",yes,
329945,117,Senate,Meeting,2021-09-21,sssb00,"Business meeting to consider the nomination of Dilawar Syed, of California, to be Deputy Administrator of the Small Business Administration, and other pending calendar business.",yes,https://www.senate.gov/isvp/?comm=smbiz&filename=smbiz092121
330463,117,Senate,Meeting,2021-09-21,slin00,To receive a closed briefing on certain intelligence matters.,no,
330466,117,Senate,Meeting,2021-09-21,ssas00,To receive a closed briefing on Department of Defense support of Afghan Nationals who have recently left Afghanistan.,no,
114047,117,House,Hearing,2021-09-22,hsvr00,Veteran Suicide Prevention: Innovative Research and Expanded Public Health Efforts,yes,
114051,117,House,Hearing,2021-09-22,hsvr00,"Creating a Welcoming VA and Building Equity for Veterans through Legislation

Legislative Hearing on: H.R. 1596, Commission to Study the Stigmatization, Criminalization, and Ongoing Exclusion and Ineq",yes,
114055,117,House,Hearing,2021-09-22,hlvc00,"Hybrid Hearing on  “Recognizing and Building on the Success of Pandemic Relief
Programs”",yes,
330480,117,Senate,Meeting,2021-09-22,ssju00,"Hearings to examine restoring the Voting Rights Act, focusing on combating discriminatory abuses.",no,https://www.senate.gov/isvp/?comm=judiciary&filename=judiciary092221
330503,117,Senate,Meeting,2021-09-22,ssfr00,"Hearings to examine the nominations of Thomas R. Nides, of Minnesota, to be Ambassador to the State of Israel, David L. Cohen, of Pennsylvania, to be Ambassador to Canada, Cynthia Ann Telles, of Calif",yes,https://www.senate.gov/isvp/?comm=foreign&filename=foreign092221
330561,117,Senate,Meeting,2021-09-22,slin00,To receive a closed briefing on certain intelligence matters.,no,
330484,117,Senate,Meeting,2021-09-23,ssju00,Business meeting to consider pending calendar business.,no,https://www.senate.gov/isvp/?comm=judiciary&filename=judiciary092321
330500,117,Senate,Meeting,2021-09-23,ssju00,"Business meeting to consider S.1787, to amend title 28 of the United States Code to prevent the transfer of actions arising under the antitrust laws in which a State is a complainant, S.2502, to provi",yes,https://www.senate.gov/isvp/?comm=judiciary&filename=judiciary092321
330542,117,Senate,Meeting,2021-09-23,ssaf00,"Business meeting to consider the nomination of Homer L. Wilkes, of Mississippi, to be Under Secretary of Agriculture for Natural Resources and Environment.",yes,
114084,117,House,Hearing,2021-09-28,hlef00,The Interconnected Economy: The Effects of Globalization on US Economic Disparity,yes,
330541,117,Senate,Meeting,2021-09-28,ssfr00,"Hearings to examine the nominations of Jack A. Markell, of Delaware, to be Representative of the United States of America to the Organization for Economic Cooperation and Development, with the rank of",yes,https://www.senate.gov/isvp/?comm=foreign&filename=foreign092821
330562,117,Senate,Meeting,2021-09-28,slin00,To receive a closed briefing on certain intelligence matters.,no,
114079,117,House,Hearing,2021-09-29,hlvc00,"Hybrid Hearing on  “Upgrading Public Health Infrastructure: The Need to Protect, Rebuild, and Strengthen State and Local Public Health Departments”",yes,
330502,117,Senate,Meeting,2021-09-29,ssfr00,"Hearings to examine the nominations of Atul Atmaram Gawande, of Massachusetts, to be an Assistant Administrator of the United States Agency for International Development, and C.B. Sullenberger III, of",yes,https://www.senate.gov/isvp/?comm=foreign&filename=foreign092921
330545,117,Senate,Meeting,2021-09-29,ssfr00,"To receive a closed briefing on Administration efforts regarding energy security, including Nord Stream 2.",no,https://www.senate.gov/isvp/?comm=foreign&filename=foreign092921
330644,117,Senate,Meeting,2021-09-29,slin00,To receive a closed briefing on certain intelligence matters.,no,
114085,117,House,Markup,2021-09-30,hsfa00,Markup of Various Measures,yes,
114086,117,House,Markup,2021-09-30,hlig00,"Intelligence Authorization Act
 
I. Mark-up of the Intelligence Authorization Act for Fiscal Year 2022. 
 
II. Authorizing all Members of the House of Representatives to review, at a time to be determ",yes,
114087,117,House,Hearing,2021-09-30,hsvr00,Modernizing and Securing VA's IT Infrastructure,yes,
330565,117,Senate,Meeting,2021-09-30,ssju00,"Business meeting to consider the nominations of Beth Robinson, of Vermont, to be United States Circuit Judge for the Second Circuit, Jennifer Sung, of Oregon, to be United States Circuit Judge for the",yes,https://www.senate.gov/isvp/?comm=judiciary&filename=judiciary093021
114091,117,House,Hearing,2021-10-02,hsvr00,POSTPONED: Ending Veteran Hunger: Examining the Impact of COVID-19 on Food Insecurity,yes,
114098,117,House,Hearing,2021-10-05,hsii00,"Legislative Hearing on H.J.Res.55, H.R.441, H.R.2402, H.R.4881, and H.R.5221",yes,
114099,117,House,Hearing,2021-10-05,hsfa00,Afghanistan 2001-2021: Evaluating the Withdrawal and U.S. Policies - Part II,yes,
330645,117,Senate,Meeting,2021-10-05,slin00,To receive a closed briefing on certain intelligence matters.,no,
330622,117,Senate,Meeting,2021-10-06,ssga00,"Business meeting to consider S.587, to amend the Inspector General Act of 1978 to provide that the President or certain agency heads may remove the Inspector General, or place an Inspector General on ",yes,https://www.senate.gov/isvp/?comm=govtaff&filename=govtaff100621
330756,117,Senate,Meeting,2021-10-06,slin00,To receive a closed briefing on certain intelligence matters.,no,
114109,117,House,Hearing,2021-10-07,hsvr00,Legislative Hearing on the VA Electronic Health Record Transparency Act of 2021 and IT Reform and Data Collection Bills,yes,
330643,117,Senate,Meeting,2021-10-07,ssju00,"Business meeting to consider the nominations of Beth Robinson, of Vermont, to be United States Circuit Judge for the Second Circuit, Jennifer Sung, of Oregon, to be United States Circuit Judge for the",yes,https://www.senate.gov/isvp/?comm=judiciary&filename=judiciary100721
113968,117,House,Hearing,2021-10-13,hsvr00,"Domestic Violent Extremist Groups and the Recruitment of 
Veterans",yes,
114119,117,House,Hearing,2021-10-13,hsvr00,"Legislative Hearing on: H.R. 2819, the Solid Start Act of 2021; H.R. 2916, the VA Cannabis Research Act of 2021; H.R. 4575, the Veteran Peer Specialist Act of 2021; H.R. 4794, the Making Advances in M",yes,
114120,117,House,Markup,2021-10-13,hsii00,"Full Committee Markup on HR 160, HR 442, HR 570, HR 897, HR 1286, HR 1975, HR 2024, HR 2074, HR 2088, HR 2107, HR 2643, HR 2930, HR 3075, HR 3222, HR 3670, HR 4881, and HR 5221",yes,
114117,117,House,Hearing,2021-10-14,hsii00,“Impacts of Abandoned Offshore Oil and Gas Infrastructure and the Need for Stronger Federal Oversight.”,yes,
114121,117,House,Hearing,2021-10-14,hsii00,"Legislative Hearing on H.R. 149, H.R. 250, H.R. 3197, H.R. 3531, H.R. 4009, H.R. 4380, H.R. 4454, H.R. 4648, and H.R. 4706.",yes,
114130,117,House,Hearing,2021-10-18,hsii00,"Joint oversight hearing with Subcommittee on Energy and Mineral Resources on “Southern California Oil Leak: Investigating the Immediate Effects on Communities, Businesses, and the Environment.”",yes,
114135,117,House,Hearing,2021-10-18,hlef00,Renewing Prosperity in the Industrial Heartland: An Economic Agenda for Forgotten Communities,yes,
114156,117,House,Meeting,2021-10-19,hlij00,"""Business Meeting on a Report Recommending that the House of Representatives Cite
Stephen K. Bannon for Criminal Contempt of Congress.""",yes,
330747,117,Senate,Meeting,2021-10-19,ssfr00,"Business meeting to consider H.R.965, to establish a comprehensive United States Government initiative to build the capacity of young leaders and entrepreneurs in Africa, S.1104, to measure the progre",yes,https://www.senate.gov/isvp/?comm=foreign&filename=foreign101921
330840,117,Senate,Meeting,2021-10-19,slin00,To receive a closed briefing on certain intelligence matters.,no,
114137,117,House,Hearing,2021-10-20,hsvr00,"Legislative Hearing on: H.R. 2568, United States Cadet Nurse Corps Service Recognition Act of 2021; H.R. 2724, VA Peer Support Enhancement for MST Survivors Act; H.R. 2800, WINGMAN Act; HR 2827, Capta",yes,
114171,117,House,Meeting,2021-10-20,hsru00,H. Res. ___ (H. Rept. 117-152) — Resolution Recommending that the House of Representatives Find Stephen K. Bannon in Contempt of Congress for Refusal to Comply with a Subpoena Duly Issued by the Selec,yes,
330421,117,Senate,Meeting,2021-10-20,slin00,To receive a closed briefing on certain intelligence matters.,no,
330740,117,Senate,Meeting,2021-10-20,slia00,"Hearings to examine investing in economic sovereignty, focusing on leveraging Federal financing for new and sustained development in Native communities.",no,https://www.senate.gov/isvp/?comm=indian&filename=indian102021
330748,117,Senate,Meeting,2021-10-20,ssfr00,"Hearings to examine the nominations of R. Nicholas Burns, of Massachusetts, to be Ambassador to the People's Republic of China, Rahm Emanuel, of Illinois, to be Ambassador to Japan, and Jonathan Eric ",yes,https://www.senate.gov/isvp/?comm=foreign&filename=foreign102021
330781,117,Senate,Meeting,2021-10-20,ssfr00,"Hearings to examine the nominations of Patricia Mahoney, of Virginia, to be Ambassador to the Central African Republic, Peter Hendrick Vrooman, of New York, to be Ambassador to the Republic of Mozambi",yes,https://www.senate.gov/isvp/?comm=foreign&filename=foreign102021
330801,117,NoChamber,Meeting,2021-10-20,jcse00,Hearings to examine media freedom in the Organization for Security and Co-operation in Europe region.,no,
114132,117,House,Hearing,2021-10-21,hsii00,"""Runit Dome and the U.S Nuclear Legacy in the Marshall Islands.""",yes,
114146,117,House,Hearing,2021-10-21,hlig00,Covert Action’s Role in Foreign Policy (Closed),yes,
114167,117,House,Markup,2021-10-21,hsag00,"“H.R. 4252, To provide additional funding for scholarships for students at 1890’s institutions; H.R. 2361, Rebuild Rural America Act of 2021; H.R. 5608, Chronic Wasting Disease Research and Management",yes,
330761,117,Senate,Meeting,2021-10-21,ssju00,"Business meeting to consider S.2428, to amend title 31, United States Code, to modify False Claims Act procedures, S.2429, to amend chapter 38 of title 31, United States Code, relating to civil remedi",yes,https://www.senate.gov/isvp/?comm=judiciary&filename=judiciary102121
114162,117,House,Hearing,2021-10-26,hsvr00,A Whole of Government Approach in Support of Servicewomen,yes,
114170,117,House,Hearing,2021-10-26,hsii00,Strengthening Indigenous Communities Through Cultural and Environmental Preservation,yes,
114183,117,House,Hearing,2021-10-26,hsii00,"""Protecting Human Rights in International Conservation""",yes,
330800,117,Senate,Meeting,2021-10-26,sshr00,"Business meeting to consider the nominations of Michael D. Smith, of Virginia, to be Chief Executive Officer of the Corporation for National and Community Service, Jose Javier Rodriguez, of Florida, t",yes,https://www.senate.gov/isvp/?comm=help&filename=help102621
330820,117,Senate,Meeting,2021-10-26,ssfr00,"Hearings to examine the nominations of Marc R. Stanley, of Texas, to be Ambassador to the Argentine Republic, Rashad Hussain, of Virginia, to be Ambassador at Large for International Religious Freedom",yes,https://www.senate.gov/isvp/?comm=foreign&filename=foreign102621
330841,117,Senate,Meeting,2021-10-26,slin00,To receive a closed briefing on certain intelligence matters.,no,
114174,117,House,Hearing,2021-10-27,hsvr00,Lessons Learned? Building a Culture of Patient Safety Within the Veterans Health Administration,yes,
114175,117,House,Hearing,2021-10-27,hsii00,Legislative Hearing: Wildland Firefighter Workforce Reforms,yes,
114177,117,House,Hearing,2021-10-27,hlig00,"Diversity, Equity, Inclusion and Accessibility in the Intelligence Community: An Enduring Mission Imperative",yes,
114179,117,House,Hearing,2021-10-27,hlvc00,"Hybrid Hearing on ""How the Meatpacking Industry Failed the Workers Who Feed America""",yes,
114180,117,House,Hearing,2021-10-27,hsii00,"“The Federal Coal Program: A Bad Deal for Taxpayers and a Threat to Climate,”",yes,
330928,117,Senate,Meeting,2021-10-27,slin00,To receive a closed briefing on certain intelligence matters.,no,
330842,117,Senate,Meeting,2021-10-28,ssju00,"Business meeting to consider S.2428, to amend title 31, United States Code, to modify False Claims Act procedures, S.998, to provide grants to States that do not suspend, revoke, or refuse to renew a ",yes,https://www.senate.gov/isvp/?comm=judiciary&filename=judiciary102821
114187,117,House,Hearing,2021-10-29,hsvr00,POSTPONED: Ensuring a Successful Military to Civilian Transition for Servicemembers in Southern Alabama,yes,
114164,117,House,Hearing,2021-11-02,hsvr00,Next Steps: Examining Plans for the Continuation of the Department of Veterans Affairs Electronic Health Record Modernization Program,yes,
330757,117,Senate,Meeting,2021-11-02,slin00,To receive a closed briefing on certain intelligence matters.,no,
330927,117,Senate,Meeting,2021-11-02,sseg00,"Business meeting to consider the nominations of Geraldine Richmond, of Oregon, to be Under Secretary for Science, Brad John Crabtree, of North Dakota, to be an Assistant Secretary (Fossil Energy and C",yes,https://www.senate.gov/isvp/?comm=energy&filename=energy110221
114199,117,House,Hearing,2021-11-03,hlig00,Countering Domestic Terrorism,yes,
114203,117,House,Hearing,2021-11-03,hsfa00,"Assessing Progress and Challenges in State Department Management, Operations, and Reforms",yes,
114205,117,House,Hearing,2021-11-03,hlef00,"“Our Changing Economy: The Economic Effects of Technological Innovation, Automation and the Future of Work”",yes,
114212,117,House,Markup,2021-11-03,hsju00,"H.R. 4777, the “Nondebtor Release Prohibition Act of 2021”; H.R. 963, the “Forced Arbitration Injustice Repeal Act” or the “FAIR Act”; H.R. 5677, to make technical amendments to titles 2, 50, and 52, ",yes,
114216,117,House,Markup,2021-11-03,hsif00,H.R. 1218 and H.R. 2501,yes,
114278,117,House,Hearing,2021-11-03,hsju00,"The Administrative Procedure Act at 75: Ensuring the Rulemaking Process is Transparent, Accountable, and Effective",yes,
330782,117,Senate,Meeting,2021-11-03,ssev00,Hearings to examine programs at the Economic Development Administration.,no,https://www.senate.gov/isvp/?comm=epw&filename=epw110321
330903,117,Senate,Meeting,2021-11-03,ssga00,"Business meeting to consider S.587, to amend the Inspector General Act of 1978 to provide that the President or certain agency heads may remove the Inspector General, or place an Inspector General on ",yes,https://www.senate.gov/isvp/?comm=govtaff&filename=govtaff110321
330921,117,Senate,Meeting,2021-11-03,ssfr00,"Business meeting to consider the nominations of Lisa A. Carty, of Maryland, to be Representative of the United States of America on the Economic and Social Council of the United Nations, with the rank",yes,https://www.senate.gov/isvp/?comm=foreign&filename=foreign110321
330922,117,Senate,Meeting,2021-11-03,ssfr00,To receive a closed briefing on U.S. cybersecurity policy.,no,https://www.senate.gov/isvp/?comm=foreign&filename=foreign110321
330940,117,Senate,Meeting,2021-11-03,ssbk00,"Business meeting to consider the nominations of Judith DelZoppo Pryor, of Ohio, to be First Vice President of the Export-Import Bank of the United States, Owen Edward Herrnstadt, of Maryland, to be a ",yes,
330941,117,Senate,Meeting,2021-11-03,ssfi00,"Business meeting to consider the nomination of Chris Magnus, of Arizona, to be Commissioner of U.S. Customs and Border Protection, Department of Homeland Security.",yes,https://www.senate.gov/isvp/?comm=finance&filename=finance110321
114192,117,House,Markup,2021-11-04,hsvr00,"Markup on: A.N.S. to H.R. 1836, Guard and Reserve GI Bill Parity Act of 2021; A.N.S. to H.R. 3944, Burial Equity for Guards and Reserves Act of 2021; H.R. 5603, Protections for Student Veterans Act; A",yes,
114210,117,House,Hearing,2021-11-04,hsii00,"Remote Legislative Hearing on H.Res. 320, H.R. 4832, H.R. 5001, and H.R. 5345",yes,
114221,117,House,Markup,2021-11-04,hsif00,Nine Health Bills,yes,
330920,117,Senate,Meeting,2021-11-04,ssfr00,Business meeting to consider pending calendar business.,no,https://www.senate.gov/isvp/?comm=foreign&filename=foreign110421
330923,117,Senate,Meeting,2021-11-04,ssga00,"Hearings to examine the nomination of Michael Kubayanda, of Ohio, to be a Commissioner of the Postal Regulatory Commission.",yes,
330925,117,Senate,Meeting,2021-11-04,ssju00,"Business meeting to consider S.2342, to amend title 9 of the United States Code with respect to arbitration of disputes involving sexual assault and sexual harassment, S. 2629, to establish cybercrime",yes,https://www.senate.gov/isvp/?comm=judiciary&filename=judiciary110421
330960,117,Senate,Meeting,2021-11-04,ssaf00,"Business meeting to consider the nominations of Rostin Behnam, of Maryland, to be Chairman, and to be a Commissioner of the Commodity Futures Trading Commission.",yes,
114222,117,House,Hearing,2021-11-09,hsii00,"Legislative Hearing on: H.R. 268, H.R. 980, H.R. 1469, H.R. 2512, H.R. 2551, H.R. 3600, H.R. 4358, H.R. 4404, H.R. 4494, and H.R. 5118.",yes,
114225,117,House,Hearing,2021-11-10,hlvc00,“Building Vaccine Confidence: Our Shot at Curbing the Pandemic in Chicago and Beyond”,yes,
331026,117,Senate,Meeting,2021-11-16,slin00,To receive a closed briefing on certain intelligence matters.,no,
114239,117,House,Hearing,2021-11-17,hsvr00,Supporting Survivors: Assessing VA's Military Sexual Trauma Programs,yes,
114254,117,House,Hearing,2021-11-17,hlvc00,“Combating Coronavirus Cons and the Monetization of Misinformation”,yes,
114256,117,House,Markup,2021-11-17,hsii00,Remote Markup on multiple bills.,yes,
114258,117,House,Markup,2021-11-17,hsif00,"Eight Health Bills, Two Communications and Technology Bills, and Two Consumer Protection and Commerce Bills",yes,
330929,117,Senate,Meeting,2021-11-17,sssb00,"Business meeting to consider S.1617, to modify the requirements for the Administrator of the Small Business Administration relating to declaring a disaster in a rural area, S.1621, to reauthorize and ",yes,
331027,117,Senate,Meeting,2021-11-17,slin00,To receive a closed briefing on certain intelligence matters.,no,
331064,117,Senate,Meeting,2021-11-17,ssfi00,"Business meeting to consider the nominations of Maria L. Pagan, of Puerto Rico, to be a Deputy United States Trade Representative (Geneva Office), with the rank of Ambassador, Brent Neiman, of Illinoi",yes,https://www.senate.gov/isvp/?comm=finance&filename=finance111721
331065,117,Senate,Meeting,2021-11-17,scnc00,Hearings to examine the nexus between the illicit drug trade and corruption.,no,
114246,117,House,Hearing,2021-11-18,hsvr00,Modernizing VA’s Medical Supply Chain: Progress Made?,yes,
331030,117,Senate,Meeting,2021-11-18,ssju00,"Business meeting to consider S.2629, to establish cybercrime reporting mechanisms, S.2340, to improve the safety and security of the Federal judiciary, S.2614, to provide for the modernization of elec",yes,https://www.senate.gov/isvp/?comm=judiciary&filename=judiciary111821
331060,117,Senate,Meeting,2021-11-18,sseg00,"Business meeting to consider S.172 and H.R.1664, bills to authorize the National Medal of Honor Museum Foundation to establish a commemorative work in the District of Columbia and its environs, S.180,",yes,https://www.senate.gov/isvp/?comm=energy&filename=energy111821
114269,117,House,Hearing,2021-12-01,hsfa00,FY2022 Budget and U.S. - Africa Relations,yes,
331120,117,Senate,Meeting,2021-12-01,ssfr00,"Hearings to examine the nominations of Scott A. Nathan, of Massachusetts, to be Chief Executive Officer of the United States International Development Finance Corporation, and John R. Bass, of New Yor",yes,https://www.senate.gov/isvp/?comm=foreign&filename=foreign120121
331140,117,Senate,Meeting,2021-12-01,ssga00,"Business meeting to consider the nominations of Erik Adrian Hooks, of North Carolina, to be Deputy Administrator, Federal Emergency Management Agency, Department of Homeland Security, Michael Kubayand",yes,https://www.senate.gov/isvp/?comm=govtaff&filename=govtaff120121
331220,117,Senate,Meeting,2021-12-01,slin00,To receive a closed briefing on certain intelligence matters.,no,
114277,117,House,Hearing,2021-12-02,hsii00,"""What More Public Lands Leasing Means for Achieving U.S. Climate Targets""",yes,
114281,117,House,Meeting,2021-12-02,hlij00,Business Meeting on a Report Recommending that the House of Representatives Cite Jeffrey B. Clark for Criminal Contempt of Congress,yes,
114282,117,House,Markup,2021-12-02,hsgo00,"The Committee on Oversight and Reform will hold a hybrid business meeting to consider the following:
1. H.R. 5477, the Federal Agency Climate Planning, Resilience, and Enhanced Preparedness (PREP) Act",yes,
331164,117,Senate,Meeting,2021-12-02,sshr00,"Business meeting to consider the nominations of Lisa M. Gomez, of New Jersey, to be an Assistant Secretary of Labor, James D. Rodriguez, of Texas, to be Assistant Secretary of Labor for Veterans' Empl",yes,https://www.senate.gov/isvp/?comm=help&filename=help120221
331168,117,Senate,Meeting,2021-12-02,ssju00,"Business meeting to consider S.2340, to improve the safety and security of the Federal judiciary, S.2614, to provide for the modernization of electronic case management systems, and the nominations of",yes,https://www.senate.gov/isvp/?comm=judiciary&filename=judiciary120221
331061,117,Senate,Meeting,2021-12-03,ssbk00,"Business meeting to consider the nominations of Alanna McCargo, of Virginia, to be President, Government National Mortgage Association, and James Arthur Jemison II, of Michigan, and Elizabeth de Leon ",yes,
331181,117,Senate,Meeting,2021-12-06,ssfr00,To receive a closed briefing on U.S.-Russia policy.,no,
114280,117,House,Hearing,2021-12-07,hsii00,"Legislative Hearing on: H.R. 1117,  H.R. 3525, H.R. 5230",yes,
114300,117,House,Hearing,2021-12-07,hsba00,Ensuring Equitable Delivery of Disaster Benefits to Vulnerable Communities and Peoples: An Examination of GAO's Findings of the CDBG-DR Program,yes,
325935,117,Senate,Meeting,2021-12-07,slin00,Closed hearings to examine certain intelligence matters.,no,
114284,117,House,Hearing,2021-12-08,hsvr00,Removing Barriers to Veteran Home Ownership,yes,
114295,117,House,Hearing,2021-12-08,hlef00,Growing our Economy by Investing in Families: How Supporting Family Caregiving Expands Economic Opportunity and Benefits All Americans,yes,
114309,117,House,Meeting,2021-12-08,hlmh00,Business Meeting on Proposed Recommendations,yes,
331240,117,Senate,Meeting,2021-12-08,ssfi00,"Business meeting to consider the nominations of Maria Louise Lago, of New York, to be Under Secretary for International Trade, and Lisa W. Wang, of the District of Columbia, to be an Assistant Secreta",yes,https://www.senate.gov/isvp/?comm=finance&filename=finance120821
331462,117,Senate,Meeting,2021-12-08,slin00,To receive a closed briefing on certain intelligence matters.,no,
331222,117,Senate,Meeting,2021-12-09,spag00,"Hearings to examine financial literacy, focusing on addressing the unique just-in-time decisions older Americans and people with disabilities face.",no,
331224,117,Senate,Meeting,2021-12-09,ssju00,"Business meeting to consider S.2614, to provide for the modernization of electronic case management systems, and the nominations of Bridget Meehan Brennan, Charles Esque Fleming, and David Augustin Ru",yes,https://www.senate.gov/isvp/?comm=judiciary&filename=judiciary120921
331281,117,Senate,Meeting,2021-12-09,ssaf00,"Business meeting to consider the nominations of Chavonda J. Jacobs-Young, of Georgia, to be Under Secretary for Research, Education, and Economics, and Margo Schlanger, of Michigan, to be an Assistant",yes,
114313,117,House,Meeting,2021-12-14,hlij00,Business Meeting on a Report Recommending that the House of Representatives Cite Mark Randall Meadows for Criminal Contempt of Congress,yes,
114315,117,House,Meeting,2021-12-14,hsru00,S.J. Res. 33—Joint resolution relating to increasing the debt limit.,yes,
331262,117,Senate,Meeting,2021-12-14,ssfr00,"Hearings to examine the nomination of Donald Armin Blome, of Illinois, to be Ambassador to the Islamic Republic of Pakistan, Eric M. Garcetti, of California, to be Ambassador to the Republic of India,",yes,https://www.senate.gov/isvp/?comm=foreign&filename=foreign121421
329545,117,Senate,Meeting,2021-12-15,slin00,"Closed business meeting to consider the nomination of Shannon Corless, of the District of Columbia, to be Assistant Secretary for Intelligence and Analysis, Department of the Treasury, vice Isabel Mar",yes,
331280,117,Senate,Meeting,2021-12-15,ssga00,"Business meeting to consider S.3099, to amend title 44, United States Code, to establish the Federal Risk and Authorization Management Program within the General Services Administration, S.2932, to de",yes,
331285,117,Senate,Meeting,2021-12-15,ssfr00,"Business meeting to consider the nominations of Marc R. Stanley, of Texas, to be Ambassador to the Argentine Republic, Rashad Hussain, of Virginia, to be Ambassador at Large for International Religiou",yes,https://www.senate.gov/isvp/?comm=foreign&filename=foreign121521
331320,117,Senate,Meeting,2021-12-15,ssva00,"Business meeting to consider S.731, to amend title 38, United States Code, to improve the management of information technology projects and investments of the Department of Veterans Affairs, S.1607, t",yes,
331321,117,Senate,Meeting,2021-12-15,ssfr00,Business meeting to consider pending calendar business.,no,https://www.senate.gov/isvp/?comm=foreign&filename=foreign121521
331301,117,Senate,Meeting,2021-12-16,ssju00,"Business meeting to consider the nominations of Bridget Meehan Brennan, Charles Esque Fleming, and David Augustin Ruiz, each to be a United States District Judge for the Northern District of Ohio, Joh",yes,https://www.senate.gov/isvp/?comm=judiciary&filename=judiciary121621
331340,117,Senate,Meeting,2021-12-16,ssfi00,"Business meeting to consider the nomination of Neil Harvey MacBride, of Virginia, to be General Counsel for the Department of the Treasury.",yes,https://www.senate.gov/isvp/?comm=finance&filename=finance121621
114312,117,House,Hearing,2021-12-17,hsha00,Member Day,yes,
331442,117,Senate,Meeting,2022-01-05,ssev00,Business meeting to consider 17 GSA resolutions.,no,
330462,117,Senate,Meeting,2022-01-11,slin00,To receive a closed briefing on certain intelligence matters.,no,
331520,117,Senate,Meeting,2022-01-11,ssju00,Hearings to examine the domestic terrorism threat one year after January 6.,no,https://www.senate.gov/isvp/?comm=judiciary&filename=judiciary011122
331521,117,Senate,Meeting,2022-01-12,slia00,Hearings to examine closing the digital divide in Native communities through infrastructure investment.,no,https://www.senate.gov/isvp/?comm=indian&filename=indian011222
331522,117,Senate,Meeting,2022-01-12,ssju00,"Hearings to examine the nominations of Andre B. Mathis, of Tennessee, to be United States Circuit Judge for the Sixth Circuit, Jessica G. L. Clarke, to be United States District Judge for the Southern",yes,https://www.senate.gov/isvp/?comm=judiciary&filename=judiciary011222
331581,117,Senate,Meeting,2022-01-12,ssaf00,"Business meeting to consider the nominations of Chavonda J. Jacobs-Young, of Georgia, to be Under Secretary for Research, Education, and Economics, and Margo Schlanger, of Michigan, to be an Assistant",yes,
331420,117,Senate,Meeting,2022-01-13,sshr00,"Business meeting to consider the nominations of Robert McKinnon Califf, of North Carolina, to be Commissioner of Food and Drugs, Department of Health and Human Services, Jose Javier Rodriguez, of Flor",yes,https://www.senate.gov/isvp/?comm=help&filename=help011322
331440,117,Senate,Meeting,2022-01-13,ssju00,"Business meeting to consider S. 2992, to provide that certain discriminatory conduct by covered platforms shall be unlawful, and the nominations of Alison J. Nathan, of New York, to be United States C",yes,
114330,117,House,Meeting,2022-01-19,hsvr00,Roundtable: The True Cost of our Promise to Toxic-Exposed Veterans,yes,
114335,117,House,Markup,2022-01-19,hsii00,FC Markup on multiple bills,yes,
331641,117,Senate,Meeting,2022-01-19,slin00,To receive a closed briefing on certain intelligence matters.,no,
331660,117,Senate,Meeting,2022-01-19,ssbk00,"Business meeting to consider the nominations of Arun Venkataraman, of the District of Columbia, to be Assistant Secretary of Commerce and Director General of the United States and Foreign Commercial S",yes,
114341,117,House,Hearing,2022-01-20,hsfa00,"Costa Rica, the Dominican Republic, and Panama: A New Alliance for Promoting Democracy and Prosperity in the Americas",yes,
114344,117,House,Hearing,2022-01-20,hlef00,"“Race, Ethnicity and the Economy: How Improving Economic Opportunity Benefits All""",yes,
114347,117,House,Hearing,2022-01-20,hlvc00,“A View from the States:  Governors Respond to the Omicron Variant.”,yes,
331640,117,Senate,Meeting,2022-01-20,ssju00,"Business meeting to consider S.2992, to provide that certain discriminatory conduct by covered platforms shall be unlawful, S.2710, to promote competition and reduce gatekeeper power in the app econom",yes,https://www.senate.gov/isvp/?comm=judiciary&filename=judiciary012022
331721,117,Senate,Meeting,2022-02-01,ssju00,"Hearings to examine the nominations of Kenly Kiya Kato, and Sunshine Suzanne Sykes, both to be a United States District Judge for the Central District of California, and Jennifer Louise Rochon, to be ",yes,https://www.senate.gov/isvp/?comm=judiciary&filename=judiciary020122
331746,117,Senate,Meeting,2022-02-01,slin00,To receive a closed briefing on certain intelligence matters.,no,
114354,117,House,Markup,2022-02-02,hsvr00,"Markup on: A.N.S. to H.R. 5575, VA Nurse and Physician Assistant RAISE Act; H.R. 6411, STRONG Veterans Act of 2022",yes,
114359,117,House,Hearing,2022-02-02,hsvr00,Securing High-Demand Jobs for Veterans,yes,
114361,117,House,Hearing,2022-02-02,hsfa00,The Biden Administration's Policy Objectives in the Middle East and North Africa,no,
114378,117,House,Markup,2022-02-02,hsgo00,"1.	H.R. 6497, the Federal Information Security Modernization Act of 2022;

2.	H.R. 6419, the Fair Chance Improvement Act;

3.	H.R. 6361, the District of Columbia National Guard Commanding General Resi",yes,
331461,117,Senate,Meeting,2022-02-02,ssas00;ssfr00,To receive a closed joint briefing on U.S. policy on Afghanistan.,no,
331740,117,Senate,Meeting,2022-02-02,ssga00,"Business meeting to consider S.2801, to amend title 5, United States Code, to improve the effectiveness of major rules in accomplishing their regulatory objectives by promoting retrospective review, S",yes,https://www.senate.gov/isvp/?comm=govtaff&filename=govtaff020222
331744,117,Senate,Meeting,2022-02-02,sscm00,"Business meeting to consider the nominations of Jed David Kolko, of California, to be Under Secretary of Commerce for Economic Affairs, Alvaro M. Bedoya, of Maryland, to be a Federal Trade Commissione",yes,https://www.senate.gov/isvp/?comm=commerce&filename=commerce020222
331760,117,Senate,Meeting,2022-02-02,ssva00,"Business meeting to consider an original bill entitled ""Health Care for Burn Pit Veterans Act"".",no,https://www.senate.gov/isvp/?comm=vetaff&filename=vetaff020222
331843,117,Senate,Meeting,2022-02-02,slin00,To receive a closed briefing on certain intelligence matters.,no,
114363,117,House,Hearing,2022-02-03,hsii00,"Legislative Hearing on: H.R. 6142, H.R. 6199, H.R. 6201,
H.R. 6337, H.R. 6451, H.R. 6434 & H.R. 6435",yes,
114369,117,House,Hearing,2022-02-03,hsvr00,Close to Home: Supporting Vet Centers in Meeting the Needs of Veterans and Military Personnel,yes,
114391,117,House,Hearing,2022-02-03,hsfa00,"Overview of U.S. Priorities in the Western Hemisphere: Opportunities, Challenges and the Path Ahead",yes,
331823,117,Senate,Meeting,2022-02-03,ssju00,"Business meeting to consider S.2710, to promote competition and reduce gatekeeper power in the app economy, increase choice, improve quality, and reduce costs for consumers, S.3103, to amend title 18,",yes,https://www.senate.gov/isvp/?comm=judiciary&filename=judiciary020322
114386,117,House,Hearing,2022-02-08,hsvr00,Honoring our Promise: Reviewing the Effectiveness of Services for Survivors and Dependents,yes,
114389,117,House,Hearing,2022-02-08,hlig00,"Intelligence Support to the DoD's August 29, 2021 Strike in Kabul (Closed)",yes,
331783,117,Senate,Meeting,2022-02-08,ssju00,"Hearings to examine abusing Chapter 11, focusing on corporate efforts to side-step accountability through bankruptcy.",no,https://www.senate.gov/isvp/?comm=judiciary&filename=judiciary020822
331784,117,Senate,Meeting,2022-02-08,ssfr00,"Hearings to examine the nominations of Randi Charno Levine, of New York, to be Ambassador to the Portuguese Republic, N. Nickolas Perry, of New York, to be Ambassador to Jamaica, Laura Farnsworth Dogu",yes,https://www.senate.gov/isvp/?comm=foreign&filename=foreign020822
331846,117,Senate,Meeting,2022-02-08,ssbk00,"To receive a briefing on renters living in rental properties owned by large corporate owners, including institutional investors and private equity owners.",no,https://www.senate.gov/isvp/?comm=banking&filename=banking020822
331975,117,Senate,Meeting,2022-02-08,slin00,To receive a closed briefing on certain intelligence matters.,no,
114390,117,House,Hearing,2022-02-09,hsvr00,IT Infrastructure Modernization: Addressing Ongoing Challenges and the Path Forward,yes,
114393,117,House,Hearing,2022-02-09,hlef00,Connecting Americans to Prosperity: How Infrastructure can Bolster Inclusive Economic Growth,yes,
331807,117,Senate,Meeting,2022-02-09,ssga00,"Business meeting to consider the nominations of Shalanda D. Young, of Louisiana, to be Director, and Nani A. Coloretti, of California, to be Deputy Director, both of the Office of Management and Budge",yes,https://www.senate.gov/isvp/?comm=govtaff&filename=govtaff020922
331810,117,Senate,Meeting,2022-02-09,ssju00,"Hearings to examine ""targeted killing"" and the rule of law, focusing on the legal and human costs of 20 years of U.S. drone strikes.",no,https://www.senate.gov/isvp/?comm=judiciary&filename=judiciary020922
331921,117,Senate,Meeting,2022-02-09,slin00,To receive a closed briefing on certain intelligence matters.,no,
331748,117,Senate,Meeting,2022-02-10,ssju00,"Business meeting to consider S.3538, to establish a National Commission on Online Child Sexual Exploitation Prevention, S.3103, to amend title 18, United States Code, to eliminate the statute of limit",yes,https://www.senate.gov/isvp/?comm=judiciary&filename=judiciary021022
114429,117,House,Hearing,2022-02-15,hsfa00,"Renewed American Engagement with International Organizations: Goals, Priorities, and Successes",yes,
331862,117,Senate,Meeting,2022-02-15,sssb00,"Business meeting to consider S.1617, to modify the requirements for the Administrator of the Small Business Administration relating to declaring a disaster in a rural area, S.2042, to reauthorize the ",yes,https://www.senate.gov/isvp/?comm=smbiz&filename=smbiz021522
331922,117,Senate,Meeting,2022-02-15,slin00,To receive a closed briefing on certain intelligence matters.,no,
114420,117,House,Markup,2022-02-16,hsii00,FC Markup on multiple bills.,yes,
331747,117,Senate,Meeting,2022-02-16,slin00,To receive a closed briefing on certain intelligence matters.,no,
331880,117,Senate,Meeting,2022-02-16,ssju00,"Hearings to examine the nominations of Sherilyn Peace Garnett, of California, to be United States District Judge for the Central District of California, Nina Morrison, of New York, to be United States",yes,https://www.senate.gov/isvp/?comm=judiciary&filename=judiciary021622
114423,117,House,Hearing,2022-02-17,hsii00,"Remote Legislative Hearing on H.R.6504, ""Native Pacific Islanders of America Equity Act""",yes,
114424,117,House,Hearing,2022-02-17,hsii00,Securing the Future of Climate Adaptation Science at the United States Geological Survey,yes,
331902,117,Senate,Meeting,2022-02-17,ssju00,"Business meeting to consider the nominations of Kenly Kiya Kato, and Sunshine Suzanne Sykes, both to be a United States District Judge for the Central District of California, and Jennifer Louise Rocho",yes,https://www.senate.gov/isvp/?comm=judiciary&filename=judiciary021722
114452,117,House,Hearing,2022-03-01,hsii00,"Legislative Hearing on H.R. 1638, H.R. 4178, H.R. 5093, H.R. 5493, & H.R. 6366",yes,
114459,117,House,Hearing,2022-03-01,hlef00,Promoting Economic Prosperity and Fair Growth Through Access to Affordable and Stable Housing,yes,
331960,117,Senate,Meeting,2022-03-01,ssva00,A joint hearing with the House Committee on Veterans' Affairs to examine the legislative presentation of the Disabled American Veterans.,no,https://www.senate.gov/isvp/?comm=vetaff&filename=vetaff030122
331965,117,Senate,Meeting,2022-03-01,ssfr00,To receive a closed briefing on United States hostage policy.,no,
114441,117,House,Hearing,2022-03-02,hsvr00,"Legislative Presentation of the 
Veterans of Foreign Wars of the United States and Multi VSOs: IAVA, WWP, VVA, AMVETS, NCHV, SWAN, BVA, BVEC, NASDVA",yes,
114464,117,House,Meeting,2022-03-02,hsas00,Assessing the Effectiveness of Suicide Prevention Programs,yes,
114468,117,House,Hearing,2022-03-02,hsfa00,The 2001 AUMF and War Powers: The Path Forward,yes,
331971,117,Senate,Meeting,2022-03-02,ssju00,"Hearings to examine the nominations of Stephanie Dawkins Davis, of Michigan, to be United States Circuit Judge for the Sixth Circuit, Arianna J. Freeman, of Pennsylvania, to be United States Circuit J",yes,https://www.senate.gov/isvp/?comm=judiciary&filename=judiciary030222
331974,117,Senate,Meeting,2022-03-02,ssfi00,"Business meeting to continue consideration of the nominations of Robert Michael Gordon, of the District of Columbia, to be an Assistant Secretary, January Contreras, of Arizona, to be Assistant Secret",yes,
331980,117,Senate,Meeting,2022-03-02,scnc00,"Hearings to examine the $150 billion drug market, focusing on the economics of cartels.",no,
332100,117,Senate,Meeting,2022-03-02,slin00,To receive a closed briefing on certain intelligence matters.,no,
331978,117,Senate,Meeting,2022-03-03,ssfr00,"Hearings to examine the nominations of Alina L. Romanowski, of Illinois, to be Ambassador to the Republic of Iraq, Douglas T. Hickey, of Idaho, to be Ambassador to the Republic of Finland, and Steven ",yes,https://www.senate.gov/isvp/?comm=foreign&filename=foreign030322
331981,117,Senate,Meeting,2022-03-07,ssfr00,To receive a closed briefing on the Russian invasion of Ukraine.,no,
114442,117,House,Hearing,2022-03-08,hsvr00,"Legislative Presentation of The American Legion and Multi VSOs: PVA, SVA, MOAA, GSW, NGAUS, TAPS, MMAA, ADBC-MS",yes,
114469,117,House,Hearing,2022-03-08,hlig00,Worldwide Threats,yes,
114478,117,House,Hearing,2022-03-08,hsfa00,Shifting the Power: USAID’s Efforts to Support Locally- Led Development,yes,
332002,117,Senate,Meeting,2022-03-08,ssju00,Hearings to examine combating the rise in hate crimes.,no,https://www.senate.gov/isvp/?comm=judiciary&filename=judiciary030822
332041,117,Senate,Meeting,2022-03-08,sseg00,"Business meeting to consider the nominations of Shalanda H. Baker, of Texas, to be Director of the Office of Minority Economic Impact, Asmeret Asefaw Berhe, of California, to be Director of the Office",yes,https://www.senate.gov/isvp/?comm=energy&filename=energy030822
332044,117,Senate,Meeting,2022-03-10,ssju00,"Business meeting to consider the nominations of Kenly Kiya Kato, Sunshine Suzanne Sykes, and Sherilyn Peace Garnett, each to be a United States District Judge for the Central District of California, J",yes,https://www.senate.gov/isvp/?comm=judiciary&filename=judiciary031022
332020,117,Senate,Meeting,2022-03-15,sshr00,"Business meeting to consider S.3799, to prepare for, and respond to, existing viruses, emerging new threats, and pandemics, and other pending calendar business.",yes,https://www.senate.gov/isvp/?comm=help&filename=help031522
332068,117,Senate,Meeting,2022-03-15,ssju00,Hearings to examine removing barriers to legal migration to strengthen our communities and economy.,no,https://www.senate.gov/isvp/?comm=judiciary&filename=judiciary031522
332101,117,Senate,Meeting,2022-03-15,slin00,To receive a closed briefing on certain intelligence matters.,no,
114418,117,House,Meeting,2022-03-16,hsed00,Business Meeting,no,
114491,117,House,Hearing,2022-03-16,hsvr00,"Legislative Hearing on: Discussion Draft, the Veteran Health Transition Training Act; Discussion Draft, Permanent Authorization for Education Assistance Benefits During Emergency Situations; Discussio",yes,
114499,117,House,Hearing,2022-03-16,hsvr00,"Legislative Hearing on: H.R. 4993, the Veterans Emergency Care Reimbursement Act of 2021; H.R. 5738, the Lactation Spaces for Veteran Moms Act; H.R. 5754, the Patient Advocate Tracker Act; H.R. 5819, ",yes,
114506,117,House,Hearing,2022-03-16,hlef00,"Big Ideas for Small Businesses: Fostering American Entrepreneurship Through Starting, Sustaining and Growing Small Businesses",yes,
114521,117,House,Meeting,2022-03-16,hlvc00,“Moving Beyond the Coronavirus Crisis:  Perspectives from Public Health Experts”,yes,
332116,117,Senate,Meeting,2022-03-16,ssbk00,"Business meeting to consider the nominations of Jerome H. Powell, of Maryland, to be Chairman, Lael Brainard, of the District of Columbia, to be Vice Chairman, and Lisa DeNell Cook, of Michigan, and P",yes,https://www.senate.gov/isvp/?comm=banking&filename=banking031622
332162,117,Senate,Meeting,2022-03-16,slin00,To receive a closed briefing on certain intelligence matters.,no,
114455,117,House,Hearing,2022-03-17,hsii00,"Hybrid Legislative Hearing on H.R. 3431, H.R. 6491, H.R. 6651, H.R. 6785, H.R. 6987",yes,
114511,117,House,Hearing,2022-03-17,hsvr00,Building a Better VA: Addressing Healthcare Workforce Recruitment and Retention Challenges,yes,
114512,117,House,Meeting,2022-03-17,hsvr00,Full Committee Organizational Meeting: Subcommittee Assignments,yes,
114518,117,House,Hearing,2022-03-17,hsii00,Ongoing Oversight of Runit Dome and the U.S Nuclear Legacy in the Marshall Islands,yes,
114742,117,House,Meeting,2022-03-17,hswm00,Hearing with the IRS Commissioner on the 2022 Filing Season,no,
332103,117,Senate,Meeting,2022-03-17,ssas00,To receive a closed briefing on Russia's invasion of Ukraine.,no,
332106,117,Senate,Meeting,2022-03-22,ssju00,"Hearings to examine the nomination of Ketanji Brown Jackson, of the District of Columbia, to be an Associate Justice of the Supreme Court of the United States.",yes,https://www.senate.gov/isvp/?comm=judiciary&filename=judiciary032222
332112,117,Senate,Meeting,2022-03-22,sscm00,"Business meeting to consider S.1541, to amend the Communications Act of 1934 to require the Federal Communications Commission to ensure just and reasonable charges for telephone and advanced communica",yes,https://www.senate.gov/isvp/?comm=commerce&filename=commerce032222
332163,117,Senate,Meeting,2022-03-22,slin00,To receive a closed briefing on certain intelligence matters.,no,
332164,117,Senate,Meeting,2022-03-22,ssfr00,To receive a closed briefing on the Iran nuclear negotiations.,no,
332107,117,Senate,Meeting,2022-03-23,ssju00,"Hearings to examine the nomination of Ketanji Brown Jackson, of the District of Columbia, to be an Associate Justice of the Supreme Court of the United States.",yes,https://www.senate.gov/isvp/?comm=judiciary&filename=judiciary032322
332140,117,Senate,Meeting,2022-03-23,ssfr00,"Business meeting to consider S.3666, to require reports on the adoption of a cryptocurrency as legal tender in El Salvador, S.816, to amend the Diplomatic Security Act of 1986 to provide for improved ",yes,
332171,117,Senate,Meeting,2022-03-23,ssaf00,"Business meeting to consider the nominations of Christy Goldsmith Romero, of Virginia, Kristin N. Johnson, of Michigan, Summer Kristine Mersinger, of South Dakota, and Caroline D. Pham, of New York, e",yes,
332184,117,Senate,Meeting,2022-03-23,slin00,To receive a closed briefing on certain intelligence matters.,no,
332143,117,Senate,Meeting,2022-03-24,ssas00,Hearings to examine the posture of United States Northern Command and United States Southern Command; to be immediately followed by a closed session in SVC-217.,no,https://www.senate.gov/isvp/?comm=armed&filename=armedA032422
332166,117,Senate,Meeting,2022-03-24,ssfr00,To receive a briefing on U.S.-Taiwan policy.,no,
114565,117,House,Meeting,2022-03-28,hlij00,"Business Meeting on a Report Recommending that the House of Representatives Cite Peter Navarro and Daniel Scavino, Jr., for Criminal Contempt of Congress",yes,
332204,117,Senate,Meeting,2022-03-28,ssju00,"Business meeting to consider the nominations of Ketanji Brown Jackson, of the District of Columbia, to be an Associate Justice of the Supreme Court of the United States, Stephanie Dawkins Davis, of Mi",yes,https://www.senate.gov/isvp/?comm=judiciary&filename=judiciary032822
114456,117,House,Hearing,2022-03-29,hsii00,"Hybrid Legislative Hearing on H.R. 6427, H.R. 6734, and 7025",yes,
114534,117,House,Hearing,2022-03-29,hsag00,“A 2022 Review of the Farm Bill: Horticulture and Urban Agriculture”,yes,
114539,117,House,Hearing,2022-03-29,hsvr00,"Legislative Hearing on: H.R. 1182, the Veteran Deportation Prevention and Reform Act; H.R 1183, the Honoring the Oath Act of 2021; H.R. 5916, the Wounded Warrior Access Act; H.R. 6131, the Veterans Di",yes,
332174,117,Senate,Meeting,2022-03-29,ssfr00,"Business meeting to consider S.J.Res.17, requiring the advice and consent of the Senate or an Act of Congress to suspend, terminate, or withdraw the United States from the North Atlantic Treaty and au",yes,
332203,117,Senate,Meeting,2022-03-29,ssju00,"Hearings to examine the Freedom of Information Act, focusing on improving transparency and the American public's right to know for the 21st century.",no,https://www.senate.gov/isvp/?comm=judiciary&filename=judiciary032922
332281,117,Senate,Meeting,2022-03-29,slin00,To receive a closed briefing on certain intelligence matters.,no,
114543,117,House,Hearing,2022-03-30,hsii00,Preventing Pandemics through US Wildlife-borne Disease Surveillance,yes,
114544,117,House,Hearing,2022-03-30,hsju00,"Examining Civil Rights Litigation Reform, Part 1: Qualified Immunity",no,
114548,117,House,Hearing,2022-03-30,hsvr00,"Legislative Hearing on: H.R. 6052, the VA OIG Training Act; Discussion Draft, the Faster Payments to Veterans’ Survivors Act; Discussion Draft, the Improving Oversight of the Veterans Community Care P",yes,
114549,117,House,Hearing,2022-03-30,hssy00,Space Situational Awareness: Guiding the Transition to a Civil Capability,yes,
332176,117,Senate,Meeting,2022-03-30,ssga00,"Business meeting to consider S.3677, to amend the Robert T. Stafford Disaster Relief and Emergency Assistance Act to authorize the President to provide professional counseling services to victims of e",yes,https://www.senate.gov/isvp/?comm=govtaff&filename=govtaff033022
114555,117,House,Hearing,2022-03-31,hsii00,“Benefits of the Legacy Pollution Clean-Up Programs in the Bipartisan Infrastructure Law.”,yes,
114556,117,House,Hearing,2022-03-31,hsvr00,Helping Veterans Thrive: The Importance of Peer Support in Preventing Domestic Violent Extremism,yes,
114558,117,House,Hearing,2022-03-31,hsii00,"Legislative Hearing on H.R.4715, H.R.5715, and H.R.6707",yes,
332183,117,Senate,Meeting,2022-04-04,ssju00,"Business meeting to consider the nominations of Ketanji Brown Jackson, of the District of Columbia, to be an Associate Justice of the Supreme Court of the United States, Stephanie Dawkins Davis, of Mi",yes,https://www.senate.gov/isvp/?comm=judiciary&filename=judiciary040422
114588,117,House,Markup,2022-04-05,hsfa00,Markup of Various Measures,yes,
114619,117,House,Markup,2022-04-05,hsed00,"H.R. 7309, Workforce Innovation and Opportunity Act of 2022, and H.R. 7310, Protecting America’s Retirement Security Act",yes,
331844,117,Senate,Meeting,2022-04-05,slin00,To receive a closed briefing on certain intelligence matters.,no,
332223,117,Senate,Meeting,2022-04-05,ssas00,Closed hearings to examine training the next generation of cyber operators.,no,https://www.senate.gov/isvp/?comm=armed&filename=armedA040522
332224,117,Senate,Meeting,2022-04-05,ssas00,Hearings to examine the posture of United States Special Operations Command and United States Cyber Command in review of the Defense Authorization Request for fiscal year 2023 and the Future Years Def,no,https://www.senate.gov/isvp/?comm=armed&filename=armedA040522
114615,117,House,Hearing,2022-04-06,hlef00,(Im)Balance of Power: How Market Concentration Affects Worker Compensation and Consumer Prices,yes,
114618,117,House,Markup,2022-04-06,hsii00,"HR 920, HR 1638, HR 2626, HR 5093, and HR 6651",yes,
114624,117,House,Hearing,2022-04-06,hlig00,Compartmented Hearing (Closed),yes,
114625,117,House,Markup,2022-04-06,hsgo00,"1.	H.R. 1756, the Measuring Real Income Growth Act;

2.	H.R. 6531, the Targeting Resources to Communities in Need Act of 2022;

3.	H.R. 6967, the Chance to Compete Act;

4.	H.R. ____, the Honoring Civ",yes,
114627,117,House,Markup,2022-04-06,hsvr00,"Markup on: H.R. 5738, the Lactation Spaces for Veteran Moms Act; H.R. 6961, the Dignity for MST Survivors Act; A.N.S. to H.R. 2724, the VA Peer Support Enhancement for MST Survivors Act; H.R. 7335, VB",yes,
332242,117,Senate,Meeting,2022-04-06,ssga00,"Business meeting to consider the nominations of Derek Kan, of California, and Daniel Mark Tangherlini, of the District of Columbia, both to be a Governor of the United States Postal Service.",yes,https://www.senate.gov/isvp/?comm=govtaff&filename=govtaff040622
332280,117,Senate,Meeting,2022-04-06,slia00,"Business meeting to consider S.3123, to amend the Siletz Reservation Act to address the hunting, fishing, trapping, and animal gathering rights of the Confederated Tribes of Siletz Indians, S.3126, to",yes,https://www.senate.gov/isvp/?comm=indian&filename=indian040622
332160,117,Senate,Meeting,2022-04-07,ssfr00,"Hearings to examine the nominations of Caroline Kennedy, of New York, to be Ambassador to the Commonwealth of Australia, Philip S. Goldberg, of the District of Columbia, to be Ambassador to the Republ",yes,https://www.senate.gov/isvp/?comm=foreign&filename=foreign040722
332260,117,Senate,Meeting,2022-04-07,ssas00,Open and closed hearings to examine the Department of Defense budget posture in review of the Defense Authorization Request for fiscal year 2023 and the Future Years Defense Program.,no,https://www.senate.gov/isvp/?comm=armed&filename=armedA040722
332261,117,NoChamber,Meeting,2022-04-07,jcse00,Hearings to examine protecting Ukrainian refugees from human trafficking.,no,
114632,117,House,Hearing,2022-04-11,hlef00,Pathways to Opportunity: Lessons from Kenosha,yes,
114635,117,House,Hearing,2022-04-12,hlef00,Addressing Milwaukee Housing Inequality to Improve Financial Security and Expand Wealth-Building,yes,
114650,117,House,Hearing,2022-04-26,hsvr00,Next Steps: Examining Plans for the Continuation of the Department of Veterans Affairs Electronic Health Record Modernization Program,yes,
332460,117,Senate,Meeting,2022-04-26,slin00,To receive a closed briefing on certain intelligence matters.,no,
114660,117,House,Hearing,2022-04-27,hsvr00,At What Cost? – Ensuring Quality Representation in the Veteran Benefit Claims Process,yes,
114668,117,House,Hearing,2022-04-27,hsii00,"Legislative Hearing on H.R. 437, H.R. 6063, H.R. 6181 [Discussion Draft ANS], S. 314, S. 559, and S. 789",yes,
332382,117,Senate,Meeting,2022-04-27,ssju00,"Hearings to examine the nominations of Nancy G. Abudu, of Georgia, to be United States Circuit Judge for the Eleventh Circuit, Julianna Michelle Childs, of South Carolina, to be United States Circuit ",yes,https://www.senate.gov/isvp/?comm=judiciary&filename=judiciary042722
332388,117,Senate,Meeting,2022-04-27,ssfr00,To receive a closed briefing on recent developments in China's nuclear capabilities.,no,
114671,117,House,Hearing,2022-04-28,hsvr00,"U.S. Department of Veterans Affairs Budget 
Request for Fiscal Year 2023",yes,
114691,117,House,Markup,2022-04-28,hswm00,Views and Estimates Letter to the Committee on the Budget,yes,
332404,117,Senate,Meeting,2022-05-03,ssra00,"Business meeting to consider the nomination of Dara Lindenbaum, of Virginia, to be a Member of the Federal Election Commission.",yes,https://www.senate.gov/isvp/?comm=rules&filename=rules050322
332405,117,Senate,Meeting,2022-05-03,ssju00,"Hearings to examine an ethical judiciary, focusing on transparency and accountability for 21st century courts.",no,https://www.senate.gov/isvp/?comm=judiciary&filename=judiciary050322
332462,117,Senate,Meeting,2022-05-03,sseg00,"Business meeting to consider S.173, to provide for the designation of certain wilderness areas, recreation management areas, and conservation areas in the State of Colorado, S.177, to amend the John D",yes,https://www.senate.gov/isvp/?comm=energy&filename=energy050322
332600,117,Senate,Meeting,2022-05-03,slin00,To receive a closed briefing on certain intelligence matters.,no,
332320,117,Senate,Meeting,2022-05-04,ssfr00,"Hearings to examine the nominations of Jane Hartley, of New York, to be Ambassador to the United Kingdom of Great Britain and Northern Ireland, Alan M. Leventhal, of Massachusetts, to be Ambassador to",yes,https://www.senate.gov/isvp/?comm=foreign&filename=foreign050422
332424,117,Senate,Meeting,2022-05-04,ssfr00,"Business meeting to consider the nominations of John N. Nkengasong, of Georgia, to be Ambassador at Large, Coordinator of United States Government Activities to Combat HIV/AIDS Globally, Marc B. Natha",yes,https://www.senate.gov/isvp/?comm=foreign&filename=foreign050422
332463,117,Senate,Meeting,2022-05-04,ssva00,"Business meeting to consider the nomination of Shereef M. Elnahal, of New Jersey, to be Under Secretary for Health of the Department of Veterans Affairs.",yes,
332468,117,NoChamber,Meeting,2022-05-04,jcse00,Hearings to examine Russian war crimes in Ukraine.,no,
334153,117,Senate,Meeting,2022-05-04,slin00,Closed hearings to examine certain intelligence matters.,no,
332387,117,Senate,Meeting,2022-05-05,ssju00,"Business meeting to consider S.977, to amend the Sherman Act to make oil-producing and exporting cartels illegal, S.3846, to reauthorize the Justice and Mental Health Collaboration Program, and the no",yes,https://www.senate.gov/isvp/?comm=judiciary&filename=judiciary050522
332444,117,Senate,Meeting,2022-05-05,ssas00,Hearings to examine the posture of the Department of the Army in review of the Defense Authorization Request for fiscal year 2023 and the Future Years Defense Program; to be immediately followed by a ,no,https://www.senate.gov/isvp/?comm=armed&filename=armedA050522
332064,117,Senate,Meeting,2022-05-10,slin00,"Closed business meeting to consider the nomination of Kate Elizabeth Heinzelman, of New York, to be General Counsel of the Central Intelligence Agency; to be immediately followed by a closed briefing ",yes,
332467,117,Senate,Meeting,2022-05-10,ssfr00,"Hearings to examine the nomination of Bridget A. Brink, of Michigan, to be Ambassador to Ukraine, Elizabeth H. Richard, of Virginia, to be Coordinator for Counterterrorism, with the rank and status of",yes,https://www.senate.gov/isvp/?comm=foreign&filename=foreign051022
332554,117,Senate,Meeting,2022-05-10,slin00,Closed hearings to examine certain intelligence matters.,no,
114722,117,House,Hearing,2022-05-11,hsii00,"Legislative Hearing on H.R. 279, H.R. 7329, H.R. 7399 & H.R. 7665",yes,
114724,117,House,Hearing,2022-05-11,hlef00,Bringing Prosperity to Left-Behind Communities: Using Targeted Place-based Development to Expand Economic Opportunity,yes,
114739,117,House,Markup,2022-05-11,hsgo00,"1.	HR ____, the Artificial Intelligence Training for the Acquisition Workforce Act;

2.	H.R. 4176, the LGBTQI+ Data Inclusion Act;

3.	H.R. 7331, the Improving Government for America’s Taxpayers Act;
",yes,
114745,117,House,Markup,2022-05-11,hsif00,Six Health Bills,yes,
332481,117,Senate,Meeting,2022-05-11,ssju00,"Hearings to examine the nominations of John Z. Lee, of Illinois, to be United States Circuit Judge for the Seventh Circuit, Salvador Mendoza, Jr., of Washington, to be United States Circuit Judge for ",yes,https://www.senate.gov/isvp/?comm=judiciary&filename=judiciary051122
332487,117,Senate,Meeting,2022-05-11,ssas00,Hearings to examine Space Force programs in review of the Defense Authorization Request for fiscal year 2023 and the Future Years Defense Program.,no,https://www.senate.gov/isvp/?comm=armed&filename=armedA051122
332489,117,Senate,Meeting,2022-05-11,sscm00,"Business meeting to consider S.2427, to require the Federal Communications Commission to conduct a study and submit to Congress a report examining the feasibility of funding the Universal Service Fund",yes,https://www.senate.gov/isvp/?comm=commerce&filename=commerce051122
114704,117,House,Hearing,2022-05-12,hlig00,Fiscal Year 2023 Military Intelligence Program Budget Hearing (Closed),yes,
114730,117,House,Hearing,2022-05-12,hsvr00,"Innovative Care Delivery at VA:  

Partnering to Improve Infrastructure and Operational Efficiency",yes,
332490,117,Senate,Meeting,2022-05-12,ssju00,"Business meeting to consider S.3846, to reauthorize the Justice and Mental Health Collaboration Program, and the nominations of Rachelle L. Crowe, to be United States Attorney for the Southern Distric",yes,https://www.senate.gov/isvp/?comm=judiciary&filename=judiciary051222
332500,117,Senate,Meeting,2022-05-12,ssas00,Hearings to examine the posture of the Department of the Navy in review of the Defense Authorization Request for fiscal year 2023 and the Future Years Defense Program; to be immediately followed by a ,no,https://www.senate.gov/isvp/?comm=armed&filename=armedA051222
332523,117,Senate,Meeting,2022-05-12,ssfr00,Hearings to examine U.S. efforts to support Ukraine against Russian aggression.,no,https://www.senate.gov/isvp/?comm=foreign&filename=foreign051222
114761,117,House,Hearing,2022-05-17,hlig00,Unidentified Aerial Phenomena (Open and Closed),yes,
114799,117,House,Markup,2022-05-17,hsag00,"the Budget Views and Estimates Letter of the Committee on Agriculture for the agencies and programs under the jurisdiction of the Committee for Fiscal Year 2023; H.R. 7764, A bill to direct the Secret",yes,
114804,117,House,Hearing,2022-05-17,hsfa00,The FY23 Budget Request: USAID’s Foreign Policy and International Development Priorities,yes,
332531,117,Senate,Meeting,2022-05-17,ssas00,Hearings to examine modernization efforts of the Department of the Air Force in review of the Defense Authorization Request for fiscal year 2023 and the Future Years Defense Program.,no,https://www.senate.gov/isvp/?comm=armed&filename=armedA051722
332555,117,Senate,Meeting,2022-05-17,slin00,Closed hearings to examine certain intelligence matters.,no,
114771,117,House,Hearing,2022-05-18,hsvr00,"Legislative Hearing on: H.R. 3950, the Veterans Medical Legal Partnerships Act of 2021; H.R. 6124, the Veterans Affairs Home Loan Guaranty Resiliency and Concurrency Enhancement Act of 2021; Discussio",yes,
114780,117,House,Hearing,2022-05-18,hlig00,FY23 National Intelligence Program Budget Hearing (Closed),yes,
114796,117,House,Hearing,2022-05-18,hsii00,Fiscal Year 2023 Budget Request of the Department of the Interior's Office of Insular Affairs,yes,
114800,117,House,Hearing,2022-05-18,hsfa00,The Impact of Russia’s Invasion of Ukraine in the Middle East and North Africa,yes,
114806,117,House,Markup,2022-05-18,hsif00,Six Health Bills,yes,
332545,117,Senate,Meeting,2022-05-18,ssas00,"Hearings to examine missile defense strategy, policies, and programs in review of the Defense Authorization Request for fiscal year 2023 and the Future Years Defense Program.",no,https://www.senate.gov/isvp/?comm=armed&filename=armedA051822
332546,117,Senate,Meeting,2022-05-18,sssb00,"Business meeting to consider S.1687, to amend section 21 of the Small Business Act to require cyber certification for small business development center counselors, S.2162, to require the Small Busines",yes,https://www.senate.gov/isvp/?comm=smbiz&filename=smbiz051822
332548,117,Senate,Meeting,2022-05-18,ssfr00,"Business meeting to consider S.Res.341, commemorating the 70th anniversary of the signing of the Security Treaty among Australia, New Zealand, and the United States of America, S.Res.529, supporting a",yes,https://www.senate.gov/isvp/?comm=foreign&filename=foreign051822
332551,117,Senate,Meeting,2022-05-18,ssfr00,"Hearings to examine the nominations of Elizabeth Frawley Bagley, of Florida, to be Ambassador to the Federative Republic of Brazil, Mari Carmen Aponte, of Puerto Rico, to be Ambassador to the Republic",yes,https://www.senate.gov/isvp/?comm=foreign&filename=foreign051822
332560,117,Senate,Meeting,2022-05-18,slia00,"Business meeting to consider S.3381, to require the Bureau of Indian Affairs to process and complete all mortgage packages associated with residential and business mortgages on Indian land by certain ",yes,https://www.senate.gov/isvp/?comm=indian&filename=indian051822
332601,117,Senate,Meeting,2022-05-18,slin00,Closed hearings to examine certain intelligence matters.,no,
114573,117,House,Hearing,2022-05-19,hsfa00,The Ukraine Crisis: Implications for U.S. Policy in the Indo-Pacific,yes,
332530,117,Senate,Meeting,2022-05-19,ssas00,Hearings to examine Department of Energy and National Nuclear Security Administration testimony on atomic energy defense activities in review of the Defense Authorization Request for fiscal year 2023 ,no,https://www.senate.gov/isvp/?comm=armed&filename=armedA051922
332604,117,Senate,Meeting,2022-05-19,ssju00,"Business meeting to consider S.4007, to require the Attorney General to propose a program for making treatment for post-traumatic stress disorder and acute stress disorder available to public safety o",yes,https://www.senate.gov/isvp/?comm=judiciary&filename=judiciary051922
114744,117,House,Hearing,2022-05-24,hsii00,Boundary Waters Legislative Hearing,yes,
332573,117,Senate,Meeting,2022-05-24,ssfr00,"Hearings to examine the nominations of Reuben E. Brigety II, of Florida, to be Ambassador to the Republic of South Africa, Michael Battle, of Georgia, to be Ambassador to the United Republic of Tanzan",yes,https://www.senate.gov/isvp/?comm=foreign&filename=foreign052422
332724,117,Senate,Meeting,2022-05-24,slin00,To receive a closed briefing on certain intelligence matters.,no,
328058,117,Senate,Meeting,2022-05-25,slin00,Closed hearings to examine certain intelligence matters.,no,
332571,117,Senate,Meeting,2022-05-25,ssju00,"Hearings to examine the nominations of Sarah A. L. Merriam, of Connecticut, to be United States Circuit Judge for the Second Circuit, Lara E. Montecalvo, of Rhode Island, to be United States Circuit J",yes,https://www.senate.gov/isvp/?comm=judiciary&filename=judiciary052522
332572,117,Senate,Meeting,2022-05-25,sshr00,"Business meeting to consider the nominations of Kalpana Kotagal, of Ohio, to be a Member of the Equal Employment Opportunity Commission, LaWanda Amaker Toney, of Maryland, to be Assistant Secretary fo",yes,
332574,117,Senate,Meeting,2022-05-25,ssga00,"Business meeting to consider S.4000, to require the establishment of cybersecurity information sharing agreements between the Department of Homeland Security and Congress, S.4128, to require the Compt",yes,https://www.senate.gov/isvp/?comm=govtaff&filename=govtaff052522
332580,117,Senate,Meeting,2022-05-25,sscm00,"Business meeting to consider S.1472, to require the Federal Communications Commission and the National Telecommunications and Information Administration to update the Memorandum of Understanding on Sp",yes,https://www.senate.gov/isvp/?comm=commerce&filename=commerce052522
332602,117,NoChamber,Meeting,2022-05-25,jcse00,"Hearings to examine supporting Ukrainian refugees, focusing on U.S. policy and visa issuance.",no,
332562,117,Senate,Meeting,2022-05-26,ssju00,"Business meeting to consider S.3635, to amend the Omnibus Crime Control and Safe Streets Act of 1986 to authorize public safety officer death benefits to officers suffering from post-traumatic stress ",yes,https://www.senate.gov/isvp/?comm=judiciary&filename=judiciary052622
114852,117,House,Markup,2022-06-02,hsju00,"H.R. 7910, the ""Protecting Our Kids Act""",yes,
114853,117,House,Hearing,2022-06-07,hsvr00,Cybersecurity and Risk Management at VA: Addressing Ongoing Challenges and Moving Forward,no,
114871,117,House,Meeting,2022-06-07,hsgo00,Deposition of David Pauken,yes,
332642,117,Senate,Meeting,2022-06-07,ssfr00,To receive a closed briefing on around the world threat assessment.,no,https://www.senate.gov/isvp/?comm=foreign&filename=foreign060722
332665,117,Senate,Meeting,2022-06-07,ssju00,Hearings to examine domestic terrorism threat after the Buffalo attack.,no,https://www.senate.gov/isvp/?comm=judiciary&filename=judiciary060722
332672,117,Senate,Meeting,2022-06-07,ssfr00,"Hearings to examine the nomination of Amanda Bennett, of the District of Columbia, to be Chief Executive Officer of the United States Agency for Global Media, and other pending nominations.",yes,https://www.senate.gov/isvp/?comm=foreign&filename=foreign060722
114811,117,House,Markup,2022-06-08,hsas00,H.R. 7900 - National Defense Authorization Act for Fiscal Year 2023,yes,
114813,117,House,Markup,2022-06-08,hsas00,H.R. 7900 - National Defense Authorization Act for Fiscal Year 2023,yes,
114815,117,House,Markup,2022-06-08,hsas00,H.R. 7900 - National Defense Authorization Act for Fiscal Year 2023,yes,
114816,117,House,Markup,2022-06-08,hsas00,H.R. 7900 - National Defense Authorization Act for Fiscal Year 2023,yes,
114854,117,House,Markup,2022-06-08,hsii00,"HR 263, HR 3081, HR 5444, HR 6063, HR 6181, HR 6337, HR 6427, HR 6707, HR 6734, HR 7002, HR 7025, HR 7075, HR 7612, S.314, S.559, S. 789",yes,
114865,117,House,Hearing,2022-06-08,hlig00,Compartmented Posture Hearing (Closed),yes,
114878,117,House,Meeting,2022-06-08,hsfa00,Resourcing U.S. Priorities in the Indo-Pacific FY23 Budget Hearing,yes,
332667,117,Senate,Meeting,2022-06-08,sshr00,"Business meeting to consider S.4348, to amend the Federal Food, Drug, and Cosmetic Act to revise and extend the user-fee programs for prescription drugs, medical devices, generic drugs, and biosimilar",yes,https://www.senate.gov/isvp/?comm=help&filename=help060822
332680,117,Senate,Meeting,2022-06-08,ssbk00,"Business meeting to consider the nominations of Michael S. Barr, of Michigan, to be a Member, and to be Vice Chairman for Supervision of the Board of Governors, and Jaime E. Lizarraga, of Virginia, an",yes,https://www.senate.gov/isvp/?comm=banking&filename=banking060822
332723,117,Senate,Meeting,2022-06-08,slin00,Closed hearings to examine certain intelligence matters.,no,
332860,117,Senate,Meeting,2022-06-08,ssju00,"Hearings to examine the nominations of Carlton W. Reeves, of Mississippi, to be a Member, and to be Chair, and Laura E. Mate, of Iowa, Claire McCusker Murray, of Maryland, Luis Felipe Restrepo, of Pen",yes,https://www.senate.gov/isvp/?comm=judiciary&filename=judiciary060822
114812,117,House,Markup,2022-06-09,hsas00,H.R. 7900 - National Defense Authorization Act for Fiscal Year 2023,yes,
114814,117,House,Markup,2022-06-09,hsas00,H.R. 7900 - National Defense Authorization Act for Fiscal Year 2023,yes,
114817,117,House,Markup,2022-06-09,hsas00,H.R. 7900 - National Defense Authorization Act for Fiscal Year 2023,yes,
114851,117,House,Hearing,2022-06-09,hlig00,Compartmented Budget Hearing (Closed),no,
114869,117,House,Hearing,2022-06-09,hsii00,“Coal Community Protection and Revitalization.”,yes,
332725,117,Senate,Meeting,2022-06-09,ssju00,"Business meeting to consider the nominations of John Z. Lee, of Illinois, to be United States Circuit Judge for the Seventh Circuit, Salvador Mendoza, Jr., of Washington, to be United States Circuit J",yes,https://www.senate.gov/isvp/?comm=judiciary&filename=judiciary060922
334324,117,Senate,Meeting,2022-06-13,ssas00,Closed business meeting to markup those provisions which fall under the subcommittee's jurisdiction of the proposed National Defense Authorization Act for fiscal year 2023.,no,
114879,117,House,Hearing,2022-06-14,hsfa00,"The Administration’s FY23 Budget Request for the Peace Corps, Development Finance Corporation, and Millennium Challenge Corporation",yes,
114881,117,House,Hearing,2022-06-14,hlvc00,"Hybrid Hearing on “Examining Federal Efforts to Prevent, Detect, and Prosecute Pandemic Relief Fraud to Safeguard Funds for All Eligible Americans”",yes,
114893,117,House,Hearing,2022-06-14,hlig00,National Reconnaissance Office and National Geospatial Intelligence Agency Budgets Hearing (Closed),yes,
114904,117,House,Hearing,2022-06-14,hsii00,"Legislative hearing on H.R. 1548, H.R. 4658, H.R. 6364, H.R. 6442, H.R. 7496, H.R. 7615, H.R. 7693 & H.R. 7952",yes,
332703,117,Senate,Meeting,2022-06-14,sshr00,"Business meeting to consider S.4348, to amend the Federal Food, Drug, and Cosmetic Act to revise and extend the user-fee programs for prescription drugs, medical devices, generic drugs, and biosimilar",yes,https://www.senate.gov/isvp/?comm=help&filename=help061422
332705,117,Senate,Meeting,2022-06-14,ssju00,Hearings to examine strengthening our workforce and economy through higher education and immigration.,no,https://www.senate.gov/isvp/?comm=judiciary&filename=judiciary061422
333541,117,Senate,Meeting,2022-06-14,slin00,Closed hearings to examine certain intelligence matters.,no,
334325,117,Senate,Meeting,2022-06-14,ssas00,Closed business meeting to markup those provisions which fall under the subcommittee's jurisdiction of the proposed National Defense Authorization Act for fiscal year 2023.,no,https://www.senate.gov/isvp/?comm=armed&filename=armedA061422 https://www.senate.gov/isvp/?comm=armed&filename=armedB061422
334326,117,Senate,Meeting,2022-06-14,ssas00,Closed business meeting to markup those provisions which fall under the subcommittee's jurisdiction of the proposed National Defense Authorization Act for fiscal year 2023.,no,https://www.senate.gov/isvp/?comm=armed&filename=armedA061422 https://www.senate.gov/isvp/?comm=armed&filename=armedB061422
334327,117,Senate,Meeting,2022-06-14,ssas00,Closed business meeting to markup those provisions which fall under the subcommittee's jurisdiction of the proposed National Defense Authorization Act for fiscal year 2023.,no,https://www.senate.gov/isvp/?comm=armed&filename=armedA061422 https://www.senate.gov/isvp/?comm=armed&filename=armedB061422
334328,117,Senate,Meeting,2022-06-14,ssas00,Business meeting to markup those provisions which fall under the subcommittee's jurisdiction of the proposed National Defense Authorization Act for fiscal year 2023.,no,https://www.senate.gov/isvp/?comm=armed&filename=armedA061422 https://www.senate.gov/isvp/?comm=armed&filename=armedB061422
334329,117,Senate,Meeting,2022-06-14,ssas00,Business meeting to markup those provisions which fall under the subcommittee's jurisdiction of the proposed National Defense Authorization Act for fiscal year 2023.,no,https://www.senate.gov/isvp/?comm=armed&filename=armedA061422 https://www.senate.gov/isvp/?comm=armed&filename=armedB061422
334330,117,Senate,Meeting,2022-06-14,ssas00,Closed business meeting to markup those provisions which fall under the subcommittee's jurisdiction of the proposed National Defense Authorization Act for fiscal year 2023.,no,https://www.senate.gov/isvp/?comm=armed&filename=armedA061422 https://www.senate.gov/isvp/?comm=armed&filename=armedB061422
114718,117,House,Hearing,2022-06-15,hsvr00,Reviewing President Biden’s Strategy to Reduce Veteran Suicide by Addressing Economic Risk Factors,yes,
114895,117,House,Hearing,2022-06-15,hlig00,Central Intelligence Agency Budget Hearing (Closed),yes,
114898,117,House,Markup,2022-06-15,hsii00,"HR 263, HR 5444, HR 6063, HR 6181, HR 6337, HR 6427, HR 6707, HR 6734, HR 7002, HR 7025, HR 7075, S. 789",yes,
114901,117,House,Markup,2022-06-15,hsap00,Fiscal Year 2023 Defense Subcommittee Appropriations Bill (CLOSED),yes,
114919,117,House,Markup,2022-06-15,hsif00,Seven Bills,yes,
332283,117,Senate,Meeting,2022-06-15,slin00,To receive a closed briefing on certain intelligence matters.,no,
332710,117,Senate,Meeting,2022-06-15,ssju00,Hearings to examine protecting America's children from gun violence.,no,https://www.senate.gov/isvp/?comm=judiciary&filename=judiciary061522
332711,117,Senate,Meeting,2022-06-15,scnc00,An oversight hearing to examine the Office of National Drug Control Policy and its 2022 National Drug Control Strategy.,no,
332712,117,Senate,Meeting,2022-06-15,ssju00,"Hearings to examine the impact of consolidation on families and consumers, focusing on baby formula and beyond.",no,https://www.senate.gov/isvp/?comm=judiciary&filename=judiciary061522
332741,117,Senate,Meeting,2022-06-15,ssfr00,To receive a closed briefing on Iran's nuclear program and U.S. strategy.,no,
334331,117,Senate,Meeting,2022-06-15,ssas00,Closed business meeting to markup the proposed National Defense Authorization Act for fiscal year 2023.,no,
114876,117,House,Hearing,2022-06-16,hsii00,"Legislative Hearing on H.R. 4768, H.R. 6936, H.R. 6949, H.R. 7398, H.R. 7792, H.R. 7793, H.R. 7801",yes,
332674,117,Senate,Meeting,2022-06-16,ssju00,"Business meeting to consider the nominations of Sarah A. L. Merriam, of Connecticut, to be United States Circuit Judge for the Second Circuit, Lara E. Montecalvo, of Rhode Island, to be United States ",yes,https://www.senate.gov/isvp/?comm=judiciary&filename=judiciary061622
332709,117,Senate,Meeting,2022-06-16,ssfr00,"Hearings to examine the nominations of Tamara Cofman Wittes, of the District of Columbia, to be an Assistant Administrator of the United States Agency for International Development, and Geeta Rao Gupt",yes,https://www.senate.gov/isvp/?comm=foreign&filename=foreign061622
334332,117,Senate,Meeting,2022-06-16,ssas00,Closed business meeting to continue to markup the proposed National Defense Authorization Act for fiscal year 2023.,no,
114918,117,House,Hearing,2022-06-17,hlef00,Infrastructure Investment: Building Economic Resilience in South Texas,yes,
114922,117,House,Hearing,2022-06-21,hlig00,Federal Bureau of Investigation and Department of Homeland Security I&A Budget Hearing (Closed),yes,
114818,117,House,Markup,2022-06-22,hsas00,H.R. 7900 - National Defense Authorization Act for Fiscal Year 2023,yes,
114857,117,House,Hearing,2022-06-22,hsvr00,"**RESCHEDULED**: Legislative Hearing on: H.R. 291, the COST SAVINGS Enhancement Act; H.R. 345, the Reproductive Health Information for Veterans Act; H.R. 1216, the Modernizing Veterans’ Health Care El",yes,
114928,117,House,Hearing,2022-06-22,hlig00,National Security Agency Budget Hearing (Closed),yes,
114949,117,House,Hearing,2022-06-22,hlef00,"Tackling the Tax Code: Evaluating Fairness, Efficiency and Potential to Spur Inclusive Economic Growth",yes,
332769,117,Senate,Meeting,2022-06-22,ssaf00,"Business meeting to consider S.3870, to establish the Office of the Special Investigator for Competition Matters within the Department of Agriculture, and S.4030, to amend the Agricultural Marketing A",yes,https://www.senate.gov/isvp/?comm=ag&filename=ag062222
332771,117,Senate,Meeting,2022-06-22,sscm00,"Business meeting to consider S.2333, to amend chapter 2205 of title 36, United States Code, to ensure equal treatment of athletes, S.2510, to reduce the health risks of heat by establishing the Nation",yes,https://www.senate.gov/isvp/?comm=commerce&filename=commerce062222
332773,117,Senate,Meeting,2022-06-22,slin00,Closed business meeting to consider pending intelligence matters.,no,
332782,117,Senate,Meeting,2022-06-22,ssfi00,"Business meeting to consider an original bill entitled, ""Enhancing American Retirement Now Act"".",no,https://www.senate.gov/isvp/?comm=finance&filename=finance062222
114938,117,House,Hearing,2022-06-23,hlig00,Defense Intelligence Agency Budget Hearing (Closed),no,
114957,117,House,Hearing,2022-06-23,hsii00,"Legislative Hearing on H.R. 2522, H.R. 2882, H.R. 5355, H.R. 6240 & H.R. 7509",yes,
114958,117,House,Markup,2022-06-23,hsif00,Eight Bills,yes,
114956,117,House,Meeting,2022-06-29,hsfa00,International Efforts to Encourage a Sustainable Blue Economy,no,
114972,117,House,Meeting,2022-07-11,hsvr00,Ending Veteran Hunger: Examining the Impact of COVID-19 on Food Insecurity,yes,
332847,117,Senate,Meeting,2022-07-12,scnc00,Hearings to examine the role of the Federal government in attacking the financial networks of cartels.,no,
332880,117,Senate,Meeting,2022-07-12,slin00,To receive a closed briefing on certain intelligence matters.,no,
114866,117,House,Hearing,2022-07-13,hsfa00,The FY23 Budget Request: United Nations and International Organizations,yes,
114990,117,House,Markup,2022-07-13,hsii00,"HR 2794, HR 3686, HR 5715, HR 6364, HR 6442, HR 6654, HR 6936, HR 7283, HR 7496, HR 7693",yes,
115000,117,House,Markup,2022-07-13,hsju00,"H.R. 8227, the “Speak Out Act”; H.R. 7566, the “Stop Human Trafficking in School Zones Act”; H.R. 6878, the “Protecting the Health and Wellness of Babies and Pregnant Women Act of 2022”",yes,
115004,117,House,Markup,2022-07-13,hsif00,Five Bills,yes,
332848,117,Senate,Meeting,2022-07-13,ssfr00,"Hearings to examine the nominations of Dean R. Thompson, of Maryland, to be Ambassador to Nepal, Robert F. Godec, of Virginia, to be Ambassador to the Kingdom of Thailand, Yohannes Abraham, of Virgini",yes,https://www.senate.gov/isvp/?comm=foreign&filename=foreign071322
332849,117,Senate,Meeting,2022-07-13,ssju00,"Hearings to examine the nominations of Roopali H. Desai, of Arizona, to be United States Circuit Judge for the Ninth Circuit, Doris L. Pryor, of Indiana, to be United States Circuit Judge for the Seve",yes,https://www.senate.gov/isvp/?comm=judiciary&filename=judiciary071322
332859,117,Senate,Meeting,2022-07-13,slia00,"Business meeting to consider the nomination of Roselyn Tso, of Oregon, to be Director of the Indian Health Service, Department of Health and Human Services.",yes,
114988,117,House,Hearing,2022-07-14,hsvr00,"Examining VA Community Care Access, Utilization, and Expenditures",yes,
114999,117,House,Hearing,2022-07-14,hsfa00,"Examining the U.S. Interest in Regional Security Cooperation in the Middle East 
and North Africa: Opportunities, Obstacles, and Objectives",no,
115006,117,House,Hearing,2022-07-14,hsfa00,Examining the Realities of Russian Activities and Influence in Africa and Its Effects on the Continent,yes,
115007,117,House,Markup,2022-07-14,hsgo00,"1.	H.R. 4258, the Improving Digital Identity Act;

2.	H.R. 8322, the Strengthening Tools to Obstruct and Prevent Fraud Act of 2022;

3.	H.R. 7602, the Preventing Organizational Conflicts of Interest i",yes,
115011,117,House,Hearing,2022-07-14,hsii00,"Legislative Hearing on H.R. 1256, H.R.6438, H.R. 6353, H.R. 6611, H.R. 6720, H.R. 6799, H.R. 7618, H.R. 7912, H.R. 8046 & H.R. 8258",yes,
332857,117,Senate,Meeting,2022-07-14,ssju00,Business meeting to consider pending calendar business.,no,https://www.senate.gov/isvp/?comm=judiciary&filename=judiciary071422
332905,117,Senate,Meeting,2022-07-14,ssju00,"Business meeting to consider the nominations of Rachel Bloomekatz, of Ohio, to be United States Circuit Judge for the Sixth Circuit, Florence Y. Pan, to be United States Circuit Judge for the District",yes,https://www.senate.gov/isvp/?comm=judiciary&filename=judiciary071422
114991,117,House,Hearing,2022-07-19,hsii00,Legislative Hearing,yes,
115001,117,House,Meeting,2022-07-19,hsvr00,RESCHEDULED: Full Committee Business Meeting: Reauthorization of the Women Veterans Task Force and Subcommittee Assignments,yes,
115016,117,House,Hearing,2022-07-19,hsfa00,Assessing the U.S. Economic Policy Response to Russia’s Invasion of Ukraine,no,
115020,117,House,Hearing,2022-07-19,hlvc00,“Understanding and Addressing Long COVID and Its Health and Economic Consequences”,yes,
115029,117,House,Markup,2022-07-19,hlmh00,Business Meeting to Vote on Recommendations,yes,
332862,117,Senate,Meeting,2022-07-19,ssju00,"Hearings to examine KleptoCapture, focusing on aiding Ukraine through forfeiture of Russian oligarchs' illicit assets.",no,https://www.senate.gov/isvp/?comm=judiciary&filename=judiciary071922
332868,117,Senate,Meeting,2022-07-19,ssfr00,"Business meeting to consider S.4428, to support the security of Taiwan and its right of self-determination, S.4466, to amend the Peace Corps Act by reauthorizing the Peace Corps, providing better supp",yes,
332878,117,Senate,Meeting,2022-07-19,ssas00,To receive a closed briefing on Ukraine.,no,
332944,117,Senate,Meeting,2022-07-19,slin00,To receive a closed briefing on certain intelligence matters.,no,
115014,117,House,Markup,2022-07-20,hlig00,"Intelligence Authorization Act:

I. Mark-up of the Intelligence Authorization Act for Fiscal Year 2023. 
 
II. Authorizing all Members of the House of Representatives to review, at a time to be determ",yes,
115021,117,House,Hearing,2022-07-20,hsvr00,Modernizing Veteran Education in the Shadow of COVID-19,yes,
115041,117,House,Markup,2022-07-20,hsif00,Six Bills,yes,
115043,117,House,Markup,2022-07-20,hsgo00,"*NOTICE TO RECONVENE*
7-14-2022 BUSINESS MEETING 

1. H.R. 4258, the Improving Digital Identity Act;

2. H.R. 8322, the Strengthening Tools to Obstruct and Prevent Fraud Act of 2022;

3. H.R. 7602, th",yes,
332784,117,Senate,Meeting,2022-07-20,ssev00,Business meeting to consider pending calendar business.,no,
332873,117,Senate,Meeting,2022-07-20,ssju00,"Hearings to examine the Highland Park attack, focusing on protecting our communities from mass shootings.",no,https://www.senate.gov/isvp/?comm=judiciary&filename=judiciary072022
333113,117,Senate,Meeting,2022-07-20,slin00,Closed business meeting to consider pending calendar business; to be immediately followed by a closed briefing on certain intelligence matters.,no,
115038,117,House,Hearing,2022-07-21,hsii00,"Hybrid Legislative Hearing on H.R. 4951, H.R. 7918, H.R. 7975, H.R. 8090",yes,
115080,117,House,Hearing,2022-07-21,hsii00,"Hybrid Legislative Hearing on H.R. 4951, H.R. 7918, H.R. 7975, H.R. 8090",yes,
332901,117,Senate,Meeting,2022-07-21,sseg00,"Business meeting to consider S.192, to amend the Wild and Scenic Rivers Act to designate certain river segments in the State of Oregon as components of the National Wild and Scenic Rivers System, S.38",yes,https://www.senate.gov/isvp/?comm=energy&filename=energy072122
332941,117,Senate,Meeting,2022-07-21,ssju00,"Business meeting to consider S. 4430, to amend title 35, United States Code, to establish an interagency task force between the United States Patent and Trademark Office and the Food and Drug Administ",yes,https://www.senate.gov/isvp/?comm=judiciary&filename=judiciary072122
115039,117,House,Hearing,2022-07-25,hsvr00,Ensuring a Successful Military to Civilian Transition for Servicemembers in Southern Alabama,yes,
332908,117,Senate,Meeting,2022-07-26,ssju00,"Hearings to examine law enforcement officer safety, focusing on protecting those who protect and serve.",no,https://www.senate.gov/isvp/?comm=judiciary&filename=judiciary072622
332909,117,Senate,Meeting,2022-07-26,ssas00,To receive a closed briefing on Indo-Pacific policy and operations.,no,
332910,117,Senate,Meeting,2022-07-26,ssju00,"Hearings to examine decriminalizing cannabis at the Federal level, focusing on necessary steps to address past harms.",no,https://www.senate.gov/isvp/?comm=judiciary&filename=judiciary072622
332973,117,Senate,Meeting,2022-07-26,slin00,To receive a closed briefing on certain intelligence matters.,no,
115044,117,House,Hearing,2022-07-27,hsfa00,Challenges Facing Global Food Security,no,
115046,117,House,Meeting,2022-07-27,hsvr00,Protecting Our Veterans: Patient Safety and Electronic Health Record Modernization Program,yes,
115048,117,House,Hearing,2022-07-27,hlig00,Full Committee Hearing - Combatting the Threats to U.S. National Security from the Proliferation of Foreign Commercial Spyware,yes,
115053,117,House,Markup,2022-07-27,hsii00,"HR 2021, To restore, reaffirm, and reconcile environmental justice and civil rights, and for other purposes. ""Environmental Justice For All Act""",yes,
115072,117,House,Markup,2022-07-27,hsed00,"H.R.2193 - Asuncion Valdivia Heat Illness and Fatality Prevention Act of 2021, and H.R. 8450 - Healthy Meals, Healthy Kids Act",yes,
115078,117,House,Meeting,2022-07-27,hsru00,"Senate Amendment to the House Amendment to the Senate Amendment to H.R. 4346—An Act making appropriations for Legislative Branch for the fiscal year ending September 30, 2022, and for other purposes. ",yes,
332912,117,Senate,Meeting,2022-07-27,ssju00,"Hearings to examine the nominations of Dana M. Douglas, of Louisiana, to be United States Circuit Judge for the Fifth Circuit, Bradley N. Garcia, of Maryland, to be United States Circuit Judge for the",yes,https://www.senate.gov/isvp/?comm=judiciary&filename=judiciary072722
332920,117,Senate,Meeting,2022-07-27,sscm00,"Business meeting to consider S.1628, to amend the Children's Online Privacy Protection Act of 1998 to strengthen protections relating to the online collection, use, and disclosure of personal informat",yes,https://www.senate.gov/isvp/?comm=commerce&filename=commerce072722
115049,117,House,Markup,2022-07-28,hsfa00,Markup of Various Measures,yes,
115052,117,House,Meeting,2022-07-28,hsvr00,Progress Made? – Ending Sexual Harassment at the Department of Veterans Affairs,yes,
115060,117,House,Hearing,2022-07-28,hsii00,Legislative Hearing on H.R. 5549,yes,
115064,117,House,Hearing,2022-07-28,hlef00,Building a Modern Economic Foundation: Economic Security and Income Support for 21st Century America,yes,
115071,117,House,Hearing,2022-07-28,hsii00,Preventing Polluters from Getting Government Contracts: Bureau of Land Management’s Corporate Exclusions Lists,yes,
115075,117,House,Meeting,2022-07-28,hsfa00,Countering Gray Zone Coercion in the Indo-Pacific,yes,
332781,117,Senate,Meeting,2022-07-28,ssju00,"Business meeting to consider S.4430, to amend title 35, United States Code, to establish an interagency task force between the United States Patent and Trademark Office and the Food and Drug Administr",yes,https://www.senate.gov/isvp/?comm=judiciary&filename=judiciary072822
332915,117,Senate,Meeting,2022-07-28,ssfr00,"Hearings to examine the nominations of William H. Duncan, of Texas, to be Ambassador to the Republic of El Salvador, Hugo F. Rodriguez, Jr., of Pennsylvania,  to be Ambassador to the Republic of Nicar",yes,https://www.senate.gov/isvp/?comm=foreign&filename=foreign072822
332946,117,Senate,Meeting,2022-07-28,ssfr00,"Hearings to examine the nominations of Shefali Razdan Duggal, of California, to be Ambassador to the Kingdom of the Netherlands, Carrin F. Patman, of Texas, to be Ambassador to the Republic of Iceland",yes,https://www.senate.gov/isvp/?comm=foreign&filename=foreign072822
332980,117,Senate,Meeting,2022-08-01,ssfr00,To receive a closed briefing on Taiwan.,no,
332947,117,Senate,Meeting,2022-08-02,ssas00,To receive a closed briefing on global nuclear threats and U.S. nuclear deterrence strategy and policies.,no,
332706,117,Senate,Meeting,2022-08-03,ssju00,Hearings to examine protecting our democracy's frontline workers.,no,https://www.senate.gov/isvp/?comm=judiciary&filename=judiciary080322
332881,117,Senate,Meeting,2022-08-03,slin00,To receive a closed briefing on certain intelligence matters.,no,
332960,117,Senate,Meeting,2022-08-03,ssfr00,"Hearings to examine the nominations of Nathaniel Fick, of Maine, to be Ambassador at Large for Cyberspace and Digital Policy, Rachna Sachdeva Korhonen, of New Jersey, to be Ambassador to the Republic ",yes,https://www.senate.gov/isvp/?comm=foreign&filename=foreign080322
332970,117,Senate,Meeting,2022-08-03,ssfr00,"Business meeting to consider the nominations of Robert F. Godec, of Virginia, to be Ambassador to the Kingdom of Thailand, Jonathan Henick, of Virginia, to be Ambassador to the Republic of Uzbekistan,",yes,https://www.senate.gov/isvp/?comm=foreign&filename=foreign080322
332982,117,Senate,Meeting,2022-08-03,ssva00,"Business meeting to consider the nomination of Jaime Areizaga-Soto, of Virginia, to be Chairman of the Board of Veterans' Appeals, Department of Veterans Affairs.",yes,
332971,117,Senate,Meeting,2022-08-04,ssju00,An oversight hearing to examine the Federal Bureau of Investigation.,no,https://www.senate.gov/isvp/?comm=judiciary&filename=judiciary080422
332984,117,Senate,Meeting,2022-08-04,ssju00,"Business meeting to consider S.4524, to limit the judicial enforceability of predispute nondisclosure and nondisparagement contract clauses relating to disputes involving sexual assault and sexual har",yes,https://www.senate.gov/isvp/?comm=judiciary&filename=judiciary080422
115081,117,House,Hearing,2022-08-09,hlef00,"Lessons from Seattle: New Horizons for Workers’ Pay, Benefits, and Protections",no,
115087,117,House,Meeting,2022-09-06,hsgo00,Deposition of Bruce Allen,yes,
333000,117,Senate,Meeting,2022-09-07,ssfi00,"Business meeting to consider the nomination of Douglas J. McKalip, of the District of Columbia, to be Chief Agricultural Negotiator, Office of the United States Trade Representative, with the rank of ",yes,https://www.senate.gov/isvp/?comm=finance&filename=finance090722
333081,117,Senate,Meeting,2022-09-07,ssju00,"Hearings to examine the nominations of Cindy K. Chung, of Pennsylvania, and Tamika R. Montgomery-Reeves, of Delaware, both to be a United States Circuit Judge for the Third Circuit, and Kelley Brisbon",yes,https://www.senate.gov/isvp/?comm=judiciary&filename=judiciary090722
333082,117,Senate,Meeting,2022-09-07,ssju00,An oversight hearing to examine the United States Copyright Office.,no,https://www.senate.gov/isvp/?comm=judiciary&filename=judiciary090722
333100,117,Senate,Meeting,2022-09-07,ssbk00,To receive a briefing on the experience of workers and consumers with newer consumer financial products and the impact on the dignity of work.,no,https://www.senate.gov/isvp/?comm=banking&filename=banking090722
333138,117,Senate,Meeting,2022-09-07,slin00,To receive a closed briefing to examine certain intelligence matters.,no,
115089,117,House,Meeting,2022-09-08,hsba00,Accounting Standards in the 21st Century,yes,
333084,117,Senate,Meeting,2022-09-08,ssju00,"Business meeting to consider S.4524, to limit the judicial enforceability of predispute nondisclosure and nondisparagement contract clauses relating to disputes involving sexual assault and sexual har",yes,https://www.senate.gov/isvp/?comm=judiciary&filename=judiciary090822
333103,117,Senate,Meeting,2022-09-13,ssju00,"Hearings to examine data security at risk, focusing on testimony from a Twitter whistleblower.",no,https://www.senate.gov/isvp/?comm=judiciary&filename=judiciary091322
115099,117,House,Markup,2022-09-14,hsfa00,Markup of Various Measures,yes,
115119,117,House,Markup,2022-09-14,hsju00,"H.Res. 1238, Of inquiry requesting the President to provide certain documents to the House of Representatives relating to the October 4, 2021 memorandum issued by the Attorney General entitled “Partne",yes,
115121,117,House,Meeting,2022-09-14,hsfa00,Strengthening U.S. Engagement in Central Asia,yes,
115124,117,House,Markup,2022-09-14,hsif00,Five Health Bills,yes,
332842,117,Senate,Meeting,2022-09-14,slin00,Closed business meeting to consider pending calendar business; to be immediately followed by a closed briefing on certain intelligence matters.,no,
333020,117,Senate,Meeting,2022-09-14,ssfr00,"Business meeting to consider S.4428, to support the security of Taiwan and its right of self-determination, S.4653, to provide for certain authorities of the Department of State, and the nominations o",yes,
333108,117,Senate,Meeting,2022-09-14,ssju00,"Hearings to examine flatlining care, focusing on why immigrants are crucial to bolstering our health care workforce.",no,https://www.senate.gov/isvp/?comm=judiciary&filename=judiciary091422
333111,117,Senate,Meeting,2022-09-14,ssju00,Hearings to examine protecting Americans' private information from hostile foreign powers.,no,https://www.senate.gov/isvp/?comm=judiciary&filename=judiciary091422
333112,117,Senate,Meeting,2022-09-14,sscm00,"Business meeting to consider S.4802, to authorize appropriations for the Coast Guard.",yes,https://www.senate.gov/isvp/?comm=commerce&filename=commerce091422
115109,117,House,Meeting,2022-09-15,hsvr00,Veteran Readiness and Employment: Is VA Succeeding?,yes,
115111,117,House,Hearing,2022-09-15,hsvr00,"Examining women veterans’ access to the full spectrum of medical care, including reproductive healthcare, through the Department of Veterans Affairs (VA) Veterans Health Administration (VHA)",yes,
115136,117,House,Meeting,2022-09-15,hsed00,Business Meeting to approve new subcommittee assignments,no,
333114,117,NoChamber,Meeting,2022-09-15,jcse00,Hearings to examine Taira Paievska on Russia's war in Ukraine.,no,
333121,117,Senate,Meeting,2022-09-15,ssju00,"Business meeting to consider S.4524, to limit the judicial enforceability of predispute nondisclosure and nondisparagement contract clauses relating to disputes involving sexual assault and sexual har",yes,https://www.senate.gov/isvp/?comm=judiciary&filename=judiciary091522
115123,117,House,Meeting,2022-09-20,hsvr00,VA Major Acquisitions Failures: In Search of Solutions,yes,
115146,117,House,Markup,2022-09-20,hsgo00,"The Full Committee to consider the following:

1. S. 1941, the Metropolitan Areas Protection and Standardization (MAPS) Act;

2. S. 3510, the Disaster Resiliency Planning Act;

3. H.R. 8466, the Chai ",yes,
115159,117,House,Meeting,2022-09-20,hswm00,"Markup of:

•	H.R. 82, the “Social Security Fairness Act of 2021”

•	H. Res. 1269, Of inquiry directing the Secretary of the Treasury to provide certain documents in the Secretary's possession to the ",yes,
333123,117,Senate,Meeting,2022-09-20,ssju00,An oversight hearing to examine Federal enforcement of the antitrust laws.,no,https://www.senate.gov/isvp/?comm=judiciary&filename=judiciary092022
333176,117,Senate,Meeting,2022-09-20,slin00,To receive a closed briefing to examine certain intelligence matters.,no,
115135,117,House,Meeting,2022-09-21,hsfa00,Accountability for Atrocity Crimes Committed by Russia in Ukraine,yes,
115154,117,House,Hearing,2022-09-21,hsfa00,"Examining the U.S. Interest in Regional Security Cooperation in the Middle East 
and North Africa: Opportunities, Obstacles, and Objectives",yes,
115156,117,House,Hearing,2022-09-21,hsvr00,"Markup on: H.R. 6273. the VA Zero Suicide Demonstration Project Act of 2021; H.R. 3793, the Supporting Families of the Fallen Act; H.R. 8888, the Food Security for All Veterans Act; H.R. 8852, the End",yes,
115157,117,House,Meeting,2022-09-21,hsvr00,Full Committee Business Meeting: Discussion of VA Facility Naming Bills,yes,
115158,117,House,Markup,2022-09-21,hsif00,24 bills,yes,
333130,117,Senate,Meeting,2022-09-21,ssju00,"Hearings to examine the nominations of Maria Araujo Kahn, of Connecticut, to be United States Circuit Judge for the Second Circuit, Julie Rikelman, of Massachusetts, to be United States Circuit Judge ",yes,https://www.senate.gov/isvp/?comm=judiciary&filename=judiciary092122
333137,117,Senate,Meeting,2022-09-21,ssfr00,Hearings to examine women leaders countering authoritarianism.,no,https://www.senate.gov/isvp/?comm=foreign&filename=foreign092122
333140,117,Senate,Meeting,2022-09-21,slia00,Hearings to examine promoting and supporting tribal access to spectrum and related benefits in Native communities.,no,https://www.senate.gov/isvp/?comm=indian&filename=indian092122
333175,117,Senate,Meeting,2022-09-22,ssju00,"Business meeting to consider S.673, to provide a temporary safe harbor for publishers of online content to collectively negotiate with dominant online platforms regarding the terms on which content ma",yes,https://www.senate.gov/isvp/?comm=judiciary&filename=judiciary092222
333167,117,Senate,Meeting,2022-09-27,ssra00,"Business meeting to consider S.4573, to amend title 3, United States Code, to reform the Electoral Count Act, and to amend the Presidential Transition Act of 1963 to provide clear guidelines for when ",yes,https://www.senate.gov/isvp/?comm=rules&filename=rules092722
333184,117,Senate,Meeting,2022-09-27,ssaf00,"Business meeting to consider the nominations of Jose Emilio Esteban, of California, to be Under Secretary for Food Safety, and Alexis Taylor, of Iowa, to be Under Secretary for Trade and Foreign Agric",yes,
333087,117,Senate,Meeting,2022-09-28,slin00,To receive a closed briefing to examine certain intelligence matters.,no,
333168,117,Senate,Meeting,2022-09-28,ssga00,"Business meeting to consider S.4828, to provide consistent leadership, purpose, and administrative support for the primary governmentwide executive councils, S.4894, to provide for the perpetuation, a",yes,https://www.senate.gov/isvp/?comm=govtaff&filename=govtaff092822
333169,117,Senate,Meeting,2022-09-28,ssju00,Hearings to examine accountability for war crimes and crimes against humanity from Nuremberg to Ukraine.,no,https://www.senate.gov/isvp/?comm=judiciary&filename=judiciary092822
333201,117,Senate,Meeting,2022-09-28,ssga00,"Business meeting to consider S.4930, to prohibit Federal procurement from companies operating in the Russian Federation, S.4828, to provide consistent leadership, purpose, and administrative support f",yes,https://www.senate.gov/isvp/?comm=govtaff&filename=govtaff092822
333202,117,Senate,Meeting,2022-09-28,ssas00,"Closed business meeting to consider the nomination of Radha Iyengar Plumb, of New York, to be a Deputy Under Secretary of Defense, and 8 pending nominations in the Army, Navy and Space Force.",yes,
115166,117,House,Hearing,2022-09-29,hsvr00,Veteran Suicide Prevention: Capitalizing on What Works and Increasing Innovative Approaches,yes,
115173,117,House,Meeting,2022-09-29,hsju00,"Oversight of the Bankruptcy Code, Part 2: Ensuring a Fresh Start for Consumers",yes,
115176,117,House,Hearing,2022-09-29,hsfa00,Haiti at the Crossroads: Civil Society Responses for a Haitian-led Solution,yes,
115178,117,House,Meeting,2022-09-29,hlig00,Full Committee Business Meeting: Consideration of the Access Request from Rep. Doug Lamborn (Closed),yes,
333142,117,Senate,Meeting,2022-09-29,ssju00,"Business meeting to consider the nominations of Cindy K. Chung, of Pennsylvania, to be United States Circuit Judge for the Third Circuit, Tamika R. Montgomery-Reeves, of Delaware, to be United States ",yes,https://www.senate.gov/isvp/?comm=judiciary&filename=judiciary092922
333170,117,Senate,Meeting,2022-09-29,ssfr00,To receive a closed briefing on the Russian Invasion of Ukraine.,no,
333174,117,Senate,Meeting,2022-09-29,ssju00,An oversight hearing to examine the Federal Bureau of Prisons.,no,https://www.senate.gov/isvp/?comm=judiciary&filename=judiciary092922
115169,117,House,Meeting,2022-09-30,hsfa00,Members Roundtable: The Progress and Promise of the Alliance for Development in Democracy (Closed),yes,
333220,117,Senate,Meeting,2022-10-12,ssju00,"Hearings to examine the nominations of Anthony Devos Johnstone, of Montana, to be United States Circuit Judge for the Ninth Circuit, Daniel J. Calabretta, to be United States District Judge for the Ea",yes,https://www.senate.gov/isvp/?comm=judiciary&filename=judiciary101222
115160,117,House,Meeting,2022-10-13,hlij00,On the January 6th Investigation,yes,
333240,117,Senate,Meeting,2022-10-18,ssju00,Hearings to examine the Office of Legal Counsel's role is shaping executive privilege doctrine.,no,https://www.senate.gov/isvp/?comm=judiciary&filename=judiciary101822
115184,117,House,Hearing,2022-11-15,hsfa00,Examining U.S. Foreign Assistance to Address the Root Causes of Instability and Conflict in Africa,yes,
333321,117,Senate,Meeting,2022-11-15,ssju00,"Hearings to examine the nominations of DeAndrea Gist Benjamin, of South Carolina, to be United States Circuit Judge for the Fourth Circuit, Robert Stewart Ballou, to be United States District Judge fo",yes,https://www.senate.gov/isvp/?comm=judiciary&filename=judiciary111522
333325,117,Senate,Meeting,2022-11-15,slin00,To receive a closed briefing on certain intelligence matters.,no,
115182,117,House,Hearing,2022-11-16,hsfa00,Russia's Waning Global Influence,no,
115199,117,House,Markup,2022-11-16,hsvr00,"Markup on: H.Res 1379, of inquiry requesting the President and directing the Secretary of Veterans Affairs to transmit, respectively, certain documents to the House of Representatives relating to wait",yes,
333326,117,Senate,Meeting,2022-11-16,ssga00,"Business meeting to consider H.R.3175, to designate the facility of the United States Postal Service located at 135 Main Street in Biloxi, Mississippi, as the ""Robert S. McKeithen Post Office Building",yes,https://www.senate.gov/isvp/?comm=govtaff&filename=govtaff111622
333361,117,Senate,Meeting,2022-11-16,slin00,To receive a closed briefing on certain intelligence matters.,no,
115177,117,House,Markup,2022-11-17,hlmh00,Business Meeting to Vote on Recommendations,yes,
115201,117,House,Markup,2022-11-17,hsgo00,"1.  H.R. 1283, the CONTRACT Act of 2021;

2.  H.R. 1307, the Vote by Mail Tracking Act;

3.  H. Res. 1412, “Of inquiry directing the Secretary of the Treasury to transmit certain documents to the Hous",yes,
333330,117,Senate,Meeting,2022-11-17,ssju00,"Business meeting to consider S.2773, to amend the Leahy-Smith America Invents Act to address satellite offices of the United States Patent and Trademark Office, and the nominations of Anthony Devos Jo",yes,https://www.senate.gov/isvp/?comm=judiciary&filename=judiciary111722
333340,117,Senate,Meeting,2022-11-29,sshr00,"Business meeting to consider the nominations of Karla Ann Gilbride, of Maryland, to be General Counsel of the Equal Employment Opportunity Commission, Jessica Looman, of Minnesota, to be Administrator",yes,https://www.senate.gov/isvp/?comm=help&filename=help112922
333384,117,Senate,Meeting,2022-11-29,ssju00,Hearings to examine the competitive impact of the proposed Kroger-Albertsons transaction.,no,https://www.senate.gov/isvp/?comm=judiciary&filename=judiciary112922
333392,117,Senate,Meeting,2022-11-29,ssfr00,"Hearings to examine the nominations of Christopher T. Robinson, of Maryland, to be Ambassador to the Republic of Latvia, George P. Kent, of Massachusetts, to be Ambassador to the Republic of Estonia, ",yes,https://www.senate.gov/isvp/?comm=foreign&filename=foreign112922
333440,117,Senate,Meeting,2022-11-29,slin00,To receive a closed briefing on certain intelligence matters.,no,
333324,117,Senate,Meeting,2022-11-30,slin00,To receive a closed briefing on certain intelligence matters.,no,
333360,117,Senate,Meeting,2022-11-30,ssas00,To receive a closed briefing on electronic warfare.,no,
333387,117,Senate,Meeting,2022-11-30,ssfr00,"Hearings to examine the nominations of Lynne M. Tracy, of Ohio, to be Ambassador to the Russian Federation, Julie D. Fisher, of Tennessee, to be Ambassador to the Republic of Cyprus, Kristina A. Kvien",yes,https://www.senate.gov/isvp/?comm=foreign&filename=foreign113022
333400,117,Senate,Meeting,2022-12-01,ssju00,"Business meeting to consider S.2773, to amend the Leahy-Smith America Invents Act to address satellite offices of the United States Patent and Trademark Office, and the nominations of DeAndrea Gist Be",yes,https://www.senate.gov/isvp/?comm=judiciary&filename=judiciary120122
115209,117,House,Hearing,2022-12-06,hsvr00,Transitional Housing Reform: Examining the Future of the VA Grant and Per Diem Program,yes,
115226,117,House,Markup,2022-12-06,hsgo00,"1.	H. Res. 1479, “Of inquiry requesting the President transmit certain documents in his possession to the House of Representatives relating to the surveillance or monitoring of prog-gun, pro-life, or ",yes,
333463,117,Senate,Meeting,2022-12-06,slin00,To receive a closed briefing on certain intelligence matters.,no,
115210,117,House,Hearing,2022-12-07,hsvr00,Fulfilling our Pact: Ensuring Effective Implementation of Toxic Exposure Legislation,yes,
115212,117,House,Hearing,2022-12-07,hssm00,Oversight of the Small Business Administration,yes,
115221,117,House,Markup,2022-12-07,hlig00,2 Resolutions,yes,
115232,117,House,Meeting,2022-12-07,hlef00,A Business Meeting to Approve the Select Committee’s Final Report “Bridging the Divide: Building an Economy that Works for All”,yes,
115233,117,House,Meeting,2022-12-07,hsfa00,Understanding and Addressing Challenges in the Mekong Region,yes,
333420,117,Senate,Meeting,2022-12-07,sscm00,"Business meeting to consider the nominations of Anthony Rosario Coscia, of New Jersey, David Michael Capozzi, of Maryland, Christopher Koos, of Illinois, Samuel E. Lathem, of Delaware, and Robin Lee W",yes,https://www.senate.gov/isvp/?comm=commerce&filename=commerce120722
333422,117,Senate,Meeting,2022-12-07,ssfr00,"Business meeting to consider S.3386, to prevent, treat, and cure tuberculosis globally, S.4824, to provide for proper oversight of North Korea policy, S.4064, to facilitate the development of a whole-",yes,
333423,117,Senate,Meeting,2022-12-08,ssju00,"Business meeting to consider S.2774, to amend title 35, United States Code, to address patent ownership, and the nominations of DeAndrea Gist Benjamin, of South Carolina, to be United States Circuit J",yes,https://www.senate.gov/isvp/?comm=judiciary&filename=judiciary120822
115228,117,House,Hearing,2022-12-13,hsfa00,Modernizing International Development Assistance: Opportunities and Challenges,yes,
115235,117,House,Hearing,2022-12-13,hsvr00,Review of the Role of VA’s Fourth Mission and Pandemic Response,yes,
115247,117,House,Markup,2022-12-13,hsas00,"H. Res. 1475, a resolution of inquiry requesting the President and directing the Secretary of Defense to transmit to the House of Representatives any record created on or after January 21, 2021, under",yes,
333446,117,Senate,Meeting,2022-12-13,ssju00,"Hearings to examine the nominations of Gordon P. Gallagher, to be United States District Judge for the District of Colorado, P. Casey Pitts, to be United States District Judge for the Northern Distric",yes,https://www.senate.gov/isvp/?comm=judiciary&filename=judiciary121322
333464,117,Senate,Meeting,2022-12-13,slin00,To receive a closed briefing on certain intelligence matters.,no,
115237,117,House,Hearing,2022-12-14,hlvc00,“Preparing for and Preventing the Next Public Health Emergency: Lessons Learned from the Coronavirus Crisis”,yes,
115239,117,House,Markup,2022-12-14,hsif00,H. Res. 1476,yes,
115242,117,House,Meeting,2022-12-14,hsvr00,"Legislative Hearing on: Discussion Draft, the VA Housing Loan Forever Act of 2022",yes,
115248,117,House,Markup,2022-12-14,hlvc00,“Preparing for and Preventing the Next Public Health Emergency:  Lessons Learned from the Coronavirus Crisis”,yes,
115251,117,House,Hearing,2022-12-14,hsfa00,U.S. Policy Towards the Caucasus,yes,
333480,117,NoChamber,Meeting,2022-12-14,jcse00,To receive a briefing on saving Ukraine's children.,no,
333481,117,Senate,Meeting,2022-12-14,slia00,"Business meeting to consider S.4439, to take certain Federal land located in Siskiyou County, California, and Humboldt County, California, into trust for the benefit of the Karuk Tribe.",yes,
333503,117,Senate,Meeting,2022-12-14,slin00,To receive a closed briefing on certain intelligence matters.,no,
333482,117,Senate,Meeting,2022-12-15,ssfr00,To receive a closed briefing on Russian activity across Africa.,no,
115253,117,House,Meeting,2022-12-19,hlij00,Business Meeting to Consider the Select Committee's Final Report,yes,
333504,118,Senate,Meeting,2023-01-24,slin00,To receive a closed briefing on certain intelligence matters.,no,
333540,118,Senate,Meeting,2023-01-24,slin00,To receive a closed briefing on certain intelligence matters.,no,
333520,118,Senate,Meeting,2023-01-25,ssfr00,To receive a closed briefing on around the world threat assessment.,no,
333642,118,Senate,Meeting,2023-01-25,slin00,To receive a closed briefing on certain intelligence matters.,no,
333546,118,Senate,Meeting,2023-01-26,ssju00,"Business meeting to consider the nominations of Nancy G. Abudu, of Georgia, to be United States Circuit Judge for the Eleventh Circuit, DeAndrea Gist Benjamin, of South Carolina, to be United States C",yes,https://www.senate.gov/isvp/?comm=judiciary&filename=judiciary012623
115268,118,House,Meeting,2023-01-30,hsru00,Organizational Meeting for the 118th Congress,yes,
115275,118,House,Meeting,2023-01-31,hsvr00,GOP organizing meeting,no,
333542,118,Senate,Meeting,2023-01-31,slin00,Closed hearings to examine certain intelligence matters.,no,
332669,118,Senate,Meeting,2023-02-01,slin00,Closed hearings to examine certain intelligence matters.,no,
333502,118,Senate,Meeting,2023-02-02,ssju00,"Business meeting to consider S.79, to amend title 35, United States Code, to establish an interagency task force between the United States Patent and Trademark Office and the Food and Drug Administrat",yes,https://www.senate.gov/isvp/?comm=judiciary&filename=judiciary020223
115338,118,House,Markup,2023-02-07,hlig00,Rules of the Permanent Select Committee on Intelligence for the 118th Congress - Committee Organizational Meeting,yes,
333561,118,Senate,Meeting,2023-02-07,sssb00,Organizational business meeting to consider committee rules and an original resolution authorizing expenditures by the committee for the 118th Congress.,no,
115296,118,House,Meeting,2023-02-08,hlig00,Open Panel w/ Former National Security Officials,yes,
333563,118,Senate,Meeting,2023-02-09,ssga00,Organizational business meeting to consider committee rules and an original resolution authorizing expenditures by the committee for the 118th Congress.,no,https://www.senate.gov/isvp/?comm=govtaff&filename=govtaff020923
333565,118,Senate,Meeting,2023-02-09,sshr00,"Organizational business meeting to consider committee rules, an original resolution authorizing expenditures by the committee for the 118th Congress, and other pending calendar business.",no,https://www.senate.gov/isvp/?comm=help&filename=help020923
333566,118,Senate,Meeting,2023-02-09,ssju00,Business meeting to consider pending calendar business.,no,https://www.senate.gov/isvp/?comm=judiciary&filename=judiciary020923
333580,118,Senate,Meeting,2023-02-09,slia00,"Organizational business meeting to consider the selection of Chairman and Vice Chairman, committee rules, and an original resolution authorizing expenditures by the committee for the 118th Congress.",no,https://www.senate.gov/isvp/?comm=indian&filename=indian020923
333582,118,Senate,Meeting,2023-02-09,ssju00,"Business meeting to consider committee rules, an original resolution authorizing expenditures by the committee for the 118th Congress, S.79, to amend title 35, United States Code, to establish an inte",yes,https://www.senate.gov/isvp/?comm=judiciary&filename=judiciary020923
333583,118,Senate,Meeting,2023-02-09,ssas00,"Business meeting to consider committee rules, an original resolution authorizing expenditures by the committee for the 118th Congress, and the nominations of Radha Iyengar Plumb, of New York, to be a ",yes,
333592,118,Senate,Meeting,2023-02-09,ssfi00,"Organizational business meeting to consider committee rules, an original resolution authorizing expenditures by committees for the 118th Congress, designation of members to serve on the Joint Committe",no,https://www.senate.gov/isvp/?comm=finance&filename=finance020923
334300,118,Senate,Meeting,2023-02-09,slin00,Closed business meeting to consider pending intelligence matters.,no,
333585,118,Senate,Meeting,2023-02-13,ssra00,Organizational business meeting to consider committee rules and an original resolution authorizing expenditures by committees for the 118th Congress.,no,https://www.senate.gov/isvp/?comm=rules&filename=rules021323
333362,118,Senate,Meeting,2023-02-14,slin00,To receive a closed briefing on certain intelligence matters.,no,
333599,118,Senate,Meeting,2023-02-15,sshr00,"Business meeting to consider the nominations of Karla Ann Gilbride, of Maryland, to be General Counsel of the Equal Employment Opportunity Commission, Jessica Looman, of Minnesota, to be Administrator",yes,
333641,118,Senate,Meeting,2023-02-15,slia00,"Business meeting to consider S.70, to require the Bureau of Indian Affairs to process and complete all mortgage packages associated with residential and business mortgages on Indian land by certain de",yes,https://www.senate.gov/isvp/?comm=indian&filename=indian021523
333587,118,Senate,Meeting,2023-02-16,ssfr00,"Hearings to examine the nomination of Richard R. Verma, of Maryland, to be Deputy Secretary of State for Management and Resources.",yes,https://www.senate.gov/isvp/?comm=foreign&filename=foreign021623
333717,118,Senate,Meeting,2023-02-16,ssju00,"Business meeting to consider subcommittee assignments for the 118th Congress, and the nominations of Charnelle Bjelkengren, to be United States District Judge for the Eastern District of Washington, M",yes,https://www.senate.gov/isvp/?comm=judiciary&filename=judiciary021623
115378,118,House,Meeting,2023-02-28,hlig00,Open Panel w/ Think Tank Leaders,yes,
115401,118,House,Meeting,2023-02-28,hlzs00,Committee Organizational Meeting,yes,
333703,118,Senate,Meeting,2023-02-28,ssva00,A joint hearing with the House Committee on Veterans' Affairs to examine the legislative presentation of Disabled American Veterans.,no,https://www.senate.gov/isvp/?comm=vetaff&filename=vetaff022823
333708,118,NoChamber,Meeting,2023-02-28,jcse00,Hearings to examine North Macedonia's leadership of the Organization for Security and Cooperation in Europe in a time of war.,no,
334628,118,Senate,Meeting,2023-02-28,slin00,Closed business meeting to consider pending intelligence matters; to be immediately followed by a closed briefing on certain intelligence matters.,no,
115402,118,House,Hearing,2023-03-01,hlzs00,“The Chinese Communist Party’s Threat to America”,yes,
333702,118,Senate,Meeting,2023-03-01,ssva00,A joint hearing with the House Committee on Veterans' Affairs to examine the legislative presentation of the American Legion and multiple veterans service organizations.,no,https://www.senate.gov/isvp/?comm=vetaff&filename=vetaff030123
333706,118,Senate,Meeting,2023-03-01,ssfr00,"Hearings to examine the nominations of Vivek Hallegere Murthy, of Florida, to be Representative on the Executive Board of the World Health Organization, Kathleen A. FitzGibbon, of New York, to be Amba",yes,https://www.senate.gov/isvp/?comm=foreign&filename=foreign030123
333713,118,Senate,Meeting,2023-03-01,ssju00,An oversight hearing to examine the Department of Justice.,no,https://www.senate.gov/isvp/?comm=judiciary&filename=judiciary030123
333823,118,Senate,Meeting,2023-03-01,slin00,To receive a closed briefing on certain intelligence matters.,no,
333720,118,Senate,Meeting,2023-03-02,ssas00,"To receive a closed briefing on munitions to include requirements development, Ukraine support, and replenishment management.",no,
333721,118,Senate,Meeting,2023-03-02,ssfi00,"Business meeting to consider the nominations of Daniel I. Werfel, of the District of Columbia, to be Commissioner of Internal Revenue, and Brent Neiman, of Illinois, to be a Deputy Under Secretary, bo",yes,https://www.senate.gov/isvp/?comm=finance&filename=finance030223
115447,118,House,Markup,2023-03-07,hlig00,"H.R. 1376, COVID-19 Origins Act of 2023",yes,
333735,118,NoChamber,Meeting,2023-03-08,jslc00,"Business meeting to consider designation of the Chair and Vice Chair, and rules of procedure for the 118th Congress.",no,
333736,118,NoChamber,Meeting,2023-03-08,jspr00,"Business meeting to consider designation of the Chair and Vice Chair, and rules of procedure for the 118th Congress.",no,
115448,118,House,Hearing,2023-03-09,hlig00,Annual World Wide Threats Hearing with Heads of the Intelligence Community,yes,
333780,118,Senate,Meeting,2023-03-09,ssas00,Hearings to examine United States Strategic Command and United States Space Command in review of the Defense Authorization Request for Fiscal Year 2024 and the Future Years Defense Program; to be imme,no,https://www.senate.gov/isvp/?comm=armed&filename=armedA030923
333804,118,Senate,Meeting,2023-03-09,ssju00,"Business meeting to consider the nominations of Michael Arthur Delaney, of New Hampshire, to be United States Circuit Judge for the First Circuit, Monica Ramirez Almadani, and Wesley L. Hsu, both to b",yes,https://www.senate.gov/isvp/?comm=judiciary&filename=judiciary030923
115459,118,House,Hearing,2023-03-10,hsap00,Member Day,yes,
333716,118,Senate,Meeting,2023-03-15,slin00,To receive a closed briefing on certain intelligence matters.,no,
333738,118,Senate,Meeting,2023-03-15,ssga00,"Business meeting to consider S.559, to amend the Federal Fire Prevention and Control Act of 1974 to authorize appropriations for the United States Fire Administration and firefighter assistance grant ",yes,https://www.senate.gov/isvp/?comm=govtaff&filename=govtaff031523
333820,118,Senate,Meeting,2023-03-16,sseg00,To receive a closed briefing on the assessment of the origins of COVID-19.,no,
333824,118,Senate,Meeting,2023-03-16,ssas00,Hearings to examine the posture of United States Central Command and United States Africa Command in review of the Defense Authorization Request for Fiscal Year 2024 and the Future Years Defense Progr,no,https://www.senate.gov/isvp/?comm=armed&filename=armedA031623
333871,118,Senate,Meeting,2023-03-22,slia00,Hearings to examine Native priorities for the 2023 Farm Bill reauthorization.,no,https://www.senate.gov/isvp/?comm=indian&filename=indian032223
333932,118,Senate,Meeting,2023-03-22,slin00,Closed business meeting to consider pending intelligence matters; to be immediately followed by a closed briefing on certain intelligence matters.,no,
115543,118,House,Hearing,2023-03-23,hlzs00,"""The Chinese Communist Party's Ongoing Uyghur Genocide""",yes,
115545,118,House,Hearing,2023-03-23,hlig00,"Budget Hearing (CLOSED) with Federal Bureau of Investigation, Drug Enforcement Administration, Department of Homeland Security, Department of Energy, Department of State, and Department of the Treasur",no,
333880,118,Senate,Meeting,2023-03-23,ssas00,Hearings to examine the posture of United States Northern Command and United States Southern Command in review of the Defense Authorization Request for Fiscal Year 2024 and the Future Years Defense Pr,no,https://www.senate.gov/isvp/?comm=armed&filename=armedA032323
115486,118,House,Meeting,2023-03-24,hsha00,House Communications Standards Commission Organizational Meeting,yes,
115546,118,House,Hearing,2023-03-24,hlig00,Budget Hearing (CLOSED) with the Under Secretary of Defense for Intelligence and Security and the Military Service Intelligence Components on the Military Intelligence Program,no,
115615,118,House,Meeting,2023-03-28,hlig00,Budget Hearing (CLOSED) for the National Security Agency,no,
333581,118,Senate,Meeting,2023-03-28,slin00,Closed business meeting to consider pending intelligence matters; to be immediately followed by a closed briefing on certain intelligence matters.,no,
333900,118,Senate,Meeting,2023-03-28,ssju00,An oversight hearing to examine the Department of Homeland Security.,no,https://www.senate.gov/isvp/?comm=judiciary&filename=judiciary032823
333902,118,Senate,Meeting,2023-03-28,sshr00,"Business meeting to consider the nominations of Kalpana Kotagal, of Ohio, to be a Member of the Equal Employment Opportunity Commission, Jessica Looman, of Minnesota, to be Administrator of the Wage a",yes,
333927,118,NoChamber,Meeting,2023-03-28,jcse00,Hearings to examine navigating U.S. export controls for Ukrainian victory.,no,
115616,118,House,Hearing,2023-03-29,hlig00,Budget Hearing (CLOSED) for the National Reconnaissance Office and the National Geospatial Intelligence Agency,no,
333920,118,Senate,Meeting,2023-03-29,ssga00,"Business meeting to consider S.670, to improve services for trafficking victims by establishing, in Homeland Security Investigations, the Investigators Maintain Purposeful Awareness to Combat Traffick",yes,https://www.senate.gov/isvp/?comm=govtaff&filename=govtaff032923
115614,118,House,Hearing,2023-03-30,hlig00,Budget Hearing (CLOSED) for the Office of the Director of National Intelligence,no,
333935,118,Senate,Meeting,2023-03-30,ssas00,Hearings to examine the posture of the Department of the Army in review of the Defense Authorization Request for Fiscal Year 2024 and the Future Years Defense Program; to be immediately followed by a ,no,https://www.senate.gov/isvp/?comm=armed&filename=armedA033023
333940,118,Senate,Meeting,2023-03-30,ssfr00,"Hearings to examine the nominations of Nicole D. Theriot, of Louisiana, to be Ambassador to the Co-operative Republic of Guyana, Ann Marie Yastishock, of Pennsylvania, to be Ambassador to the Independ",yes,https://www.senate.gov/isvp/?comm=foreign&filename=foreign033023
115776,118,House,Markup,2023-04-17,hlig00,Business Meeting on Consideration of non-HPSCI Member Access Request,yes,
334000,118,Senate,Meeting,2023-04-18,ssfr00,To receive a closed briefing on Ukraine.,no,
334047,118,Senate,Meeting,2023-04-18,slin00,To receive a closed briefing on certain intelligence matters.,no,
115752,118,House,Hearing,2023-04-19,hsha00,"Joint Hearing with the Committee on Oversight and Accountability Subcommittee on Cybersecurity, Information Technology, and Government Innovation on “Data Breach at the D.C. Health Exchange”",yes,
115777,118,House,Hearing,2023-04-19,hlig00,Budget Hearing with the Central Intelligence Agency (CLOSED),no,
115781,118,House,Meeting,2023-04-19,hlzs00,Taiwan Tabletop Exercise (TTX),no,
334006,118,Senate,Meeting,2023-04-19,ssju00,Hearings to examine holding Russian kleptocrats and human rights violators accountable for their crimes against Ukraine.,no,https://www.senate.gov/isvp/?comm=judiciary&filename=judiciary041923
333826,118,Senate,Meeting,2023-04-20,ssju00,"Business meeting to consider S.1207, to establish a National Commission on Online Child Sexual Exploitation Prevention, S.1199, to combat the sexual exploitation of children by supporting victims and ",yes,https://www.senate.gov/isvp/?comm=judiciary&filename=judiciary042023
333983,118,Senate,Meeting,2023-04-20,ssap00,Hearings to examine proposed budget estimates and justification for fiscal year 2024 for the Department of Housing and Urban Development.,no,https://www.senate.gov/isvp/?comm=approps&filename=appropsA042023
333989,118,Senate,Meeting,2023-04-20,ssas00,A closed session in SVC-217; to be immediately followed by an open hearing to examine the posture of United States Indo-Pacific Command and United States Forces Korea in review of the Defense Authoriz,no,https://www.senate.gov/isvp/?comm=armed&filename=armedA042023
334020,118,Senate,Meeting,2023-04-25,ssap00,Hearings to examine proposed budget estimates and justification for fiscal year 2024 for the Sergeant at Arms and Doorkeeper of the Senate and the United States Capitol Police.,no,https://www.senate.gov/isvp/?comm=approps&filename=appropsA042523
115837,118,House,Markup,2023-04-26,hshm00,H.R.2794,yes,
334027,118,Senate,Meeting,2023-04-26,sshr00,"Business meeting to consider the nomination of Julie A. Su, of California, to be Secretary of Labor, and other pending calendar business.",yes,https://www.senate.gov/isvp/?comm=help&filename=help042623
334064,118,Senate,Meeting,2023-04-26,slin00,To receive a closed briefing on certain intelligence matters.,no,
115848,118,House,Hearing,2023-04-27,hlig00,Budget Hearing with the Defense Intelligence Agency (CLOSED),no,
334038,118,Senate,Meeting,2023-04-27,ssas00,Hearings to examine the posture of United States European Command and United States Transportation Command in review of the Defense Authorization Request for Fiscal Year 2024 and the Future Years Defe,no,https://www.senate.gov/isvp/?comm=armed&filename=armedA042723
334039,118,Senate,Meeting,2023-04-27,ssfr00,"Business meeting to consider the nominations of Elizabeth H. Richard, of Virginia, to be Coordinator for Counterterrorism, with the rank and status of Ambassador at Large, Eric W. Kneedler, of Pennsyl",yes,
334041,118,Senate,Meeting,2023-04-27,ssju00,"Business meeting to consider S.1207, to establish a National Commission on Online Child Sexual Exploitation Prevention, S.1199, to combat the sexual exploitation of children by supporting victims and ",yes,https://www.senate.gov/isvp/?comm=judiciary&filename=judiciary042723
334065,118,Senate,Meeting,2023-05-02,slin00,To receive a closed briefing on certain intelligence matters.,no,
334096,118,Senate,Meeting,2023-05-02,sshr00,"Business meeting to consider S.1067, to amend the Federal Food, Drug, and Cosmetic Act with respect to citizen petitions, S.1114, to amend the Federal Food, Drug, and Cosmetic Act with respect to the ",yes,https://www.senate.gov/isvp/?comm=help&filename=help050223
334123,118,Senate,Meeting,2023-05-03,slin00,To receive a closed briefing on certain intelligence matters.,no,
334083,118,Senate,Meeting,2023-05-04,ssfr00,"Hearings to examine the nominations of Stephanie Syptak-Ramnath, of Texas, to be Ambassador to the Republic of Peru, Arthur W. Brown, of Pennsylvania, to be Ambassador to the Republic of Ecuador, Yael",yes,https://www.senate.gov/isvp/?comm=foreign&filename=foreign050423
334131,118,Senate,Meeting,2023-05-04,ssju00,"Business meeting to consider the nominations of Michael Arthur Delaney, of New Hampshire, to be United States Circuit Judge for the First Circuit, Charnelle Bjelkengren, to be United States District J",yes,https://www.senate.gov/isvp/?comm=judiciary&filename=judiciary050423
334088,118,Senate,Meeting,2023-05-09,ssas00,Hearings to examine Department of Defense missile defense activities in review of the Defense Authorization Request for Fiscal Year 2024 and the Future Years Defense Program.,no,https://www.senate.gov/isvp/?comm=armed&filename=armedA050923
115947,118,House,Hearing,2023-05-10,hlig00,Full Committee Hearing on Joint Worldwide Intelligence Communications System (JWICS) Oversight (CLOSED),no,
333986,118,Senate,Meeting,2023-05-10,slin00,To receive a closed briefing on certain intelligence matters.,no,
334090,118,Senate,Meeting,2023-05-10,ssap00,"To receive a closed briefing on the President's proposed budget request for fiscal year 2024, focusing on U.S. competitiveness, and the U.S.-China relationship.",no,https://www.senate.gov/isvp/?comm=approps&filename=appropsA051023 https://www.senate.gov/isvp/?comm=approps&filename=appropsB051023
334093,118,Senate,Meeting,2023-05-10,ssap00,Hearings to examine proposed budget estimates and justification for fiscal year 2024 for the Federal Bureau of Investigation and for the Drug Enforcement Administration; to be immediately followed by ,no,https://www.senate.gov/isvp/?comm=approps&filename=appropsA051023 https://www.senate.gov/isvp/?comm=approps&filename=appropsB051023
334094,118,Senate,Meeting,2023-05-10,ssap00,Hearings to examine proposed budget estimates and justification for fiscal year 2024 for Indian country.,no,https://www.senate.gov/isvp/?comm=approps&filename=appropsA051023 https://www.senate.gov/isvp/?comm=approps&filename=appropsB051023
334097,118,Senate,Meeting,2023-05-10,sscm00,"Business meeting to consider S.229, to require SelectUSA to coordinate with State-level economic development organizations to increase foreign direct investment in semiconductor-related manufacturing ",yes,https://www.senate.gov/isvp/?comm=commerce&filename=commerce051023
115948,118,House,Hearing,2023-05-11,hlig00,Subcommittee Hearing on Sexual Assault (CLOSED),no,
334046,118,Senate,Meeting,2023-05-11,sshr00,"Business meeting to consider S.1067, to amend the Federal Food, Drug, and Cosmetic Act with respect to citizen petitions, S.1114, to amend the Federal Food, Drug, and Cosmetic Act with respect to the ",yes,https://www.senate.gov/isvp/?comm=help&filename=help051123
334086,118,Senate,Meeting,2023-05-11,ssju00,"Business meeting to consider S.1199, to combat the sexual exploitation of children by supporting victims and promoting accountability and transparency by the tech industry, S.1080, to amend the Contro",yes,https://www.senate.gov/isvp/?comm=judiciary&filename=judiciary051123
334121,118,Senate,Meeting,2023-05-11,ssju00,Business meeting to consider pending calendar business.,no,https://www.senate.gov/isvp/?comm=judiciary&filename=judiciary051123
115949,118,House,Hearing,2023-05-12,hlig00,Subcommittee Hearing on Budget Structure (CLOSED),no,
115980,118,House,Hearing,2023-05-16,hlig00,Full Committee Hearing on Security Clearance Reform (CLOSED),no,
334132,118,Senate,Meeting,2023-05-16,sssb00,Hearings to examine the impacts of debt ceiling brinkmanship and default on America's small businesses.,no,
334133,118,Senate,Meeting,2023-05-16,ssbk00,"Hearings to examine the failures of Silicon Valley Bank and Signature Bank, including S.1045, to amend the Federal Deposit Insurance Act to clarify that the Federal Deposit Insurance Corporation and a",yes,https://www.senate.gov/isvp/?comm=banking&filename=banking051623
334154,118,Senate,Meeting,2023-05-16,slin00,Closed hearings to examine certain intelligence matters.,no,
115974,118,House,Hearing,2023-05-17,hlzs00,"""Leveling the Playing Field: How to Counter the CCP's Economic Aggression""",no,
115978,118,House,Meeting,2023-05-17,hlzs00,Committee Business Meeting,yes,
115979,118,House,Markup,2023-05-17,hlig00,Full Committee Business Meeting to Consider the Public Release of a Committee Event Unclassified Transcript,yes,
115981,118,House,Hearing,2023-05-17,hlig00,Subcommittee Hearing on the Roles and Functions of the National Counterintelligence Center (CLOSED),no,
334146,118,NoChamber,Meeting,2023-05-17,jjec00,Hearings to examine how a U.S. default crisis harms American families and businesses.,no,
334151,118,Senate,Meeting,2023-05-17,ssfr00,"Hearings to examine the nominations of Jennifer M. Adams, of Virginia, to be Ambassador to the Republic of Cabo Verde, Heather Roach Variava, of Iowa, to be Ambassador to the Lao People's Democratic R",yes,https://www.senate.gov/isvp/?comm=foreign&filename=foreign051723
334161,118,Senate,Meeting,2023-05-17,sseg00,"Business meeting to consider S.92, to designate the outdoor amphitheater at the Blue Ridge Music Center in Galax, Virginia, as the ""Rick Boucher Amphitheater"", S.162, to amend the Smith River National",yes,https://www.senate.gov/isvp/?comm=energy&filename=energy051723
334225,118,Senate,Meeting,2023-05-17,slin00,Closed hearings to examine certain intelligence matters.,no,
334160,118,Senate,Meeting,2023-05-18,ssju00,"Business meeting to consider S.1080, to amend the Controlled Substances Act to require electronic communication service providers and remote computing services to report to the Attorney General certai",yes,https://www.senate.gov/isvp/?comm=judiciary&filename=judiciary051823
116035,118,House,Meeting,2023-05-24,hlzs00,Committee Executive Business Meeting,yes,
116011,118,House,Hearing,2023-05-25,hlig00,Subcommittee Hearing on Foreign Materiel Acquisition / Exploitation,no,
334264,118,Senate,Meeting,2023-05-31,slin00,Closed hearings to examine certain intelligence matters.,no,
334180,118,Senate,Meeting,2023-06-01,ssfr00,Business meeting to consider the Convention between the Government of the United States of America and the Government of the Republic of Chile for the Avoidance of Double Taxation and the Prevention o,yes,
334229,118,Senate,Meeting,2023-06-01,ssju00,"Business meeting to consider S.1080, to amend the Controlled Substances Act to require electronic communication service providers and remote computing services to report to the Attorney General certai",yes,https://www.senate.gov/isvp/?comm=judiciary&filename=judiciary060123
116058,118,House,Meeting,2023-06-07,hlig00,Open Panel with Former Members of the House Intelligence Committee,no,
334248,118,Senate,Meeting,2023-06-07,ssap00,To receive a closed briefing on proposed budget estimates and justification for fiscal year 2024 for capacity of the defense industrial base and wartime stockpiles.,no,
334270,118,Senate,Meeting,2023-06-07,slia00,"Business meeting to consider S.1723, to establish the Truth and Healing Commission on Indian Boarding School Policies in the United States.",yes,https://www.senate.gov/isvp/?comm=indian&filename=indian060723
334345,118,Senate,Meeting,2023-06-07,slin00,Closed hearings to examine certain intelligence matters.,no,
334266,118,Senate,Meeting,2023-06-08,ssju00,"Business meeting to consider S.1080, to amend the Controlled Substances Act to require electronic communication service providers and remote computing services to report to the Attorney General certai",yes,https://www.senate.gov/isvp/?comm=judiciary&filename=judiciary060823
334269,118,Senate,Meeting,2023-06-08,ssfr00,"Business meeting to consider S.920, to reauthorize the Trafficking Victims Protection Act of 2000, S.1457, to authorize negotiation and conclusion and to provide for congressional consideration of a t",yes,
116108,118,House,Markup,2023-06-13,hlig00,FY 2024 Intelligence Authorization Act (CLOSED),no,
334280,118,Senate,Meeting,2023-06-13,ssap00,To receive a closed briefing on proposed budget estimates and justification for fiscal 2024 for space capabilities of the Department of Defense and intelligence community.,no,
334288,118,Senate,Meeting,2023-06-13,ssfr00,"Hearings to examine the nominations of Nisha Desai Biswal, of Virginia, to be Deputy Chief Executive Officer of the United States International Development Finance Corporation, Edgard D. Kagan, of Vir",yes,https://www.senate.gov/isvp/?comm=foreign&filename=foreign061323
116109,118,House,Markup,2023-06-14,hlig00,FY 2024 Intelligence Authorization Act (CLOSED),no,
116110,118,House,Markup,2023-06-14,hlig00,FY 2024 Intelligence Authorization Act (CLOSED),no,
334297,118,Senate,Meeting,2023-06-14,ssfr00,To receive a closed briefing on the current dynamics in U.S.-China relations.,no,
334322,118,Senate,Meeting,2023-06-14,sseg00,To receive a closed briefing on the national security implications of the Compacts of Free Association.,no,
334481,118,Senate,Meeting,2023-06-14,slin00,Closed business meeting to consider pending intelligence matters.,no,
116111,118,House,Markup,2023-06-15,hlig00,FY 2024 Intelligence Authorization Act (CLOSED),no,
116120,118,House,Markup,2023-06-15,hsap00,Fiscal Year 2024 Defense Bill (Closed),yes,
334298,118,Senate,Meeting,2023-06-15,sshr00,"Business meeting to consider S.133, to extend the National Alzheimer's Project, S.134, to require an annual budget estimate for the initiatives of the National Institutes of Health pursuant to reports",yes,https://www.senate.gov/isvp/?comm=help&filename=help061523
334320,118,Senate,Meeting,2023-06-15,sscm00,"Business meeting to consider an original bill entitled, ""FAA Reauthorization Act"", and routine lists in the Coast Guard.",no,https://www.senate.gov/isvp/?comm=commerce&filename=commerce061523
334321,118,Senate,Meeting,2023-06-15,ssju00,"Business meeting to consider S.1080, to amend the Controlled Substances Act to require electronic communication service providers and remote computing services to report to the Attorney General certai",yes,https://www.senate.gov/isvp/?comm=judiciary&filename=judiciary061523
116164,118,House,Hearing,2023-06-19,hssm00,“Burdensome Red Tape: Overregulation in Health Care and the Impact on Small Businesses”,yes,
116146,118,House,Hearing,2023-06-20,hlig00,Special Counsel John Durham (CLOSED),no,
332625,118,Senate,Meeting,2023-06-20,ssas00,Closed business meeting to markup those provisions which fall under the subcommittee's jurisdiction of the proposed National Defense Authorization Act for fiscal year 2024.,no,
332631,118,Senate,Meeting,2023-06-20,ssas00,Closed business meeting to markup those provisions which fall under the subcommittee's jurisdiction of the proposed National Defense Authorization Act for fiscal year 2024.,no,
334323,118,Senate,Meeting,2023-06-20,ssap00,Closed hearings to examine proposed budget estimates and justification for fiscal year 2024 for the Central Intelligence Agency and the National Security Agency.,no,
332520,118,Senate,Meeting,2023-06-21,slin00,Closed hearings to examine certain intelligence matters.,no,
332624,118,Senate,Meeting,2023-06-21,ssas00,"Closed business meeting to markup S.822, to terminate the Department of Defense memorandum relating to access to abortions, to prohibit the use of travel and transportation allowances, medical convale",yes,https://www.senate.gov/isvp/?comm=armed&filename=armedA062123
332626,118,Senate,Meeting,2023-06-21,ssas00,Closed business meeting to markup those provisions which fall under the subcommittee's jurisdiction of the proposed National Defense Authorization Act for fiscal year 2024.,no,https://www.senate.gov/isvp/?comm=armed&filename=armedA062123
332627,118,Senate,Meeting,2023-06-21,ssas00,Closed business meeting to markup those provisions which fall under the subcommittee's jurisdiction of the proposed National Defense Authorization Act for fiscal year 2024.,no,https://www.senate.gov/isvp/?comm=armed&filename=armedA062123
332628,118,Senate,Meeting,2023-06-21,ssas00,Closed business meeting to markup those provisions which fall under the subcommittee's jurisdiction of the proposed National Defense Authorization Act for fiscal year 2024.,no,https://www.senate.gov/isvp/?comm=armed&filename=armedA062123
332629,118,Senate,Meeting,2023-06-21,ssas00,Business meeting to markup those provisions which fall under the subcommittee's jurisdiction of the proposed National Defense Authorization Act for fiscal year 2024.,no,https://www.senate.gov/isvp/?comm=armed&filename=armedA062123
332630,118,Senate,Meeting,2023-06-21,ssas00,Closed business meeting to markup those provisions which fall under the subcommittee's jurisdiction of the proposed National Defense Authorization Act for fiscal year 2024.,no,https://www.senate.gov/isvp/?comm=armed&filename=armedA062123
334335,118,Senate,Meeting,2023-06-21,sshr00,"Business meeting to consider S.728, to amend the Fair Labor Standards Act of 1938 to provide more effective remedies to victims of discrimination in the payment of wages on the basis of sex, S.1664, t",yes,https://www.senate.gov/isvp/?comm=help&filename=help062123
334342,118,Senate,Meeting,2023-06-21,ssfr00,"Hearings to examine the nominations of Kara C. McDonald, of Virginia, to be Ambassador to the Republic of Lithuania, and Jack A. Markell, of Delaware, to be Ambassador to the Italian Republic, and to ",yes,https://www.senate.gov/isvp/?comm=foreign&filename=foreign062123
116157,118,House,Meeting,2023-06-22,hswm00,Meeting on Documents Protected Under Internal Revenue Code Section 6103,yes,
334333,118,Senate,Meeting,2023-06-22,ssas00,Closed business meeting to continue to markup the proposed National Defense Authorization Act for fiscal year 2024.,no,
334350,118,Senate,Meeting,2023-06-22,ssap00,"Business meeting to consider 302(b) Subcommittee allocations, an original bill entitled, ¿Military Construction, Veterans Affairs, and Related Agencies Appropriations Act, 2024¿, and an original bill ",no,https://www.senate.gov/isvp/?comm=approps&filename=appropsA062223
332623,118,Senate,Meeting,2023-06-23,ssas00,Closed business meeting to continue to markup the proposed National Defense Authorization Act for fiscal year 2024.,no,
334443,118,Senate,Meeting,2023-07-11,slin00,Closed hearings to examine certain intelligence matters.,no,
334347,118,Senate,Meeting,2023-07-12,sshr00,"Business meeting to consider the nominations of Gwynne A. Wilcox, of New York, to be a Member of the National Labor Relations Board, Loren E. Sweatt, of Virginia, to be a Member of the National Mediat",yes,
334440,118,Senate,Meeting,2023-07-12,sscm00,"Business meeting to consider the nominations of Anna M. Gomez, of Virginia, Geoffrey Adam Starks, of Kansas, and Brendan Carr, of Virginia, each to be a Member, and Fara Damelin, of Virginia, to be In",yes,https://www.senate.gov/isvp/?comm=commerce&filename=commerce071223
116190,118,House,Markup,2023-07-13,hlig00,FY 2024 Intelligence Authorization Act (CLOSED),yes,
116209,118,House,Hearing,2023-07-13,hlzs00,Risky Business: Growing Peril for American Companies in China,yes,
334360,118,Senate,Meeting,2023-07-13,ssfr00,"Business meeting to consider S.2043, to provide for certain authorities of the Department of State, S.1457, to authorize negotiation and conclusion and to provide for congressional consideration of a ",yes,
334445,118,Senate,Meeting,2023-07-13,ssap00,"Business meeting to markup an original bill entitled, ""Legislative Branch Appropriations Act"", an original bill entitled, ""Commerce, Justice, Science, and Related Agencies Appropriations Act"", and an ",no,https://www.senate.gov/isvp/?comm=approps&filename=appropsA071323
334447,118,Senate,Meeting,2023-07-13,ssju00,"Business meeting to consider S.1080, to amend the Controlled Substances Act to require electronic communication service providers and remote computing services to report to the Attorney General certai",yes,https://www.senate.gov/isvp/?comm=judiciary&filename=judiciary071323
334460,118,Senate,Meeting,2023-07-13,ssva00,"Business meeting to consider the nomination of Tanya J. Bradsher, of Virginia, to be Deputy Secretary of Veterans Affairs.",yes,
116271,118,House,Hearing,2023-07-18,hlig00,People's Republic of China Threats to the Homeland (CLOSED),no,
116221,118,House,Markup,2023-07-19,hsvr00,"H.R. 3848, HOME Act of 2023; H.R. 3874, Veterans Education Assistance Improvement Act; H.R. 3898, Transcript Assurance for Heroes Act; H.R. 3900, To amend title 38, United States Code, to establish ce",yes,
116223,118,House,Markup,2023-07-19,hsvr00,"H.R. 592, Department of Veterans Affairs Electronic Health Record Modernization Improvement Act; H.R. 608, To terminate the Electronic Health Record Modernization Program of the Department of Veterans",yes,
334427,118,Senate,Meeting,2023-07-19,sssb00,"Business meeting to consider S.38, to amend the Small Business Act to codify the Boots to Business Program, S.77, to reauthorize the State Trade Expansion Program of the Small Business Administration,",yes,https://www.senate.gov/isvp/?comm=smbiz&filename=smbiz071923
334631,118,Senate,Meeting,2023-07-19,ssga00,"Business meeting to consider S.1253, to increase the number of U.S. Customs and Border Protection Customs and Border Protection officers and support staff and to require reports that identify staffing",yes,https://www.senate.gov/isvp/?comm=govtaff&filename=govtaff071923
334741,118,Senate,Meeting,2023-07-19,slin00,To receive a closed briefing on certain intelligence matters.,no,
116259,118,House,Hearing,2023-07-20,hlzs00,"""The Biden Administration's PRC Strategy""",yes,
334560,118,Senate,Meeting,2023-07-20,ssap00,"Business meeting to markup an original bill entitled, ¿Energy and Water Development Appropriations Act¿, an original bill entitled, ¿State, Foreign Operations, and Related Programs Appropriations Act¿",no,https://www.senate.gov/isvp/?comm=approps&filename=appropsA072023
334561,118,Senate,Meeting,2023-07-20,sshr00,"Business meeting to consider S.2333, to reauthorize certain programs under the Public Health Service Act with respect to public health security and all-hazards preparedness and response, and other pen",yes,https://www.senate.gov/isvp/?comm=help&filename=help072023
334566,118,Senate,Meeting,2023-07-20,ssju00,"Business meeting to consider S.359, to amend title 28, United States Code, to provide for a code of conduct for justices of the Supreme Court of the United States, and the nomination of Julia Kathleen",yes,https://www.senate.gov/isvp/?comm=judiciary&filename=judiciary072023
334582,118,Senate,Meeting,2023-07-20,ssbk00,Hearings to examine perspectives on deposit insurance reform after recent bank failures.,no,https://www.senate.gov/isvp/?comm=banking&filename=banking072023
116265,118,House,Markup,2023-07-26,hsvr00,"H.R. 3848, HOME Act; H.R. 3943, Servicemember Employment Protection Act of 2023; H.R. 3874, Veterans Education Assistance Improvement Act; H.R. 3933, TAP Promotion Act; H.R. 4278, Restore Department o",yes,
116281,118,House,Hearing,2023-07-26,hlzs00,"""Commanding Heights: Ensuring U.S. Leadership in the Critical and Emerging Technologies of the 21st Century""",yes,
333869,118,Senate,Meeting,2023-07-26,slin00,Closed business meeting to consider pending intelligence matters; to be immediately followed by a closed briefing on certain intelligence matters.,no,
334600,118,Senate,Meeting,2023-07-26,ssga00,"Business meeting to continue consideration of S.2251, to improve the cybersecurity of the Federal Government, S.2291, to establish the Northern Border Coordination Center, S.2289, to direct the Direct",yes,https://www.senate.gov/isvp/?comm=govtaff&filename=govtaff072623
334627,118,Senate,Meeting,2023-07-26,ssra00,A joint oversight hearing with the Committee on House Administration to examine the Capitol Police Board.,no,https://www.senate.gov/isvp/?comm=rules&filename=rules072623
334680,118,Senate,Meeting,2023-07-26,ssfi00,"Business meeting to consider an original bill entitled, ""Modernizing and Ensuring PBM Accountability (MEPA) Act"".",no,https://www.senate.gov/isvp/?comm=finance&filename=finance072623
334681,118,NoChamber,Meeting,2023-07-26,jcse00,Hearings to examine rescuing Ukrainian children and women from Russia's aggression.,no,
115732,118,House,Markup,2023-07-27,hssy00,Markup,yes,
334643,118,Senate,Meeting,2023-07-27,ssap00,"Business meeting to markup and original bill entitled, ""Defense Appropriations Act"", an original bill entitled ""Interior, Environment, and Related Agencies Appropriations Act"", an original bill entitl",no,https://www.senate.gov/isvp/?comm=approps&filename=appropsA072723
334660,118,Senate,Meeting,2023-07-27,sscm00,"Business meeting to consider S.447, to establish a demonstration program for the active remediation of orbital debris and to require the development of uniform orbital debris standard practices in ord",yes,https://www.senate.gov/isvp/?comm=commerce&filename=commerce072723
334740,118,Senate,Meeting,2023-09-06,ssfr00,"Hearings to examine AUKUS, focusing on a generational opportunity to deepen our security partnerships with Australia and the United Kingdom.",no,https://www.senate.gov/isvp/?comm=foreign&filename=foreign090623
335018,118,Senate,Meeting,2023-09-06,slin00,To receive a closed briefing on certain intelligence matters.,no,
116380,118,House,Hearing,2023-09-12,hlzs00,Systemic Risk: The Chinese Communist Party's Threat to U.S. Financial Stability,yes,
334762,118,Senate,Meeting,2023-09-12,ssga00,"Business meeting to consider the nominations of Robert G. Taub, of New York, to be a Commissioner of the Postal Regulatory Commission, and Tanya Monique Jones Bosier, Danny Lam Hoan Nguyen, and Kenech",yes,https://www.senate.gov/isvp/?comm=govtaff&filename=govtaff091223
334764,118,Senate,Meeting,2023-09-12,ssas00,"Hearings to examine the nomination of General David W. Allvin, USAF, for reappointment to the grade of general and to be Chief of Staff of the Air Force, Department of Defense.",yes,https://www.senate.gov/isvp/?comm=armed&filename=armedA091223
334822,118,Senate,Meeting,2023-09-12,slin00,To receive a closed briefing on certain intelligence matters.,no,
334852,118,Senate,Meeting,2023-09-13,slin00,To receive a closed briefing on certain intelligence matters.,no,
334763,118,Senate,Meeting,2023-09-14,ssas00,"Hearings to examine the nomination of Admiral Lisa M. Franchetti, USN, for reappointment to the grade of admiral and to be Chief of Naval Operations, Department of Defense.",yes,https://www.senate.gov/isvp/?comm=armed&filename=armedA091423
334823,118,Senate,Meeting,2023-09-14,ssju00,"Business meeting to consider the nominations of Jerry Edwards, Jr., to be United States District Judge for the Western District of Louisiana, Margaret M. Garnett, to be United States District Judge fo",yes,https://www.senate.gov/isvp/?comm=judiciary&filename=judiciary091423
334826,118,Senate,Meeting,2023-09-14,ssfi00,"Business meeting to markup an original bill entitled, ""The United States-Taiwan Expedited Double-Tax Relief Act"".",no,https://www.senate.gov/isvp/?comm=finance&filename=finance091423
116392,118,House,Hearing,2023-09-19,hlig00,CIA Investigation Update (CLOSED),no,
116401,118,House,Markup,2023-09-20,hsba00,Markup of H.R. 5557,yes,
334850,118,Senate,Meeting,2023-09-20,ssfr00,"Business meeting to consider the nominations of James C. O'Brien, of Nebraska, to be an Assistant Secretary (European and Eurasian Affairs), Dennis B. Hankins, of Minnesota, to be Ambassador to the Re",yes,
116400,118,House,Meeting,2023-09-21,hsgo00,Full Committee Member Briefing on NASA’s Independent Study Report on Unidentified Aerial Phenomenon (UAPs),yes,
334849,118,Senate,Meeting,2023-09-21,sshr00,"Business meeting to consider S.1573, to reauthorize the Prematurity Research Expansion and Education for Mothers who deliver Infants Early Act, S.2415, to amend title III of the Public Health Service ",yes,https://www.senate.gov/isvp/?comm=help&filename=help092123
334861,118,Senate,Meeting,2023-09-21,sseg00,"Business meeting to consider S.384, to establish the Springfield 1908 Race Riot National Monument in the State of Illinois, S.432, to amend the Wild and Scenic Rivers Act to designate the Nulhegan Riv",yes,https://www.senate.gov/isvp/?comm=energy&filename=energy092123
116427,118,House,Meeting,2023-09-27,hswm00,Meeting on Documents Protected under Internal Revenue Code section 6103,no,
334880,118,Senate,Meeting,2023-09-27,ssga00,"Business meeting to consider the nominations of Thomas G. Day, of Virginia, to be a Commissioner of the Postal Regulatory Commission, and Katherine E. Oler, Judith E. Pipe, and Charles J. Willoughby, ",yes,https://www.senate.gov/isvp/?comm=govtaff&filename=govtaff092723
334886,118,Senate,Meeting,2023-09-27,ssbk00,"Business meeting to consider S.2860, to create protections for financial institutions that provide financial services to State-sanctioned marijuana businesses and service providers for such businesses",yes,https://www.senate.gov/isvp/?comm=banking&filename=banking092723
334863,118,Senate,Meeting,2023-09-28,ssju00,"Business meeting to consider the nominations of Richard E.N. Federico, of Kansas, to be United States Circuit Judge for the Tenth Circuit, Joshua Paul Kolar, of Indiana, to be United States Circuit Ju",yes,https://www.senate.gov/isvp/?comm=judiciary&filename=judiciary092823
334926,118,Senate,Meeting,2023-10-04,ssap00,To receive a closed briefing on United States assistance to Ukrainian Air Defenses.,no,
334981,118,Senate,Meeting,2023-10-17,ssbk00,"Hearings to examine community development financial institutions and promotion of housing and economic opportunity, including S.869, to amend the Community Development Banking and Financial Institutio",yes,https://www.senate.gov/isvp/?comm=banking&filename=banking101723
334985,118,Senate,Meeting,2023-10-17,slin00,Closed hearings to examine certain intelligence matters.,no,
116493,118,House,Meeting,2023-10-18,hsif00,Timeout: Evaluating Safety Measures Implemented to Protect Athletes,yes,
334960,118,Senate,Meeting,2023-10-18,ssfr00,"Hearings to examine the nomination of Jacob J. Lew, of New York, to be Ambassador to the State of Israel, Department of State.",yes,https://www.senate.gov/isvp/?comm=foreign&filename=foreign101823
334943,118,Senate,Meeting,2023-10-19,ssfr00,"Hearings to examine the nominations of Richard H. Riley IV, of California, to be Ambassador to the Federal Republic of Somalia, Mark Toner, of Pennsylvania, to be Ambassador to the Republic of Liberia",yes,https://www.senate.gov/isvp/?comm=foreign&filename=foreign101923
335003,118,Senate,Meeting,2023-10-24,scnc00,"Hearings to examine the precursor pipeline, focusing on techniques that drug cartels use to procure and finance precursor chemicals that are used to manufacture illicit synthetic drugs, and actions th",no,
335051,118,Senate,Meeting,2023-10-24,slin00,To receive a closed briefing on certain intelligence matters.,no,
334821,118,Senate,Meeting,2023-10-25,slin00,To receive a closed briefing on certain intelligence matters.,no,
335004,118,Senate,Meeting,2023-10-25,sshr00,"Business meeting to consider the nominations of Monica M. Bertagnolli, of Massachusetts, to be Director of the National Institutes of Health, Department of Health and Human Services, Charlotte A. Burr",yes,https://www.senate.gov/isvp/?comm=help&filename=help102523
335006,118,Senate,Meeting,2023-10-25,ssga00,"Business meeting to consider S.2685, to make data and internal guidance on excess personal property publicly available, S.2866, to improve the customer experience of the Federal Government, ensure tha",yes,https://www.senate.gov/isvp/?comm=govtaff&filename=govtaff102523
335017,118,Senate,Meeting,2023-10-25,slia00,Hearings to examine implementing the Bipartisan Infrastructure Law and the Inflation Reduction Act in native communities.,no,https://www.senate.gov/isvp/?comm=indian&filename=indian102523
334998,118,Senate,Meeting,2023-10-26,ssju00,"Business meeting to consider subcommittee assignments, and the nominations of Mustafa Taher Kasubhai, to be United States District Judge for the District of Oregon, John A. Kazen, to be United States ",yes,https://www.senate.gov/isvp/?comm=judiciary&filename=judiciary102623
335050,118,Senate,Meeting,2023-11-01,ssfr00,To receive a closed briefing on Ukraine.,no,
335080,118,Senate,Meeting,2023-11-01,slin00,To receive a closed briefing on certain intelligence matters.,no,
335052,118,Senate,Meeting,2023-11-02,ssbk00,"Hearings to examine ensuring financial protection for servicemembers, veterans, and their families, including S.185, to amend title 38, United States Code, to improve the program for direct housing lo",yes,https://www.senate.gov/isvp/?comm=banking&filename=banking110223
335082,118,Senate,Meeting,2023-11-02,ssju00,"Business meeting to consider an authorization for subpoenas relating to the Supreme Court ethics investigation, and the nominations of Mustafa Taher Kasubhai, to be United States District Judge for th",yes,https://www.senate.gov/isvp/?comm=judiciary&filename=judiciary110223
335066,118,Senate,Meeting,2023-11-07,ssju00,Hearings to examine social media and the teen mental health crisis.,no,https://www.senate.gov/isvp/?comm=judiciary&filename=judiciary110723
335102,118,Senate,Meeting,2023-11-07,ssbk00,"Business meeting to consider the nominations of Tanya F. Otsuka, of Virginia, to be a Member of the National Credit Union Administration Board, Mark Toshiro Uyeda, of California, to be a Member of the",yes,
335120,118,Senate,Meeting,2023-11-07,slin00,To receive a closed briefing on certain intelligence matters.,no,
116524,118,House,Markup,2023-11-08,hssy00,Markup,yes,
335101,118,Senate,Meeting,2023-11-08,ssfi00,"Business meeting to consider an original bill entitled ""Better Mental Health Care, Lower-Cost Drugs, and Extenders Act"".",no,https://www.senate.gov/isvp/?comm=finance&filename=finance110823
335123,118,Senate,Meeting,2023-11-09,ssju00,"Business meeting to consider an authorization for subpoenas relating to the Supreme Court ethics investigation, and the nominations of Mustafa Taher Kasubhai, to be United States District Judge for th",yes,https://www.senate.gov/isvp/?comm=judiciary&filename=judiciary110923
116581,118,House,Meeting,2023-11-13,hlig00,To Consider a Resolution to Enable a Joint Hearing with the Committee on Homeland Security and a Resolution to Enable Outside Committee Participation at a Briefing,yes,
116593,118,House,Hearing,2023-11-14,hlig00,"Joint Hearing with Committee on Homeland Security Subcommittee on Counterterrorism, Law Enforcement, & Intelligence on Countering Terrorism in a Shifting Geopolitical Landscape (CLOSED)",no,
335103,118,Senate,Meeting,2023-11-14,ssra00,"Business meeting to consider S.Res.444, providing for the en bloc consideration of military nominations.",yes,https://www.senate.gov/isvp/?comm=rules&filename=rules111423
116525,118,House,Markup,2023-11-15,hssy00,Markup,yes,
335081,118,Senate,Meeting,2023-11-15,slin00,To receive a closed briefing on certain intelligence matters.,no,
335107,118,NoChamber,Meeting,2023-11-15,jjec00,"Hearings to examine aging Americans and a waning workforce, focusing on demographic drivers of our deficit.",no,
335109,118,Senate,Meeting,2023-11-15,ssga00,"Business meeting to consider the nominations of Harry Coker, Jr., of Kansas, to be National Cyber Director,  Jeff Rezmovic, of Maryland, to be Chief Financial Officer, Department of Homeland Security,",yes,https://www.senate.gov/isvp/?comm=govtaff&filename=govtaff111523
335124,118,Senate,Meeting,2023-11-15,slia00,"Business meeting to consider S.1898, to amend the Northwestern New Mexico Rural Water Projects Act to make improvements to that Act, and S.2088, to direct the Secretary of the Interior to complete all",yes,https://www.senate.gov/isvp/?comm=indian&filename=indian111523
335140,118,Senate,Meeting,2023-11-16,ssfr00,"Hearings to examine the nominations of Jeffrey Prescott, of the District of Columbia, to be U.S. Representative to the United Nations Agencies for Food and Agriculture, with the rank of Ambassador, Ch",yes,https://www.senate.gov/isvp/?comm=foreign&filename=foreign111623
335166,118,Senate,Meeting,2023-11-28,ssfi00,"Business meeting to consider the nomination of Martin O'Malley, of Maryland, to be Commissioner of Social Security.",yes,https://www.senate.gov/isvp/?comm=finance&filename=finance112823
335169,118,Senate,Meeting,2023-11-28,ssju00,Hearings to examine the gun violence epidemic.,no,https://www.senate.gov/isvp/?comm=judiciary&filename=judiciary112823
116634,118,House,Markup,2023-11-29,hssy00,Markup Final Passage Voting,no,
335173,118,Senate,Meeting,2023-11-29,ssfr00,To receive a closed briefing on the US-PRC relationship after APEC.,no,
335180,118,Senate,Meeting,2023-11-29,,"Meeting of conferees on H.R.2670, to authorize appropriations for fiscal year 2024 for military activities of the Department of Defense and for military construction, and for defense activities of the",yes,
335209,118,Senate,Meeting,2023-11-30,ssju00,"Business meeting to consider an authorization for subpoenas relating to the Supreme Court ethics investigation, and the nominations of Mustafa Taher Kasubhai, to be United States District Judge for th",yes,https://www.senate.gov/isvp/?comm=judiciary&filename=judiciary113023
116620,118,House,Meeting,2023-12-01,hlzs00,Discourse Power: The CCP's Strategy to Shape the Global Information Space,yes,
116622,118,House,Meeting,2023-12-01,hsha00,House Communications Standards Commission Meeting,yes,
116609,118,House,Markup,2023-12-05,hsvr00,"H.R. 522, Deliver for Veterans Act; H.R. 3738, To amend title 38, United States Code, to establish in the Department of Veterans Affairs the Veterans Economic Opportunity and Transition Administration",yes,
116642,118,House,Hearing,2023-12-05,hswm00,Hearing with IRS Whistleblowers: Hunter Biden Investigation Obstruction in Their Own Words,yes,
116658,118,House,Meeting,2023-12-05,hswm00,Meeting on Documents Protected Under Internal Revenue Code Section 6103,yes,
335201,118,Senate,Meeting,2023-12-05,ssju00,An oversight hearing to examine the Federal Bureau of Investigation.,no,https://www.senate.gov/isvp/?comm=judiciary&filename=judiciary120523
335165,118,Senate,Meeting,2023-12-06,ssga00,"Business meeting to consider the nominations of Hampton Y. Dellinger, of North Carolina, to be Special Counsel, Office of Special Counsel, and Henry J. Kerner, of Virginia, to be a Member of the Merit",yes,https://www.senate.gov/isvp/?comm=govtaff&filename=govtaff120623
335227,118,Senate,Meeting,2023-12-06,ssaf00,"Business meeting to consider the nominations of Basil Ivanhoe Gooden, of Virginia, to be Under Secretary of Agriculture for Rural Development, and Summer K. Mersinger, of South Dakota, to be a Commiss",yes,
335232,118,Senate,Meeting,2023-12-06,slin00,To receive a closed briefing on certain intelligence matters.,no,
116666,118,House,Markup,2023-12-07,hlig00,FISA Reform and Reauthorization Act of 2023 (OPEN),yes,
335060,118,Senate,Meeting,2023-12-07,ssju00,"Business meeting to consider the nominations of Sara E. Hill, and John David Russell, both to be a United States District Judge for the Northern District of Oklahoma, and Ramona Villagomez Manglona, t",yes,https://www.senate.gov/isvp/?comm=judiciary&filename=judiciary120723
335221,118,Senate,Meeting,2023-12-07,ssfr00,"Hearings to examine the nomination of Kurt Campbell, of the District of Columbia, to be Deputy Secretary of State, and other pending nominations.",yes,https://www.senate.gov/isvp/?comm=foreign&filename=foreign120723
335222,118,Senate,Meeting,2023-12-07,sscm00,"Business meeting to consider the nomination of J. Todd Inman, of Kentucky, to be a Member of the National Transportation Safety Board, and routine lists in the Coast Guard.",yes,https://www.senate.gov/isvp/?comm=commerce&filename=commerce120723
116682,118,House,Meeting,2023-12-12,hlzs00,House Select Committee on the Strategic Competition between the United States and Chinese Communist Party: Committee Business Meeting,yes,
335225,118,Senate,Meeting,2023-12-12,sshr00,"Business meeting to consider S.1840, to amend the Public Health Service Act to reauthorize and improve the National Breast and Cervical Cancer Early Detection Program for fiscal years 2024 through 202",yes,https://www.senate.gov/isvp/?comm=help&filename=help121223
335226,118,Senate,Meeting,2023-12-12,ssap00,"Hearings to examine communities in crisis, focusing on what happens when disaster recovery funds are delayed.",no,https://www.senate.gov/isvp/?comm=approps&filename=appropsA121223
335229,118,Senate,Meeting,2023-12-12,ssju00,"Hearings to examine cleaning up the C-Suite, focusing on ensuring accountability for corporate criminals.",no,https://www.senate.gov/isvp/?comm=judiciary&filename=judiciary121223
335230,118,Senate,Meeting,2023-12-12,ssfr00,To receive a closed briefing on Iran and its proxy threat to U.S. policy and personnel post-October 7.,no,
335233,118,Senate,Meeting,2023-12-12,slin00,To receive a closed briefing on certain intelligence matters.,no,
335121,118,Senate,Meeting,2023-12-13,slin00,To receive a closed briefing on certain intelligence matters.,no,
116680,118,House,Hearing,2023-12-14,hlzs00,CCP Transnational Repression: The Party’s Effort to Silence and Coerce Critics Overseas,yes,
335141,118,Senate,Meeting,2023-12-14,sseg00,"Business meeting to consider subcommittee assignments for the 118th Congress, S.461, to make certain irrigation districts eligible for Pick-Sloan Missouri Basin Program pumping power, S.594, to requir",yes,https://www.senate.gov/isvp/?comm=energy&filename=energy121423
335325,118,Senate,Meeting,2024-01-17,ssfr00,To receive a closed briefing on strategic implications for cross-straits relations of the 2024 Taiwan elections.,no,
335329,118,Senate,Meeting,2024-01-18,ssfr00,To receive a closed briefing from the Secretary of State.,no,
335363,118,Senate,Meeting,2024-01-24,slin00,To receive a closed briefing on certain intelligence matters.,no,
116768,118,House,Hearing,2024-01-30,hlzs00,Authoritarian Alignment: The CCP's Support for America's Adversaries,yes,
116776,118,House,Hearing,2024-01-31,hlzs00,The CCP Cyber Threat to the American Homeland and National Security,yes,
116865,118,House,Meeting,2024-02-13,hlig00,To Consider a Motion to Call Information to the Attention of the House (CLOSED),yes,
335488,118,Senate,Meeting,2024-03-06,slin00,To receive a closed briefing on certain intelligence matters.,no,
116924,118,House,Hearing,2024-03-07,hlzs00,"""Growing Stakes: The Bioeconomy and American National Security""",yes,
116929,118,House,Hearing,2024-03-12,hlig00,2024 Annual Threat Assessment (Open Session),yes,
116930,118,House,Hearing,2024-03-12,hlig00,2024 Annual Threat Assessment (Closed Session),no,
116874,118,House,Markup,2024-03-20,hssy00,Markup,yes,
117022,118,House,Markup,2024-03-20,hssy00,Markup Recorded Votes,no,
335511,118,Senate,Meeting,2024-03-20,slin00,To receive a closed briefing on certain intelligence matters.,no,
117070,118,House,Hearing,2024-04-05,hshm00,"""Port Safety, Security, and Infrastructure Investment""",yes,
117110,118,House,Markup,2024-04-16,hsvr00,"H.R. 1083, Caring for Survivors Act of 2023; H.R. 2911, Fairness for Servicemembers and their Families Act of 2023; H.R. 3651, Love Lies On Act of 2023; H.R. 7100, Prioritizing Veterans’ Survivors Act",yes,
117111,118,House,Markup,2024-04-16,hsvr00,"H.R. 3225, BUILD for Veterans Act of 2023; H.R. 3303, Maternal Health for Veterans Act; H.R. 3644, ACT for Veterans Act; H.R. 3649, Veterans National Traumatic Brain Injury Treatment Act; H.R. 4424, V",yes,
117142,118,House,Hearing,2024-04-16,hlzs00,The CCP's Role in the Fentanyl Crisis,yes,
117156,118,House,Markup,2024-04-16,hspw00,Updated Committee roster,yes,
117115,118,House,Hearing,2024-04-17,hsvr00,"H.R. 6452, Veterans Scam and Fraud Evasion Act of 2023; H.R. TRAIN VA Employees Act; H.R. 6538, VA Correct Compensation Act of 2023; H.R. 6874, VA WEB Act; H.R. 6947, Veterans Affairs Centennial and H",yes,
117117,118,House,Markup,2024-04-17,hsvr00,"H.R. 6225, Expanding Home Loans for Guard and Reservists Act; H.R. 6656, 
Stuck on Hold Act; H.R. 7323, Montgomery GI Bill Selected Reserves Tuition Fairness Act; 
H.R. 7613, Veterans Flight Training ",yes,
117159,118,House,Hearing,2024-04-17,hlig00,Panel with Former Members of the House Intelligence Committee (Open),no,
117243,118,House,Hearing,2024-04-30,hlig00,FY 2025 General Defense Intelligence Program (GDIP) Budget Request (CLOSED),no,
117244,118,House,Hearing,2024-04-30,hlig00,FY 2025 Central Intelligence Agency Budget Request (CLOSED),no,
335726,118,Senate,Meeting,2024-04-30,slin00,To receive a closed briefing on certain intelligence matters.,no,
117200,118,House,Markup,2024-05-01,hsvr00,"H.R. 705, Veterans 2nd Amendment Protection Act; H.R. 2499, VA Supply Chain Management System Authorization Act; H.R. 2911, Fairness for Servicemembers and their Families Act of 2023; H.R. 3225, BUILD",yes,
117246,118,House,Hearing,2024-05-01,hlig00,FY 2025 National Security Agency Budget Request (CLOSED),no,
335641,118,Senate,Meeting,2024-05-01,slin00,To receive a closed briefing on certain intelligence matters.,no,
117278,118,House,Hearing,2024-05-06,hlig00,Hot Spots: SRP,no,
117279,118,House,Hearing,2024-05-07,hlig00,FY 2025 Budget Request for the National Intelligence Program (CLOSED),no,
117281,118,House,Hearing,2024-05-07,hlig00,FY 2025 Budget Request for the National Reconnaissance Office and the National Geospatial-Intelligence Agency (CLOSED),no,
117287,118,House,Meeting,2024-05-07,hsgo00,“The Origins and Implications of Rising Antisemitism in Higher Education”,yes,
117282,118,House,Hearing,2024-05-08,hlig00,FY 2025 Budget Requests for the National Intelligence Program and the Military Intelligence Program (CLOSED),no,
117283,118,House,Hearing,2024-05-08,hlig00,FY 2025 Budget Request for the Military Intelligence Program (CLOSED),no,
335532,118,Senate,Meeting,2024-05-08,slin00,Closed hearings to examine certain intelligence matters.,no,
117328,118,House,Hearing,2024-05-15,hlig00,Open Panel with Think Tank Experts,yes,
117307,118,House,Hearing,2024-05-16,hlzs00,"""All Roads Leading to Beijing? The CCP's Global Development Offensive""",yes,
117365,118,House,Meeting,2024-05-22,hswm00,Meeting on Documents protected under Internal Revenue Code section 6103,yes,
333715,118,Senate,Meeting,2024-05-22,slin00,Closed business meeting to consider pending intelligence matters.,no,
335834,118,Senate,Meeting,2024-05-22,,"Organizational business meeting to designate the Chair, designate the 2025 Inaugural site, approve the Inaugural budget, and designate official staff representatives.",no,
117398,118,House,Markup,2024-06-04,hlig00,FY 2025 Intelligence Authorization Act (CLOSED),yes,
117400,118,House,Markup,2024-06-04,hlig00,FY 2025 Intelligence Authorization Act (CLOSED),yes,
117404,118,House,Markup,2024-06-05,hsap00,Fiscal Year 2025 Defense Bill (Closed),yes,
117436,118,House,Markup,2024-06-11,hlig00,FY 2025 Intelligence Authorization Act (CLOSED),yes,
335920,118,Senate,Meeting,2024-06-11,ssfr00,To received a closed briefing on policy developments and dynamics in the Middle East.,no,
335891,118,Senate,Meeting,2024-06-12,ssap00,Closed hearings to examine proposed budget estimates and justification for fiscal year 2025 for the Central Intelligence Agency and the National Security Agency.,no,
117429,118,House,Hearing,2024-06-13,hsif00,“Securing America’s Critical Materials Supply Chains and Economic Leadership”,no,
117481,118,House,Hearing,2024-06-26,hlzs00,"From High Tech to Heavy Steel: Combatting the PRC's Strategy to Dominate Semiconductors, Shipbuilding, and Drones",yes,
117471,118,House,Markup,2024-07-10,hssy00,Markup,yes,
335998,118,Senate,Meeting,2024-07-10,ssfr00,To receive a closed briefing on the Columbia River Treaty.,no,
117542,118,House,Hearing,2024-07-23,hlzs00,The Great Firewall and the CCP’s Export of its Techno-Authoritarian Surveillance State,no,
117584,118,House,Markup,2024-09-11,hssy00,SST Full Committee Markup,yes,
117627,118,House,Hearing,2024-09-11,hsag00,“Severe Food Distribution Shortages in Tribal and Elderly Communities”,yes,
117641,118,House,Meeting,2024-09-11,hsgo00,“Examining the Biden-Harris Administration’s Resettlement of Afghan Evacuees”,yes,
117644,118,House,Markup,2024-09-11,hsed00,"H.R. 5646, ""Stop Campus Hazing Act""; H.R. 7233, ""Jenna Quinn Law of 2024""; H.R. 736, ""PROTECT Kids Act""; H.J. Res. 181, ""Providing for congressional disapproval under chapter 8 of title 5, United Stat",yes,
335905,118,Senate,Meeting,2024-09-11,slin00,Closed business meeting to consider pending intelligence matters; to be immediately followed by a closed briefing on certain intelligence matters.,no,
117670,118,House,Hearing,2024-09-19,hlzs00,How the CCP Uses the Law to Silence Critics and Enforce its Rule,yes,
336239,118,Senate,Meeting,2024-09-24,slin00,To receive a closed briefing on certain intelligence matters.,no,
117704,118,House,Meeting,2024-09-25,hssy00,SST Full Committee Markup,yes,
336246,118,Senate,Meeting,2024-09-25,slin00,To receive a closed briefing on certain intelligence matters.,no,
117692,118,House,Hearing,2024-09-26,htzt00,"The Ongoing Investigation of the Butler, Pennsylvania Security Failure: The Secret Service’s Reliance on State and Local Law Enforcement.",yes,
117698,118,House,Hearing,2024-09-26,hsba00,Vanishing Independence: How FHFA’s Political Agenda Endangers Homeowners and Taxpayers,yes,
336280,118,Senate,Meeting,2024-11-13,slin00,To receive a closed briefing on certain intelligence matters.,no,
336313,118,Senate,Meeting,2024-11-19,slin00,To receive a closed briefing on certain intelligence matters.,no,
117610,118,House,Hearing,2024-11-20,hshm00,"""Worldwide Threats to the Homeland""",yes,
336311,118,Senate,Meeting,2024-11-20,ssfr00,To receive a closed briefing from the Secretary of State.,no,
336314,118,Senate,Meeting,2024-11-20,slin00,To receive a closed briefing on certain intelligence matters.,no,
336363,118,Senate,Meeting,2024-12-03,slin00,To receive a closed briefing on certain intelligence matters.,no,
117748,118,House,Markup,2024-12-04,hlvc00,"the Select Subcommittee on the 
Coronavirus Pandemic to Consider the Following:

1. Report on “After Action Review of the COVID-19 Pandemic: The Lessons Learned and a Path Forward.”",yes,
117739,118,House,Meeting,2024-12-05,htzt00,Business Meeting to consider final recommendations and report of the Task Force.,yes,
117749,118,House,Hearing,2024-12-05,hlzs00,Rebuilding the Arsenal of Democracy: The Imperative to Strengthen America’s Defense Industrial Base and Workforce,yes,
117056,118,House,Meeting,2024-12-09,hsru00,H.R. 7673 – Liberty in Laundry Act; S. 4199 – Judicial Understaffing Delays Getting Emergencies Solved Act of 2024; Senate Amendment to H.R. 5009 – WILD Act [Servicemember Quality of Life Improvement ,yes,
336386,118,Senate,Meeting,2024-12-10,slin00,To receive a closed briefing on certain intelligence matters.,no,
336387,118,Senate,Meeting,2024-12-11,slin00,To receive a closed briefing on certain intelligence matters.,no,
117057,118,House,Meeting,2024-12-16,hsru00,H.R. 115 - Midnight Rules Relief Act,yes,
336465,118,Senate,Meeting,2024-12-17,slin00,To receive a closed briefing on certain intelligence matters.,no,
117760,118,House,Hearing,2024-12-18,hsvr00,Restoring Congressional Power over VA After Loper Bright Enterprises v. Raimondo,yes,
336466,118,Senate,Meeting,2024-12-18,slin00,To receive a closed briefing on certain intelligence matters.,no,
336561,119,Senate,Meeting,2025-01-28,slin00,To receive a closed briefing on certain intelligence matters.,no,
336581,119,Senate,Meeting,2025-02-04,slin00,To receive a closed briefing on certain intelligence matters.,no,
336582,119,Senate,Meeting,2025-02-05,slin00,To receive a closed briefing on certain intelligence matters.,no,
117873,119,House,Markup,2025-02-07,hlig00,Rules of the Permanent Select Committee on Intelligence for the 119th Congress - Committee Organizational Meeting,yes,
117885,119,House,Meeting,2025-02-07,hlzs00,Select Committee on the CCP Organizing Meeting,yes,
336602,119,Senate,Meeting,2025-02-11,slin00,Closed business meeting to consider pending intelligence matters; to be immediately followed by a closed briefing on certain intelligence matters.,no,
336620,119,Senate,Meeting,2025-02-12,ssfi00,"Business meeting to continue consideration of the nomination of Jamieson Greer, of Maryland, to be United States Trade Representative, with the rank of Ambassador.",yes,
336624,119,Senate,Meeting,2025-02-19,ssas00,To receive a closed briefing on the F-15E United States Central Command Operations.,no,
336627,119,Senate,Meeting,2025-02-19,slin00,Closed business meeting to consider pending intelligence matters; to be immediately followed by a closed briefing on certain intelligence matters.,no,
336658,119,Senate,Meeting,2025-02-25,slin00,To receive a closed briefing on certain intelligence matters.,no,
336659,119,Senate,Meeting,2025-02-26,slin00,Closed business meeting to consider pending intelligence matters; to be immediately followed by a closed briefing on certain intelligence matters.,no,
336691,119,Senate,Meeting,2025-03-05,slin00,To receive a closed briefing on certain intelligence matters.,no,
336705,119,NoChamber,Meeting,2025-03-11,jspr00,"Business meeting to consider committee rules of procedure for the 119th Congress, and to designate the Chair and Vice Chair.",no,
336706,119,NoChamber,Meeting,2025-03-11,jslc00,"Business meeting to consider committee rules of procedure for the 119th Congress, and to designate the Chair and Vice Chair.",no,
336707,119,Senate,Meeting,2025-03-11,ssju00,Hearings to examine the STOP CSAM Act.,no,https://www.senate.gov/isvp/?comm=judiciary&filename=judiciary031125
336714,119,Senate,Meeting,2025-03-12,ssfr00,"Business meeting to consider the nominations of Christopher Landau, of Maryland, to be Deputy Secretary of State, Michael Rigas, of Virginia, to be Deputy Secretary of State for Management and Resourc",yes,
336719,119,Senate,Meeting,2025-03-12,slin00,To receive a closed briefing on certain intelligence matters.,no,
336724,119,Senate,Meeting,2025-03-12,ssbu00;ssbu00,"Business meeting to consider the nomination of James Bishop, of North Carolina, to be Deputy Director of the Office of Management and Budget.",yes,
336745,119,Senate,Meeting,2025-03-25,ssju00,Hearings to examine the censorship industrial complex.,no,https://www.senate.gov/isvp/?comm=judiciary&filename=judiciary032525
118029,119,House,Hearing,2025-03-26,hlig00,Annual Worldwide Threats Assessment Hearing (Closed),no,
118033,119,House,Hearing,2025-03-26,hlig00,Annual Worldwide Threats Assessment Hearing (Open),no,
336747,119,Senate,Meeting,2025-03-26,slin00,To receive a closed briefing on certain intelligence matters.,no,
336771,119,Senate,Meeting,2025-04-01,ssju00,Hearings to examine big fixes for big tech.,no,https://www.senate.gov/isvp/?comm=judiciary&filename=judiciary040125
336809,119,Senate,Meeting,2025-04-09,ssga00,"Business meeting to consider the nominations of Scott Kupor, of California, to be Director of the Office of Personnel Management for a term of four years, and Eric Matthew Ueland, of Virginia, to be D",yes,https://www.senate.gov/isvp/?comm=govtaff&filename=govtaff040925
336822,119,Senate,Meeting,2025-04-09,ssju00,An oversight hearing to examine Meta's foreign relations and representations to the United States Congress.,no,https://www.senate.gov/isvp/?comm=judiciary&filename=judiciary040925
336894,119,Senate,Meeting,2025-04-29,slin00,Closed business meeting to consider pending intelligence matters; to be immediately followed by a closed briefing on certain intelligence matters in SH-219.,no,
336892,119,Senate,Meeting,2025-04-30,ssas00,To receive a closed briefing on America's Air Force.,no,
336895,119,Senate,Meeting,2025-04-30,slin00,To receive a closed briefing on certain intelligence matters.,no,
118200,119,House,Hearing,2025-05-06,hsas00,"Science, Technology, and Innovation Posture",yes,
336929,119,Senate,Meeting,2025-05-06,slin00,Closed business meeting to consider certain pending intelligence matters; to be immediately followed by a closed briefing on certain intelligence matters in SH-219.,yes,
336930,119,Senate,Meeting,2025-05-08,ssap00,Hearings to examine proposed budget estimates for fiscal year 2026 for the Federal Bureau of Investigation.,no,https://www.senate.gov/isvp/?comm=approps&filename=appropsA050825 https://www.senate.gov/isvp/?comm=approps&filename=appropsB050825
336931,119,Senate,Meeting,2025-05-08,ssap00,Hearings to examine proposed budget estimates for fiscal year 2026 for the Department of Homeland Security.,no,https://www.senate.gov/isvp/?comm=approps&filename=appropsA050825 https://www.senate.gov/isvp/?comm=approps&filename=appropsB050825
336901,119,Senate,Meeting,2025-05-12,ssas00,To receive a closed briefing on space superiority.,no,
336941,119,Senate,Meeting,2025-05-13,ssga00,Hearings to examine the insurance industry's claims practices following recent natural disasters.,no,https://www.senate.gov/isvp/?comm=govtaff&filename=govtaff051325
336944,119,Senate,Meeting,2025-05-13,ssas00,Hearings to examine Department of Defense missile defense activities in review of the Defense Authorization Request for Fiscal Year 2026 and the Future Years Defense Program.,no,https://www.senate.gov/isvp/?comm=armed&filename=armedA051325 https://www.senate.gov/isvp/?comm=armed&filename=armedB051325
336961,119,Senate,Meeting,2025-05-13,slin00,To receive a closed briefing on certain intelligence matters.,no,
336955,119,Senate,Meeting,2025-05-14,ssju00,Hearings to examine foreign threats to American innovation and economic leadership.,no,https://www.senate.gov/isvp/?comm=judiciary&filename=judiciary051425
336960,119,Senate,Meeting,2025-05-14,slin00,To receive a closed briefing on certain intelligence matters.,no,
336969,119,Senate,Meeting,2025-05-15,ssap00,Hearings to examine proposed budget estimates for fiscal year 2026 for the Department of Transportation.,no,https://www.senate.gov/isvp/?comm=approps&filename=appropsA051525
118284,119,House,Markup,2025-05-16,hsbu00,"A bill to provide for reconciliation pursuant to title II of the Concurrent Resolution on the Budget for Fiscal Year 2025, H. Con. Res. 14.",yes,
336973,119,Senate,Meeting,2025-05-20,ssas00,Hearings to examine the Department of Energy's atomic energy defense activities and Department of Defense nuclear weapons program in review of the Defense Authorization Request for Fiscal Year 2026 an,no,https://www.senate.gov/isvp/?comm=armed&filename=armedA052025 https://www.senate.gov/isvp/?comm=armed&filename=armedB052025
336982,119,Senate,Meeting,2025-05-20,slin00,To receive a closed briefing on certain intelligence matters.,no,
336979,119,Senate,Meeting,2025-05-21,ssju00,Hearings to examine AI-generated deepfakes.,no,https://www.senate.gov/isvp/?comm=judiciary&filename=judiciary052125
336983,119,Senate,Meeting,2025-05-21,slin00,To receive a closed briefing on certain intelligence matters.,no,
336985,119,Senate,Meeting,2025-05-21,ssga00,"Hearings to examine science and Federal health agencies, focusing on Myocarditis and other events associated with the COVID-19 vaccines.",no,https://www.senate.gov/isvp/?comm=govtaff&filename=govtaff052125
336994,119,Senate,Meeting,2025-05-22,ssap00,Hearings to examine proposed budget estimates for fiscal year 2026 for the Department of Labor.,no,https://www.senate.gov/isvp/?comm=approps&filename=appropsA052225 https://www.senate.gov/isvp/?comm=approps&filename=appropsB052225
336995,119,Senate,Meeting,2025-05-22,ssap00,Hearings to examine proposed budget estimates for fiscal year 2026 for the National Guard and Reserves Forces.,no,https://www.senate.gov/isvp/?comm=approps&filename=appropsA052225 https://www.senate.gov/isvp/?comm=approps&filename=appropsB052225
336996,119,Senate,Meeting,2025-05-22,ssap00,Hearings to examine proposed budget estimates for fiscal year 2026 for the Food and Drug Administration.,no,https://www.senate.gov/isvp/?comm=approps&filename=appropsA052225 https://www.senate.gov/isvp/?comm=approps&filename=appropsB052225
337020,119,Senate,Meeting,2025-06-03,ssap00,Hearings to examine proposed budget estimates for fiscal year 2026 for the Department of Education.,no,https://www.senate.gov/isvp/?comm=approps&filename=appropsA060325 https://www.senate.gov/isvp/?comm=approps&filename=appropsB060325
337021,119,Senate,Meeting,2025-06-03,slin00,Closed hearings to examine certain intelligence matters.,no,
337027,119,Senate,Meeting,2025-06-03,ssju00,Joint hearings to examine District Judges v. Trump.,no,https://www.senate.gov/isvp/?comm=judiciary&filename=judiciary060325
337029,119,Senate,Meeting,2025-06-03,ssap00,Hearings to examine proposed budget estimate for fiscal year 2026 for the Securities and Exchange Commission.,no,https://www.senate.gov/isvp/?comm=approps&filename=appropsA060325 https://www.senate.gov/isvp/?comm=approps&filename=appropsB060325
118311,119,House,Hearing,2025-06-04,hlig00,"National Reconnaissance Office, National Geospatial-Intelligence Agency, Defense Intelligence Agency FY 2026 Budget Hearing (CLOSED)",no,
118328,119,House,Hearing,2025-06-04,hlig00,FY 2026 Budget Request for the National Security Agency (Closed),no,
337031,119,Senate,Meeting,2025-06-04,ssfr00,Hearings to examine China's malign influence in Africa.,no,https://www.senate.gov/isvp/?comm=foreign&filename=foreign060425
337038,119,Senate,Meeting,2025-06-04,ssap00,Hearings to examine proposed budget estimates for fiscal year 2026 for the Department of Commerce.,no,https://www.senate.gov/isvp/?comm=approps&filename=appropsA060425
118314,119,House,Hearing,2025-06-05,hlig00,FY 2026 Budget Request for the Military Services (CLOSED),no,
118315,119,House,Hearing,2025-06-05,hlig00,FY 2026 Budget Request for United States Cyber Command and United States Special Operations Command (CLOSED),no,
118316,119,House,Hearing,2025-06-05,hlig00,FY 2026 Budget Request for the Federal Bureau of Investigation and Department of Homeland Security (CLOSED),no,
118351,119,House,Hearing,2025-06-10,hlig00,FY 2026 Budget Request for the Central Intelligence Agency (Closed),no,
337041,119,Senate,Meeting,2025-06-10,ssga00,Oversight hearings to examine the Federal Government's border management and personnel readiness efforts for the decade of sports.,no,https://www.senate.gov/isvp/?comm=govtaff&filename=govtaff061025
337043,119,Senate,Meeting,2025-06-10,ssap00,Hearings to examine proposed budget estimates for fiscal year 2026 for the National Institutes of Health.,no,https://www.senate.gov/isvp/?comm=approps&filename=appropsA061025
337063,119,Senate,Meeting,2025-06-10,slin00,Closed hearings to examine certain intelligence matters.,no,
337042,119,Senate,Meeting,2025-06-11,ssap00,Hearings to examine proposed budget estimates for fiscal year 2026 for the Department of Defense.,no,https://www.senate.gov/isvp/?comm=approps&filename=appropsA061125 https://www.senate.gov/isvp/?comm=approps&filename=appropsB061125
337049,119,Senate,Meeting,2025-06-11,ssap00,Hearings to examine proposed budget estimates for fiscal year 2026  for the Department of the Treasury.,no,https://www.senate.gov/isvp/?comm=approps&filename=appropsA061125 https://www.senate.gov/isvp/?comm=approps&filename=appropsB061125
337050,119,Senate,Meeting,2025-06-11,ssap00,Hearings to examine proposed budget estimates for fiscal year 2026  for the Department of Housing and Urban Development.,no,https://www.senate.gov/isvp/?comm=approps&filename=appropsA061125 https://www.senate.gov/isvp/?comm=approps&filename=appropsB061125
337051,119,Senate,Meeting,2025-06-11,ssap00,Hearings to examine proposed budget estimates for fiscal year 2026  for the Army Corps of Engineers and the Bureau of Reclamation.,no,https://www.senate.gov/isvp/?comm=approps&filename=appropsA061125 https://www.senate.gov/isvp/?comm=approps&filename=appropsB061125
337068,119,Senate,Meeting,2025-06-11,ssap00,Hearings to examine proposed budget estimates for fiscal year 2026 for the Forest Service.,no,https://www.senate.gov/isvp/?comm=approps&filename=appropsA061125 https://www.senate.gov/isvp/?comm=approps&filename=appropsB061125
118352,119,House,Hearing,2025-06-12,hlig00,FY 2026 Budget Request for the Office of the Director of National Intelligence and the Office of the Under Secretary of Defense for Intelligence & Security (CLOSED),no,
337080,119,Senate,Meeting,2025-06-16,slin00,To receive a closed briefing on certain intelligence matters.,no,
337077,119,Senate,Meeting,2025-06-17,slin00,Closed hearings to examine certain intelligence matters.,no,
337058,119,Senate,Meeting,2025-06-18,ssap00,Hearings to examine proposed budget estimates for fiscal year 2026 for the Army.,no,https://www.senate.gov/isvp/?comm=approps&filename=appropsA061825
337104,119,Senate,Meeting,2025-06-24,ssap00,Hearings to examine proposed budget estimates for fiscal year 2026 for the Department of Veterans Affairs.,no,https://www.senate.gov/isvp/?comm=approps&filename=appropsA062425 https://www.senate.gov/isvp/?comm=approps&filename=appropsB062425
337106,119,Senate,Meeting,2025-06-24,ssap00,Hearings to examine proposed budget estimates for fiscal year 2026 for the Navy.,no,https://www.senate.gov/isvp/?comm=approps&filename=appropsA062425 https://www.senate.gov/isvp/?comm=approps&filename=appropsB062425
337109,119,Senate,Meeting,2025-06-24,ssju00,"Hearings to examine deregulation and competition, focusing on regulatory burdens to unlocking innovation and spur new entry.",no,https://www.senate.gov/isvp/?comm=judiciary&filename=judiciary062425
118420,119,House,Hearing,2025-06-25,hsbu00,Reversing the Curse: Rooting Out Waste and Fraud and Restoring the Dignity of Work,yes,
337116,119,Senate,Meeting,2025-06-25,ssap00,Hearings to examine proposed budget estimates for fiscal year 2026 for the Department of Justice.,no,https://www.senate.gov/isvp/?comm=approps&filename=appropsA062525 https://www.senate.gov/isvp/?comm=approps&filename=appropsB062525
337117,119,Senate,Meeting,2025-06-25,ssju00,Hearings to examine China and lawfare against American energy dominance.,no,https://www.senate.gov/isvp/?comm=judiciary&filename=judiciary062525
337122,119,Senate,Meeting,2025-06-26,ssap00,Hearings to examine proposed budget estimates for fiscal year 2026 for the Air Force and Space Force.,no,https://www.senate.gov/isvp/?comm=approps&filename=appropsA062625
337126,119,Senate,Meeting,2025-06-26,slin00,Closed hearings to examine certain intelligence matters.,no,
337160,119,Senate,Meeting,2025-06-30,ssga00,"Business meeting to consider the nominations of Sean Cairncross, of Minnesota, to be National Cyber Director,  Robert Law, of the District of Columbia, to be Under Secretary for Strategy, Policy, and ",yes,
337140,119,Senate,Meeting,2025-07-08,ssas00,Closed business meeting to markup those provisions which fall under the subcommittee's jurisdiction of the proposed National Defense Authorization Act for fiscal year 2026.,no,
337142,119,Senate,Meeting,2025-07-08,ssas00,Closed business meeting to markup those provisions which fall under the subcommittee's jurisdiction of the proposed National Defense Authorization Act for fiscal year 2026.,no,
337144,119,Senate,Meeting,2025-07-08,ssas00,Closed business meeting to markup those provisions which fall under the subcommittee's jurisdiction of the proposed National Defense Authorization Act for fiscal year 2026.,no,
337145,119,Senate,Meeting,2025-07-08,ssas00,Closed business meeting to markup those provisions which fall under the subcommittee's jurisdiction of the proposed National Defense Authorization Act for fiscal year 2026.,no,
337221,119,Senate,Meeting,2025-07-08,slin00,To receive a closed briefing on certain intelligence matters.,no,
337141,119,Senate,Meeting,2025-07-09,ssas00,Closed business meeting to markup those provisions which fall under the subcommittee's jurisdiction of the proposed National Defense Authorization Act for fiscal year 2026.,no,https://www.senate.gov/isvp/?comm=armed&filename=armed070925 https://www.senate.gov/isvp/?comm=armed&filename=armedA070925
337143,119,Senate,Meeting,2025-07-09,ssas00,Closed business meeting to markup those provisions which fall under the subcommittee's jurisdiction of the proposed National Defense Authorization Act for fiscal year 2026.,no,https://www.senate.gov/isvp/?comm=armed&filename=armed070925 https://www.senate.gov/isvp/?comm=armed&filename=armedA070925
337146,119,Senate,Meeting,2025-07-09,ssas00,Business meeting to markup those provisions which fall under the subcommittee's jurisdiction of the proposed National Defense Authorization Act for fiscal year 2026.,no,https://www.senate.gov/isvp/?comm=armed&filename=armed070925 https://www.senate.gov/isvp/?comm=armed&filename=armedA070925
337147,119,Senate,Meeting,2025-07-09,ssas00,"Closed business meeting to markup the proposed National Defense Authorization Act for fiscal year 2026, and the nominations of Hung Cao, of Virginia, to be Under Secretary of the Navy, and Michael Dod",yes,https://www.senate.gov/isvp/?comm=armed&filename=armed070925 https://www.senate.gov/isvp/?comm=armed&filename=armedA070925
337222,119,Senate,Meeting,2025-07-09,slin00,Closed hearings to examine certain intelligence matters.,no,
337252,119,Senate,Meeting,2025-07-09,ssap00,"Business meeting to markup the ""Commerce, Justice, Science, and Related Agencies Appropriations Act, 2026"".",no,https://www.senate.gov/isvp/?comm=approps&filename=appropsA070925 https://www.senate.gov/isvp/?comm=approps&filename=appropsB070925
337223,119,Senate,Meeting,2025-07-10,slin00,Closed hearings to examine certain intelligence matters.,no,
337242,119,Senate,Meeting,2025-07-15,ssga00,Hearings to examine voices of the vaccine injured.,no,https://www.senate.gov/isvp/?comm=govtaff&filename=govtaff071525
337256,119,Senate,Meeting,2025-07-15,slin00,Closed business meeting to consider pending calendar business.,no,
118530,119,House,Meeting,2025-07-17,hsru00,Senate amendment to H.R. 4 – Rescissions Act of 2025,yes,
337300,119,Senate,Meeting,2025-07-21,ssaf00,"Business meeting to consider the nominations of Dudley Hoskins, of the District of Columbia, to be Under Secretary for Marketing and Regulatory Programs, and Scott Hutchins, of Indiana, to be Under Se",yes,
337274,119,Senate,Meeting,2025-07-22,slin00,To receive a closed briefing on certain intelligence matters.,no,
337275,119,Senate,Meeting,2025-07-23,slin00,To receive a closed briefing on certain intelligence matters.,no,
337314,119,Senate,Meeting,2025-07-24,ssfr00,"Business meeting to consider the nominations of Michael G. Waltz, of Florida, to be Representative of the United States of America to the Sessions of the General Assembly of the United Nations during ",yes,
118540,119,House,Hearing,2025-07-25,hswm00,"Field Hearing: The One, Big, Beautiful Bill Delivering for American Workers – Las Vegas, Nevada",yes,
337304,119,Senate,Meeting,2025-07-29,ssas00,To receive a closed briefing on Operation MIDNIGHT HAMMER.,no,
337320,119,Senate,Meeting,2025-07-29,slin00,Closed business meeting to consider pending calendar business; to be immediately followed by a closed briefing on certain intelligence matters.,no,
337341,119,Senate,Meeting,2025-07-29,ssbk00,"Business meeting to markup an original bill entitled, ""ROAD to Housing Act of 2025"".",no,https://www.senate.gov/isvp/?comm=banking&filename=banking072925
337310,119,Senate,Meeting,2025-07-30,ssju00,Hearings to examine protecting and safeguarding Americans' online data.,no,https://www.senate.gov/isvp/?comm=judiciary&filename=judiciary073025
337313,119,Senate,Meeting,2025-07-30,ssfr00,Hearings to examine finding opportunities for U.S.-Africa partnerships.,no,https://www.senate.gov/isvp/?comm=foreign&filename=foreign073025
337317,119,Senate,Meeting,2025-07-30,ssbk00,"Hearings to examine guardrails and growth, focusing on AI's role in capital and insurance markets.",no,https://www.senate.gov/isvp/?comm=banking&filename=banking073025
337321,119,Senate,Meeting,2025-07-30,slin00,To receive a closed briefing on certain intelligence matters.,no,
337365,119,Senate,Meeting,2025-09-04,slin00,To receive a closed briefing on certain intelligence matters.,no,
337382,119,Senate,Meeting,2025-09-09,ssga00,Hearings to examine how the corruption of science has impacted public perception and policies regarding vaccines.,no,https://www.senate.gov/isvp/?comm=govtaff&filename=govtaff090925
337387,119,Senate,Meeting,2025-09-09,slin00,To receive a closed briefing on certain intelligence matters.,no,
118589,119,House,Markup,2025-09-10,hlig00,Intelligence Authorization Act for Fiscal Year 2026 (Closed),yes,
337388,119,Senate,Meeting,2025-09-10,slin00,To receive a closed briefing on certain intelligence matters.,no,
337391,119,Senate,Meeting,2025-09-10,ssga00,Hearings to examine America's fire apparatus crisis.,no,https://www.senate.gov/isvp/?comm=govtaff&filename=govtaff091025
337422,119,Senate,Meeting,2025-09-16,slin00,To receive a closed briefing on certain intelligence matters.,no,
337424,119,Senate,Meeting,2025-09-16,ssju00,Hearings to examine AI chatbots.,no,https://www.senate.gov/isvp/?comm=judiciary&filename=judiciary091625
337423,119,Senate,Meeting,2025-09-17,slin00,To receive a closed briefing on certain intelligence matters.,no,
337428,119,Senate,Meeting,2025-09-17,ssju00,Hearings to examine missing unaccompanied alien children and criminal sponsors.,no,https://www.senate.gov/isvp/?comm=judiciary&filename=judiciary091725
337434,119,Senate,Meeting,2025-09-17,ssfr00,"Business meeting to consider the nominations of Thomas DiNanno, of Florida, to be Under Secretary for Arms Control and International Security, Michael DeSombre, of Illinois, to be an Assistant Secreta",yes,
337442,119,Senate,Meeting,2025-09-30,slin00,To receive a closed briefing on certain intelligence matters.,no,
337444,119,Senate,Meeting,2025-09-30,ssas00,To receive a closed briefing on Golden Dome for America.,no,
337465,119,Senate,Meeting,2025-10-07,slin00,To receive a closed briefing on certain intelligence matters.,no,
337468,119,Senate,Meeting,2025-10-08,ssju00,"Hearings to examine the Patent Eligibility Restoration Act, focusing on restoring clarity, certainty, and predictability to the United States patent system.",no,https://www.senate.gov/isvp/?comm=judiciary&filename=judiciary100825
337479,119,Senate,Meeting,2025-10-08,ssva00,"Business meeting to consider the nomination of Jeremiah Workman, of Ohio, to be Assistant Secretary of Labor for Veterans' Employment and Training.",yes,
337520,119,Senate,Meeting,2025-10-16,ssju00,"Business meeting to consider the nominations of Robert P. Chamberlin, to be United States District Judge for the Northern District of Mississippi, James D. Maxwell II, to be United States District Jud",yes,https://www.senate.gov/isvp/?comm=judiciary&filename=judiciary101625
337542,119,Senate,Meeting,2025-10-21,ssbk00,"Hearings to examine innovation in U.S. housing, focusing on solutions and policies for America's future.",yes,https://www.senate.gov/isvp/?comm=banking&filename=banking102125
337581,119,Senate,Meeting,2025-10-28,ssju00,"Hearings to examine politically violent attacks, focusing on a threat to our constitutional order.",no,https://www.senate.gov/isvp/?comm=judiciary&filename=judiciary102825
337620,119,Senate,Meeting,2025-11-03,ssaf00,"Business meeting to consider H.R.4550, to reauthorize the United States Grain Standards Act, and the nominations of Mindy Brashears, of Texas, to be Under Secretary for Food Safety, Stella Herrell, of",yes,
337606,119,Senate,Meeting,2025-11-04,slin00,"Closed business meeting to consider the nomination of Peter Metzger, of the District of Columbia, to be Assistant Secretary for Intelligence and Analysis, Department of the Treasury.",yes,
337615,119,Senate,Meeting,2025-11-06,ssga00,Hearings to examine assessing Obamacare.,no,https://www.senate.gov/isvp/?comm=govtaff&filename=govtaff110625
118658,119,House,Hearing,2025-11-18,hsbu00,Oversight of the Congressional Budget Office,yes,
337654,119,Senate,Meeting,2025-11-19,slin00,Closed business meeting to consider pending calendar business.,yes,
337680,119,Senate,Meeting,2025-11-19,slin00,To receive a closed briefing on certain intelligence matters.,no,
337684,119,Senate,Meeting,2025-11-19,ssas00,"Business meeting to consider the nominations of Michael Payne, of Virginia, to be Director of Cost Assessment and Program Evaluation, John Noh, of Texas, Timothy Dill, of Ohio, Robert Kadlec, of New Y",yes,
337683,119,Senate,Meeting,2025-11-20,ssaf00,"Business meeting to consider the nomination of Michael Selig, of Florida, to be Chairman and a Commissioner of the Commodity Futures Trading Commission.",yes,
337681,119,Senate,Meeting,2025-12-02,ssas00,To receive a closed briefing on naval aviation mishaps.,no,
337705,119,Senate,Meeting,2025-12-02,slin00,To receive a closed briefing on certain intelligence matters.,no,
337707,119,Senate,Meeting,2025-12-02,ssfr00,Hearings to examine China's challenge to American AI leadership.,no,https://www.senate.gov/isvp/?comm=foreign&filename=foreign120225
337706,119,Senate,Meeting,2025-12-03,slin00,To receive a closed briefing on certain intelligence matters.,no,
337708,119,Senate,Meeting,2025-12-03,ssfr00,"Business meeting to consider the nominations of Tammy Bruce, of California, to be the Deputy Representative of the United States of America to the United Nations, with the rank and status of Ambassado",yes,
337720,119,Senate,Meeting,2025-12-03,ssap00,Hearings to examine the abduction of Ukrainian children by the Russian Federation.,no,https://www.senate.gov/isvp/?comm=approps&filename=appropsA120325
337721,119,Senate,Meeting,2025-12-08,sscm00,"Business meeting to consider the nominations of John DeLeeuw, of Texas, and Michael Graham, of Virginia, both to be a Member of the National Transportation Safety Board, Steven Haines, of Virginia, to",yes,
337728,119,Senate,Meeting,2025-12-10,slin00,To receive a closed briefing on certain intelligence matters.,no,
118729,119,House,Hearing,2025-12-11,hlzs00,Trojan Horse: China's Auto Threat to America,yes,
118785,119,House,Meeting,2025-12-16,hlig00,Deposition (CLOSED),no,
337770,119,Senate,Meeting,2025-12-16,slin00,To receive a closed briefing on certain intelligence matters.,no,
118771,119,House,Hearing,2025-12-17,hsfa00,Mexico’s Relationships with the Region,yes,
337772,119,Senate,Meeting,2025-12-17,slin00,To receive a closed briefing on certain intelligence matters.,no,
337780,119,Senate,Meeting,2025-12-17,ssas00,"To receive a closed briefing on the September 2, 2025, boat strike on narco-traffickers in the Caribbean.",no,
118779,119,House,Hearing,2025-12-18,hlig00,Examining the Intelligence Community's use of Commercial Information (CLOSED),yes,
337801,119,Senate,Meeting,2026-01-06,slin00,To receive a closed briefing on certain intelligence matters.,no,
337820,119,Senate,Meeting,2026-01-06,ssas00,To receive a closed briefing on Department of Defense cyber operations and readiness for the fourth quarter of Fiscal Year 2025.,no,
337800,119,Senate,Meeting,2026-01-07,slin00,To receive a closed briefing on certain intelligence matters.,no,
337868,119,Senate,Meeting,2026-01-13,slin00,To receive a closed briefing on certain intelligence matters.,no,
337869,119,Senate,Meeting,2026-01-14,slin00,To receive a closed briefing on certain intelligence matters.,no,
118744,119,House,Hearing,2026-01-22,hlig00,FY 2026 Department of Defense Proposal for Cover Enhancement Authority (CLOSED),no,
118901,119,House,Meeting,2026-01-22,hsru00,H.R. 1346 – Nationwide Consumer and Fuel Retailer Choice Act of 2025,yes,
337922,119,Senate,Meeting,2026-01-28,slin00,To receive a closed briefing on certain intelligence matters.,no,
337968,119,Senate,Meeting,2026-02-10,sseg00,To receive a closed briefing on recent developments in Venezuela.,no,
337972,119,Senate,Meeting,2026-02-10,slin00,Closed business meeting to consider pending intelligence matters; to be immediately followed by a closed briefing on certain intelligence matters.,no,
337979,119,Senate,Meeting,2026-02-11,slin00,To receive a closed briefing on certain intelligence matters.,no,
338012,119,Senate,Meeting,2026-02-25,slin00,To receive a closed briefing on certain intelligence matters.,no,
338011,119,Senate,Meeting,2026-02-26,sshr00,"Business meeting to consider S.1602, to coordinate Federal research and development efforts focused on modernizing mathematics in STEM education through mathematical and statistical modeling, includin",yes,https://www.senate.gov/isvp/?comm=help&filename=help022626
338014,119,Senate,Meeting,2026-02-26,ssfr00,"To receive a closed briefing on tech competition, critical minerals, and supply chain security.",no,
118842,119,House,Meeting,2026-03-03,hsru00,"H.R. 7744 – Department of Homeland Security Appropriations Act, 2026",yes,
119025,119,House,Hearing,2026-03-04,hlig00,"CI Screening, Vetting, & Watch listing (CLOSED)",no,
338034,119,Senate,Meeting,2026-03-04,slin00,To receive a closed briefing on certain intelligence matters.,no,
118919,119,House,Markup,2026-03-05,hsii00,"Full Committee Markup of:
• H.R. 41 (Rep. Begich), “Unrecognized Southeast Alaska Native Communities Recognition and Compensation Act”
• H.R. 301 (Rep. Maloy), “Geothermal Energy Opportunity Act” or t",yes,
118995,119,House,Markup,2026-03-05,hsju00,"H.R. 7640, the Shut Down Sanctuary Policies Act",yes,
338049,119,Senate,Meeting,2026-03-10,ssas00,To receive a closed briefing on Operation Epic Fury.,no,
338052,119,Senate,Meeting,2026-03-10,slin00,To receive a closed briefing on certain intelligence matters.,no,
338046,119,Senate,Meeting,2026-03-11,ssfr00,"Business meeting to consider the nominations of Wesley Brooks, of Florida, to be Assistant Secretary for Oceans and International Environmental and Scientific Affairs, William Long, of Missouri, to be",yes,
338053,119,Senate,Meeting,2026-03-11,slin00,To receive a closed briefing on certain intelligence matters.,no,
338070,119,Senate,Meeting,2026-03-18,ssfr00,To receive a closed briefing on the current situation in the Middle East.,no,
119048,119,House,Hearing,2026-03-19,hlig00,Annual Worldwide Threats Assessment Hearing (OPEN),yes,
119063,119,House,Hearing,2026-03-19,hlig00,Annual Worldwide Threats Assessment Hearing (CLOSED),no,
119034,119,House,Meeting,2026-03-24,hlig00,"Committee Business to Consider:
1) Amendment to Committee Rules;
2) Release of Committee Transcripts.",yes,
119112,119,House,Hearing,2026-03-25,hsas00,The Military Health System (MHS) Restructure: Changes at Military Treatment Facilities (MTFs) and the Effects on Military Readiness and Beneficiary Access.,no,
338090,119,Senate,Meeting,2026-03-25,ssfr00,To receive a closed briefing update on the Russia-Ukraine war.,no,
338099,119,Senate,Meeting,2026-03-25,ssas00,To receive a closed briefing on Operation Epic Fury.,no,
119100,119,House,Hearing,2026-03-26,hssy00,Beneath the Waves: The Science and Technology of Deep-Sea Mining,yes,
119105,119,House,Hearing,2026-03-26,hsbu00,The Best Metric to Reverse the Curse: A 3% Deficit-to-GDP Path to Fiscal Sustainability,yes,
119121,119,House,Hearing,2026-03-26,hsso00,Adjudicatory Subcommittee Hearing,yes,
338097,119,Senate,Meeting,2026-03-26,ssbk00,"Hearings to examine Export-Import Bank reauthorization, including S.753, to amend the Export-Import Bank Act of 1945 to exclude certain financing from the calculation of the default rate for purposes ",yes,https://www.senate.gov/isvp/?comm=banking&filename=banking032626
119123,119,House,Meeting,2026-03-27,hsru00,"Senate amendment to H.R. 7147 – Homeland Security and Further Additional Continuing Appropriations Act, 2026 [Further Additional Continuing Appropriations Act, 2026]",yes,
338155,119,Senate,Meeting,2026-04-14,slin00,Closed hearings to examine certain intelligence matters.,no,
338154,119,Senate,Meeting,2026-04-15,slin00,Closed hearings to examine certain intelligence matters.,no,
119141,119,House,Hearing,2026-04-16,hssy00,Subsurface Science and Technology: American Energy and Mineral Dominance,yes,
119169,119,House,Hearing,2026-04-16,hswm00,"Full Committee Hearing with Health and Human Services Secretary Robert F. Kennedy, Jr.",yes,
119174,119,House,Hearing,2026-04-16,hlig00,"Fiscal Year 2027 Budget Request for the National Reconnaissance Office, the National Geospatial-Intelligence Agency, and the United States Space Force (CLOSED)",no,
119175,119,House,Hearing,2026-04-16,hlig00,Fiscal Year 2027 Budget Request for the Federal Bureau of Investigation and the Department of Homeland Security (CLOSED),no,
119226,119,House,Hearing,2026-04-16,hsas00,Military Department Personnel Chiefs: Personnel Posture,no,
119176,119,House,Hearing,2026-04-20,hlig00,Fiscal Year 2027 Budget Request for Compartmented Programs (CLOSED),no,
119173,119,House,Hearing,2026-04-21,hsso00,Ethics Committee Sanctions Hearing,yes,
119177,119,House,Hearing,2026-04-21,hlig00,Fiscal Year 2027 Budget Hearing for the Department of Energy (CLOSED),no,
119178,119,House,Hearing,2026-04-21,hlig00,Fiscal Year 2027 Budget Request for the Central Intelligence Agency (CLOSED),no,
119179,119,House,Hearing,2026-04-22,hlig00,Fiscal Year 2027 Budget Request for the Military Services (CLOSED),no,
119180,119,House,Hearing,2026-04-22,hlig00,"Fiscal Year 2027 Budget Request for the Defense Intelligence Agency, United States Cyber Command, and United States Special Operations Command (CLOSED)",no,
119181,119,House,Hearing,2026-04-22,hlig00,Fiscal Year 2027 Budget Request for the National Security Agency (CLOSED),no,
338325,119,Senate,Closed Hearing,2026-04-22,slin00,Closed hearings to examine certain intelligence matters.,no,
338328,119,Senate,Closed Hearing,2026-04-23,ssas00,To receive a closed briefing on anomalous health incidents.,no,
119182,119,House,Hearing,2026-04-27,hlig00,Fiscal Year 2027 Budget Request for the Office of the Director of National Intelligence and the Office of the Under Secretary of Defense for Intelligence and Security (CLOSED),no,
119236,119,House,Hearing,2026-04-28,hlig00,Fiscal Year 2027 Budget Hearing for the Federal Bureau of Investigation (CLOSED),no,
338355,119,Senate,Closed Hearing,2026-04-29,slin00,Closed hearings to examine certain intelligence matters.,no,
338401,119,Senate,Closed Hearing,2026-05-12,slin00,To receive a closed briefing on certain intelligence matters.,no,
338347,119,Senate,Closed Hearing,2026-05-13,ssas00,To receive a closed briefing on cyber operations and readiness for the fourth quarter of fiscal year 2025 and the first quarter of fiscal year 2026.,no,https://www.senate.gov/isvp/?comm=armed&filename=armedA051326
338424,119,Senate,Closed Hearing,2026-05-19,slin00,To receive a closed briefing on certain intelligence matters.,no,
119315,119,House,Hearing,2026-05-20,hlig00,25 Years After 9/11 - Reviewing the 9/11 Commission & Intelligence Reform Impacts (OPEN),yes,
338414,119,Senate,Closed Hearing,2026-05-20,ssas00,To receive a closed briefing on anomalous health incidents.,no,https://www.senate.gov/isvp/?comm=armed&filename=armedA052026
338425,119,Senate,Closed Business Meeting,2026-05-20,slin00,Closed business meeting to consider certain intelligence matters.,no,
119285,119,House,Hearing,2026-05-21,hssy00,Research-Driven Resilience: Applying Science to Secure U.S. Water Systems from Cyber Threats,yes,
119321,119,House,Markup,2026-05-21,hsap00,"Fiscal Year 2027 Transportation, and Housing and Urban Development, and Related Agencies Bill",yes,
119328,119,House,Markup,2026-05-21,hswm00,"Markup of H.R. 3164, H.R. 8163, H.R. 8875, H.R. 8883, H.R. 8871, H.R. 8884, H.R. 8873, H.R. 8872, and Views and Estimates Letter to the Committee on the Budget.",yes,
338502,119,Senate,Closed Hearing,2026-06-02,ssap00,Closed hearings to examine proposed budget estimates and justification for fiscal year 2027 for the Intelligence Community.,no,https://www.senate.gov/isvp/?comm=approps&filename=appropsA060226
338526,119,Senate,Closed Hearing,2026-06-03,slin00,To receive a closed briefing on certain intelligence matters.,no,
119350,119,House,Hearing,2026-06-04,hssy00,Advancing Environmental Protection Through Science and Technology,yes,
338513,119,Senate,Closed Markup Session,2026-06-08,ssas00,Closed business meeting to markup the National Defense Authorization Act for fiscal year 2027.,no,
338514,119,Senate,Closed Markup Session,2026-06-08,ssas00,Closed business meeting to markup the National Defense Authorization Act for fiscal year 2027.,no,
338515,119,Senate,Closed Markup Session,2026-06-08,ssas00,Closed business meeting to markup the National Defense Authorization Act for fiscal year 2027.,no,
338551,119,Senate,Open Business Meeting,2026-06-08,ssaf00,"Business meeting to consider the nomination of Glen Smith, of Iowa, to be Under Secretary of Agriculture for Rural Development.",yes,
338516,119,Senate,Closed Markup Session,2026-06-09,ssas00,Closed business meeting to markup the National Defense Authorization Act for fiscal year 2027.,no,https://www.senate.gov/isvp/?comm=armed&filename=armed060926 https://www.senate.gov/isvp/?comm=armed&filename=armedA060926
338518,119,Senate,Closed Markup Session,2026-06-09,ssas00,Closed business meeting to markup the National Defense Authorization Act for fiscal year 2027.,no,https://www.senate.gov/isvp/?comm=armed&filename=armed060926 https://www.senate.gov/isvp/?comm=armed&filename=armedA060926
338519,119,Senate,Closed Markup Session,2026-06-09,ssas00,Closed business meeting to markup the National Defense Authorization Act for fiscal year 2027.,no,https://www.senate.gov/isvp/?comm=armed&filename=armed060926 https://www.senate.gov/isvp/?comm=armed&filename=armedA060926
338520,119,Senate,Closed Markup Session,2026-06-09,ssas00,Closed business meeting to markup the National Defense Authorization Act for fiscal year 2027.,no,https://www.senate.gov/isvp/?comm=armed&filename=armed060926 https://www.senate.gov/isvp/?comm=armed&filename=armedA060926
338521,119,Senate,Closed Markup Session,2026-06-10,ssas00,Closed business meeting to markup the National Defense Authorization Act for fiscal year 2027.,no,
119381,119,House,Markup,2026-06-11,hsap00,Fiscal Year 2027 Defense Bill (Closed),yes,
338567,119,Senate,Closed Business Meeting,2026-06-16,slin00,To receive a closed briefing on certain intelligence matters.,no,
338603,119,Senate,Closed Business Meeting,2026-06-23,slin00,"Closed business meeting to consider the nominations of Roger Mason, of Virginia, to be Director of the National Reconnaissance Office, and Michael Vance, of Virginia, to be an Assistant Secretary of S",yes,
119388,119,House,Hearing,2026-06-24,hlig00,Effectiveness of the Intelligence Community's Inspector General (CLOSED),yes,
338604,119,Senate,Closed Hearing,2026-06-24,slin00,To receive a closed briefing on certain intelligence matters.,no,
119391,119,House,Markup,2026-06-25,hssy00,Full Committee,yes,
119407,119,House,Markup,2026-07-01,hspw00,"updated Subcommittee rosters due to changes on the Majority side; General Services Administration Capital Investment and Leasing Program Resolutions' an ANS to H.R. ____, the ""Water Resources Developm",yes,
119428,119,House,Hearing,2026-07-01,hssy00,Weathering the Solar Storm: Advancing America’s Space Weather Capabilities,yes,
338621,119,Senate,Open Hearing,2026-07-14,ssas00,"Hearings to examine the nominations of Jules Hurst III, of Virginia, to be Under Secretary (Comptroller), Richard O'Malley, of Wisconsin, to be a Deputy Under Secretary, Roger Mason, of Virginia, to b",yes,https://www.senate.gov/isvp/?comm=armed&filename=armedA071426
338640,119,Senate,Closed Hearing,2026-07-14,slin00,To receive a closed briefing on certain intelligence matters.,no,
119456,119,House,Hearing,2026-07-15,hlig00,States on the Frontlines of Counterintelligence,yes,
338620,119,Senate,Closed Hearing,2026-07-15,sseg00,To receive a closed briefing on the Department of War's fiscal year 2027 budget request.,no,https://www.senate.gov/isvp/?comm=energy&filename=energy071526
119471,119,House,Markup,2026-07-16,hsbu00,The Concurrent Resolution on the Budget for Fiscal Year 2027,yes,
119474,119,House,Markup,2026-07-20,hlig00,Intelligence Authorization Act for Fiscal Year 2027 (Closed),yes,
119472,119,House,Hearing,2026-07-21,hlig00,25 Years After 9/11: Confronting the Next Generation of Threats,yes,
338673,119,Senate,Closed Hearing,2026-07-21,slin00,To receive a closed briefing on certain intelligence matters.,no,
338676,119,Senate,Closed Business Meeting,2026-07-21,slin00,Closed business meeting to consider pending intelligence matters.,no,
338674,119,Senate,Closed Hearing,2026-07-22,slin00,To receive a closed briefing on certain intelligence matters.,no,
338678,119,Senate,Open Business Meeting,2026-07-23,,"Business meeting to consider the nominations of Francis Brooke, of Virginia, to be Deputy Secretary, Erin Browne, of New York, to be an Under Secretary, Sriprakash Kothari, of Massachusetts, to be an ",yes,
338706,119,Senate,Closed Hearing,2026-08-04,slin00,Closed hearings to examine certain intelligence matters.,no,
338703,119,Senate,Closed Hearing,2026-08-05,ssfr00,To receive a closed briefing update on the war in Sudan.,no,https://www.senate.gov/isvp/?comm=foreign&filename=foreign080526
338704,119,Senate,Open Business Meeting,2026-08-05,sscm00,"Business meeting to markup S.737, to require certain interactive computer services to adopt and operate technology verification measures to ensure that users of the platform are not minors, S.1748, to",yes,https://www.senate.gov/isvp/?comm=commerce&filename=commerce080526
338707,119,Senate,Closed Business Meeting,2026-08-05,slin00,Closed business meeting to consider certain intelligence matters; to be immediately followed by a closed briefing on certain intelligence matters.,no,
119504,119,House,Meeting,2026-08-20,hsha00,Committee on House Administration Joint Deposition of Matt DeBergalis,yes,
119513,119,House,Meeting,2026-08-31,hlig00,Committee Business to Consider: Review of the 9/11 Commission Report,yes,
119497,119,House,Hearing,2026-09-02,hlig00,Persistent Competition & Legacy Architectures,yes,
119498,119,House,Meeting,2026-09-02,hsru00,Member Day Hearing on Proposed Rules Changes for the 120th Congress,no,
119530,119,House,Hearing,2026-09-02,hswm00,Full Committee Hearing on Strategic Partnerships to Secure Critical Resources and Supply Chains,yes,
119532,119,House,Hearing,2026-09-02,hssy00,Powering the Nuclear Renaissance: Accelerating U.S. Leadership in Advanced Nuclear Reactors,yes,
119556,119,House,Hearing,2026-09-15,hssy00,Innovation in Disaster Prevention: Advancing Technology for Prediction and Response,yes,
338743,119,Senate,Closed Hearing,2026-09-15,slin00,To receive a closed briefing on certain intelligence matters.,no,
119552,119,House,Hearing,2026-09-16,hspw00,"""Always Ready: A Day in the Life of a United States Coast Guard Member""",yes,
119563,119,House,Hearing,2026-09-16,hssy00,Balancing Biotechnology Innovation and Biosecurity: Securing U.S. Leadership in a Global Race,yes,
338744,119,Senate,Closed Hearing,2026-09-16,slin00,To receive a closed briefing on certain intelligence matters.,no,
338724,119,Senate,Closed Hearing,2026-09-17,ssas00,To receive a closed briefing on the implementation of the National Defense Strategy and its impact on global defense posture.,no,
119569,119,House,Hearing,2026-09-21,hsbu00,America's Fiscal Future: Examining the Need for a Fiscal Commission,yes,
338757,119,Senate,Closed Hearing,2026-09-23,ssas00,To receive a closed briefing on cyber operations and readiness for the second and third quarters of Fiscal Year 2026 as well as an update on election security.,no,
338760,119,Senate,Closed Hearing,2026-09-23,ssas00,To receive a closed briefing on an update on the United States Central Command area of operations.,no,
338762,119,Senate,Closed Hearing,2026-09-23,slin00,To receive a closed briefing on certain intelligence matters.,no,
338772,119,Senate,Open Business Meeting,2026-09-24,ssju00,"Business meeting to consider the nominations of Anna St. John, of Louisiana, to be United States Circuit Judge for the Fifth Circuit, Gregory Carl Cook, to be United States District Judge for the Nort",yes,https://www.senate.gov/isvp/?comm=judiciary&filename=judiciary092426
338774,119,Senate,Closed Hearing,2026-09-24,ssas00,To receive a closed briefing on an update on the budget of the Department of Defense.,no,
338790,119,Senate,Closed Hearing,2026-09-29,slin00,To receive a closed briefing on certain intelligence matters.,no,
338791,119,Senate,Closed Hearing,2026-09-30,slin00,To receive a closed briefing on certain intelligence matters.,no,
338794,119,Senate,Closed Hearing,2026-10-01,ssfr00,To receive a closed briefing on an update on Venezuela.,no,
