event_id,name,position,organization,page
325920,Kemp Chester,Assistant Director of the National Opioids and Synthetics Coordination Group,Office of National Drug Control Policy,https://www.judiciary.senate.gov/committee-activity/hearings/the-countdown-fentanyl-analogues-and-the-expiring-emergency-scheduling-order
325920,Amanda Liskamm,"Director of Opioid Enforcement and Prevention Efforts, Office of the Deputy Attorney General",U.S. Department of Justice,https://www.judiciary.senate.gov/committee-activity/hearings/the-countdown-fentanyl-analogues-and-the-expiring-emergency-scheduling-order
325920,Greg Cherundolo,"Acting Chief of Operations, Drug Enforcement Administration",U.S. Department of Justice,https://www.judiciary.senate.gov/committee-activity/hearings/the-countdown-fentanyl-analogues-and-the-expiring-emergency-scheduling-order
325940,Paul R. Michel,Former Chief Judge,United States Court of Appeals for the Federal Circuit,https://www.judiciary.senate.gov/committee-activity/hearings/the-state-of-patent-eligibility-in-america-part-i
325940,Q. Todd Dickinson,Former Under-Secretary of Commerce for Intellectual Property and Director,United States Patent and Trademark Office,https://www.judiciary.senate.gov/committee-activity/hearings/the-state-of-patent-eligibility-in-america-part-i
325940,David J. Kappos,"Former Director, United States Patent and Trademark Office","Partner at Cravath, Swaine & Moore LLP",https://www.judiciary.senate.gov/committee-activity/hearings/the-state-of-patent-eligibility-in-america-part-i
325940,Charles Duan,"Director, Technology & Innovation and Senior Fellow",R Street Institute,https://www.judiciary.senate.gov/committee-activity/hearings/the-state-of-patent-eligibility-in-america-part-i
325940,Jeffrey A. Lefstin,Associate Academic Dean,University of California Hastings College of the Law,https://www.judiciary.senate.gov/committee-activity/hearings/the-state-of-patent-eligibility-in-america-part-i
325940,Robert A. Armitage,Consultant,IP Strategy and Policy,https://www.judiciary.senate.gov/committee-activity/hearings/the-state-of-patent-eligibility-in-america-part-i
325940,David O. Taylor,"Co-Director of the Tsai Center for Law, Science and Innovation Associate Professor of Law",Southern Methodist University Dedman School of Law,https://www.judiciary.senate.gov/committee-activity/hearings/the-state-of-patent-eligibility-in-america-part-i
325940,Sherry M. Knowles,Principal,Knowles Intellectual Property Strategies,https://www.judiciary.senate.gov/committee-activity/hearings/the-state-of-patent-eligibility-in-america-part-i
325940,Alex Moss,Staff Attorney,Electronic Frontier Foundation,https://www.judiciary.senate.gov/committee-activity/hearings/the-state-of-patent-eligibility-in-america-part-i
325940,Mark A. Lemley,"William H. Neukom Professor of Law Director, Program in Law, Science & Technology",Stanford University School of Law,https://www.judiciary.senate.gov/committee-activity/hearings/the-state-of-patent-eligibility-in-america-part-i
325940,Michael Rosen,Adjunct Fellow,American Enterprise Institute,https://www.judiciary.senate.gov/committee-activity/hearings/the-state-of-patent-eligibility-in-america-part-i
325940,Paul R. Gugliuzza,Professor of Law,Boston University School of Law,https://www.judiciary.senate.gov/committee-activity/hearings/the-state-of-patent-eligibility-in-america-part-i
325940,Joshua D. Sarnoff,Professor of Law,DePaul University,https://www.judiciary.senate.gov/committee-activity/hearings/the-state-of-patent-eligibility-in-america-part-i
325940,Patrick Kilbride,"Senior Vice President, Global Innovation Policy Center",U.S. Chamber of Commerce,https://www.judiciary.senate.gov/committee-activity/hearings/the-state-of-patent-eligibility-in-america-part-i
325940,Adam Mossoff,Professor of Law,Antonin Scalia Law School George Mason University,https://www.judiciary.senate.gov/committee-activity/hearings/the-state-of-patent-eligibility-in-america-part-i
325901,XIAO Qiang,Founder and Editor-in-Chief,China Digital Times,https://www.foreign.senate.gov/hearings/rule-by-fear-30-years-after-tiananman-square
325901,Sophie Richardson,China Director,Human Rights Watch,https://www.foreign.senate.gov/hearings/rule-by-fear-30-years-after-tiananman-square
325901,Christopher Walker,Vice President for Studies and Analysis,National Endowment for Democracy,https://www.foreign.senate.gov/hearings/rule-by-fear-30-years-after-tiananman-square
325930,Barbara Fiacco,"Partner, Foley Hoag","President-Elect, American Intellectual Property Law Association",https://www.judiciary.senate.gov/committee-activity/hearings/the-state-of-patent-eligibility-in-america-part-ii
325930,Scott Patridge,"Immediate Past Chair, Intellectual Property Law Section",American Bar Association,https://www.judiciary.senate.gov/committee-activity/hearings/the-state-of-patent-eligibility-in-america-part-ii
325930,Henry Hadad,President,Intellectual Property Owners Association,https://www.judiciary.senate.gov/committee-activity/hearings/the-state-of-patent-eligibility-in-america-part-ii
325930,David Jones,Executive Director,High Tech Inventors Alliance,https://www.judiciary.senate.gov/committee-activity/hearings/the-state-of-patent-eligibility-in-america-part-ii
325930,Stephanie Martz,"Senior Vice President, General Counsel, National Retail Federation",On behalf of United for Patent Reform,https://www.judiciary.senate.gov/committee-activity/hearings/the-state-of-patent-eligibility-in-america-part-ii
325930,Paul Morinville,President,U.S. Inventor,https://www.judiciary.senate.gov/committee-activity/hearings/the-state-of-patent-eligibility-in-america-part-ii
325930,Phil Johnson,"Chair, Steering Committee",Coalition for 21st Century Patent Reform,https://www.judiciary.senate.gov/committee-activity/hearings/the-state-of-patent-eligibility-in-america-part-ii
325930,William G. Jenks,"Principal, Jenks IP Law",On behalf of Internet Association,https://www.judiciary.senate.gov/committee-activity/hearings/the-state-of-patent-eligibility-in-america-part-ii
325930,Christopher Mohr,Vice President for Intellectual Property and General Counsel,Software and Information Industry Association,https://www.judiciary.senate.gov/committee-activity/hearings/the-state-of-patent-eligibility-in-america-part-ii
325930,Jeffrey A. Birchak,"General Counsel, Vice President of Intellectual Property, and Secretary, Fallbrook Technologies",On behalf of Innovation Alliance,https://www.judiciary.senate.gov/committee-activity/hearings/the-state-of-patent-eligibility-in-america-part-ii
325930,Jeff Francer,General Counsel,Association for Accessible Medicines,https://www.judiciary.senate.gov/committee-activity/hearings/the-state-of-patent-eligibility-in-america-part-ii
325930,Hans Sauer,Deputy General Counsel for Intellectual Property,Biotechnology Innovation Organization,https://www.judiciary.senate.gov/committee-activity/hearings/the-state-of-patent-eligibility-in-america-part-ii
325930,Natalie M. Derzko,"Of Counsel, Covington & Burling LLP",On behalf of Pharmaceutical Research and Manufacturers of America,https://www.judiciary.senate.gov/committee-activity/hearings/the-state-of-patent-eligibility-in-america-part-ii
325930,Rick Brandon,"Associate General Counsel, The University of Michigan",On behalf of Association of American Universities and the Association of University Technology Managers,https://www.judiciary.senate.gov/committee-activity/hearings/the-state-of-patent-eligibility-in-america-part-ii
325930,Kate Ruane,Senior Legislative Counsel,American Civil Liberties Union,https://www.judiciary.senate.gov/committee-activity/hearings/the-state-of-patent-eligibility-in-america-part-ii
325960,Manny Schecter,Chief Patent Counsel,IBM,https://www.judiciary.senate.gov/committee-activity/hearings/the-state-of-patent-eligibility-in-america-part-iii
325960,Laurie Self,"Senior Vice-President and Counsel, Government Affairs",Qualcomm,https://www.judiciary.senate.gov/committee-activity/hearings/the-state-of-patent-eligibility-in-america-part-iii
325960,Byron Holz,Senior Intellectual Property Rights Licensing Counsel,Nokia,https://www.judiciary.senate.gov/committee-activity/hearings/the-state-of-patent-eligibility-in-america-part-iii
325960,Kim Chotkowski,"Vice President, Head of Licensing Strategy and Operations",InterDigital,https://www.judiciary.senate.gov/committee-activity/hearings/the-state-of-patent-eligibility-in-america-part-iii
325960,Sean Reilly,Senior Vice President and Associate General Counsel,The Clearing House Payments Company,https://www.judiciary.senate.gov/committee-activity/hearings/the-state-of-patent-eligibility-in-america-part-iii
325960,Laurie Hill,"Vice President, Intellectual Property",Genentech,https://www.judiciary.senate.gov/committee-activity/hearings/the-state-of-patent-eligibility-in-america-part-iii
325960,Sean George,Chief Executive Officer,Invitae,https://www.judiciary.senate.gov/committee-activity/hearings/the-state-of-patent-eligibility-in-america-part-iii
325960,Gonzalo Merino,Vice President and Chief Intellectual Property Counsel,Regeneron Pharmaceuticals,https://www.judiciary.senate.gov/committee-activity/hearings/the-state-of-patent-eligibility-in-america-part-iii
325960,Peter O'Neill,Executive Director,Cleveland Clinic Innovations,https://www.judiciary.senate.gov/committee-activity/hearings/the-state-of-patent-eligibility-in-america-part-iii
325960,David Spetzler,President and Chief Scientific Officer,Caris Life Sciences,https://www.judiciary.senate.gov/committee-activity/hearings/the-state-of-patent-eligibility-in-america-part-iii
325960,Michael Blankstein,Senior Vice President and Deputy General Counsel - Patents and Licensing,Scientific Games,https://www.judiciary.senate.gov/committee-activity/hearings/the-state-of-patent-eligibility-in-america-part-iii
325960,Corey Salsberg,"Vice President, Global Head IP Affairs",Novartis,https://www.judiciary.senate.gov/committee-activity/hearings/the-state-of-patent-eligibility-in-america-part-iii
325960,Nicolas Dupont,CEO and Executive Chairman,Cyborg Inc.,https://www.judiciary.senate.gov/committee-activity/hearings/the-state-of-patent-eligibility-in-america-part-iii
325960,Robert Deberadine,Chief Intellectual Property Counsel,Johnson & Johnson,https://www.judiciary.senate.gov/committee-activity/hearings/the-state-of-patent-eligibility-in-america-part-iii
325960,John D. Vandenberg,Partner,"Klarquist Sparkman, LLP",https://www.judiciary.senate.gov/committee-activity/hearings/the-state-of-patent-eligibility-in-america-part-iii
325932,Craig Garthwaite,Kellogg School of Management,Northwestern University,https://www.judiciary.senate.gov/committee-activity/hearings/your-doctor/pharmacist/insurer-will-see-you-now-competitive-implications-of-vertical-consolidation-in-the-healthcare-industry
325932,Thomas Greaney,College of the Law,UC Hastings,https://www.judiciary.senate.gov/committee-activity/hearings/your-doctor/pharmacist/insurer-will-see-you-now-competitive-implications-of-vertical-consolidation-in-the-healthcare-industry
325932,Cory Capps,Partner,Bates White Economic Consulting,https://www.judiciary.senate.gov/committee-activity/hearings/your-doctor/pharmacist/insurer-will-see-you-now-competitive-implications-of-vertical-consolidation-in-the-healthcare-industry
325932,Fiona M. Scott Morton,Theodore Nierenberg Professor of Economics,Yale School of Management,https://www.judiciary.senate.gov/committee-activity/hearings/your-doctor/pharmacist/insurer-will-see-you-now-competitive-implications-of-vertical-consolidation-in-the-healthcare-industry
325990,Philip T. Reeker,"Acting Assistant Secretary, Bureau of European and Eurasian Affairs",Department of State,https://www.foreign.senate.gov/hearings/nato-expansion-examining-the-accession-of-north-macedonia-061219
325990,Kathryn Wheelbarger,"Acting Assistant Secretary, International Security Affairs",Department of Defense,https://www.foreign.senate.gov/hearings/nato-expansion-examining-the-accession-of-north-macedonia-061219
325995,Andrea G. Bottner,"Senior Advisor to the Independent Women's Forum, Founder","Bottner Strategies, LLC",https://www.foreign.senate.gov/hearings/women-in-conflict-advancing-womens-role-in-peace-and-security-061319
325995,Jamille Bigio,Senior Fellow for Women and Foreign Policy,Council on Foreign Relations,https://www.foreign.senate.gov/hearings/women-in-conflict-advancing-womens-role-in-peace-and-security-061319
325995,Palwasha L. Kakar,"Senior Program Officer, Religion and Inclusive Socieities",United States Institute of Peace,https://www.foreign.senate.gov/hearings/women-in-conflict-advancing-womens-role-in-peace-and-security-061319
326009,Jim DeMint,Former U.S. Senator,State of South Carolina,https://www.judiciary.senate.gov/committee-activity/hearings/keeping-congress-accountable-term-limits-in-the-united-states
326009,Nick Tomboulides,Executive Director,U.S. Term Limits,https://www.judiciary.senate.gov/committee-activity/hearings/keeping-congress-accountable-term-limits-in-the-united-states
326009,Lynda W. Powell,Professor of Political Science,University of Rochester,https://www.judiciary.senate.gov/committee-activity/hearings/keeping-congress-accountable-term-limits-in-the-united-states
326009,John David Raush Jr.,Teel Bivins Professor of Political Science,West Texas A&M University,https://www.judiciary.senate.gov/committee-activity/hearings/keeping-congress-accountable-term-limits-in-the-united-states
326009,Casey Burgat,"Senior Fellow, Governance Project",R Street Institute,https://www.judiciary.senate.gov/committee-activity/hearings/keeping-congress-accountable-term-limits-in-the-united-states
326012,Kurt Volker,Special Representative for Ukraine Negotiations,U.S. Department of State,https://www.foreign.senate.gov/hearings/five-years-after-the-revolution-of-dignity-ukraines-progress/russias-malign-activities
326012,John E. Herbst,Director,"Eurasia Center, Atlantic Council",https://www.foreign.senate.gov/hearings/five-years-after-the-revolution-of-dignity-ukraines-progress/russias-malign-activities
326012,Alina Polyakova,"Director, Project on Global Democracy and Emerging Technology",Brookings Institution,https://www.foreign.senate.gov/hearings/five-years-after-the-revolution-of-dignity-ukraines-progress/russias-malign-activities
326012,James Jay Carafano,"Vice President, Kathryn and Shelby Cullom Davis Institute for National Security and Foreign Policy",The Heritage Foundation,https://www.foreign.senate.gov/hearings/five-years-after-the-revolution-of-dignity-ukraines-progress/russias-malign-activities
325992,Joseph Coughlin,"Director,",MIT AgeLab,https://www.aging.senate.gov/hearings/aging-and-disability-in-the-21st-century-how-technology-can-help-maintain-health-and-quality-of-life
325992,Cara McCarty,Curatorial Director,Cooper Hewitt Smithsonian Design Museum,https://www.aging.senate.gov/hearings/aging-and-disability-in-the-21st-century-how-technology-can-help-maintain-health-and-quality-of-life
325992,Brenda Gallant,Executive Director,Maine Long-Term Care Ombudsman Program,https://www.aging.senate.gov/hearings/aging-and-disability-in-the-21st-century-how-technology-can-help-maintain-health-and-quality-of-life
325992,Robert (Bob) Mecca,Executive Director,Life and Independence for Today (LIFT),https://www.aging.senate.gov/hearings/aging-and-disability-in-the-21st-century-how-technology-can-help-maintain-health-and-quality-of-life
326019,Clay Fuller,"Jeane Kirkpatrick Fellow, Foreign and Defense Policy Studies",American Enterprise Institute,https://www.judiciary.senate.gov/committee-activity/hearings/combating-kleptocracy-beneficial-ownership-money-laundering-and-other-reforms
326019,Adam J. Szubin,Distinguished Practitioner-in-Residence Johns Hopkins School of Advanced International Studies,Of Counsel Sullivan & Cromwell LLP,https://www.judiciary.senate.gov/committee-activity/hearings/combating-kleptocracy-beneficial-ownership-money-laundering-and-other-reforms
326019,Tom Firestone,Partner,"Co-Chair, North American Government Enforcement Practice Baker & McKenzie LLP",https://www.judiciary.senate.gov/committee-activity/hearings/combating-kleptocracy-beneficial-ownership-money-laundering-and-other-reforms
326019,Sheila Krumholz,Executive Director,Center for Responsive Politics,https://www.judiciary.senate.gov/committee-activity/hearings/combating-kleptocracy-beneficial-ownership-money-laundering-and-other-reforms
326046,Dennis M. Kelleher,President and CEO,Better Markets,https://www.agriculture.senate.gov/hearings/the-state-of-the-derivatives-market-and-perspectives-for-cftc-reauthorization
326046,Joe Barker,Director of Brokerage Services,CHS Hedging,https://www.agriculture.senate.gov/hearings/the-state-of-the-derivatives-market-and-perspectives-for-cftc-reauthorization
326046,Walter Lukken,President and Chief Executive Officer,Futures Industry Association,https://www.agriculture.senate.gov/hearings/the-state-of-the-derivatives-market-and-perspectives-for-cftc-reauthorization
326046,Thomas Sexton,President and CEO,National Futures Association,https://www.agriculture.senate.gov/hearings/the-state-of-the-derivatives-market-and-perspectives-for-cftc-reauthorization
326053,Douglas Russell Cole,,,https://www.judiciary.senate.gov/committee-activity/hearings/06/26/2019/nominations
326053,Matthew Walden McFarland,,,https://www.judiciary.senate.gov/committee-activity/hearings/06/26/2019/nominations
326053,Robert Anthony Molloy,,,https://www.judiciary.senate.gov/committee-activity/hearings/06/26/2019/nominations
326053,Kea Whetzal Riggs,,,https://www.judiciary.senate.gov/committee-activity/hearings/06/26/2019/nominations
326100,Craig S. Faller,"Commander, United States Southern Command",,https://www.armed-services.senate.gov/hearings/19-07-09-implementation-of-the-national-defense-strategy-in-the-united-states-southern-command-area-of-responsibility
326127,Duffie Stone,"Solicitor of the Fourteenth Judicial District, South Carolina",Incoming President National District Attorneys Association,https://www.judiciary.senate.gov/committee-activity/hearings/protecting-innocence-in-a-digital-world
326127,Angela J. Campbell,Communications & Technology Clinic Institute for Public Representation,Georgetown Law,https://www.judiciary.senate.gov/committee-activity/hearings/protecting-innocence-in-a-digital-world
326127,Christopher McKenna,Founder and CEO,Protect Young Eyes,https://www.judiciary.senate.gov/committee-activity/hearings/protecting-innocence-in-a-digital-world
326127,John F. Clark,President and Chief Executive Officer,National Center for Missing and Exploited Children,https://www.judiciary.senate.gov/committee-activity/hearings/protecting-innocence-in-a-digital-world
326127,Stephen Balkam,Founder and CEO,Family Online Safety Institute,https://www.judiciary.senate.gov/committee-activity/hearings/protecting-innocence-in-a-digital-world
326121,Griffin P. Rodgers,"Director, National Institute of Diabetes and Digestive and Kidney Diseases",NIH,https://www.aging.senate.gov/hearings/redefining-reality-how-the-special-diabetes-program-is-changing-the-lives-of-americans-with-type-1-diabetes
326121,Aaron Kowalski,President and CEO,JDRF,https://www.aging.senate.gov/hearings/redefining-reality-how-the-special-diabetes-program-is-changing-the-lives-of-americans-with-type-1-diabetes
326121,Victor Garber,Actor,,https://www.aging.senate.gov/hearings/redefining-reality-how-the-special-diabetes-program-is-changing-the-lives-of-americans-with-type-1-diabetes
326121,Ruby Anderson,Children’s Congress Delegate,,https://www.aging.senate.gov/hearings/redefining-reality-how-the-special-diabetes-program-is-changing-the-lives-of-americans-with-type-1-diabetes
326121,Adriana Richard,Children’s Congress Delegate,,https://www.aging.senate.gov/hearings/redefining-reality-how-the-special-diabetes-program-is-changing-the-lives-of-americans-with-type-1-diabetes
326130,R. Clarke Cooper,"Assistant Secretary, Political-Military Affairs",U.S. Department of State,https://www.foreign.senate.gov/hearings/defense-cooperation-use-of-emergency-authorities-under-the-arms-export-control-act
326101,Mark A. Milley,for reappointment to the grade of general and to be Chairman of the Joint Chiefs of Staff,No Electronic Opening Statement Submitted.,https://www.armed-services.senate.gov/hearings/19-07-11-nomination_--milley
326143,Joan Polaschik,"Acting Principal Deputy Assistant Secretary, Bureau of Near Eastern Affairs",U.S. Department of State,https://www.foreign.senate.gov/hearings/iraq-a-crossroads-of-us-policy-071619
326143,Michael P. Mulroy,Deputy Assistant Secretary of Defense for the Middle East,U.S. Department of Defense,https://www.foreign.senate.gov/hearings/iraq-a-crossroads-of-us-policy-071619
326148,Karan Bhatia,Vice President for Government Affairs & Public Policy,"Google, Inc.",https://www.judiciary.senate.gov/committee-activity/hearings/google-and-censorship-though-search-engines
326148,Dennis Prager,Co-Founder,Prager University,https://www.judiciary.senate.gov/committee-activity/hearings/google-and-censorship-though-search-engines
326148,Jason Kint,Chief Executive Officer,Digital Content Next,https://www.judiciary.senate.gov/committee-activity/hearings/google-and-censorship-though-search-engines
326148,Andy Parker,"Author, Advocate for Sensible Reform",Father of Alison Parker,https://www.judiciary.senate.gov/committee-activity/hearings/google-and-censorship-though-search-engines
326148,Francesca Tripodi,Assistant Professor of Sociology,James Madison University,https://www.judiciary.senate.gov/committee-activity/hearings/google-and-censorship-though-search-engines
326148,Robert Epstein,Senior Research Psychologist,American Institute for Behavioral Research and Technology,https://www.judiciary.senate.gov/committee-activity/hearings/google-and-censorship-though-search-engines
326151,Hugo Rodriguez,"Deputy Assistant Secretary for Central America, Bureau of Western Hemisphere Affairs",U.S. Department of State,https://www.foreign.senate.gov/hearings/us-engagement-in-central-america
326151,John Barsa,"Assistant Administrator, Bureau for Latin America and the Caribbean",U.S. Agency for International Development,https://www.foreign.senate.gov/hearings/us-engagement-in-central-america
326151,Ana Quintana,"Senior Policy Analyst, Latin America and the Western Hemisphere",The Heritage Foundation,https://www.foreign.senate.gov/hearings/us-engagement-in-central-america
326151,George Escobar,Chief of Programs and Services,CASA,https://www.foreign.senate.gov/hearings/us-engagement-in-central-america
326151,Sean Callahan,President/CEO,Catholic Relief Services,https://www.foreign.senate.gov/hearings/us-engagement-in-central-america
326184,Christopher A. Wray,Director,Federal Bureau of Investigation,https://www.judiciary.senate.gov/committee-activity/hearings/07/23/2019/oversight-of-the-federal-bureau-of-investigation
326186,Tibor Nagy,"Assistant Secretary, Bureau of African Affairs",U.S. Department of State,https://www.foreign.senate.gov/hearings/confronting-ebola-addressing-a-21st-century-global-health-crisis
326186,Marcia Bernicat,"Principal Deputy Assistant Secretary, Bureau of Oceans and International Environmental and Scientific Affairs",U.S. Department of State,https://www.foreign.senate.gov/hearings/confronting-ebola-addressing-a-21st-century-global-health-crisis
326186,Tim Ziemer,"Senior Deputy Assistant Administrator, Bureau for Democracy, Conflict, and Humanitarian Assistance",U.S. Agency for International Development,https://www.foreign.senate.gov/hearings/confronting-ebola-addressing-a-21st-century-global-health-crisis
326186,Mitch Wolfe,"Chief Medical Officer, Centers for Disease Control and Prevention",U.S. Department of Health and Human Services,https://www.foreign.senate.gov/hearings/confronting-ebola-addressing-a-21st-century-global-health-crisis
326220,David Hale,"Under Secretary for Political Affairs, Bureau of Political Affairs",U.S. Department of State,https://www.foreign.senate.gov/hearings/reviewing-authorities-for-the-use-of-military-force-072419
326220,Marik String,"Acting Legal Adviser, Office of the Legal Adviser",U.S. Department of State,https://www.foreign.senate.gov/hearings/reviewing-authorities-for-the-use-of-military-force-072419
326207,Greg Ibach,Under Secretary for Marketing and Regulatory Programs,U.S. Department of Agriculture,https://www.agriculture.senate.gov/hearings/hemp-production-and-the-2018-farm-bill
326207,Stephen Alexander Vaden,General Counsel,U.S. Department of Agriculture,https://www.agriculture.senate.gov/hearings/hemp-production-and-the-2018-farm-bill
326207,Alexandra Dapolito Dunn,"Assistant Administrator, Office of Chemical Safety and Pollution Prevention",U.S. Environmental Protection Agency,https://www.agriculture.senate.gov/hearings/hemp-production-and-the-2018-farm-bill
326207,Amy P. Abernethy,"Principal Deputy Commissioner of Food and Drugs, Office of the Commissioner",U.S. Food & Drug Administration,https://www.agriculture.senate.gov/hearings/hemp-production-and-the-2018-farm-bill
326207,Brian Furnish,Farmer,,https://www.agriculture.senate.gov/hearings/hemp-production-and-the-2018-farm-bill
326207,Erica Stark,Executive Director,National Hemp Association,https://www.agriculture.senate.gov/hearings/hemp-production-and-the-2018-farm-bill
326207,Darrell G. Seki Sr.,Tribal Chairman,Red Lake Band of Chippewa Indians,https://www.agriculture.senate.gov/hearings/hemp-production-and-the-2018-farm-bill
326058,Karyn Temple,Register of Copyrights and Director,United States Copyright Office,https://www.judiciary.senate.gov/committee-activity/hearings/oversight-of-the-united-states-copyright-office
326243,John E. Hyten,for reappointment to the grade of general and to be Vice Chairman of the Joint Chiefs of Staff,No Electronic Opening Statement Submitted.,https://www.armed-services.senate.gov/hearings/19-07-30-nomination_--hyten
326351,Tom Cotter,Briggs and Morgan Professor of Law,The University of Minnesota School of Law,https://www.judiciary.senate.gov/committee-activity/hearings/innovation-in-america-how-congress-can-make-our-patent-system-stronger
326351,Bradley N. Ditty,"Vice President, General Patent Counsel","InterDigital Holdings, Inc.",https://www.judiciary.senate.gov/committee-activity/hearings/innovation-in-america-how-congress-can-make-our-patent-system-stronger
326351,Dan Lang,"Vice President, Intellectual Property",Cisco Systems,https://www.judiciary.senate.gov/committee-activity/hearings/innovation-in-america-how-congress-can-make-our-patent-system-stronger
326351,Adam Mossoff,Professor of Law,Antonin Scalia Law School George Mason University,https://www.judiciary.senate.gov/committee-activity/hearings/innovation-in-america-how-congress-can-make-our-patent-system-stronger
326351,Josh Landau,Patent Counsel,Computer and Communications Industry Association,https://www.judiciary.senate.gov/committee-activity/hearings/innovation-in-america-how-congress-can-make-our-patent-system-stronger
326351,"Earl ""Eb"" Bright II",President,ExploraMed,https://www.judiciary.senate.gov/committee-activity/hearings/innovation-in-america-how-congress-can-make-our-patent-system-stronger
326016,Joseph Simons,Chairman,Federal Trade Commission,https://www.judiciary.senate.gov/committee-activity/hearings/09/17/2019/07/23/2019/oversight-of-the-enforcement-of-the-antitrust-laws
326016,Makan Delrahim,Assistant Attorney General,Antitrust Division U.S. Department of Justice,https://www.judiciary.senate.gov/committee-activity/hearings/09/17/2019/07/23/2019/oversight-of-the-enforcement-of-the-antitrust-laws
326382,Baird Webel,Specialist in Financial Economics,Congressional Research Service,https://www.judiciary.senate.gov/committee-activity/hearings/holocaust-era-insurance-claims
326382,David Mermelstein,President,"Holocaust Survivors of Miami-Dade County, FL",https://www.judiciary.senate.gov/committee-activity/hearings/holocaust-era-insurance-claims
326382,Anna B. Rubin,Director,Holocaust Claims Processing Office New York State Department of Financial Services,https://www.judiciary.senate.gov/committee-activity/hearings/holocaust-era-insurance-claims
326382,Samuel Dubbin,Counsel to,Holocaust Survivors Foundation USA,https://www.judiciary.senate.gov/committee-activity/hearings/holocaust-era-insurance-claims
326382,Stuart E. Eizenstat,Former U.S. Ambassador and Special Advisor on Holocaust Issues,United States Department of State,https://www.judiciary.senate.gov/committee-activity/hearings/holocaust-era-insurance-claims
326392,David Stilwell,Assistant Secretary of State for East Asian and Pacific Affairs,U.S. Department of State,https://www.foreign.senate.gov/hearings/us-policy-in-the-indo-pacific-region-hong-kong-alliances-and-partnerships-and-other-issues
326396,Kirsten D. Madison,"Assistant Secretary, Bureau for International Narcotics and Law Enforcement",U.S. Department of State,https://www.foreign.senate.gov/hearings/us-colombia-relations-new-opportunities-to-reinforce-and-strengthen-our-bilateral-relationship
326396,John Barsa,Assistant Administrator for Latin America and the Caribbean,United States Agency for International Development,https://www.foreign.senate.gov/hearings/us-colombia-relations-new-opportunities-to-reinforce-and-strengthen-our-bilateral-relationship
326396,Kevin O'Reilly,"Deputy Assistant Secretary, Bureau of Western Hemisphere Affairs",U.S. Department of State,https://www.foreign.senate.gov/hearings/us-colombia-relations-new-opportunities-to-reinforce-and-strengthen-our-bilateral-relationship
326396,Christine Balling,Senior Fellow for Latin American Affairs,American Foreign Policy Council,https://www.foreign.senate.gov/hearings/us-colombia-relations-new-opportunities-to-reinforce-and-strengthen-our-bilateral-relationship
326396,Jason Marczak,"Director, Adrienne Arsht Latin America Center",Atlantic Council,https://www.foreign.senate.gov/hearings/us-colombia-relations-new-opportunities-to-reinforce-and-strengthen-our-bilateral-relationship
326363,Bruce Hoffman,Director of the Bureau of Competition,Federal Trade Commission,https://www.judiciary.senate.gov/committee-activity/hearings/competition-in-digital-technology-markets-examining-acquisitions-of-nascent-or-potential-competitors-by-digital-platforms
326363,Diana Moss,President,American Antitrust Institute,https://www.judiciary.senate.gov/committee-activity/hearings/competition-in-digital-technology-markets-examining-acquisitions-of-nascent-or-potential-competitors-by-digital-platforms
326363,John Yun,"Director, Economic Education at the Global Antitrust Institute",Antonin Scalia Law School George Mason University,https://www.judiciary.senate.gov/committee-activity/hearings/competition-in-digital-technology-markets-examining-acquisitions-of-nascent-or-potential-competitors-by-digital-platforms
326363,Patricia Nakache,General Partner,Trinity Ventures,https://www.judiciary.senate.gov/committee-activity/hearings/competition-in-digital-technology-markets-examining-acquisitions-of-nascent-or-potential-competitors-by-digital-platforms
326408,Michael Singh,Co-Chair,Syria Study Group,https://www.foreign.senate.gov/hearings/the-path-forward-key-findings-from-the-syria-study-group-report
326408,Dana Stroul,Co-Chair,Syria Study Group,https://www.foreign.senate.gov/hearings/the-path-forward-key-findings-from-the-syria-study-group-report
326386,Kirsten D. Madison,"Assistant Secretary, Bureau of Narcotics and Law Enforcement Affairs",United States Department of State,https://www.foreign.senate.gov/hearings/us-policy-in-mexico-and-central-america-ensuring-effective-policies-to-address-the-crisis-at-the-border
326386,Michael G. Kozak,"Acting Assistant Secretary, Bureau of Western Hemisphere Affairs",United States Department of State,https://www.foreign.senate.gov/hearings/us-policy-in-mexico-and-central-america-ensuring-effective-policies-to-address-the-crisis-at-the-border
326411,Lyle Petersen,"Director of the Division of Vector-Borne Diseases, National Center for Emerging and Zoonotic Infectious Diseases",Centers for Disease Control and Prevention,https://www.aging.senate.gov/hearings/the-tick-act-an-urgent-public-health-response-to-tick-borne-diseases
326411,Jim Dill,Pest Management Specialist and Diagnostic and Research Lab Coordinator,University of Maine Cooperative Extension,https://www.aging.senate.gov/hearings/the-tick-act-an-urgent-public-health-response-to-tick-borne-diseases
326411,Sean McCloy,Medical Director,Integrative Health Center of Maine,https://www.aging.senate.gov/hearings/the-tick-act-an-urgent-public-health-response-to-tick-borne-diseases
326411,Paula Jackson Jones,President and Co-Founder,Midcoast Lyme Disease Support and Education,https://www.aging.senate.gov/hearings/the-tick-act-an-urgent-public-health-response-to-tick-borne-diseases
326411,Chris Philbrook,Individual Affected by Lyme disease,,https://www.aging.senate.gov/hearings/the-tick-act-an-urgent-public-health-response-to-tick-borne-diseases
326501,Rudolph Tanzi,"Director, Genetics and Aging Research Unit at Massachusetts General Hospital, and Professor of Neurology, Harvard",,https://www.aging.senate.gov/hearings/promoting-healthy-aging-living-your-best-life-long-into-your-golden-years
326501,Susan Hughes,"Co-Director, Center for Research on Health and Aging,",University of Illinois-Chicago,https://www.aging.senate.gov/hearings/promoting-healthy-aging-living-your-best-life-long-into-your-golden-years
326501,Diane Dickerson,"CEO,",Bangor YMCA,https://www.aging.senate.gov/hearings/promoting-healthy-aging-living-your-best-life-long-into-your-golden-years
326501,Brian L. Long,"Lead Coordinator, Pennsylvania Link to Aging and Disability Resources Service Area 13 & Volunteer Representative, Southcentral Regional Council on Aging",,https://www.aging.senate.gov/hearings/promoting-healthy-aging-living-your-best-life-long-into-your-golden-years
326543,Barbara Lagoa,,,https://www.judiciary.senate.gov/committee-activity/hearings/10/16/2019/nominations
326543,Robert J. Luck,,,https://www.judiciary.senate.gov/committee-activity/hearings/10/16/2019/nominations
326543,Silvia Carreno-Coll,,,https://www.judiciary.senate.gov/committee-activity/hearings/10/16/2019/nominations
326543,John M. Gallagher,,,https://www.judiciary.senate.gov/committee-activity/hearings/10/16/2019/nominations
326543,Sherri A. Lydon,,,https://www.judiciary.senate.gov/committee-activity/hearings/10/16/2019/nominations
326560,Brian Hook,Special Representative for Iran,U.S. Department of State,https://www.foreign.senate.gov/hearings/an-examination-of-us-iran-policy
326561,Ajit Pai,Chairman,Federal Communications Commission,https://www.appropriations.senate.gov/hearings/oversight-of-the-fcc-spectrum-auctions-program
326561,Tom Schatz,President,Citizens Against Government Waste,https://www.appropriations.senate.gov/hearings/oversight-of-the-fcc-spectrum-auctions-program
326561,David Williams,President,Taxpayers Protection Alliance,https://www.appropriations.senate.gov/hearings/oversight-of-the-fcc-spectrum-auctions-program
326584,Timothy S. Robbins,"Acting Executive Associate Director, Enforcement Removal Operations","United States Immigration and Customs Enforcement, Department of Homeland Security",https://www.judiciary.senate.gov/committee-activity/hearings/sanctuary-jurisdictions-the-impact-on-public-safety-and-victims
326584,R. Andrew Murray,United States Attorney,Western District of North Carolina,https://www.judiciary.senate.gov/committee-activity/hearings/sanctuary-jurisdictions-the-impact-on-public-safety-and-victims
326584,Mary Ann Mendoza,Angel Mom and Co-Founder,Angelfamilies.com,https://www.judiciary.senate.gov/committee-activity/hearings/sanctuary-jurisdictions-the-impact-on-public-safety-and-victims
326584,Andy Harvey,Former Chief of Police,City of Palestine,https://www.judiciary.senate.gov/committee-activity/hearings/sanctuary-jurisdictions-the-impact-on-public-safety-and-victims
326594,James F. Jeffrey,Special Representative for Syria Engagement and Special Envoy to the Global Coalition to Defeat ISIS,U.S. Department of State,https://www.foreign.senate.gov/hearings/assessing-the-impact-of-turkeys-offensive-in-northeast-syria-102219
326594,Matthew A. Palmer,"Deputy Assistant Secretary, Bureau of European and Eurasian Affairs",U.S. Department of State,https://www.foreign.senate.gov/hearings/assessing-the-impact-of-turkeys-offensive-in-northeast-syria-102219
326600,Matthew A Palmer,"Deputy Assistant Secretary, Bureau of European and Eurasia Affairs",U.S. Department of State,https://www.foreign.senate.gov/hearings/successes-and-unfinished-business-in-the-western-balkans-102319
326600,Janusz Bugajski,Senior Fellow,Center for European Policy Analysis (CEPA),https://www.foreign.senate.gov/hearings/successes-and-unfinished-business-in-the-western-balkans-102319
326600,Majda Ruge,"Fellow, Foreign Policy Institute",Johns Hopkins University,https://www.foreign.senate.gov/hearings/successes-and-unfinished-business-in-the-western-balkans-102319
326589,Charles A. Richard,"to be admiral and Commander, United States Strategic Command",,https://www.armed-services.senate.gov/hearings/19-10-24-nomination_--richard
326597,Drew Hirshfeld,Commissioner of Patents,United States Patent and Trademark Office,https://www.judiciary.senate.gov/committee-activity/hearings/promoting-the-useful-arts-how-can-congress-prevent-the-issuance-of-poor-quality-patents
326597,R. Polk Wagner,Michael A. Fitts Professor of Law,University of Pennsylvania Law School,https://www.judiciary.senate.gov/committee-activity/hearings/promoting-the-useful-arts-how-can-congress-prevent-the-issuance-of-poor-quality-patents
326597,Melissa Feeney Wasserman,Charles Tilford McCormick Professor of Law,The University of Texas at Austin School of Law,https://www.judiciary.senate.gov/committee-activity/hearings/promoting-the-useful-arts-how-can-congress-prevent-the-issuance-of-poor-quality-patents
326597,Teresa Stanek Rea,"Partner, and Vice-Chair of the Intellectual Property Group",Crowell & Moring LLP,https://www.judiciary.senate.gov/committee-activity/hearings/promoting-the-useful-arts-how-can-congress-prevent-the-issuance-of-poor-quality-patents
326597,Colleen V. Chien,Professor of Law,Santa Clara University School of Law,https://www.judiciary.senate.gov/committee-activity/hearings/promoting-the-useful-arts-how-can-congress-prevent-the-issuance-of-poor-quality-patents
326626,Patrick J. Bumatay,,,https://www.judiciary.senate.gov/committee-activity/hearings/10/30/2019/nominations
326626,Lawrence VanDyke,,,https://www.judiciary.senate.gov/committee-activity/hearings/10/30/2019/nominations
326626,Philip M. Halpern,,,https://www.judiciary.senate.gov/committee-activity/hearings/10/30/2019/nominations
326626,Bernard Maurice Jones II,,,https://www.judiciary.senate.gov/committee-activity/hearings/10/30/2019/nominations
326626,Barbara Bailey Jongbloed,,,https://www.judiciary.senate.gov/committee-activity/hearings/10/30/2019/nominations
326645,Tom Burt,Corporate Vice President of Costumer Security and Trust,Microsoft Corporation,https://www.judiciary.senate.gov/committee-activity/hearings/how-corporations-and-big-tech-leave-our-data-exposed-to-criminals-china-and-other-bad-actors
326645,William A. Carter,"Deputy Director and Fellow, Technology Policy Program",The Center for Strategic and International Studies,https://www.judiciary.senate.gov/committee-activity/hearings/how-corporations-and-big-tech-leave-our-data-exposed-to-criminals-china-and-other-bad-actors
326645,Kara Frederick,Fellow for Technology and National Security Program,Center for a New American Security,https://www.judiciary.senate.gov/committee-activity/hearings/how-corporations-and-big-tech-leave-our-data-exposed-to-criminals-china-and-other-bad-actors
326645,Klon Kitchen,"Senior Research Fellow, Technology The Kathryn and Shelby Cullom Davis Institute for National Security and Foreign Policy",The Heritage Foundation,https://www.judiciary.senate.gov/committee-activity/hearings/how-corporations-and-big-tech-leave-our-data-exposed-to-criminals-china-and-other-bad-actors
326646,Alireza Atri,Director,Banner Sun Health Research Institute,https://www.aging.senate.gov/hearings/alzheimers-and-other-cognitive-diseases-an-arizona-perspective
326646,Roberta Diaz Brinton,"Director, Center for Innovation in Brain Science",University of Arizona,https://www.aging.senate.gov/hearings/alzheimers-and-other-cognitive-diseases-an-arizona-perspective
326646,Lisa Capp,Previous Alzheimer’s Disease Caregiver,,https://www.aging.senate.gov/hearings/alzheimers-and-other-cognitive-diseases-an-arizona-perspective
326649,Brad Wiegmann,Deputy Assistant Attorney General National Security Division,United States Department of Justice,https://www.judiciary.senate.gov/committee-activity/hearings/reauthorizing-the-usa-freedom-act-of-2015
326649,Michael Orlando,Deputy Assistant Director,Federal Bureau of Investigation,https://www.judiciary.senate.gov/committee-activity/hearings/reauthorizing-the-usa-freedom-act-of-2015
326649,Susan Morgan,National Security Agency,,https://www.judiciary.senate.gov/committee-activity/hearings/reauthorizing-the-usa-freedom-act-of-2015
326649,Adam I. Klein,Chairman and Member,Privacy and Civil Liberties Oversight Board,https://www.judiciary.senate.gov/committee-activity/hearings/reauthorizing-the-usa-freedom-act-of-2015
326649,Jamil Jaffer,Founder & Executive Director,National Security Institute Antonin Scalia Law School George Mason University,https://www.judiciary.senate.gov/committee-activity/hearings/reauthorizing-the-usa-freedom-act-of-2015
326649,Elizabeth Goitein,Director Liberty & National Security Program Brennan Center for Justice at,New York University School of Law,https://www.judiciary.senate.gov/committee-activity/hearings/reauthorizing-the-usa-freedom-act-of-2015
326690,Kathleen Hawk Sawyer,Director,Federal Bureau of Prisons United States Department of Justice,https://www.judiciary.senate.gov/committee-activity/hearings/oversight-of-the-federal-bureau-of-prisons
326679,David L. Norquist,Deputy Secretary Of Defense,,https://www.armed-services.senate.gov/hearings/19-11-20-department-of-defense-audit
326704,John W. Wilmer,"Deputy Chief Information Officer for Cybersecurity, Department of Defense",,https://www.armed-services.senate.gov/hearings/19-11-20-implementation-of-the-2018-department-of-defense-cyber-strategy
326704,Ross A. Myers,"Deputy Commander, United States Cyber Command",,https://www.armed-services.senate.gov/hearings/19-11-20-implementation-of-the-2018-department-of-defense-cyber-strategy
326704,Mary F. O’Brien,"Deputy Chief of Staff for Intelligence, Surveillance, Reconnaissance and Cyber Effects Operations, United States Air Force",,https://www.armed-services.senate.gov/hearings/19-11-20-implementation-of-the-2018-department-of-defense-cyber-strategy
326704,Dennis A. Crall,Deputy Principal Cyber Advisor and Senior Military Advisor for Cyber Policy,,https://www.armed-services.senate.gov/hearings/19-11-20-implementation-of-the-2018-department-of-defense-cyber-strategy
326680,Elizabeth A. Field,"Director, Defense Capabilities and Management, Government Accountability Office",,https://www.armed-services.senate.gov/hearings/19-12-03-government-accountability-office-on-privatized-housing-findings-to-include-responses-from-the-military-services-on-ongoing-reports-of-substandard-housing-conditions-and-services
326680,Ryan D. McCarthy,Secretary of the Army,,https://www.armed-services.senate.gov/hearings/19-12-03-government-accountability-office-on-privatized-housing-findings-to-include-responses-from-the-military-services-on-ongoing-reports-of-substandard-housing-conditions-and-services
326680,Thomas B. Modly,Acting Secretary of the Navy,,https://www.armed-services.senate.gov/hearings/19-12-03-government-accountability-office-on-privatized-housing-findings-to-include-responses-from-the-military-services-on-ongoing-reports-of-substandard-housing-conditions-and-services
326680,Barbara M. Barrett,Secretary of the Air Force,,https://www.armed-services.senate.gov/hearings/19-12-03-government-accountability-office-on-privatized-housing-findings-to-include-responses-from-the-military-services-on-ongoing-reports-of-substandard-housing-conditions-and-services
326680,James C. McConville,Chief of Staff of the Army,,https://www.armed-services.senate.gov/hearings/19-12-03-government-accountability-office-on-privatized-housing-findings-to-include-responses-from-the-military-services-on-ongoing-reports-of-substandard-housing-conditions-and-services
326680,Michael M. Gilday,Chief of Naval Operations,,https://www.armed-services.senate.gov/hearings/19-12-03-government-accountability-office-on-privatized-housing-findings-to-include-responses-from-the-military-services-on-ongoing-reports-of-substandard-housing-conditions-and-services
326680,David H. Berger,Commandant of the Marine Corps,,https://www.armed-services.senate.gov/hearings/19-12-03-government-accountability-office-on-privatized-housing-findings-to-include-responses-from-the-military-services-on-ongoing-reports-of-substandard-housing-conditions-and-services
326680,David L. Goldfein,Chief of Staff of the Air Force,,https://www.armed-services.senate.gov/hearings/19-12-03-government-accountability-office-on-privatized-housing-findings-to-include-responses-from-the-military-services-on-ongoing-reports-of-substandard-housing-conditions-and-services
326714,David Hale,Under Secretary of State for Political Affairs,United States Department of State,https://www.foreign.senate.gov/hearings/the-future-of-us-policy-towards-russia-11-20-19
326714,Christopher A. Ford,Assistant Secretary for International Security and Nonproliferation,U.S. Department of State,https://www.foreign.senate.gov/hearings/the-future-of-us-policy-towards-russia-11-20-19
326761,Barton Beebe,John M. Desmarais Professor of Intellectual Property Law,New York University School of Law,https://www.judiciary.senate.gov/committee-activity/hearings/fraudulent-trademarks-how-they-undermine-the-trademark-system-and-harm-american-consumers-and-businesses
326761,Douglas A. Rettew,Partner,"Finnegan, Henderson, Farabow, Garrett & Dunner, LLP",https://www.judiciary.senate.gov/committee-activity/hearings/fraudulent-trademarks-how-they-undermine-the-trademark-system-and-harm-american-consumers-and-businesses
326761,Megan K. Bannigan,Of Counsel,Debevoise & Plimpton,https://www.judiciary.senate.gov/committee-activity/hearings/fraudulent-trademarks-how-they-undermine-the-trademark-system-and-harm-american-consumers-and-businesses
326761,Thomas Williams,Lecturing Fellow,Duke Law School,https://www.judiciary.senate.gov/committee-activity/hearings/fraudulent-trademarks-how-they-undermine-the-trademark-system-and-harm-american-consumers-and-businesses
326761,Stephen Lee,Chief Intellectual Property Counsel,Target Corporation,https://www.judiciary.senate.gov/committee-activity/hearings/fraudulent-trademarks-how-they-undermine-the-trademark-system-and-harm-american-consumers-and-businesses
326681,Michael J. Colston,"Director for Mental Health Programs, Health Services Policy and Oversight Office, Department of Defense",,https://www.armed-services.senate.gov/hearings/19-12-04-servicemember-family-and-veteran-suicides-and-prevention-strategies
326681,Karin A. Orvis,"Director, Defense Suicide Prevention Office, Office of the Secretary of Defense, Department of Defense",,https://www.armed-services.senate.gov/hearings/19-12-04-servicemember-family-and-veteran-suicides-and-prevention-strategies
326681,Matthew A. Miller,"Acting Director, Suicide Prevention Program, Department of Veterans Affairs",,https://www.armed-services.senate.gov/hearings/19-12-04-servicemember-family-and-veteran-suicides-and-prevention-strategies
326681,Richard McKeon,"Suicide Prevention Branch Chief, Center for Mental Health Services, Substance Abuse and Mental Health Services Administration, Department of Health and Human Services",,https://www.armed-services.senate.gov/hearings/19-12-04-servicemember-family-and-veteran-suicides-and-prevention-strategies
326681,Ronald C. Kessler,"McNeil Family Professor of Health Care Policy, Department of Health Care Policy, Harvard Medical School",,https://www.armed-services.senate.gov/hearings/19-12-04-servicemember-family-and-veteran-suicides-and-prevention-strategies
326710,James F. Geurts,"Assistant Secretary of the Navy for Research, Development, and Acquisition",,https://www.armed-services.senate.gov/hearings/19-12-04-united-states-navy-ship-and-submarine-maintenance
326710,Thomas J. Moore,"Commander, Naval Sea Systems Command",,https://www.armed-services.senate.gov/hearings/19-12-04-united-states-navy-ship-and-submarine-maintenance
326710,Diana C. Maurer,"Director, Defense Capabilities and Management, U.S. Government Accountability Office",,https://www.armed-services.senate.gov/hearings/19-12-04-united-states-navy-ship-and-submarine-maintenance
326802,Sean Cairncross,Chief Executive Officer,Millennium Challenge Corporation,https://www.foreign.senate.gov/hearings/oversight-of-the-millennium-challenge-corporation
326803,Joey Hood,"Principal Deputy Assistant Secretary, Bureau of Near Eastern Affairs",U.S. Department of State,https://www.foreign.senate.gov/hearings/lebanon-and-iraq-protests-insights-implications-and-objectives-for-us-policy
326763,John C. Rood,Under Secretary of Defense for Policy,,https://www.armed-services.senate.gov/hearings/19-12-05-strategic-threats-ongoing-challenges-and-national-defense-strategy-implementation
326763,David W. Allvin,"Director for Strategy, Plans and Policy, Joint Staff",,https://www.armed-services.senate.gov/hearings/19-12-05-strategic-threats-ongoing-challenges-and-national-defense-strategy-implementation
326800,Carrie Filipetti,"Deputy Assistant Secretary, Bureau of Western Hemisphere Affairs",U.S. Department of State,https://www.foreign.senate.gov/hearings/illicit-mining-threats-to-us-national-security-and-international-human-rights
326800,Richard H. Glenn,"Deputy Assistant Secretary, Bureau of International Narcotics and Law Enforcement Affairs",U.S. Department of State,https://www.foreign.senate.gov/hearings/illicit-mining-threats-to-us-national-security-and-international-human-rights
326800,Jeffrey Haeni,"Acting Deputy Assistant Administrator, Bureau for Economic Growth, Education and Environment",U.S. Agency for International Development,https://www.foreign.senate.gov/hearings/illicit-mining-threats-to-us-national-security-and-international-human-rights
326800,Patrick J. Lechleitner,Assistant Director for International Operations and Homeland Security Investigations,U.S. Immigration and Customs Enforcement,https://www.foreign.senate.gov/hearings/illicit-mining-threats-to-us-national-security-and-international-human-rights
326800,Regina Thompson,"Deputy Assistant Director, Criminal Investigative Division",Federal Bureau of Investigation,https://www.foreign.senate.gov/hearings/illicit-mining-threats-to-us-national-security-and-international-human-rights
326805,Carla Hayden,Librarian of Congress,Library of Congress,https://www.judiciary.senate.gov/committee-activity/hearings/oversight-of-modernization-of-the-united-states-copyright-office
326805,Jody Harry,Chief Financial Officer Acting Chief Operating Officer,United States Copyright Office,https://www.judiciary.senate.gov/committee-activity/hearings/oversight-of-modernization-of-the-united-states-copyright-office
326805,Bernard Barton,Chief Information Officer,Library of Congress,https://www.judiciary.senate.gov/committee-activity/hearings/oversight-of-modernization-of-the-united-states-copyright-office
326807,Cyrus R. Vance Jr.,District Attorney,New York County,https://www.judiciary.senate.gov/committee-activity/hearings/encryption-and-lawful-access-evaluating-benefits-and-risks-to-public-safety-and-privacy
326807,Matt Tait,Cyber Security Fellow Lyndon B. Johnson School of Public Affairs,The University of Texas at Austin,https://www.judiciary.senate.gov/committee-activity/hearings/encryption-and-lawful-access-evaluating-benefits-and-risks-to-public-safety-and-privacy
326807,Erik Neuenschwander,Manager of User Privacy,"Apple, Inc.",https://www.judiciary.senate.gov/committee-activity/hearings/encryption-and-lawful-access-evaluating-benefits-and-risks-to-public-safety-and-privacy
326807,Jay Sullivan,Product Management Director for Privacy and Integrity in Messenger,"Facebook, Inc.",https://www.judiciary.senate.gov/committee-activity/hearings/encryption-and-lawful-access-evaluating-benefits-and-risks-to-public-safety-and-privacy
326717,Michael Horowitz,"Inspector General U.S. Department of Justice Washington, DC",,https://www.judiciary.senate.gov/committee-activity/hearings/examining-the-inspector-generals-report-on-alleged-abuses-of-the-foreign-intelligence-surveillance-act
326828,Kemp Chester,Assistant Director of the National Opioids and Synthetics Coordination Group,Office of National Drug Control Policy,https://www.judiciary.senate.gov/committee-activity/hearings/12/17/2019/tackling-the-opioid-crisis-a-whole-of-government-approach
326828,Amanda Liskamm,"Director of Opioid Enforcement and Prevention Efforts, Office of the Deputy Attorney General",U.S. Department of Justice,https://www.judiciary.senate.gov/committee-activity/hearings/12/17/2019/tackling-the-opioid-crisis-a-whole-of-government-approach
326828,William T. McDermott,Assistant Administrator Diversion Control Division,Drug Enforcement Administration,https://www.judiciary.senate.gov/committee-activity/hearings/12/17/2019/tackling-the-opioid-crisis-a-whole-of-government-approach
326828,Neeraj Gandotra,Chief Medical Officer,Substance Abuse And Mental Health Services Administration Department of Health and Human Services,https://www.judiciary.senate.gov/committee-activity/hearings/12/17/2019/tackling-the-opioid-crisis-a-whole-of-government-approach
326828,Bradley D. Stein,Senior Physician Policy Researcher,RAND Corporation,https://www.judiciary.senate.gov/committee-activity/hearings/12/17/2019/tackling-the-opioid-crisis-a-whole-of-government-approach
326828,Patrick M. Kelly,Executive Vice President Government Affairs,Healthcare Distribution Alliance,https://www.judiciary.senate.gov/committee-activity/hearings/12/17/2019/tackling-the-opioid-crisis-a-whole-of-government-approach
326828,Ronna B. Hauser,Vice President,Policy and Regulatory Affairs National Community Pharmacists Association,https://www.judiciary.senate.gov/committee-activity/hearings/12/17/2019/tackling-the-opioid-crisis-a-whole-of-government-approach
326828,Sue Thau,Public Policy Consultant,Community Anti-Drug Coalitions of America,https://www.judiciary.senate.gov/committee-activity/hearings/12/17/2019/tackling-the-opioid-crisis-a-whole-of-government-approach
327041,Hillery Head,Lost Loved One to Pancreatic Cancer,,https://www.aging.senate.gov/hearings/pancreatic-cancer-fighting-the-worlds-toughest-cancer-in-alabama-and-nationally
327041,Lynette F. Nall,Lost Loved One to Pancreatic Cancer,,https://www.aging.senate.gov/hearings/pancreatic-cancer-fighting-the-worlds-toughest-cancer-in-alabama-and-nationally
327041,Steve Cook,"PanCAN Advocate, Lost Loved One to Pancreatic Cancer",,https://www.aging.senate.gov/hearings/pancreatic-cancer-fighting-the-worlds-toughest-cancer-in-alabama-and-nationally
327041,J. Bart Rose,"Director, Pancreatobiliary Disease Center",University of Alabama at Birmingham,https://www.aging.senate.gov/hearings/pancreatic-cancer-fighting-the-worlds-toughest-cancer-in-alabama-and-nationally
327044,Stephen J. Townsend,"Commander, United States Africa Command",,https://www.armed-services.senate.gov/hearings/20-01-30-united-states-africa-command-and-united-states-southern-command
327044,Craig S. Faller,"Commander, United States Southern Command",,https://www.armed-services.senate.gov/hearings/20-01-30-united-states-africa-command-and-united-states-southern-command
327004,John M. Keane,"Chairman, Institute for the Study of War, Former Vice Chief of Staff, U.S. Army",NO ELECTRONIC TESTIMONY SUBMITTED.,https://www.armed-services.senate.gov/hearings/20-02-11-united-states-strategy-in-afghanistan
327004,Colin F. Jackson,"Professor, Strategy and Policy Department, United States Naval War College, Former Deputy Assistant Secretary of Defense for Afghanistan, Pakistan, and Central Asia",,https://www.armed-services.senate.gov/hearings/20-02-11-united-states-strategy-in-afghanistan
327004,Kimberly C. Field,"Executive Director, Albritton Center for Grand Strategy, Bush School of Government and Public Service, Former Senior Advisor to the Commander, Operation Resolute Support",NO ELECTRONIC TESTIMONY SUBMITTED.,https://www.armed-services.senate.gov/hearings/20-02-11-united-states-strategy-in-afghanistan
327105,Edward J. Damich,Senior Judge,United States Court of Federal Claims,https://www.judiciary.senate.gov/committee-activity/hearings/the-digital-millennium-copyright-act-at-22-what-is-it-why-it-was-enacted-and-where-are-we-now
327105,Jonathan Band,Owner,Jonathan Band PLLC,https://www.judiciary.senate.gov/committee-activity/hearings/the-digital-millennium-copyright-act-at-22-what-is-it-why-it-was-enacted-and-where-are-we-now
327105,Robert S. Schwartz,Partner,Constantine Cannon,https://www.judiciary.senate.gov/committee-activity/hearings/the-digital-millennium-copyright-act-at-22-what-is-it-why-it-was-enacted-and-where-are-we-now
327105,Steve Metalitz,Partner,"Mitchell, Silberberg & Knupp LLP",https://www.judiciary.senate.gov/committee-activity/hearings/the-digital-millennium-copyright-act-at-22-what-is-it-why-it-was-enacted-and-where-are-we-now
327105,Sandra Aistars,"Clinical Professor Senior Scholar and Director Copyright Research & Policy, Center for the Protection of IP","Antonin Scalia Law School, George Mason University Senior Scholar and Director Copyright Research & Policy, Center for the Protection of IP",https://www.judiciary.senate.gov/committee-activity/hearings/the-digital-millennium-copyright-act-at-22-what-is-it-why-it-was-enacted-and-where-are-we-now
327105,Rebecca Tushnet,Frank Stanton Professor of the First Amendment,Harvard Law School,https://www.judiciary.senate.gov/committee-activity/hearings/the-digital-millennium-copyright-act-at-22-what-is-it-why-it-was-enacted-and-where-are-we-now
327105,Jessica Litman,John F. Nickoll Professor of Law,University of Michigan Law School,https://www.judiciary.senate.gov/committee-activity/hearings/the-digital-millennium-copyright-act-at-22-what-is-it-why-it-was-enacted-and-where-are-we-now
327105,Mark F. Schultz,"Goodyear Tire & Rubber Company Chair in Intellectual Property Law Director, Intellectual Property and Technology Law Program",University of Akron School of Law,https://www.judiciary.senate.gov/committee-activity/hearings/the-digital-millennium-copyright-act-at-22-what-is-it-why-it-was-enacted-and-where-are-we-now
327106,Robin Pierucci,"Clinical Neonatologist, Neonatal Intensive Care Unit Director",,https://www.judiciary.senate.gov/committee-activity/hearings/the-infant-patient-ensuring-appropriate-medical-care-for-children-born-alive
327106,Fatima Goss Graves,President and CEO,National Women’s Law Center,https://www.judiciary.senate.gov/committee-activity/hearings/the-infant-patient-ensuring-appropriate-medical-care-for-children-born-alive
327106,Patrina Mosley,"Director of Life, Culture and Women’s Advocacy",Family Research Council,https://www.judiciary.senate.gov/committee-activity/hearings/the-infant-patient-ensuring-appropriate-medical-care-for-children-born-alive
327106,Erika Christensen,Patient Advocate,,https://www.judiciary.senate.gov/committee-activity/hearings/the-infant-patient-ensuring-appropriate-medical-care-for-children-born-alive
327106,Jill Stanek,National Campaign Chair,Susan B. Anthony List,https://www.judiciary.senate.gov/committee-activity/hearings/the-infant-patient-ensuring-appropriate-medical-care-for-children-born-alive
327110,Steven Mnuchin,Secretary of the Treasury,United States Department of the Treasury,https://www.finance.senate.gov/hearings/the-presidents-fiscal-year-2021-budget
327120,Andrew Saul,Commissioner,Social Security Administration,https://www.aging.senate.gov/hearings/thats-not-the-government-calling-protecting-seniors-from-the-social-security-impersonation-scam
327120,Gail S. Ennis,Inspector General,Social Security Administration,https://www.aging.senate.gov/hearings/thats-not-the-government-calling-protecting-seniors-from-the-social-security-impersonation-scam
327120,Machel Andersen,Victim of the Social Security Impersonation Scam,,https://www.aging.senate.gov/hearings/thats-not-the-government-calling-protecting-seniors-from-the-social-security-impersonation-scam
327120,Justin Groshon,Manager,Saco Social Security Office (appearing on behalf of the National Council of Social Security Management Associations),https://www.aging.senate.gov/hearings/thats-not-the-government-calling-protecting-seniors-from-the-social-security-impersonation-scam
327120,Nora Dowd Eisenhower,Executive Director,Mayor’s Commission on Aging,https://www.aging.senate.gov/hearings/thats-not-the-government-calling-protecting-seniors-from-the-social-security-impersonation-scam
327202,Tod D. Wolters,"Commander, United States European Command / North Atlantic Treaty Organization Supreme Allied Commander Europe",,https://www.armed-services.senate.gov/hearings/20-02-25-united-states-european-command-and-united-states-transportation-command
327202,Stephen R. Lyons,"Commander, United States Transportation Command",,https://www.armed-services.senate.gov/hearings/20-02-25-united-states-european-command-and-united-states-transportation-command
327248,Barbara M. Barrett,Secretary of the Air Force,,https://www.armed-services.senate.gov/hearings/20-03-03-posture-of-the-department-of-the-air-force
327248,David L. Goldfein,Chief of Staff of the Air Force,,https://www.armed-services.senate.gov/hearings/20-03-03-posture-of-the-department-of-the-air-force
327250,James H. Anderson,Performing the Duties of Deputy Under Secretary of Defense for Policy,,https://www.armed-services.senate.gov/hearings/20-03-03-us-policy-and-posture-in-support-of-arctic-readiness
327250,Terrence J. O’Shaughnessy,"Commander, United States Northern Command and North American Aerospace Defense Command",,https://www.armed-services.senate.gov/hearings/20-03-03-us-policy-and-posture-in-support-of-arctic-readiness
327254,David Pekoske,Administrator,Transportation Security Administration,https://www.appropriations.senate.gov/hearings/review-of-the-fy2021-budget-request-for-tsa
327141,James F. Geurts,"Assistant Secretary of the Navy for Research, Development, and Acquisition",,https://www.armed-services.senate.gov/hearings/20-03-04-navy-shipbuilding-programs-
327141,Eric M. Smith,"Commanding General, Marine Corps Combat Development Command, Deputy Commandant for Combat Development and Integration",,https://www.armed-services.senate.gov/hearings/20-03-04-navy-shipbuilding-programs-
327141,James W. Kilby,Deputy Chief of Naval Operations for Warfighting Requirements and Capabilities,,https://www.armed-services.senate.gov/hearings/20-03-04-navy-shipbuilding-programs-
327253,John Peter Cronan,to be United States District Judge for the Southern District of New York,To be introduced by:,https://www.judiciary.senate.gov/committee-activity/hearings/03/04/2020/nominations
327253,Thomas T. Cullen,to be United States District Judge for the Western District of Virginia,"To be introduced by:, Senator Mark R. Warner United States Senate",https://www.judiciary.senate.gov/committee-activity/hearings/03/04/2020/nominations
327253,Jennifer P. Togliatti,to be United States District Judge for the District of Nevada,"To be introduced by:, Senator Catherine Cortez Masto United States Senate",https://www.judiciary.senate.gov/committee-activity/hearings/03/04/2020/nominations
327256,Joseph L. Lengyel,Chief of the National Guard Bureau,,https://www.appropriations.senate.gov/hearings/review-of-the-fy2021-budget-request-for-the-national-guard-and-reserve
327256,Charles D. Luckey,Chief of the Army Reserve,,https://www.appropriations.senate.gov/hearings/review-of-the-fy2021-budget-request-for-the-national-guard-and-reserve
327256,Richard W. Scobee,Chief of the Air Force Reserve,,https://www.appropriations.senate.gov/hearings/review-of-the-fy2021-budget-request-for-the-national-guard-and-reserve
327256,Luke M. McCollum,Chief of the Navy Reserve,,https://www.appropriations.senate.gov/hearings/review-of-the-fy2021-budget-request-for-the-national-guard-and-reserve
327256,David G. Bellon,Commander,Marine Corps Forces Reserve,https://www.appropriations.senate.gov/hearings/review-of-the-fy2021-budget-request-for-the-national-guard-and-reserve
327257,Mark T. Esper,Secretary of Defense,,https://www.armed-services.senate.gov/hearings/20-03-04-department-of-defense-budget-posture-
327257,Mark A. Milley,Chairman of the Joint Chiefs of Staff,,https://www.armed-services.senate.gov/hearings/20-03-04-department-of-defense-budget-posture-
327258,Clyde Wallace,Deputy Assistant Director,Cyber Operations Branch Federal Bureau of Investigation,https://www.judiciary.senate.gov/committee-activity/hearings/dangerous-partners-big-tech-and-beijing
327258,Bryan Ware,Assistant Director for Cybersecurity,Cybersecurity and Infrastructure Security Agency Department of Homeland Security,https://www.judiciary.senate.gov/committee-activity/hearings/dangerous-partners-big-tech-and-beijing
327258,Adam Hickey,Deputy Assistant Attorney General,National Security Division Department of Justice,https://www.judiciary.senate.gov/committee-activity/hearings/dangerous-partners-big-tech-and-beijing
327258,Derek Scissors,Resident Scholar,American Enterprise Institute,https://www.judiciary.senate.gov/committee-activity/hearings/dangerous-partners-big-tech-and-beijing
327258,Samm Sacks,"Senior Fellow, Yale Law School Paul Tsai China Center","Cybersecurity Policy Fellow, New America",https://www.judiciary.senate.gov/committee-activity/hearings/dangerous-partners-big-tech-and-beijing
327140,Thomas B. Modly,Acting Secretary of the Navy,,https://www.armed-services.senate.gov/hearings/20-03-05-posture-of-the-navy-
327140,Michael M. Gilday,Chief of Naval Operations,,https://www.armed-services.senate.gov/hearings/20-03-05-posture-of-the-navy-
327140,David H. Berger,Commandant of the Marine Corps,,https://www.armed-services.senate.gov/hearings/20-03-05-posture-of-the-navy-
327281,Lea Gabrielle,Special Envoy and Coordinator of the Global Engagement Center,US Department of State,https://www.foreign.senate.gov/hearings/the-global-engagement-center-leading-the-united-states-governments-fight-against-global-disinformation-threat
327281,Daniel Blumenthal,Director of Asian Studies and Resident Fellow,American Enterprise Institute,https://www.foreign.senate.gov/hearings/the-global-engagement-center-leading-the-united-states-governments-fight-against-global-disinformation-threat
327281,Alina Polyakova,President and CEO,Center for European Policy Analysis,https://www.foreign.senate.gov/hearings/the-global-engagement-center-leading-the-united-states-governments-fight-against-global-disinformation-threat
327265,Justin Hughes,"Hon. William Matthew Byrne, Jr. Chair Professor of Law",Loyola Marymount University Law School,https://www.judiciary.senate.gov/committee-activity/hearings/copyright-law-in-foreign-jurisdictions-how-are-other-countries-handling-digital-piracy
327265,Pamela Samuelson,"Richard M. Sherman Distinguished Professor of Law, Co-Director, Berkeley Center for Law and Technology",University of California Berkeley School of Law,https://www.judiciary.senate.gov/committee-activity/hearings/copyright-law-in-foreign-jurisdictions-how-are-other-countries-handling-digital-piracy
327265,Michael D. Smith,J. Erik Jonsson Professor of Information Technology and Marketing,Carnegie Mellon University H. John Heinz III College,https://www.judiciary.senate.gov/committee-activity/hearings/copyright-law-in-foreign-jurisdictions-how-are-other-countries-handling-digital-piracy
327265,Daphne Keller,"Director, Program on Platform Regulation",Stanford Law School Cyber Policy Center,https://www.judiciary.senate.gov/committee-activity/hearings/copyright-law-in-foreign-jurisdictions-how-are-other-countries-handling-digital-piracy
327265,Stan McCoy,"President and Managing Director, Europe, the Middle East, and Africa",Motion Picture Association,https://www.judiciary.senate.gov/committee-activity/hearings/copyright-law-in-foreign-jurisdictions-how-are-other-countries-handling-digital-piracy
327265,Julia Reda,"Former Member of the European Parliament & Fellow, Berkman Klein Center for Internet & Society",Harvard University,https://www.judiciary.senate.gov/committee-activity/hearings/copyright-law-in-foreign-jurisdictions-how-are-other-countries-handling-digital-piracy
327265,Jonathan Yunger,Co-President,Millennium Films,https://www.judiciary.senate.gov/committee-activity/hearings/copyright-law-in-foreign-jurisdictions-how-are-other-countries-handling-digital-piracy
327265,Matt Schruers,President,Computer & Communications Industry Association (CCIA),https://www.judiciary.senate.gov/committee-activity/hearings/copyright-law-in-foreign-jurisdictions-how-are-other-countries-handling-digital-piracy
327282,Gene Kimmelman,Senior Advisor,Public Knowledge,https://www.judiciary.senate.gov/committee-activity/hearings/competition-in-digital-technology-markets-examining-self-preferencing-by-digital-platforms
327282,Sally Hubbard,Director of Enforcement Strategy,Open Markets Institute,https://www.judiciary.senate.gov/committee-activity/hearings/competition-in-digital-technology-markets-examining-self-preferencing-by-digital-platforms
327282,Thomas Hazlett,H.H. Macaulay Endowed Professor of Economics,Clemson University,https://www.judiciary.senate.gov/committee-activity/hearings/competition-in-digital-technology-markets-examining-self-preferencing-by-digital-platforms
327282,Morgan Reed,President,ACT | The App Association,https://www.judiciary.senate.gov/committee-activity/hearings/competition-in-digital-technology-markets-examining-self-preferencing-by-digital-platforms
327282,Luther Lowe,"Senior Vice President, Public Policy",Yelp Inc.,https://www.judiciary.senate.gov/committee-activity/hearings/competition-in-digital-technology-markets-examining-self-preferencing-by-digital-platforms
327284,Mark Green,Administrator,U.S. Agency for International Development,https://www.appropriations.senate.gov/hearings/review-of-the-fragility-in-the-sahel
327284,David Hale,Under Secretary of State for Political Affairs,U.S. Department of State,https://www.appropriations.senate.gov/hearings/review-of-the-fragility-in-the-sahel
327288,Ajit Pai,Chairman,Federal Communications Commission,https://www.appropriations.senate.gov/hearings/review-of-the-fy2021-budget-request-for-the-fcc
327288,Jessica Rosenworcel,Commissioner,Federal Communications Commission,https://www.appropriations.senate.gov/hearings/review-of-the-fy2021-budget-request-for-the-fcc
327288,Geoffrey Starks,Commissioner,Federal Communications Commission,https://www.appropriations.senate.gov/hearings/review-of-the-fy2021-budget-request-for-the-fcc
327288,Brendan Carr,Commissioner,Federal Communications Commission,https://www.appropriations.senate.gov/hearings/review-of-the-fy2021-budget-request-for-the-fcc
327285,Gene Dodaro,Comptroller General,Government Accountability Office,https://www.appropriations.senate.gov/hearings/review-of-the-fy2021-budget-requests-for-gao-and-cbo
327285,Phillip Swagel,Director,Congressional Budget Office,https://www.appropriations.senate.gov/hearings/review-of-the-fy2021-budget-requests-for-gao-and-cbo
327291,James F. Geurts,"Assistant Secretary of the Navy for Research, Development, and Acquisition",,https://www.armed-services.senate.gov/hearings/20-03-11-marine-corps-ground-modernization-
327291,Eric M. Smith,"Commanding General, Marine Corps Combat Development Command; Deputy Commandant for Combat Development and Integration",,https://www.armed-services.senate.gov/hearings/20-03-11-marine-corps-ground-modernization-
327292,Thomas B. Modly,Acting Secretary of the Navy,,https://www.appropriations.senate.gov/hearings/review-of-the-fy2021-budget-request-for-the-navy-and-marine-corps
327292,Mike Gilday,Chief of Naval Operations,,https://www.appropriations.senate.gov/hearings/review-of-the-fy2021-budget-request-for-the-navy-and-marine-corps
327292,David H. Berger,Commandant of the U.S. Marine Corps,,https://www.appropriations.senate.gov/hearings/review-of-the-fy2021-budget-request-for-the-navy-and-marine-corps
327296,John Shehan,"Vice President, Exploited Children Division",National Center for Missing & Exploited Children,https://www.judiciary.senate.gov/committee-activity/hearings/the-earn-it-act-holding-the-tech-industry-accountable-in-the-fight-against-online-child-sexual-exploitation
327296,Jared Sine,Chief Legal Officer & Secretary,Match Group,https://www.judiciary.senate.gov/committee-activity/hearings/the-earn-it-act-holding-the-tech-industry-accountable-in-the-fight-against-online-child-sexual-exploitation
327296,Mary G. Leary,Professor of Law,The Catholic University of America Columbus School of Law,https://www.judiciary.senate.gov/committee-activity/hearings/the-earn-it-act-holding-the-tech-industry-accountable-in-the-fight-against-online-child-sexual-exploitation
327296,Elizabeth Banker,Deputy General Counsel,Internet Association,https://www.judiciary.senate.gov/committee-activity/hearings/the-earn-it-act-holding-the-tech-industry-accountable-in-the-fight-against-online-child-sexual-exploitation
327300,Antony J. Blinken,Secretary of State,U.S. Department of State,https://www.foreign.senate.gov/hearings/opportunities-and-challenges-for-the-united-states-around-the-world-031121
327302,R.D. James,Assistant Secretary of the Army for Civil Works,,https://www.appropriations.senate.gov/hearings/review-of-the-fy2021-budget-request-for-us-army-corps-of-engineers-and-bureau-of-reclamation-within-dept-of-interior
327302,Todd T. Semonite,Commanding General and Chief of Engineers,U.S. Army Corps of Engineers,https://www.appropriations.senate.gov/hearings/review-of-the-fy2021-budget-request-for-us-army-corps-of-engineers-and-bureau-of-reclamation-within-dept-of-interior
327302,Brenda Burman,Commissioner for the Bureau of Reclamation,U.S. Department of the Interior,https://www.appropriations.senate.gov/hearings/review-of-the-fy2021-budget-request-for-us-army-corps-of-engineers-and-bureau-of-reclamation-within-dept-of-interior
327302,Timothy R. Petty,Assistant Secretary for Water and Science,U.S. Department of the Interior,https://www.appropriations.senate.gov/hearings/review-of-the-fy2021-budget-request-for-us-army-corps-of-engineers-and-bureau-of-reclamation-within-dept-of-interior
327343,Ryan D. McCarthy,Secretary of the Army,,https://www.armed-services.senate.gov/hearings/20-03-26-posture-of-the-department-of-the-army-
327343,James C. McConville,Chief of Staff of the Army,,https://www.armed-services.senate.gov/hearings/20-03-26-posture-of-the-department-of-the-army-
327404,Dana S. Deasy,"Chief Information Officer, Department of Defense",,https://www.armed-services.senate.gov/hearings/20-05-06-department-of-defense-spectrum-policy-and-the-impact-of-the-federal-communications-commissions-ligado-decision-on-national-security
327404,Michael D. Griffin,Under Secretary of Defense for Research and Engineering,,https://www.armed-services.senate.gov/hearings/20-05-06-department-of-defense-spectrum-policy-and-the-impact-of-the-federal-communications-commissions-ligado-decision-on-national-security
327404,Thad W. Allen,,,https://www.armed-services.senate.gov/hearings/20-05-06-department-of-defense-spectrum-policy-and-the-impact-of-the-federal-communications-commissions-ligado-decision-on-national-security
327404,John W. Raymond,"Chief of Space Operations, United States Space Force, and Commander, U.S. Space Command",,https://www.armed-services.senate.gov/hearings/20-05-06-department-of-defense-spectrum-policy-and-the-impact-of-the-federal-communications-commissions-ligado-decision-on-national-security
327413,Kevin Smartt,Chief Executive Officer,Kwik Chek Convenience Stores,https://www.judiciary.senate.gov/committee-activity/hearings/examining-liability-during-the-covid-19-pandemic
327413,Anthony “Marc” Perrone,International President,United Food and Commercial Workers International Union,https://www.judiciary.senate.gov/committee-activity/hearings/examining-liability-during-the-covid-19-pandemic
327413,Rebecca Dixon,Executive Director,National Employment Law Project,https://www.judiciary.senate.gov/committee-activity/hearings/examining-liability-during-the-covid-19-pandemic
327413,Leroy Tyner Jr.,General Counsel,Texas Christian University,https://www.judiciary.senate.gov/committee-activity/hearings/examining-liability-during-the-covid-19-pandemic
327413,David Vladeck,A.B. Chettle Chair in Civil Procedure,Georgetown University Law Center,https://www.judiciary.senate.gov/committee-activity/hearings/examining-liability-during-the-covid-19-pandemic
327413,Helen Hill,Chief Executive Officer,Explore Charleston,https://www.judiciary.senate.gov/committee-activity/hearings/examining-liability-during-the-covid-19-pandemic
327447,LeighAnn Howard,Director,"Home Health and Specialty Programs, Northern Light Home Care & Hospice",https://www.aging.senate.gov/hearings/theres-no-place-like-home-home-health-care-in-rural-america
327447,William Dombi,President,National Association for Home Care & Hospice,https://www.aging.senate.gov/hearings/theres-no-place-like-home-home-health-care-in-rural-america
327447,Warren Hebert,Assistant Professor & CEO,Loyola University and Home Health Care Association of Louisiana,https://www.aging.senate.gov/hearings/theres-no-place-like-home-home-health-care-in-rural-america
327447,Francis Adams,Home Care Worker,,https://www.aging.senate.gov/hearings/theres-no-place-like-home-home-health-care-in-rural-america
327528,Michael Carvajal,Director,Federal Bureau of Prisons,https://www.judiciary.senate.gov/committee-activity/hearings/examining-best-practices-for-incarceration-and-detention-during-covid-19
327528,Jeffry D. Allen,Medical Director,Federal Bureau of Prisons,https://www.judiciary.senate.gov/committee-activity/hearings/examining-best-practices-for-incarceration-and-detention-during-covid-19
327528,Henry Lucero,Executive Associate Director Enforcement and Removal Operation,U.S. Immigration and Customs Enforcement Department of Homeland Security,https://www.judiciary.senate.gov/committee-activity/hearings/examining-best-practices-for-incarceration-and-detention-during-covid-19
327528,Ada Rivera,Deputy Assistant Director for Clinical Services U.S. Immigration and Customs Enforcement,Health Services Corps Department of Homeland Security,https://www.judiciary.senate.gov/committee-activity/hearings/examining-best-practices-for-incarceration-and-detention-during-covid-19
327528,Bryan P. Stirling,Director,South Carolina Department of Corrections,https://www.judiciary.senate.gov/committee-activity/hearings/examining-best-practices-for-incarceration-and-detention-during-covid-19
327528,Scott Allen,Professor Emeritus of Medicine,University of California Riverside,https://www.judiciary.senate.gov/committee-activity/hearings/examining-best-practices-for-incarceration-and-detention-during-covid-19
327529,Don Henley,Musician and Songwriter,,https://www.judiciary.senate.gov/committee-activity/hearings/is-the-dmcas-notice-and-takedown-system-working-in-the-21st-century
327529,Jonathan Berroya,Interim President and CEO,Internet Association,https://www.judiciary.senate.gov/committee-activity/hearings/is-the-dmcas-notice-and-takedown-system-working-in-the-21st-century
327529,Douglas Preston,President,The Authors Guild,https://www.judiciary.senate.gov/committee-activity/hearings/is-the-dmcas-notice-and-takedown-system-working-in-the-21st-century
327529,David Hansen,Associate University Librarian and Lead Copyright & Information Policy Officer,Duke University,https://www.judiciary.senate.gov/committee-activity/hearings/is-the-dmcas-notice-and-takedown-system-working-in-the-21st-century
327529,Abigail Rives,IP Counsel,Engine,https://www.judiciary.senate.gov/committee-activity/hearings/is-the-dmcas-notice-and-takedown-system-working-in-the-21st-century
327529,Kerry Muzzey,Independent Classical & Film Composer,Kirbyko Music LLC,https://www.judiciary.senate.gov/committee-activity/hearings/is-the-dmcas-notice-and-takedown-system-working-in-the-21st-century
327529,Meredith Rose,Policy Counsel,Public Knowledge,https://www.judiciary.senate.gov/committee-activity/hearings/is-the-dmcas-notice-and-takedown-system-working-in-the-21st-century
327529,Jeff Sedlik,President,Sedlik Photography,https://www.judiciary.senate.gov/committee-activity/hearings/is-the-dmcas-notice-and-takedown-system-working-in-the-21st-century
327532,Judith A. McMeekin,"Associate Commissioner for Regulatory Affairs, Office of Regulatory Affairs",Food and Drug Administration,https://www.finance.senate.gov/hearings/covid-19-and-beyond-oversight-of-the-fdas-foreign-drug-manufacturing-inspection-process
327532,Douglas Throckmorton,"Deputy Director for Regulatory Programs, Center for Drug Evaluation and Research",Food and Drug Administration,https://www.finance.senate.gov/hearings/covid-19-and-beyond-oversight-of-the-fdas-foreign-drug-manufacturing-inspection-process
327532,Mark Abdoo,Associate Commissioner for Global Policy and Strategy,Food and Drug Administration,https://www.finance.senate.gov/hearings/covid-19-and-beyond-oversight-of-the-fdas-foreign-drug-manufacturing-inspection-process
327532,Mary Denigan-Macauley,"Director, Health Care",United States Government Accountability Office,https://www.finance.senate.gov/hearings/covid-19-and-beyond-oversight-of-the-fdas-foreign-drug-manufacturing-inspection-process
327532,Martin VanTrieste,"President & Chief Executive Officer,",CivicaRx,https://www.finance.senate.gov/hearings/covid-19-and-beyond-oversight-of-the-fdas-foreign-drug-manufacturing-inspection-process
327532,David Light,Founder and CEO,Valisure,https://www.finance.senate.gov/hearings/covid-19-and-beyond-oversight-of-the-fdas-foreign-drug-manufacturing-inspection-process
327861,Rod J. Rosenstein,Former Deputy Attorney General,,https://www.judiciary.senate.gov/committee-activity/hearings/oversight-of-the-crossfire-hurricane-investigation-day-1
327573,Mark J. Mulligan,"Director, Division of Infectious Diseases and Immunology, Langone Vaccine Center;","Director, Thomas S. Murphy Sr. Professor, Department of Medicine, New York University Grossman School of Medicine,",https://www.aging.senate.gov/hearings/caring-for-seniors-amid-the-covid-19-crisis
327573,R. Tamara Konetzka,"Professor of Health Services Research, Department of Public Health Sciences,",University of Chicago,https://www.aging.senate.gov/hearings/caring-for-seniors-amid-the-covid-19-crisis
327573,Steven Landers,"President and CEO,",Visiting Nurse Association Health Group,https://www.aging.senate.gov/hearings/caring-for-seniors-amid-the-covid-19-crisis
327581,Phillip Atiba Goff,"Franklin A, Thomas Professor in Policing Equity John Jay College of Criminal Justice",Co-Founder and CEO Center for Policing Equity,https://www.judiciary.senate.gov/committee-activity/hearings/police-use-of-force-and-community-relations
327581,Doug Logan Jr.,President,Professor of Urban Ministry Grimké Seminary,https://www.judiciary.senate.gov/committee-activity/hearings/police-use-of-force-and-community-relations
327581,Melvin Carter,Mayor,City of Saint Paul,https://www.judiciary.senate.gov/committee-activity/hearings/police-use-of-force-and-community-relations
327581,S. Lee Merritt,Attorney,Merritt Law Firm,https://www.judiciary.senate.gov/committee-activity/hearings/police-use-of-force-and-community-relations
327581,Vanita Gupta,President and CEO,The Leadership Conference on Civil & Human Rights,https://www.judiciary.senate.gov/committee-activity/hearings/police-use-of-force-and-community-relations
327581,Erin Nealy Cox,United States Attorney,Northern District of Texas,https://www.judiciary.senate.gov/committee-activity/hearings/police-use-of-force-and-community-relations
327581,Bill Woolf,Senior Advisor for Human Trafficking,"Office of Justice Programs, Department of Justice",https://www.judiciary.senate.gov/committee-activity/hearings/police-use-of-force-and-community-relations
327581,Art Acevedo,"President, Major Cities Chiefs Association","Chief of Police, Houston Police Department",https://www.judiciary.senate.gov/committee-activity/hearings/police-use-of-force-and-community-relations
327581,Patrick Yoes,"National President, Fraternal Order of Police","Captain, St. Charles Parish Sheriff’s Office",https://www.judiciary.senate.gov/committee-activity/hearings/police-use-of-force-and-community-relations
327581,Cerelyn “C.J.” Davis,President National Organization of Black Law Enforcement Executives,"Chief of Police, Durham Police Department",https://www.judiciary.senate.gov/committee-activity/hearings/police-use-of-force-and-community-relations
327581,Steven Casstevens,"President, International Association of Chiefs of Police","Chief of Police, Buffalo Grove Police Department",https://www.judiciary.senate.gov/committee-activity/hearings/police-use-of-force-and-community-relations
327570,John W. Holcomb,,,https://www.judiciary.senate.gov/committee-activity/hearings/06/17/2020/nominations
327570,Brett H. Ludwig,,,https://www.judiciary.senate.gov/committee-activity/hearings/06/17/2020/nominations
327570,R. Shireen Matthews,,,https://www.judiciary.senate.gov/committee-activity/hearings/06/17/2020/nominations
327570,Todd Wallace Robinson,,,https://www.judiciary.senate.gov/committee-activity/hearings/06/17/2020/nominations
327570,Christy Criswell Wiegand,,,https://www.judiciary.senate.gov/committee-activity/hearings/06/17/2020/nominations
327583,Robert E. Lighthizer,United States Trade Representative,Executive Office of the President,https://www.finance.senate.gov/hearings/the-presidents-2020-trade-policy-agenda
327602,Lynn Fitch,Attorney General,State of Mississippi,https://www.judiciary.senate.gov/committee-activity/hearings/the-foreign-sovereign-immunities-act-coronavirus-and-addressing-chinas-culpability
327602,Russell A. Miller,J.B. Stombock Professor of Law,Washington and Lee University School of Law,https://www.judiciary.senate.gov/committee-activity/hearings/the-foreign-sovereign-immunities-act-coronavirus-and-addressing-chinas-culpability
327602,Chimène Keitner,Alfred and Hanna Fromm Professor of International Law,UC Hastings Law San Francisco,https://www.judiciary.senate.gov/committee-activity/hearings/the-foreign-sovereign-immunities-act-coronavirus-and-addressing-chinas-culpability
327608,David W. Dugan,,,https://www.judiciary.senate.gov/committee-activity/hearings/06/24/2020/nominations-1
327608,Hala Y. Jarbou,,,https://www.judiciary.senate.gov/committee-activity/hearings/06/24/2020/nominations-1
327608,Iain D. Johnston,,,https://www.judiciary.senate.gov/committee-activity/hearings/06/24/2020/nominations-1
327608,Stephen P. McGlynn,,,https://www.judiciary.senate.gov/committee-activity/hearings/06/24/2020/nominations-1
327608,Franklin Ulyses Valderrama,,,https://www.judiciary.senate.gov/committee-activity/hearings/06/24/2020/nominations-1
327608,Roderick C. Young,,,https://www.judiciary.senate.gov/committee-activity/hearings/06/24/2020/nominations-1
327620,Charles P. Rettig,Commissioner,Internal Revenue Service,https://www.finance.senate.gov/hearings/2020-filing-season-and-irs-covid-19-recovery
327621,Brian Stacy Miller,United States District Judge,Eastern District of Arkansas,https://www.judiciary.senate.gov/committee-activity/hearings/the-judicial-conferences-recommendation-for-more-judgeships
327621,Christian Adams,President,Federal Bar Association,https://www.judiciary.senate.gov/committee-activity/hearings/the-judicial-conferences-recommendation-for-more-judgeships
327663,Carla Perissinotto,"Associate Chief for Geriatrics Clinical Programs, Associate Professor, School of Medicine,",The University of California,https://www.aging.senate.gov/hearings/combating-social-isolation-and-loneliness-during-the-covid-19-pandemic
327663,Peter Reed,"Director, Sanford Center for Aging;","Professor, Community Health Sciences, School of Medicine, University of Nevada",https://www.aging.senate.gov/hearings/combating-social-isolation-and-loneliness-during-the-covid-19-pandemic
327663,Betsy Sawyer-Manter,"President and CEO,",SeniorsPlus,https://www.aging.senate.gov/hearings/combating-social-isolation-and-loneliness-during-the-covid-19-pandemic
327663,Najja Orr,"President and CEO,","Philadelphia Corporation for Aging,",https://www.aging.senate.gov/hearings/combating-social-isolation-and-loneliness-during-the-covid-19-pandemic
327682,Dan Radakovich,Athletic Director,Clemson University,https://www.judiciary.senate.gov/committee-activity/hearings/protecting-the-integrity-of-college-athletics
327682,Matt Mitten,Executive Director,"National Sports Law Institute, Marquette University Law School",https://www.judiciary.senate.gov/committee-activity/hearings/protecting-the-integrity-of-college-athletics
327682,George Wrighster III,Former Member,National Football League Players Association Board of Representatives,https://www.judiciary.senate.gov/committee-activity/hearings/protecting-the-integrity-of-college-athletics
327682,Mark Emmert,President,National Collegiate Athletic Association,https://www.judiciary.senate.gov/committee-activity/hearings/protecting-the-integrity-of-college-athletics
327682,Ramogi Huma,Executive Director,National College Players Association,https://www.judiciary.senate.gov/committee-activity/hearings/protecting-the-integrity-of-college-athletics
327682,Bill Miller,President and CEO,American Gaming Association,https://www.judiciary.senate.gov/committee-activity/hearings/protecting-the-integrity-of-college-athletics
327682,Heather Lyke,Director of Athletics,University of Pittsburgh,https://www.judiciary.senate.gov/committee-activity/hearings/protecting-the-integrity-of-college-athletics
327687,Stephen E. Biegun,Deputy Secretary of State,U.S. Department of State,https://www.foreign.senate.gov/hearings/advancing-effective-us-competition-with-china-objectives-priorities-and-next-steps
327724,Soraya Correa,Chief Procurement Officer,United States Department of Homeland Security,https://www.finance.senate.gov/hearings/part-1-protecting-the-reliability-of-the-us-medical-supply-chain-during-the-covid-19-pandemic
327724,Thomas F. Overacker,"Cargo and Conveyance Security, Office of Field Operations","United States Customs and Border Protection,",https://www.finance.senate.gov/hearings/part-1-protecting-the-reliability-of-the-us-medical-supply-chain-during-the-covid-19-pandemic
327724,Steve K. Francis,"Assistant Director, Homeland Security Investigations Global Trade Investigations Division, Director, National Intellectual Property Rights Coordination Center","United States Immigration, Customs, and Enforcement",https://www.finance.senate.gov/hearings/part-1-protecting-the-reliability-of-the-us-medical-supply-chain-during-the-covid-19-pandemic
327725,Glen D. VanHerck,"to be general and Commander, United States Northern Command / Commander, North American Aerospace Defense Command",,https://www.armed-services.senate.gov/hearings/20-07-28-nominations_vanherck--dickinson
327725,James H. Dickinson,"to be general and Commander, United States Space Command",,https://www.armed-services.senate.gov/hearings/20-07-28-nominations_vanherck--dickinson
327726,Sherwin Siy,Lead Public Policy Manager,Wikimedia Foundation,https://www.judiciary.senate.gov/committee-activity/hearings/how-does-the-dmca-contemplate-limitations-and-exceptions-like-fair-use
327726,Mickey H. Osterreicher,General Counsel,National Press Photographers Association,https://www.judiciary.senate.gov/committee-activity/hearings/how-does-the-dmca-contemplate-limitations-and-exceptions-like-fair-use
327726,Jane C. Ginsburg,Morton L. Janklow Professor of Literary and Artistic Property Law,Columbia University School of Law,https://www.judiciary.senate.gov/committee-activity/hearings/how-does-the-dmca-contemplate-limitations-and-exceptions-like-fair-use
327726,Christopher Mohr,Vice President for Intellectual Property and General Counsel,Software and Information Industry Association,https://www.judiciary.senate.gov/committee-activity/hearings/how-does-the-dmca-contemplate-limitations-and-exceptions-like-fair-use
327726,Rick Beato,"Songwriter, Producer, Engineer, and Educator",,https://www.judiciary.senate.gov/committee-activity/hearings/how-does-the-dmca-contemplate-limitations-and-exceptions-like-fair-use
327726,Yolanda Adams,GRAMMY Award-winning artist and Recording Academy Trustee,,https://www.judiciary.senate.gov/committee-activity/hearings/how-does-the-dmca-contemplate-limitations-and-exceptions-like-fair-use
327726,Joseph C. Gratz,Partner,Durie Tangri LLP,https://www.judiciary.senate.gov/committee-activity/hearings/how-does-the-dmca-contemplate-limitations-and-exceptions-like-fair-use
327726,Matthew Sanderson,"Co-lead, Political Law Group",Caplin & Drysdale,https://www.judiciary.senate.gov/committee-activity/hearings/how-does-the-dmca-contemplate-limitations-and-exceptions-like-fair-use
327726,Jacqueline Charlesworth,Partner,"Alter, Kendrick & Baron LLP",https://www.judiciary.senate.gov/committee-activity/hearings/how-does-the-dmca-contemplate-limitations-and-exceptions-like-fair-use
327741,J. Philip Calabrese,to be United States District Judge for the Northern District of Ohio,,https://www.judiciary.senate.gov/committee-activity/hearings/07/29/2020/nominations
327741,Aileen Mercedes Cannon,to be United States District Judge for the Southern District of Florida,,https://www.judiciary.senate.gov/committee-activity/hearings/07/29/2020/nominations
327741,Toby Crouse,to be United States District Judge for the District of Kansas,,https://www.judiciary.senate.gov/committee-activity/hearings/07/29/2020/nominations
327741,James Ray Knepp II,to be United States District Judge for the Northern District of Ohio,,https://www.judiciary.senate.gov/committee-activity/hearings/07/29/2020/nominations
327741,Michael Jay Newman,to be United States District Judge for the Southern District of Ohio,,https://www.judiciary.senate.gov/committee-activity/hearings/07/29/2020/nominations
327761,Michael R Pompeo,Secretary of State,U.S. Department of State,https://www.foreign.senate.gov/hearings/review-of-the-fy-2021-state-department-budget-request-073020
327744,Angus S. King Jr.,"Co-Chair, Cyberspace Solarium Commission",,https://www.armed-services.senate.gov/hearings/20-08-04-findings-and-recommendations-of-the-cyberspace-solarium-commission
327744,Michael J. Gallagher,"Co-Chair, Cyberspace Solarium Commission",,https://www.armed-services.senate.gov/hearings/20-08-04-findings-and-recommendations-of-the-cyberspace-solarium-commission
327744,John C. Inglis,"Commissioner, Cyberspace Solarium Commission",,https://www.armed-services.senate.gov/hearings/20-08-04-findings-and-recommendations-of-the-cyberspace-solarium-commission
327760,Ron Wyden,United States Senator,State of Oregon,https://www.judiciary.senate.gov/committee-activity/hearings/the-right-of-the-people-peaceably-to-assemble-protecting-speech-by-stopping-anarchist-violence
327760,Jeff Merkley,United States Senator,State of Oregon,https://www.judiciary.senate.gov/committee-activity/hearings/the-right-of-the-people-peaceably-to-assemble-protecting-speech-by-stopping-anarchist-violence
327760,Erin Nealy Cox,United States Attorney,Northern District of Texas,https://www.judiciary.senate.gov/committee-activity/hearings/the-right-of-the-people-peaceably-to-assemble-protecting-speech-by-stopping-anarchist-violence
327760,Ken Cuccinelli,Senior Official Performing the Duties of the Deputy Secretary,United States Department of Homeland Security,https://www.judiciary.senate.gov/committee-activity/hearings/the-right-of-the-people-peaceably-to-assemble-protecting-speech-by-stopping-anarchist-violence
327760,Andrew Ngo,Editor-at-Large,The Post Millennial,https://www.judiciary.senate.gov/committee-activity/hearings/the-right-of-the-people-peaceably-to-assemble-protecting-speech-by-stopping-anarchist-violence
327760,Michael German,"Fellow, Liberty and National Security Program Brennan Center for Justice","Former Special Agent, Federal Bureau of Investigation",https://www.judiciary.senate.gov/committee-activity/hearings/the-right-of-the-people-peaceably-to-assemble-protecting-speech-by-stopping-anarchist-violence
327760,Jonathan Turley,Shapiro Professor of Public Interest Law,The George Washington University Law School,https://www.judiciary.senate.gov/committee-activity/hearings/the-right-of-the-people-peaceably-to-assemble-protecting-speech-by-stopping-anarchist-violence
327760,Nkenge Harmon Johnson,President and CEO,Portland Urban League,https://www.judiciary.senate.gov/committee-activity/hearings/the-right-of-the-people-peaceably-to-assemble-protecting-speech-by-stopping-anarchist-violence
327760,Kyle Shideler,Director of Homeland Security and Counterterrorism,Center for Security Policy,https://www.judiciary.senate.gov/committee-activity/hearings/the-right-of-the-people-peaceably-to-assemble-protecting-speech-by-stopping-anarchist-violence
327800,Elliott Abrams,Special Representative for Venezuela,U.S. Department of State,https://www.foreign.senate.gov/hearings/venezuela-in-maduros-grasp-assessing-the-deteriorating-security-and-humanitarian-situation
327800,Joshua Hodges,Senior Deputy Assistant Administrator for Latin America and the Caribbean,U.S. Agency for International Development,https://www.foreign.senate.gov/hearings/venezuela-in-maduros-grasp-assessing-the-deteriorating-security-and-humanitarian-situation
328002,Donald Harrison,"President, Global Partnerships and Corporate Development",Google,https://www.judiciary.senate.gov/committee-activity/hearings/stacking-the-tech-has-google-harmed-competition-in-online-advertising
328002,Adam Heimlich,Chief Executive Officer,Chalice Custom Algorithms,https://www.judiciary.senate.gov/committee-activity/hearings/stacking-the-tech-has-google-harmed-competition-in-online-advertising
328002,David Dinielli,"Senior Advisor, Beneficial Technology",Omidyar Network,https://www.judiciary.senate.gov/committee-activity/hearings/stacking-the-tech-has-google-harmed-competition-in-online-advertising
328002,Carl Szabo,Vice President and General Counsel,Netchoice,https://www.judiciary.senate.gov/committee-activity/hearings/stacking-the-tech-has-google-harmed-competition-in-online-advertising
328001,Regan A. Smith,General Counsel and Associate Register of Copyrights,United States Copyright Office,https://www.judiciary.senate.gov/committee-activity/hearings/are-reforms-to-section-1201-needed-and-warranted
328001,Vanessa P. Bailey,"Global Director, Intellectual Property Policy",Intel Corporation,https://www.judiciary.senate.gov/committee-activity/hearings/are-reforms-to-section-1201-needed-and-warranted
328001,Blake E. Reid,Director,Samuelson-Glushko Technology Law & Policy Clinic University of Colorado Law School,https://www.judiciary.senate.gov/committee-activity/hearings/are-reforms-to-section-1201-needed-and-warranted
328001,J. Matthew Williams,Partner,Mitchell Silberberg & Knupp LLP,https://www.judiciary.senate.gov/committee-activity/hearings/are-reforms-to-section-1201-needed-and-warranted
328001,Seth D. Greenstein,Partner,Constantine Cannon LLP,https://www.judiciary.senate.gov/committee-activity/hearings/are-reforms-to-section-1201-needed-and-warranted
328001,Morgan Reed,President,ACT | The App Association,https://www.judiciary.senate.gov/committee-activity/hearings/are-reforms-to-section-1201-needed-and-warranted
328001,Aaron Lowe,"Senior Vice President, Regulatory and Government Affairs",Auto Care Association,https://www.judiciary.senate.gov/committee-activity/hearings/are-reforms-to-section-1201-needed-and-warranted
328017,Robert R. Redfield,Director,Centers for Disease Control and Prevention,https://www.appropriations.senate.gov/hearings/review-of-coronavirus-response-efforts
328017,Bob Kadlec,Assistant Secretary for Preparedness and Response,Department of Health and Human Services,https://www.appropriations.senate.gov/hearings/review-of-coronavirus-response-efforts
328017,Brett Giroir,Assistant Secretary for Health,Department of Health and Human Services,https://www.appropriations.senate.gov/hearings/review-of-coronavirus-response-efforts
327988,Lisa E. Gordon-Hagerty,"Administrator, National Nuclear Security Administration",,https://www.armed-services.senate.gov/hearings/20-09-17-matters-relating-to-the-budget-of-the-national-nuclear-security-administration
327988,Ellen M. Lord,Under Secretary of Defense for Acquisition and Sustainment,,https://www.armed-services.senate.gov/hearings/20-09-17-matters-relating-to-the-budget-of-the-national-nuclear-security-administration
327988,Charles A. Richard,"Commander, United States Strategic Command",,https://www.armed-services.senate.gov/hearings/20-09-17-matters-relating-to-the-budget-of-the-national-nuclear-security-administration
328016,Julie J. Chung,Principal Deputy Assistant Secretary for Western Hemisphere Affairs,U.S. Department of State,https://www.foreign.senate.gov/hearings/advancing-us-engagement-and-countering-china-in-the-indo-pacific-and-beyond
328016,Philip T. Reeker,"Senior Bureau Official, Bureau of European and Eurasian Affairs",U.S. Department of State,https://www.foreign.senate.gov/hearings/advancing-us-engagement-and-countering-china-in-the-indo-pacific-and-beyond
328016,David R. Stilwell,Assistant Secretary for East Asian and Pacific Affairs,U.S. Department of State,https://www.foreign.senate.gov/hearings/advancing-us-engagement-and-countering-china-in-the-indo-pacific-and-beyond
328053,Dominic H. Mack,"Professor of Family Medicine and Director of the National Center for Primary Care,",Morehouse School of Medicine,https://www.aging.senate.gov/hearings/the-covid-19-pandemic-and-seniors-a-look-at-racial-health-disparities
328053,Mercedes Carnethon,Professor of Epidemiology and Vice Chair of the Department of Preventive Medicine,Northwestern University,https://www.aging.senate.gov/hearings/the-covid-19-pandemic-and-seniors-a-look-at-racial-health-disparities
328053,Eugene A. Woods,President and Chief Executive Officer,Atrium Health,https://www.aging.senate.gov/hearings/the-covid-19-pandemic-and-seniors-a-look-at-racial-health-disparities
328053,Rodney B. Jones Sr.,Chief Executive Officer,East Liberty Health Center,https://www.aging.senate.gov/hearings/the-covid-19-pandemic-and-seniors-a-look-at-racial-health-disparities
327960,Ellen M. Lord,Under Secretary of Defense for Acquisition and Sustainment,,https://www.armed-services.senate.gov/hearings/20-09-16-supply-chain-integrity
328264,Jack Dorsey,Chief Executive Officer,"Twitter, Inc.",https://www.judiciary.senate.gov/committee-activity/hearings/breaking-the-news-censorship-suppression-and-the-2020-election
328264,Mark Zuckerberg,Chief Executive Officer,"Facebook, Inc., Menlo Park, CA",https://www.judiciary.senate.gov/committee-activity/hearings/breaking-the-news-censorship-suppression-and-the-2020-election
328423,Ruth Vitale,Chief Executive Officer,CreativeFuture,https://www.judiciary.senate.gov/committee-activity/hearings/the-role-of-private-agreements-and-existing-technology-in-curbing-online-piracy
328423,Probir Mehta,Head of Global Intellectual Property and Trade Policy,"Facebook, Inc.",https://www.judiciary.senate.gov/committee-activity/hearings/the-role-of-private-agreements-and-existing-technology-in-curbing-online-piracy
328423,Mitch Glazier,Chairman and CEO,Recording Industry Association of America,https://www.judiciary.senate.gov/committee-activity/hearings/the-role-of-private-agreements-and-existing-technology-in-curbing-online-piracy
328423,Joshua Lamel,Executive Director,Re:Create,https://www.judiciary.senate.gov/committee-activity/hearings/the-role-of-private-agreements-and-existing-technology-in-curbing-online-piracy
328423,Katherine Oyama,Global Director of Business Public Policy,YouTube,https://www.judiciary.senate.gov/committee-activity/hearings/the-role-of-private-agreements-and-existing-technology-in-curbing-online-piracy
328423,Keith Kupferschmid,Chief Executive Officer,Copyright Alliance,https://www.judiciary.senate.gov/committee-activity/hearings/the-role-of-private-agreements-and-existing-technology-in-curbing-online-piracy
328423,Noah Becker,President and Co-Founder,AdRev,https://www.judiciary.senate.gov/committee-activity/hearings/the-role-of-private-agreements-and-existing-technology-in-curbing-online-piracy
328423,Dean S. Marks,Executive Director and Legal Counsel,Coalition for Online Accountability,https://www.judiciary.senate.gov/committee-activity/hearings/the-role-of-private-agreements-and-existing-technology-in-curbing-online-piracy
328443,Raul M. Arias-Marxuach,,,https://www.judiciary.senate.gov/committee-activity/hearings/12/16/2020/nominations
328480,Lindsay P. Cohn,"Associate Professor, U.S. Naval War College",,https://www.armed-services.senate.gov/hearings/21-01-12-civilian-control-of-the-armed-forces
328480,Kathleen J. McInnis,"Specialist in International Security, Congressional Research Service",,https://www.armed-services.senate.gov/hearings/21-01-12-civilian-control-of-the-armed-forces
328767,Eric E. Schmidt,"Co-Founder, Schmidt Futures",,https://www.armed-services.senate.gov/hearings/21-02-23-emerging-technologies-and-their-impact-on-national-security
328767,Brad Smith,"President, Microsoft Corporation",,https://www.armed-services.senate.gov/hearings/21-02-23-emerging-technologies-and-their-impact-on-national-security
328767,Herbert J. Carlisle,"President and Chief Executive Officer, National Defense Industrial Association",,https://www.armed-services.senate.gov/hearings/21-02-23-emerging-technologies-and-their-impact-on-national-security
328775,Stacy A. Cummings,Performing the Duties of Under Secretary of Defense for Acquisition and Sustainment,,https://www.armed-services.senate.gov/hearings/21-02-25-department-of-defense-support-to-the-covid-19-response
328775,Robert G. Salesses,Performing the Duties of Assistant Secretary of Defense for Homeland Defense and Global Security,,https://www.armed-services.senate.gov/hearings/21-02-25-department-of-defense-support-to-the-covid-19-response
328775,Gustave F. Perna,"Chief Operating Officer, Federal COVID-19 Response for Vaccine and Therapeutics",,https://www.armed-services.senate.gov/hearings/21-02-25-department-of-defense-support-to-the-covid-19-response
328806,Thomas Wright,"Senior Fellow, The Brookings Institution",,https://www.armed-services.senate.gov/hearings/21-03-02-global-security-challenges-and-strategy
328806,Herbert R. McMaster Jr.,Former United States National Security Advisor,,https://www.armed-services.senate.gov/hearings/21-03-02-global-security-challenges-and-strategy
328837,Madeleine Albright,Former Secretary of State,,https://www.foreign.senate.gov/hearings/the-state-of-democracy-around-the-world-031021
328837,Paula J. Dobriansky,Former Under Secretary of State for Global Affairs,,https://www.foreign.senate.gov/hearings/the-state-of-democracy-around-the-world-031021
328837,Peter Biar Ajak,Reagan-Fascell Democracy Fellow,National Endowment for Democracy,https://www.foreign.senate.gov/hearings/the-state-of-democracy-around-the-world-031021
328837,Wai Hnin Pwint Thon,Campaigns Officer,Burma Campaign UK,https://www.foreign.senate.gov/hearings/the-state-of-democracy-around-the-world-031021
328837,Nathan Law,Pro-Democracy Activist and Former Hong Kong Legislative Council Member,,https://www.foreign.senate.gov/hearings/the-state-of-democracy-around-the-world-031021
328842,Joseph J. Heck,Chairman,,https://www.armed-services.senate.gov/hearings/21-03-11-final-recommendations-and-report-of-the-national-commission-on-military-national-and-public-service
328842,Debra S. Wada,"Vice Chair, Military Service",,https://www.armed-services.senate.gov/hearings/21-03-11-final-recommendations-and-report-of-the-national-commission-on-military-national-and-public-service
328842,Alan Khazei,Commissioner,,https://www.armed-services.senate.gov/hearings/21-03-11-final-recommendations-and-report-of-the-national-commission-on-military-national-and-public-service
328885,Craig S. Faller,"Commander, United States Southern Command",,https://www.armed-services.senate.gov/hearings/21-03-16-united-states-southern-command-and-united-states-northern-command
328885,Glen D. VanHerck,"Commander, United States Northern Command and North American Aerospace Defense Command",,https://www.armed-services.senate.gov/hearings/21-03-16-united-states-southern-command-and-united-states-northern-command
328892,Elizabeth Economy,Senior Fellow,"Hoover Institution, Stanford University",https://www.foreign.senate.gov/hearings/advancing-effective-us-policy-for-strategic-competition-with-china-in-the-twenty-first-century-031721
328892,Tom Shugart,Adjunct Senior Fellow,Center for New American Security,https://www.foreign.senate.gov/hearings/advancing-effective-us-policy-for-strategic-competition-with-china-in-the-twenty-first-century-031721
328892,Saif Khan,Research Fellow,Center for Security and Emerging Technology,https://www.foreign.senate.gov/hearings/advancing-effective-us-policy-for-strategic-competition-with-china-in-the-twenty-first-century-031721
328896,Gene L. Dodaro,Government Accountability Office,,https://www.aging.senate.gov/hearings/women-and-retirement-unique-challenges-and-opportunities-to-pave-a-brighter-future
328925,John C. Aquilino,"for reappointment to the grade of admiral and to be Commander, United States Indo-Pacific Command",,https://www.armed-services.senate.gov/hearings/21-03-23-nomination_aquilino
328963,Christopher P. Maier,Acting Assistant Secretary of Defense for Special Operations and Low-Intensity Conflict,,https://www.armed-services.senate.gov/hearings/21-03-25-united-states-special-operations-command-and-united-states-cyber-command
328963,Richard D. Clarke,"Commander, United States Special Operations Command",,https://www.armed-services.senate.gov/hearings/21-03-25-united-states-special-operations-command-and-united-states-cyber-command
328963,Paul M. Nakasone,"Commander, United States Cyber Command / Director, National Security Agency / Chief, Central Security Service",,https://www.armed-services.senate.gov/hearings/21-03-25-united-states-special-operations-command-and-united-states-cyber-command
329006,Charles P. Rettig,Commissioner,Internal Revenue Service,https://www.finance.senate.gov/hearings/the-2021-filing-season-and-21st-century-irs
329027,Todd Sunhwae Kim,"to be an Assistant Attorney General, Environment and Natural Resources Division",Department of Justice,https://www.judiciary.senate.gov/committee-activity/hearings/04/07/2021/nominations
329027,Kristen Clarke,To be Assistant Attorney General,Department of Justice,https://www.judiciary.senate.gov/committee-activity/hearings/04/07/2021/nominations
329043,Robert Joyce,Director of Cybersecurity National Security Agency,,https://www.armed-services.senate.gov/hearings/21-04-14-to-receive-testimony-on-future-cybersecurity-architectures
329043,David McKeown,Senior Information Security Officer/ Chief Information Officer for Cybersecurity Department of Defense,,https://www.armed-services.senate.gov/hearings/21-04-14-to-receive-testimony-on-future-cybersecurity-architectures
329043,William Chase III,Senior Military Advisor for Cyber Policy to the Under Secretary of Defense for Policy/Deputy Principal Cyber Advisor to the Secretary of Defense Secretary of Defense,,https://www.armed-services.senate.gov/hearings/21-04-14-to-receive-testimony-on-future-cybersecurity-architectures
329047,Pete Buttigieg,Secretary,Department of Transportation,https://www.appropriations.senate.gov/hearings/the-american-jobs-plan-infrastructure-climate-change-and-investing-in-our-nations-future
329047,Michael Regan,Administrator,Environmental Protection Agency,https://www.appropriations.senate.gov/hearings/the-american-jobs-plan-infrastructure-climate-change-and-investing-in-our-nations-future
329047,Gina Raimondo,Secretary,Department of Commerce,https://www.appropriations.senate.gov/hearings/the-american-jobs-plan-infrastructure-climate-change-and-investing-in-our-nations-future
329047,Marcia Fudge,Secretary,Department of Housing and Urban Development,https://www.appropriations.senate.gov/hearings/the-american-jobs-plan-infrastructure-climate-change-and-investing-in-our-nations-future
329080,Terry Adirim,Acting Assistant Secretary,Defense for Health Affairs,https://www.appropriations.senate.gov/hearings/defense-health-program
329080,R. Scott Dingle,Surgeon General,Army,https://www.appropriations.senate.gov/hearings/defense-health-program
329080,Bruce L. Gillingham,Surgeon General,Navy,https://www.appropriations.senate.gov/hearings/defense-health-program
329080,Dorothy A. Hogg,Surgeon General,Air Force,https://www.appropriations.senate.gov/hearings/defense-health-program
329121,Yogananda Pittman,Acting Chief,United States Capitol Police,https://www.appropriations.senate.gov/hearings/fiscal-year-2022-budget-requests-
329121,J. Brett Blanton,Architect of the Capitol,,https://www.appropriations.senate.gov/hearings/fiscal-year-2022-budget-requests-
329121,Karen Gibson,Senate Sergeant at Arms and Doorkeeper of the Senate,,https://www.appropriations.senate.gov/hearings/fiscal-year-2022-budget-requests-
329127,Dennis Crall,"Director, Command, Control Communications and Computers/Cyber and Chief Information Officer, Joint Staff, J6",,https://www.armed-services.senate.gov/hearings/to-receive-testimony-on-the-current-and-future-cyber-workforce-of-the-department-of-defense-and-the-military-services
329127,Leonard Litton,Acting Deputy Assistant Secretary for Defense for Military Personnel,,https://www.armed-services.senate.gov/hearings/to-receive-testimony-on-the-current-and-future-cyber-workforce-of-the-department-of-defense-and-the-military-services
329127,Veronica Hinton,Acting Deputy Assistant Secretary for Defense for Civilian Personnel Policy,,https://www.armed-services.senate.gov/hearings/to-receive-testimony-on-the-current-and-future-cyber-workforce-of-the-department-of-defense-and-the-military-services
329127,John Sherman,Acting Department of Defense Chief Information Officer,,https://www.armed-services.senate.gov/hearings/to-receive-testimony-on-the-current-and-future-cyber-workforce-of-the-department-of-defense-and-the-military-services
329128,Heather Pringle,"Commander, Air Force Research Laboratory",,https://www.armed-services.senate.gov/hearings/-to-receive-testimony-on-science-and-technology-technology-maturation-and-technology-transition-activities
329128,Lorin Selby,"Chief, Naval Research",,https://www.armed-services.senate.gov/hearings/-to-receive-testimony-on-science-and-technology-technology-maturation-and-technology-transition-activities
329128,John George,"Commanding General, United States Army Combat Capabilities Development Command",,https://www.armed-services.senate.gov/hearings/-to-receive-testimony-on-science-and-technology-technology-maturation-and-technology-transition-activities
329128,Peter Highnam,"Deputy Director, Defense Advanced Research Projects Agency",,https://www.armed-services.senate.gov/hearings/-to-receive-testimony-on-science-and-technology-technology-maturation-and-technology-transition-activities
329140,Timothy Lenderking,United States Special Envoy for Yemen,U.S. Department of State,https://www.foreign.senate.gov/hearings/us-policy-on-yemen-042121
329140,Lise Grande,President and Chief Executive Officer,United States Institute of Peace,https://www.foreign.senate.gov/hearings/us-policy-on-yemen-042121
329140,Amanda Catanzano,"Senior Director, International Programs, Policy and Advocacy",International Rescue Committee,https://www.foreign.senate.gov/hearings/us-policy-on-yemen-042121
329209,Peter Levine,"Former Deputy Chief Management Officer, Department of Defense; Senior Research Fellow, Institute for Defense Analyses",,https://www.armed-services.senate.gov/hearings/department-of-defenses-management-challenges-and-opportunities
329209,Adam Grant,"Saul P. Steinberg Professor of Management, Wharton School of Business, University of Pennsylvania",NO TESTIMONY SUBMITTED,https://www.armed-services.senate.gov/hearings/department-of-defenses-management-challenges-and-opportunities
329209,Elizabeth Field,"Director, Defense Capabilities and Management, Government Accountability Office",,https://www.armed-services.senate.gov/hearings/department-of-defenses-management-challenges-and-opportunities
329210,Zalmay Khalilzad,Special Representative for Afghanistan Reconciliation,U.S. Department of State,https://www.foreign.senate.gov/hearings/us-policy-on-afghanistan-042721
329204,Steven L. Lieberman,Acting Deputy Under Secretary for Health,Veterans Health Administration,https://www.appropriations.senate.gov/hearings/va-telehealth-program-leveraging-recent-investments-to-build-future-capacity
329204,Kevin Galpin,"Executive Director, Telehealth",Veterans Health Administration,https://www.appropriations.senate.gov/hearings/va-telehealth-program-leveraging-recent-investments-to-build-future-capacity
329204,Jack Galvin,"Associate Deputy Assistant Secretary, Development, Security and Operations",Office of Information and Technology,https://www.appropriations.senate.gov/hearings/va-telehealth-program-leveraging-recent-investments-to-build-future-capacity
329207,Carla Hayden,Librarian of Congress,Library of Congress,https://www.appropriations.senate.gov/hearings/a-review-of-the-fiscal-year-2022-budget-requests-of-the-library-of-congress-the-congressional-budget-office-and-the-government-accountability-office
329207,Phillip Swagel,Director,Congressional Budget Office,https://www.appropriations.senate.gov/hearings/a-review-of-the-fiscal-year-2022-budget-requests-of-the-library-of-congress-the-congressional-budget-office-and-the-government-accountability-office
329207,Gene Dodaro,U.S. Comptroller General,Government Accountability Office,https://www.appropriations.senate.gov/hearings/a-review-of-the-fiscal-year-2022-budget-requests-of-the-library-of-congress-the-congressional-budget-office-and-the-government-accountability-office
329211,Katherine Tai,Ambassador,U.S. Trade Representative,https://www.appropriations.senate.gov/hearings/review-of-the-activities-and-fiscal-year-2022-funding-priorities-of-the-office-of-the-us-trade-representative-
329220,Elizabeth Fowler,Acting Director,Indian Health Service,https://www.appropriations.senate.gov/hearings/addressing-health-disparities-in-indian-country-review-of-the-indian-health-services-covid-response-and-future-needs
329220,Jillian E. Curtis,Chief Financial Officer,Indian Health Service,https://www.appropriations.senate.gov/hearings/addressing-health-disparities-in-indian-country-review-of-the-indian-health-services-covid-response-and-future-needs
329229,Stacy Cummings,Performing the Duties of Under Secretary of Defense for Acquisition and Sustainment,,https://www.armed-services.senate.gov/hearings/defense-acquisition-programs-and-acquisition-reform
329229,Raymond O'Toole,"Acting Director, Operational Test and Evaluation, Department of Defense",,https://www.armed-services.senate.gov/hearings/defense-acquisition-programs-and-acquisition-reform
329229,Shelby Oakley Ms,"Director, Contracting and National Security Acquisitions, Government Accountability Office",,https://www.armed-services.senate.gov/hearings/defense-acquisition-programs-and-acquisition-reform
329230,James Glynn,"Commander, United States Marine Corps Special Operations Command",,https://www.armed-services.senate.gov/hearings/united-states-special-operations-commands-efforts-to-sustain-the-readiness-of-special-operations-forces-and-transform-the-force-for-future-security-challenges
329230,Hugh Howard,"Commander, Naval Special Warfare Command",,https://www.armed-services.senate.gov/hearings/united-states-special-operations-commands-efforts-to-sustain-the-readiness-of-special-operations-forces-and-transform-the-force-for-future-security-challenges
329230,James Slife,"Commander, Air Force Special Operations Command",,https://www.armed-services.senate.gov/hearings/united-states-special-operations-commands-efforts-to-sustain-the-readiness-of-special-operations-forces-and-transform-the-force-for-future-security-challenges
329230,Francis Beaudette,"Commanding General, United States Army Special Operations Command",,https://www.armed-services.senate.gov/hearings/united-states-special-operations-commands-efforts-to-sustain-the-readiness-of-special-operations-forces-and-transform-the-force-for-future-security-challenges
329232,Brad Roberts,Director Center for Global Security Research Lawrence Livermore National Laboratory,,https://www.armed-services.senate.gov/hearings/united-states-nuclear-deterrence-policy-and-strategy-1
329232,Paul Bracken,Professor of Management and Professor of Political Science Yale School of Management,,https://www.armed-services.senate.gov/hearings/united-states-nuclear-deterrence-policy-and-strategy-1
329232,Claude Kehler,Former Commander United States Strategic Command,,https://www.armed-services.senate.gov/hearings/united-states-nuclear-deterrence-policy-and-strategy-1
329232,Franklin C. Miller,"Principal, The Scowcroft Group",,https://www.armed-services.senate.gov/hearings/united-states-nuclear-deterrence-policy-and-strategy-1
329281,Anand Iyer,"Assistant Professor, Division of Pulmonary, Allergy and Critical Care Medicine,",University of Alabama at Birmingham,https://www.aging.senate.gov/hearings/covid-19-one-year-later-addressing-health-care-needs-for-at-risk-americans
329281,Amy Houtrow,"Professor and Vice Chair, Department of Physical Medicine and Rehabilitation for Pediatric Rehabilitation Medicine",University of Pittsburgh School of Medicine,https://www.aging.senate.gov/hearings/covid-19-one-year-later-addressing-health-care-needs-for-at-risk-americans
329281,Anthony Jackson,Senior Vice President and Chief Operating Officer,Roper Saint Francis Healthcare,https://www.aging.senate.gov/hearings/covid-19-one-year-later-addressing-health-care-needs-for-at-risk-americans
329281,Sandra Harris,Volunteer State President,AARP Massachusetts,https://www.aging.senate.gov/hearings/covid-19-one-year-later-addressing-health-care-needs-for-at-risk-americans
329246,Merrick Garland,Attorney General,Department of Justice,https://www.appropriations.senate.gov/hearings/domestic-violent-extremism-in-america
329246,Alejandro Mayorkas,Secretary,Department of Homeland Security,https://www.appropriations.senate.gov/hearings/domestic-violent-extremism-in-america
329322,Patricia Mulcahy,Chief Human Capital Officer United States Space Force,,https://www.armed-services.senate.gov/hearings/military-and-civilian-personnel-programs-in-the-department-of-defense-in-review-on-the-defense-authorization-request-for-fiscal-year-2022-and-the-future-years-defense-program
329322,David Ottignon,Deputy Commandment for Manpower and Reserve Affairs,,https://www.armed-services.senate.gov/hearings/military-and-civilian-personnel-programs-in-the-department-of-defense-in-review-on-the-defense-authorization-request-for-fiscal-year-2022-and-the-future-years-defense-program
329322,Brian Kelly,"Deputy Chief of Staff for Manpower, Personnel and Services",,https://www.armed-services.senate.gov/hearings/military-and-civilian-personnel-programs-in-the-department-of-defense-in-review-on-the-defense-authorization-request-for-fiscal-year-2022-and-the-future-years-defense-program
329322,John Nowell,"Deputy Chief of Naval Operations, N-1 and Chief of Naval Personnel",,https://www.armed-services.senate.gov/hearings/military-and-civilian-personnel-programs-in-the-department-of-defense-in-review-on-the-defense-authorization-request-for-fiscal-year-2022-and-the-future-years-defense-program
329322,Gary Brito,"Deputy Chief of Staff, G-1",,https://www.armed-services.senate.gov/hearings/military-and-civilian-personnel-programs-in-the-department-of-defense-in-review-on-the-defense-authorization-request-for-fiscal-year-2022-and-the-future-years-defense-program
329322,Elizabeth Van Winkle,Executive Director Office of Force Resiliency,,https://www.armed-services.senate.gov/hearings/military-and-civilian-personnel-programs-in-the-department-of-defense-in-review-on-the-defense-authorization-request-for-fiscal-year-2022-and-the-future-years-defense-program
329322,Terry Adirim,Acting Assistant Secretary of Defense for Health Affairs,,https://www.armed-services.senate.gov/hearings/military-and-civilian-personnel-programs-in-the-department-of-defense-in-review-on-the-defense-authorization-request-for-fiscal-year-2022-and-the-future-years-defense-program
329322,Lernes Herbert,Performing the Duties of Assistant Secretary of Defense for Manpower and Reserve Affairs,,https://www.armed-services.senate.gov/hearings/military-and-civilian-personnel-programs-in-the-department-of-defense-in-review-on-the-defense-authorization-request-for-fiscal-year-2022-and-the-future-years-defense-program
329330,Johnny Wolfe,"Director, Navy Strategic Systems Programs",,https://www.armed-services.senate.gov/hearings/department-of-defense-budget-posture-for-nuclear-forces-in-review-of-the-defense-authorization-request-for-fiscal-year-2022-and-the-future-years-defense-program
329330,Timothy Ray,"Commander, Air Force Global Strike Command",,https://www.armed-services.senate.gov/hearings/department-of-defense-budget-posture-for-nuclear-forces-in-review-of-the-defense-authorization-request-for-fiscal-year-2022-and-the-future-years-defense-program
329330,Andrew Walter,Deputy Assistant Secretary of Defense for Nuclear Matters,,https://www.armed-services.senate.gov/hearings/department-of-defense-budget-posture-for-nuclear-forces-in-review-of-the-defense-authorization-request-for-fiscal-year-2022-and-the-future-years-defense-program
329330,Leonor Tomero,Deputy Assistant Secretary of Defense for Nuclear and Missile Defense Policy,,https://www.armed-services.senate.gov/hearings/department-of-defense-budget-posture-for-nuclear-forces-in-review-of-the-defense-authorization-request-for-fiscal-year-2022-and-the-future-years-defense-program
329347,Katherine C. Tai,United States Trade Representative,Executive Office of the President,https://www.finance.senate.gov/hearings/the-presidents-2021-trade-policy-agenda
329349,Victor R. Armstrong,"Director of North Carolina Division of Mental Health, Developmental Disabilities and Substance Abuse Services",North Carolina Department of Health and Human Services,https://www.finance.senate.gov/hearings/the-covid-19-pandemic-and-beyond-improving-mental-health-and-addiction-services-in-our-communities
329349,Stephanie Woodard,Senior Advisor on Behavioral Health,Nevada Department of Health and Human Services,https://www.finance.senate.gov/hearings/the-covid-19-pandemic-and-beyond-improving-mental-health-and-addiction-services-in-our-communities
329349,Lenette Kosovich,Chief Executive Officer,Rimrock Foundation,https://www.finance.senate.gov/hearings/the-covid-19-pandemic-and-beyond-improving-mental-health-and-addiction-services-in-our-communities
329349,Malkia Newman,Team Supervisor,CNS Healthcare Anti-Stigma Program,https://www.finance.senate.gov/hearings/the-covid-19-pandemic-and-beyond-improving-mental-health-and-addiction-services-in-our-communities
329361,Gayle E. Smith,Coordinator for Global COVID Response and Health Security,U.S. Department of State,https://www.foreign.senate.gov/hearings/covid-19-pandemic-and-the-international-response-051221
329361,Jeremy Konyndyk,Executive Director of the COVID-19 Task Force,United States Agency for International Development,https://www.foreign.senate.gov/hearings/covid-19-pandemic-and-the-international-response-051221
329363,Polly Trottenberg,Deputy Secretary,Department of Transportation,https://www.appropriations.senate.gov/hearings/rethinking-disaster-recovery-and-resiliency-part-i-protecting_our-nations-transportation-systems
329363,Elizabeth Repko,"Acting Director, Physical Infrastructure",Government Accountability Office,https://www.appropriations.senate.gov/hearings/rethinking-disaster-recovery-and-resiliency-part-i-protecting_our-nations-transportation-systems
329363,Edwin H Sniffen,Deputy Director,Hawaii Department of Transportation,https://www.appropriations.senate.gov/hearings/rethinking-disaster-recovery-and-resiliency-part-i-protecting_our-nations-transportation-systems
329363,Habib Dagher,"Executive Director, Advanced Structures and Composites Center",University of Maine,https://www.appropriations.senate.gov/hearings/rethinking-disaster-recovery-and-resiliency-part-i-protecting_our-nations-transportation-systems
329401,Daniel R. Hokanson,Chief of the National Guard Bureau,,https://www.appropriations.senate.gov/hearings/national-guard-and-reserve
329401,Jody J. Daniels,Chief of the Army Reserve,,https://www.appropriations.senate.gov/hearings/national-guard-and-reserve
329401,John B. Mustin,Chief of the Navy Reserve,,https://www.appropriations.senate.gov/hearings/national-guard-and-reserve
329401,David G. Bellon,"Commander, U.S. Marine Corps Reserve",,https://www.appropriations.senate.gov/hearings/national-guard-and-reserve
329401,Richard W. Scobee,Chief of the Air Force Reserve,,https://www.appropriations.senate.gov/hearings/national-guard-and-reserve
329424,Paul LaCamera,"Commander, United Nations Command/ Combined Forces Command/United States Forces Korea",,https://www.armed-services.senate.gov/hearings/nomination_lacamera
329428,William Chase III,Deputy Principal Cyber Advisor to the Secretary of Defense and Director of Protecting Critical Technology Task Force,,https://www.armed-services.senate.gov/hearings/cybersecurity-of-the-defense-industrial-base
329428,Jesse Salazar,"Deputy Assistant Secretary of Defense for, Industrial Policy",,https://www.armed-services.senate.gov/hearings/cybersecurity-of-the-defense-industrial-base
329422,Arthur Jemison,Principal Deputy Assistant Secretary for Community Planning and Development,Department of Housing and Urban Development,https://www.appropriations.senate.gov/hearings/rethinking-disaster-recovery-and-resiliency-part-2-protecting-communities-and-accelerating-assistance
329422,John Pendleton,"Director, Financial Markets and Community Investment",Government Accountability Office,https://www.appropriations.senate.gov/hearings/rethinking-disaster-recovery-and-resiliency-part-2-protecting-communities-and-accelerating-assistance
329442,Charles P. Rettig,Commissioner,Internal Revenue Service,https://www.appropriations.senate.gov/hearings/internal-revenue-service-narrowing-the-tax-gap-and-improving-taxpayer-services
329442,Erin M. Collins,National Taxpayer Advocate,Internal Revenue Service,https://www.appropriations.senate.gov/hearings/internal-revenue-service-narrowing-the-tax-gap-and-improving-taxpayer-services
329442,Charles O. Rossotti,Former Commissioner,Internal Revenue Service,https://www.appropriations.senate.gov/hearings/internal-revenue-service-narrowing-the-tax-gap-and-improving-taxpayer-services
329443,James Caldwell,Deputy Administrator for Office of Naval Reactors National Nuclear Security Administration,,https://www.armed-services.senate.gov/hearings/department-of-energys-atomic-defense-activities-and-programs-in-review-of-the-defense-authorization-request-for-fiscal-year-2022-and-future-years-defense-program
329443,William White,Acting Assistant Secretary of Energy for Environmental Management,,https://www.armed-services.senate.gov/hearings/department-of-energys-atomic-defense-activities-and-programs-in-review-of-the-defense-authorization-request-for-fiscal-year-2022-and-future-years-defense-program
329443,Charles Verdon,"Acting Administrator, National Nuclear Security Administration",,https://www.armed-services.senate.gov/hearings/department-of-energys-atomic-defense-activities-and-programs-in-review-of-the-defense-authorization-request-for-fiscal-year-2022-and-future-years-defense-program
329444,Richard Kidd,Deputy Assistant Secretary of Defense for Environment and Energy Resilience,,https://www.appropriations.senate.gov/hearings/military-infrastructure-and-climate-resilience
329444,Jack Surash,"Senior Official Performing the Duties of Assistant Secretary of the Army for Installations, Energy, and Environment",,https://www.appropriations.senate.gov/hearings/military-infrastructure-and-climate-resilience
329444,James Balocki,"Deputy Assistant Secretary of the Navy for Installations, Energy, and Facilities",,https://www.appropriations.senate.gov/hearings/military-infrastructure-and-climate-resilience
329444,Mark Correll,"Deputy Assistant Secretary of the Air Force for Environment, Safety, and Infrastructure",,https://www.appropriations.senate.gov/hearings/military-infrastructure-and-climate-resilience
329465,Elizabeth White,Aging Solutions Advocate and Author,,https://www.aging.senate.gov/hearings/a-changing-workforce-supporting-older-workers-amid-the-covid-19-pandemic-and-beyond
329465,Elise Gould,Senior Economist,Economic Policy Institute,https://www.aging.senate.gov/hearings/a-changing-workforce-supporting-older-workers-amid-the-covid-19-pandemic-and-beyond
329465,Ramsey Alwin,President and CEO,National Council on Aging,https://www.aging.senate.gov/hearings/a-changing-workforce-supporting-older-workers-amid-the-covid-19-pandemic-and-beyond
329465,David Poston,President,Palmetto Synthetics,https://www.aging.senate.gov/hearings/a-changing-workforce-supporting-older-workers-amid-the-covid-19-pandemic-and-beyond
329481,Vicki Christiansen,Chief,U.S. Forest Service,https://www.appropriations.senate.gov/hearings/rethinking-resiliency-budgeting-for-the-future-of-forest-management
329507,Fancis Collins,Director,National Institutes of Health,https://www.appropriations.senate.gov/hearings/national-institutes-of-healths-fy22-budget-and-the-state-of-medical-research
329507,Anthony Fauci,Director,National Institute of Allergy and Infectious Diseases,https://www.appropriations.senate.gov/hearings/national-institutes-of-healths-fy22-budget-and-the-state-of-medical-research
329507,Diana Bianchi,Director,Eunice Kennedy Shriver National Institute of Child Health and Human Development,https://www.appropriations.senate.gov/hearings/national-institutes-of-healths-fy22-budget-and-the-state-of-medical-research
329507,Ned Sharpless,Director,National Cancer Institute,https://www.appropriations.senate.gov/hearings/national-institutes-of-healths-fy22-budget-and-the-state-of-medical-research
329507,Gary Gibbons,Director,"National Heart, Lung, and Blood Institute",https://www.appropriations.senate.gov/hearings/national-institutes-of-healths-fy22-budget-and-the-state-of-medical-research
329507,Eliseo Perez-Stable,Director,National Institute on Minority Health & Health Disparities,https://www.appropriations.senate.gov/hearings/national-institutes-of-healths-fy22-budget-and-the-state-of-medical-research
329507,Bruce Tromberg,Director,National Institute of Biomedical Imaging and Bioengineering,https://www.appropriations.senate.gov/hearings/national-institutes-of-healths-fy22-budget-and-the-state-of-medical-research
329547,David Thompson,Vice Chief of Space Operations United States Space Force,,https://www.armed-services.senate.gov/hearings/to-receive-testimony-on-space-force-military-space-operations-policy-and-programs
329547,John Hill,Performing the Duties of Assistant Secretary of Defense for Space Policy,,https://www.armed-services.senate.gov/hearings/to-receive-testimony-on-space-force-military-space-operations-policy-and-programs
329547,Darlene Costello,"Acting Assistant Secretary of the Air Force for Acquisition, Technology, and Logistics",,https://www.armed-services.senate.gov/hearings/to-receive-testimony-on-space-force-military-space-operations-policy-and-programs
329662,Matt Pottinger,"Former Assistant to the President and Deputy National Security Advisor; Distinguished Visiting Fellow, the Hoover Institution Stanford University",,https://www.armed-services.senate.gov/hearings/the-united-states-strategic-competition-with-china
329662,Evan Medeiros,Penner Family Chair in Asia Studies in the School of Foreign Service and the Cling Family Distinguished Fellow in U.S.-China Studies Georgetown University,,https://www.armed-services.senate.gov/hearings/the-united-states-strategic-competition-with-china
329662,Sheena Chestnut Greitens,"Associate Professor, Lyndon B. Johnson School of Public Affairs University of Texas at Austin",,https://www.armed-services.senate.gov/hearings/the-united-states-strategic-competition-with-china
329662,Bonnie Glaser,"Director, Asia Program, German Marshall Fund of the United States",,https://www.armed-services.senate.gov/hearings/the-united-states-strategic-competition-with-china
329665,Eric Smith,Deputy Commandant for Combat Development and Integration,,https://www.armed-services.senate.gov/hearings/navy-and-marine-corps-investment-programs-in-review-of-the-defense-authorization-request-for-fiscal-year-2022
329665,James Kilby,Deputy Chief of Naval Operations for Warfighting Requirements and Capabilities,,https://www.armed-services.senate.gov/hearings/navy-and-marine-corps-investment-programs-in-review-of-the-defense-authorization-request-for-fiscal-year-2022
329665,Frederick Stefany,"Acting Assistant Secretary of the Navy for Research, Development, and Acquisition",,https://www.armed-services.senate.gov/hearings/navy-and-marine-corps-investment-programs-in-review-of-the-defense-authorization-request-for-fiscal-year-2022
329666,Antony J Blinken,Secretary of State,U.S. Department of State,https://www.foreign.senate.gov/hearings/review-of-the-fy-2022-state-department-budget-request
329725,Charles P. Rettig,Commissioner,Internal Revenue Service,https://www.finance.senate.gov/hearings/the-irss-fiscal-year-2022-budget
329664,Jaime Pinkham,Acting Assistant Secretary,Army (Civil Works),https://www.appropriations.senate.gov/hearings/a-review-of-the-fiscal-year-2022-budget-submission-for-the-us-army-corps-of-engineers-and-the-bureau-of-reclamation
329664,Scott A. Spellmon,Chief of Engineers and Commanding General,U.S. Army Corps of Engineers,https://www.appropriations.senate.gov/hearings/a-review-of-the-fiscal-year-2022-budget-submission-for-the-us-army-corps-of-engineers-and-the-bureau-of-reclamation
329664,David Palumbo,Deputy Commissioner of Operations,Bureau of Reclamation,https://www.appropriations.senate.gov/hearings/a-review-of-the-fiscal-year-2022-budget-submission-for-the-us-army-corps-of-engineers-and-the-bureau-of-reclamation
329683,Michael Regan,Administrator,Environmental Protection Agency,https://www.appropriations.senate.gov/hearings/fiscal-year-2022-budget-request-for-the-environmental-protection-agency
329686,Jon Hill,Director Missile Defense Agency,,https://www.armed-services.senate.gov/hearings/missile-defense-strategy-policies-and-programs-in-review-of-the-defense-authorization-request-for-fiscal-year-2022-and-the-future-years-defense-program
329686,Daniel Karbler,Commander U.S. Army Space and Missile Defense Command/Joint Functional Component Command for Integrated Missile Defense,,https://www.armed-services.senate.gov/hearings/missile-defense-strategy-policies-and-programs-in-review-of-the-defense-authorization-request-for-fiscal-year-2022-and-the-future-years-defense-program
329686,Glen VanHerck,"Commander, United States Northern Command and North American Aerospace Defense Command",,https://www.armed-services.senate.gov/hearings/missile-defense-strategy-policies-and-programs-in-review-of-the-defense-authorization-request-for-fiscal-year-2022-and-the-future-years-defense-program
329686,Leonor Tomero,Deputy Assistant Secretary of Defense for Nuclear and Missile Defense Policy,,https://www.armed-services.senate.gov/hearings/missile-defense-strategy-policies-and-programs-in-review-of-the-defense-authorization-request-for-fiscal-year-2022-and-the-future-years-defense-program
329686,Ankit Panda,Stanton Senior Fellow Nuclear Policy Program Carnegie Endowment for International Peace,,https://www.armed-services.senate.gov/hearings/missile-defense-strategy-policies-and-programs-in-review-of-the-defense-authorization-request-for-fiscal-year-2022-and-the-future-years-defense-program
329686,Robert Soofer,Former Deputy Assistant Secretary of Defense for Nuclear and Missile Defense Policy,,https://www.armed-services.senate.gov/hearings/missile-defense-strategy-policies-and-programs-in-review-of-the-defense-authorization-request-for-fiscal-year-2022-and-the-future-years-defense-program
329688,Xavier Becerra,Secretary,Department Of Health And Human Service,https://www.appropriations.senate.gov/hearings/hearing-on-the-presidents-fiscal-year-2022-budget-request-for-the-united-states-department-of-health-and-human-services
329693,Julie Fisher,United States Ambassador-Designate to the Republic of Belarus,U.S. Department of State,https://www.foreign.senate.gov/hearings/us-policy-on-belarus-060921
329693,Sviatlana Tsikhanouskaya,Leader of the Democratic Opposition in Belarus,,https://www.foreign.senate.gov/hearings/us-policy-on-belarus-060921
329693,Jamie Fly,President and CEO,Radio Free Europe/Radio Liberty,https://www.foreign.senate.gov/hearings/us-policy-on-belarus-060921
329722,Xavier Becerra,Secretary,Department Of Health And Human Service,https://www.appropriations.senate.gov/hearings/hearing-on-the-presidents-fiscal-year-2022-budget-request-for-the-united-states-department-of-health-and-human-services
329687,Janet Woodcock,Acting Commissioner,U.S. Food and Drug Administration,https://www.appropriations.senate.gov/hearings/fiscal-year-2022-budget-request-for-the-food-and-drug-administration
329700,Adrian Zenz,Senior Fellow in China Studies,Victims of Communism Memorial Foundation,https://www.foreign.senate.gov/hearings/atrocities-in-xinjiang-where-do-we-go-from-here-061021
329700,Rushan Abbas,Executive Director,Campaign for Uyghurs,https://www.foreign.senate.gov/hearings/atrocities-in-xinjiang-where-do-we-go-from-here-061021
329700,Sophie Richardson,China Director,Human Rights Watch,https://www.foreign.senate.gov/hearings/atrocities-in-xinjiang-where-do-we-go-from-here-061021
329703,Xavier Becerra,Secretary,United States Department of Health and Human Services,https://www.finance.senate.gov/hearings/the-presidents-fy-2022-hhs-budget
329620,Tom Vilsack,Secretary,U.S. Department of Agriculture,https://www.appropriations.senate.gov/hearings/fiscal-year-2022-budget-request-for-the-us-department-of-agriculture
329620,John Rapp,Acting Director,Office of Budget and Program Analysis U.S. Department of Agriculture,https://www.appropriations.senate.gov/hearings/fiscal-year-2022-budget-request-for-the-us-department-of-agriculture
329729,Bill Nelson,Administrator,National Aeronautics and Space Administration,https://www.appropriations.senate.gov/hearings/review-of-the-fy-2022-budget-request-for-the-national-aeronautics-and-space-administration
329731,Erik Peterson,"Deputy Chief of Staff, Army G-8",,https://www.armed-services.senate.gov/hearings/army-modernization-in-review-of-the-defense-authorization-request-for-fiscal-year-2022-
329731,John Murray,"Commanding General, Army Futures Command",,https://www.armed-services.senate.gov/hearings/army-modernization-in-review-of-the-defense-authorization-request-for-fiscal-year-2022-
329731,Douglas Bush,"Acting Assistant Secretary of the Army for Acquisition, Logistics and Technology",,https://www.armed-services.senate.gov/hearings/army-modernization-in-review-of-the-defense-authorization-request-for-fiscal-year-2022-
329744,Sharon Weiner,Associate Professor at the School of International Service American University,,https://www.armed-services.senate.gov/hearings/united-states-nuclear-deterrence-policy-and-strategy-
329744,Matthew Kroeing,"Professor of Government and Foreign Service Georgetown University, Deputy Director Scowcroft Center for Strategy and Security, Atlantic Council",,https://www.armed-services.senate.gov/hearings/united-states-nuclear-deterrence-policy-and-strategy-
329744,Lisa Gordon Hagerty,Former Administrator National Nuclear Security Administration,,https://www.armed-services.senate.gov/hearings/united-states-nuclear-deterrence-policy-and-strategy-
329744,Madelyn R. Creedon,Research Professor George Washington University Elliott School of International Affairs,,https://www.armed-services.senate.gov/hearings/united-states-nuclear-deterrence-policy-and-strategy-
329744,Tom Collina,Director of Policy Ploughshares Fund,,https://www.armed-services.senate.gov/hearings/united-states-nuclear-deterrence-policy-and-strategy-
329747,Michael Bolton,Inspector General,U.S. Capitol Police,https://www.rules.senate.gov/hearings/oversight-of-the-us-capitol-police-following-the-january-6th-attack-on-the-capitol
329764,Janet L. Yellen,Secretary,United States Department of the Treasury,https://www.finance.senate.gov/hearings/hearing-on-the-presidents-fiscal-year-2022-budget
329482,Lloyd J. Austin,Secretary,Defense,https://www.appropriations.senate.gov/hearings/a-review-of-the-fy-2022-department-of-defense-budget-request
329482,Mark A. Milley,Chairman,Joint Chiefs of Staff,https://www.appropriations.senate.gov/hearings/a-review-of-the-fy-2022-department-of-defense-budget-request
329782,Mark A. Supiano,"Professor and Chief, Division of Geriatrics, University of Utah School of Medicine, Executive Director, University of Utah Center on Aging",,https://www.aging.senate.gov/hearings/taking-aim-at-alzheimers-frontline-perspectives-and-caregiver-challenges
329782,Jennifer Manly,"Professor of Neuropsychology, Department of Neurology and the Taub Institute for Research on Alzheimer’s Disease and the Aging Brain, Columbia University Irving Medical Center",,https://www.aging.senate.gov/hearings/taking-aim-at-alzheimers-frontline-perspectives-and-caregiver-challenges
329782,Peg Lahmeyer,Executive Director and Co-Founder,The ARK of SC,https://www.aging.senate.gov/hearings/taking-aim-at-alzheimers-frontline-perspectives-and-caregiver-challenges
329782,Katelyn Montanez,Family Caregiver,,https://www.aging.senate.gov/hearings/taking-aim-at-alzheimers-frontline-perspectives-and-caregiver-challenges
329802,Erica Barks-Ruggles,"Senior Bureau Official, Bureau of International Organizations Affairs",U.S. Department of State,https://www.foreign.senate.gov/hearings/strength-through-partnership-building-the-us-taiwan-relationship-061721
329802,Jonathan Fritz,"Deputy Assistant Secretary of State for China, Mongolia, and Taiwan Coordination",U.S. Department of State,https://www.foreign.senate.gov/hearings/strength-through-partnership-building-the-us-taiwan-relationship-061721
329801,Christine E. Wormuth,Secretary,Army,https://www.appropriations.senate.gov/hearings/army-budget-
329801,James C. McConville,Chief of Staff,Army,https://www.appropriations.senate.gov/hearings/army-budget-
329828,Shannon Schlecht,Executive Director,Agricultural Utilization Research Institute,https://www.agriculture.senate.gov/hearings/renewable-energy_-growth-and-opportunities-for-our-rural-economies
329828,Katie Sieben,Chairwoman,Minnesota Public Utilities Commission,https://www.agriculture.senate.gov/hearings/renewable-energy_-growth-and-opportunities-for-our-rural-economies
329828,Emily Skor,Chief Executive Officer,Growth Energy,https://www.agriculture.senate.gov/hearings/renewable-energy_-growth-and-opportunities-for-our-rural-economies
329828,Bill Cherrier,Executive Vice President and CEO,Central Iowa Power Cooperative,https://www.agriculture.senate.gov/hearings/renewable-energy_-growth-and-opportunities-for-our-rural-economies
329828,Matthew Mancuso,"Dean, Industrial Technology",Iowa Western Community College,https://www.agriculture.senate.gov/hearings/renewable-energy_-growth-and-opportunities-for-our-rural-economies
329829,Duke Richardson,"Military Deputy, Office of the Assistant Secretary of the Air Force for Acquisition, Technology, and Logistics",,https://www.armed-services.senate.gov/hearings/modernization-efforts-of-the-department-of-the-air-force-in-review-of-the-defense-authorization-request-for-fiscal-year-2022-and-the-future-years-defense-program
329829,Joseph Guastella,Deputy Chief of Staff of the Air Force for Operations,,https://www.armed-services.senate.gov/hearings/modernization-efforts-of-the-department-of-the-air-force-in-review-of-the-defense-authorization-request-for-fiscal-year-2022-and-the-future-years-defense-program
329829,David Nahom,Deputy Chief of Staff of the Air Force for Plans and Programs,,https://www.armed-services.senate.gov/hearings/modernization-efforts-of-the-department-of-the-air-force-in-review-of-the-defense-authorization-request-for-fiscal-year-2022-and-the-future-years-defense-program
329847,Shannon Schlecht,Executive Director,Agricultural Utilization Research Institute,https://www.agriculture.senate.gov/hearings/renewable-energy_-growth-and-opportunities-for-our-rural-economies
329847,Katie Sieben,Chairwoman,Minnesota Public Utilities Commission,https://www.agriculture.senate.gov/hearings/renewable-energy_-growth-and-opportunities-for-our-rural-economies
329847,Emily Skor,Chief Executive Officer,Growth Energy,https://www.agriculture.senate.gov/hearings/renewable-energy_-growth-and-opportunities-for-our-rural-economies
329847,Bill Cherrier,Executive Vice President and CEO,Central Iowa Power Cooperative,https://www.agriculture.senate.gov/hearings/renewable-energy_-growth-and-opportunities-for-our-rural-economies
329847,Matthew Mancuso,"Dean, Industrial Technology",Iowa Western Community College,https://www.agriculture.senate.gov/hearings/renewable-energy_-growth-and-opportunities-for-our-rural-economies
329822,Noel Andres Poyo,Deputy Assistant Secretary Community and Economic Development,U.S. Department of the Treasury,https://www.appropriations.senate.gov/hearings/fiscal-year-2022-budget-for-the-department-of-the-treasury
329822,Andy Anderson,President and CEO,Bank of Anguilla,https://www.appropriations.senate.gov/hearings/fiscal-year-2022-budget-for-the-department-of-the-treasury
329822,Joseph Haskins Jr.,Chairman and CEO,The Harbor Bank of Maryland,https://www.appropriations.senate.gov/hearings/fiscal-year-2022-budget-for-the-department-of-the-treasury
329822,Janet Yellen,Secretary,U.S. Department of the Treasury,https://www.appropriations.senate.gov/hearings/fiscal-year-2022-budget-for-the-department-of-the-treasury
329825,Jennifer Granholm,Secretary,U.S. Department of Energy,https://www.appropriations.senate.gov/hearings/a-review-of-the-fiscal-year-2022-budget-submission-for-the-us-department-of-energy-including-the-national-nuclear-security-administration
329825,Charles P. Verdon,"Acting Under Secretary of Energy for Nuclear Security, and Acting Administrator for the National Nuclear Security Administration",U.S. Department of Energy,https://www.appropriations.senate.gov/hearings/a-review-of-the-fiscal-year-2022-budget-submission-for-the-us-department-of-energy-including-the-national-nuclear-security-administration
329845,Mieke Eoyang,Deputy Assistant Secretary of Defense for Cyber Policy,,https://www.armed-services.senate.gov/hearings/to-receive-testimony-on-recent-ransomware-attacks-
329845,Kevin Kennedy,"Director of Operations, United States Cyber Command",,https://www.armed-services.senate.gov/hearings/to-receive-testimony-on-recent-ransomware-attacks-
329845,Ronald Foy,"Deputy Director for Global Operations, Joint Staff",,https://www.armed-services.senate.gov/hearings/to-receive-testimony-on-recent-ransomware-attacks-
329846,Christopher A. Wray,Director,Federal Bureau of Investigation,https://www.appropriations.senate.gov/hearings/a-review-of-the-presidents-fiscal-year-2022-funding-request-for-the-federal-bureau-of-investigation1
329961,Tammy L. Whitcomb,Inspector General,United States Postal Service,https://www.appropriations.senate.gov/hearings/a-hearing-to-review-the-fy-2022-budget-request-for-the-usps-office-of-inspector-general-and-usps-service-issues-
329961,Rania Dima,Member,National Federation of the Blind,https://www.appropriations.senate.gov/hearings/a-hearing-to-review-the-fy-2022-budget-request-for-the-usps-office-of-inspector-general-and-usps-service-issues-
329961,Brian McLaurin,Motor Vehicle Services Craft Director,American Postal Workers Union,https://www.appropriations.senate.gov/hearings/a-hearing-to-review-the-fy-2022-budget-request-for-the-usps-office-of-inspector-general-and-usps-service-issues-
329961,Karen Meyers,Baltimore Small Business Owner,,https://www.appropriations.senate.gov/hearings/a-hearing-to-review-the-fy-2022-budget-request-for-the-usps-office-of-inspector-general-and-usps-service-issues-
329970,Martin J. Walsh,Secretary,Department of Labor,https://www.appropriations.senate.gov/hearings/hearing-on-the-presidents-fiscal-year-2022-budget-request-for-the-united-states-department-of-labor
329978,Samantha Power,Administrator,U.S. Agency for International Development,https://www.foreign.senate.gov/hearings/review-of-the-fy-2022-usaid-budget-request-071421
329979,Ai-jen Poo,Executive Director,National Domestic Workers Alliance,https://www.aging.senate.gov/hearings/-21st-century-caregiving-supporting-workers-family-caregivers-seniors-and-people-with-disabilities
329979,Stephanie Blunt,Executive Director,Trident Area Agency on Aging,https://www.aging.senate.gov/hearings/-21st-century-caregiving-supporting-workers-family-caregivers-seniors-and-people-with-disabilities
329979,Brittany Williams,Home Care Worker,SEIU 775 Member,https://www.aging.senate.gov/hearings/-21st-century-caregiving-supporting-workers-family-caregivers-seniors-and-people-with-disabilities
329979,Theo Braddy,Consultant and Former CEO,Center for Independent Living of Central Pennsylvania,https://www.aging.senate.gov/hearings/-21st-century-caregiving-supporting-workers-family-caregivers-seniors-and-people-with-disabilities
330023,Stephen E. Biegun,Former Deputy Secretary of State,,https://www.foreign.senate.gov/hearings/-modernizing-the-state-department-for-the-21st-century-072021
330023,Marcie B. Ries,Former U.S. Ambassador to the Republic of Bulgaria and the Republic of Albania,,https://www.foreign.senate.gov/hearings/-modernizing-the-state-department-for-the-21st-century-072021
330023,Anne-Marie Slaughter,Chief Executive Officer,New America,https://www.foreign.senate.gov/hearings/-modernizing-the-state-department-for-the-21st-century-072021
330045,Victoria Nuland,Under Secretary of State for Political Affairs,U.S. Department of State,https://www.foreign.senate.gov/hearings/us-policy-on-turkey-071421
330046,Jonathan Pershing,"Senior Advisor to the Special Presidential Envoy for Climate, Office of the Special Presidential Envoy for Climate Change",U.S. Department of State,https://www.foreign.senate.gov/hearings/combatting-climate-change-in-east-asia-and-the-pacific-072121
330046,Richard L. Buangan,"Deputy Assistant Secretary for Public Affairs and Public Diplomacy and Regional and Security Policy, Bureau of East Asian and Pacific Affairs",U.S. Department of State,https://www.foreign.senate.gov/hearings/combatting-climate-change-in-east-asia-and-the-pacific-072121
330046,Craig Hart,Deputy Assistant Administrator of the Bureau for Asia,United States Agency for International Development,https://www.foreign.senate.gov/hearings/combatting-climate-change-in-east-asia-and-the-pacific-072121
330046,Melissa Dalton,"Acting Assistant Secretary of Defense for Strategy, Plans, and Capabilities",U.S. Department of Defense,https://www.foreign.senate.gov/hearings/combatting-climate-change-in-east-asia-and-the-pacific-072121
330046,Marinel Sumook Ubaldo,Youth Climate Activist,,https://www.foreign.senate.gov/hearings/combatting-climate-change-in-east-asia-and-the-pacific-072121
330046,Richard Powell,Executive Director,ClearPath,https://www.foreign.senate.gov/hearings/combatting-climate-change-in-east-asia-and-the-pacific-072121
330046,Sherri Goodman,Secretary General,International Military Council on Climate and Security,https://www.foreign.senate.gov/hearings/combatting-climate-change-in-east-asia-and-the-pacific-072121
330122,Benjamin Davis,Director of International Affairs,United Steelworkers,https://www.finance.senate.gov/hearings/implementation-and-enforcement-of-the-united-states_mexico--canada-agreement-one-year-after-entry-into-force
330122,Allan Huttema,Chairman,Northwest Dairy Association/Darigold Board of Directors,https://www.finance.senate.gov/hearings/implementation-and-enforcement-of-the-united-states_mexico--canada-agreement-one-year-after-entry-into-force
330122,Michelle McMurry-Heath,President and CEO,Biotechnology Innovation Organization,https://www.finance.senate.gov/hearings/implementation-and-enforcement-of-the-united-states_mexico--canada-agreement-one-year-after-entry-into-force
330122,Beth Lowell,"Deputy Vice President, U.S. Campaigns",Oceana,https://www.finance.senate.gov/hearings/implementation-and-enforcement-of-the-united-states_mexico--canada-agreement-one-year-after-entry-into-force
330180,Benjamin Davis,Director of International Affairs,United Steelworkers,https://www.finance.senate.gov/hearings/implementation-and-enforcement-of-the-united-states_mexico--canada-agreement-one-year-after-entry-into-force
330180,Allan Huttema,Chairman,Northwest Dairy Association/Darigold Board of Directors,https://www.finance.senate.gov/hearings/implementation-and-enforcement-of-the-united-states_mexico--canada-agreement-one-year-after-entry-into-force
330180,Michelle McMurry-Heath,President and CEO,Biotechnology Innovation Organization,https://www.finance.senate.gov/hearings/implementation-and-enforcement-of-the-united-states_mexico--canada-agreement-one-year-after-entry-into-force
330180,Beth Lowell,"Deputy Vice President, U.S. Campaigns",Oceana,https://www.finance.senate.gov/hearings/implementation-and-enforcement-of-the-united-states_mexico--canada-agreement-one-year-after-entry-into-force
330134,Florizelle Liser,President and CEO,Corporate Council on Africa,https://www.foreign.senate.gov/hearings/us-trade-and-investment-in-africa-072821
330134,Landry Signé,Senior Fellow – Global Economy and Development African Growth Initiative,The Brookings Institution,https://www.foreign.senate.gov/hearings/us-trade-and-investment-in-africa-072821
330134,Aubrey Hruby,"Nonresident Senior Fellow, The Africa Center",Atlantic Council,https://www.foreign.senate.gov/hearings/us-trade-and-investment-in-africa-072821
330141,Wendy Sherman,Deputy Secretary of State,U.S. Department of State,https://www.foreign.senate.gov/hearings/authorizations-of-use-of-force-administration-perspectives-080321
330141,Richard Visek,Acting Legal Adviser,U.S. Department of State,https://www.foreign.senate.gov/hearings/authorizations-of-use-of-force-administration-perspectives-080321
330141,Caroline Krass,General Counsel,Department of Defense,https://www.foreign.senate.gov/hearings/authorizations-of-use-of-force-administration-perspectives-080321
330205,Laura Richardson,"Nominee to be General and Commander, United States Southern Command",,https://www.armed-services.senate.gov/hearings/nomination_-richardson
330321,Jane M. Beckering,to be United States District Judge for the Western District of Michigan,,https://www.judiciary.senate.gov/committee-activity/hearings/08/04/2021/nominations
330321,Shalina D. Kumar,to be United States District Judge for the Eastern District of Michigan,,https://www.judiciary.senate.gov/committee-activity/hearings/08/04/2021/nominations
330321,Armando O. Bonilla,to be a Judge of the United States Court of Federal Claims,,https://www.judiciary.senate.gov/committee-activity/hearings/08/04/2021/nominations
330321,Carolyn N. Lerner,to be a Judge of the United States Court of Federal Claims,,https://www.judiciary.senate.gov/committee-activity/hearings/08/04/2021/nominations
330401,Antony J. Blinken,Secretary of State,U.S. Department of State,https://www.foreign.senate.gov/hearings/examining-the-us-withdrawal-from-afghanistan-091421
330440,Elizabeth Curda,"Director, Education, Workforce, and Income Security",United States Government Accountability Office,https://www.finance.senate.gov/hearings/policy-options-for-improving-ssi
330440,Stephen G. Evangelista,Deputy Commissioner for Retirement and Disability Policy,Social Security Administration,https://www.finance.senate.gov/hearings/policy-options-for-improving-ssi
330440,Mia Ives-Rublee,"Director, Disability Justice Initiative",Center for American Progress,https://www.finance.senate.gov/hearings/policy-options-for-improving-ssi
330440,Kathleen Romig,Senior Policy Analyst,Center on Budget and Policy Priorities,https://www.finance.senate.gov/hearings/policy-options-for-improving-ssi
330485,Jacqueline Van Ovost,"Nominee to be Commander, United States Transportation Command",,https://www.armed-services.senate.gov/hearings/nomination_-van-ovost
330563,Thomas Joscelyn,"Senior Fellow, Foundation for the Defense of Democracies Senior Editor, The Long War Journal",,https://www.armed-services.senate.gov/hearings/to-receive-testimony-on-afghanistan
330563,Vali Nasr,Professor of Middle East Studies and International Affairs Johns Hopkins University School of Advanced International Studies and former Senior Advisor to U.S. Special Representative for Afghanistan and Pakistan,,https://www.armed-services.senate.gov/hearings/to-receive-testimony-on-afghanistan
330623,Carla Hayden,Librarian of Congress,Library of Congress,https://www.rules.senate.gov/hearings/oversight-of-library-of-congress-modernization-efforts
330623,Shira Perlmutter,Register of Copyrights and Director,U.S. Copyright Office,https://www.rules.senate.gov/hearings/oversight-of-library-of-congress-modernization-efforts
330623,Mary Mazanec,Director,Congressional Research Service,https://www.rules.senate.gov/hearings/oversight-of-library-of-congress-modernization-efforts
330623,Jason M. Broughton,Director,National Library Service for the Blind and Print Disabled,https://www.rules.senate.gov/hearings/oversight-of-library-of-congress-modernization-efforts
330803,Katie Hobbs,Secretary of State,Arizona Department of State,https://www.rules.senate.gov/hearings/emerging-threats-to-election-administration
330803,Michael G. Adams,Secretary of State,Commonwealth of Kentucky,https://www.rules.senate.gov/hearings/emerging-threats-to-election-administration
330803,Al Schmidt,City Commissioner,City of Philadelphia Board of Elections,https://www.rules.senate.gov/hearings/emerging-threats-to-election-administration
330803,Matt Masterson,Non-Resident Fellow,"Internet Observatory, Stanford University",https://www.rules.senate.gov/hearings/emerging-threats-to-election-administration
330803,Wade Henderson,Interim President and CEO,The Leadership Conference on Civil and Human Rights,https://www.rules.senate.gov/hearings/emerging-threats-to-election-administration
330746,Brian McKeon,Deputy Secretary of State for Management and Resources,U.S. Department of State,https://www.foreign.senate.gov/hearings/the-state-of-the-state-of-department-and-state-department-authorization102720
330829,Ian Brzezinski,Senior Fellow,Atlantic Council,https://www.foreign.senate.gov/hearings/black-sea-security-reviving-us-policy-toward-the-region102721
330829,Alina Polyakova,President and CEO,Center for European Policy Analysis,https://www.foreign.senate.gov/hearings/black-sea-security-reviving-us-policy-toward-the-region102721
330829,Jim Townsend,Adjunct Senior Fellow,Center for a New American Security,https://www.foreign.senate.gov/hearings/black-sea-security-reviving-us-policy-toward-the-region102721
330804,Lois Greisman,Associate Director,"Bureau of Consumer Protection, Federal Trade Commission",https://www.aging.senate.gov/hearings/frauds-scams-and-covid-19-how-con-artists-have-targeted-older-americans-during-the-pandemic
330804,Odette Williamson,Staff Attorney,National Consumer Law Center,https://www.aging.senate.gov/hearings/frauds-scams-and-covid-19-how-con-artists-have-targeted-older-americans-during-the-pandemic
330804,Vee Daniel,President and CEO,Better Business Bureau serving Upstate South Carolina,https://www.aging.senate.gov/hearings/frauds-scams-and-covid-19-how-con-artists-have-targeted-older-americans-during-the-pandemic
330804,Kate Kleinert,Scam Survivor,,https://www.aging.senate.gov/hearings/frauds-scams-and-covid-19-how-con-artists-have-targeted-older-americans-during-the-pandemic
330783,Joan Polaschik,Deputy Director,Foreign Service Institute,https://www.foreign.senate.gov/hearings/training-the-department-of-states-workforce-for-21st-century-diplomacy-110221
330783,Joshua Marcuse,Former Executive Director,"Defense Innovation Board, Co-founder and Chairman of NGO – Globally",https://www.foreign.senate.gov/hearings/training-the-department-of-states-workforce-for-21st-century-diplomacy-110221
330783,David Miller Jr.,President,U.S. Diplomatic Studies Foundation,https://www.foreign.senate.gov/hearings/training-the-department-of-states-workforce-for-21st-century-diplomacy-110221
331023,Bridget Meehan Brennan,to be United States District Judge for the Northern District of Ohio,,https://www.judiciary.senate.gov/committee-activity/hearings/11/17/2021/nominations
331023,John H. Chun,to be United States District Judge for the Western District of Washington,,https://www.judiciary.senate.gov/committee-activity/hearings/11/17/2021/nominations
331023,Charles Esque Fleming,to be United States District Judge for the Northern District of Ohio,,https://www.judiciary.senate.gov/committee-activity/hearings/11/17/2021/nominations
331023,David Augustin Ruiz,to be United States District Judge for the Northern District of Ohio,,https://www.judiciary.senate.gov/committee-activity/hearings/11/17/2021/nominations
331031,Laurel E. Miller,Director of the Asia Program,International Crisis Group,https://www.foreign.senate.gov/hearings/afghanistan-2001-2021-us-policy-lessons-learned-111721
331031,Ryan Crocker,Nonresident Senior Fellow,Carnegie Endowment for International Peace,https://www.foreign.senate.gov/hearings/afghanistan-2001-2021-us-policy-lessons-learned-111721
331025,John Scott,"Project Director, Retirement Savings Project",The Pew Charitable Trusts,https://www.aging.senate.gov/hearings/a-financially-secure-future-building-a-stronger-retirement-system-for-all-americans
331025,Shai Akabas,Director of Economic Policy,Bipartisan Policy Center,https://www.aging.senate.gov/hearings/a-financially-secure-future-building-a-stronger-retirement-system-for-all-americans
331025,Nari Rhee,Director of Retirement Security Program,University of California at Berkeley Center for Labor Research and Education,https://www.aging.senate.gov/hearings/a-financially-secure-future-building-a-stronger-retirement-system-for-all-americans
331025,J. Spencer Williams,"Founder, President and CEO",Retirement Clearinghouse,https://www.aging.senate.gov/hearings/a-financially-secure-future-building-a-stronger-retirement-system-for-all-americans
331163,Brian A. Nichols,Assistant Secretary of State for Western Hemisphere Affairs,U.S. Department of State,https://www.foreign.senate.gov/hearings/us-policy-on-democracy-in-latin-america-and-the-caribbean-113021
331163,Todd D. Robinson,Assistant Secretary of State for International Narcotics and Law Enforcement Affairs,U.S. Department of State,https://www.foreign.senate.gov/hearings/us-policy-on-democracy-in-latin-america-and-the-caribbean-113021
331170,Leonard Philip Stark,to be United States Circuit Judge for the Federal Circuit,,https://www.judiciary.senate.gov/committee-activity/hearings/11/24/2021/nominations
331170,Victoria Marie Calvert,to be United States District Judge for the Northern District of Georgia,,https://www.judiciary.senate.gov/committee-activity/hearings/11/24/2021/nominations
331170,Jacqueline Scott Corley,to be United States District Judge for the Northern District of California,,https://www.judiciary.senate.gov/committee-activity/hearings/11/24/2021/nominations
331170,Sarah Elisabeth Geraghty,to be United States District Judge for the Northern District of Georgia,,https://www.judiciary.senate.gov/committee-activity/hearings/11/24/2021/nominations
331170,Dale E. Ho,to be United States District Judge for the Southern District of New York,,https://www.judiciary.senate.gov/committee-activity/hearings/11/24/2021/nominations
331170,Katherine Vidal,to be Under Secretary of Commerce for Intellectual Property and Director of the United States Patent and Trademark Office,,https://www.judiciary.senate.gov/committee-activity/hearings/11/24/2021/nominations
331180,Michael Bolton,Inspector General,U.S. Capitol Police,https://www.rules.senate.gov/hearings/oversight-of-the-us-capitol-police-following-the-january-6th-attack-on-the-capitol-part-ii
331187,Victoria Nuland,Under Secretary of State for Political Affairs,U.S. Department of State,https://www.foreign.senate.gov/hearings/update-on-us_russia-policy120721
331204,Daniel Kritenbrink,Assistant Secretary of State for East Asian and Pacific Affairs,U.S. Department of State,https://www.foreign.senate.gov/hearings/the-future-of-us-policy-on-taiwan120821
331204,Ely Ratner,Assistant Secretary of Defense for Indo-Pacific Security Affairs,U.S. Department of Defense,https://www.foreign.senate.gov/hearings/the-future-of-us-policy-on-taiwan120821
331360,J. Thomas Manger,Chief of Police,U.S. Capitol Police,https://www.rules.senate.gov/hearings/oversight-of-the-us-capitol-police-following-the-january-6th-attack-on-the-capitol-part-iii
331520,Matthew Olsen,"Assistant Attorney General, National Security Division",U.S. Department of Justice,https://www.judiciary.senate.gov/committee-activity/hearings/the-domestic-terrorism-threat-one-year-after-january-6
331520,Jill Sanborn,"Executive Assistant Director, National Security Branch",Federal Bureau of Investigation,https://www.judiciary.senate.gov/committee-activity/hearings/the-domestic-terrorism-threat-one-year-after-january-6
331501,Sue Anne Bell,Associate Professor,University of Michigan,https://www.aging.senate.gov/hearings/inclusive-disaster-management-improving-preparedness-response-and-recovery
331501,Wanda Spurlock,"Professor, College of Nursing and Allied Health",Southern University and A&M College,https://www.aging.senate.gov/hearings/inclusive-disaster-management-improving-preparedness-response-and-recovery
331501,Randy Creamer,Vice President,South Carolina Voluntary Organizations Active in Disaster (VOAD),https://www.aging.senate.gov/hearings/inclusive-disaster-management-improving-preparedness-response-and-recovery
331501,Danielle Koerner,Volunteer Management Coordinator,Delaware County Department of Emergency Services,https://www.aging.senate.gov/hearings/inclusive-disaster-management-improving-preparedness-response-and-recovery
331620,Mary Catherine Phee,Assistant Secretary of State for African Affairs,U.S. Department of State,https://www.foreign.senate.gov/hearings/sudans-imperiled-transition-us-policy-in-the-wake-of-the-october-25th-coup-020122
331620,Isobel Coleman,Deputy Administrator,U.S. Agency for International Development,https://www.foreign.senate.gov/hearings/sudans-imperiled-transition-us-policy-in-the-wake-of-the-october-25th-coup-020122
331620,Comfort Ero,President and CEO,International Crisis Group,https://www.foreign.senate.gov/hearings/sudans-imperiled-transition-us-policy-in-the-wake-of-the-october-25th-coup-020122
331620,Joseph Tucker,Senior Expert for the Greater Horn of Africa,United States Institute of Peace,https://www.foreign.senate.gov/hearings/sudans-imperiled-transition-us-policy-in-the-wake-of-the-october-25th-coup-020122
331721,Kenly Kiya Kato,to be United States District Judge for the Central District of California,,https://www.judiciary.senate.gov/committee-activity/hearings/01/25/2022/nominations
331721,Jennifer Louise Rochon,to be United States District Judge for the Southern District of New York,,https://www.judiciary.senate.gov/committee-activity/hearings/01/25/2022/nominations
331721,Sunshine Suzanne Sykes,to be United States District Judge for the Central District of California,,https://www.judiciary.senate.gov/committee-activity/hearings/01/25/2022/nominations
331782,Vivek H. Murthy,"Surgeon General, Office of the Secretary",United States Department of Health and Human Services,https://www.finance.senate.gov/hearings/protecting-youth-mental-health-part-i_-an-advisory-and-call-to-action
331804,Michael Kurilla,"Nominee to be general and Commander, United States Central Command",,https://www.armed-services.senate.gov/hearings/nomination_-kurilla
331809,Graeme Smith,Senior Consultant,International Crisis Group,https://www.foreign.senate.gov/hearings/afghanistan-the-humanitarian-crisis-and-us-response020922
331810,Hina Shamsi,"Director, National Security Project",American Civil Liberties Union,https://www.judiciary.senate.gov/committee-activity/hearings/targeted-killing-and-the-rule-of-law_the-legal-and-human-costs-of-20-years-of-us-drone-strikes
331810,Radhya al-Mutawakel,Chairperson,Mwatana for Human Rights,https://www.judiciary.senate.gov/committee-activity/hearings/targeted-killing-and-the-rule-of-law_the-legal-and-human-costs-of-20-years-of-us-drone-strikes
331810,Stephen Pomper,Chief of Policy,International Crisis Group,https://www.judiciary.senate.gov/committee-activity/hearings/targeted-killing-and-the-rule-of-law_the-legal-and-human-costs-of-20-years-of-us-drone-strikes
331810,John P. Jumper,General (Retired) and Chief of Staff,U.S. Air Force,https://www.judiciary.senate.gov/committee-activity/hearings/targeted-killing-and-the-rule-of-law_the-legal-and-human-costs-of-20-years-of-us-drone-strikes
331810,Nathan A. Sales,Former Ambassador-At-Large and Coordinator for Counterterrorism,U.S. Department of State,https://www.judiciary.senate.gov/committee-activity/hearings/targeted-killing-and-the-rule-of-law_the-legal-and-human-costs-of-20-years-of-us-drone-strikes
331822,Gerri Walsh,Senior Vice President of Investor Education,Financial Industry Regulatory Authority,https://www.aging.senate.gov/hearings/postponed-financial-literacy-addressing-the-unique-just-in-time-decisions-older-americans-and-people-with-disabilities-face
331822,Cindy Hounsell,President and Founder,Women’s Institute for a Secure Retirement,https://www.aging.senate.gov/hearings/postponed-financial-literacy-addressing-the-unique-just-in-time-decisions-older-americans-and-people-with-disabilities-face
331822,Dorothea Bernique,Founder and Executive Director,Increasing H.O.P.E.,https://www.aging.senate.gov/hearings/postponed-financial-literacy-addressing-the-unique-just-in-time-decisions-older-americans-and-people-with-disabilities-face
331822,Patti Szarowicz,Aging & Disability Resource Counselor,"Atlanta Regional Commission, Area Agency on Aging",https://www.aging.senate.gov/hearings/postponed-financial-literacy-addressing-the-unique-just-in-time-decisions-older-americans-and-people-with-disabilities-face
331881,Gabriel Escobar,Special Representative for the Western Balkans Deputy Assistant Secretary of State for European and Eurasian Affairs,U.S. Department of State,https://www.foreign.senate.gov/hearings/western-balkans-supporting-peace-and-prosperity021622
331881,Lisa Magno,Deputy Assistant Administrator for the Bureau for Europe and Eurasia,U.S. Agency for International Development,https://www.foreign.senate.gov/hearings/western-balkans-supporting-peace-and-prosperity021622
331884,Gabriel Escobar,Special Representative for the Western Balkans Deputy Assistant Secretary of State for European and Eurasian Affairs,U.S. Department of State,https://www.foreign.senate.gov/hearings/western-balkans-supporting-peace-and-prosperity021622
331884,Lisa Magno,Deputy Assistant Administrator for the Bureau for Europe and Eurasia,U.S. Agency for International Development,https://www.foreign.senate.gov/hearings/western-balkans-supporting-peace-and-prosperity021622
331972,Donald Lu,Assistant Secretary of State for South Asian Affairs,U.S. Department of State,https://www.foreign.senate.gov/hearings/us-policy-towards-india030222
332002,Kristen Clarke,Assistant Attorney General,Department of Justice,https://www.judiciary.senate.gov/committee-activity/hearings/combating-the-rise-in-hate-crimes
332002,Charlie Cytron-Walker,Congregation Beth Israel,,https://www.judiciary.senate.gov/committee-activity/hearings/combating-the-rise-in-hate-crimes
332002,Walter M. Kimbrough,President,Dillard University,https://www.judiciary.senate.gov/committee-activity/hearings/combating-the-rise-in-hate-crimes
332002,Orlando Martinez,Detective and Hate Crimes Coordinator,Los Angeles Police Department,https://www.judiciary.senate.gov/committee-activity/hearings/combating-the-rise-in-hate-crimes
332002,Elan S. Carr,Former Special Envoy to Monitor and Combat Anti-Semitism,,https://www.judiciary.senate.gov/committee-activity/hearings/combating-the-rise-in-hate-crimes
332002,Maya Berry,"Co-Chair, Leadership Conference on Civil and Human Rights Hate Crimes Task Force","Executive Director, Arab American Institute",https://www.judiciary.senate.gov/committee-activity/hearings/combating-the-rise-in-hate-crimes
332062,Jessica Lewis,Assistant Secretary of State for Political-Military Affairs,U.S. Department of State,https://www.foreign.senate.gov/hearings/examining-us-security-cooperation-and-assistance-031022
332062,Mara Elizabeth Karlin,"Assistant Secretary of Defense for Strategy, Plans and Capabilities",U.S. Department of Defense,https://www.foreign.senate.gov/hearings/examining-us-security-cooperation-and-assistance-031022
332071,Uzra Zeya,"Under Secretary for Civilian Security, Democracy, and Human Rights",U.S. Department of State,https://www.foreign.senate.gov/hearings/combatting-authoritarianism-us-tools-and-responses-031522
332071,Jennifer Hall Godfrey,Senior Official for Public Diplomacy and Public Affairs,U.S. Department of State,https://www.foreign.senate.gov/hearings/combatting-authoritarianism-us-tools-and-responses-031522
332071,Anne Applebaum,"Atlantic Magazine Staff Writer, Senior Fellow at the SNF Agora Institute",Johns Hopkins University,https://www.foreign.senate.gov/hearings/combatting-authoritarianism-us-tools-and-responses-031522
332071,Daniel Twining,President,International Republican Institute,https://www.foreign.senate.gov/hearings/combatting-authoritarianism-us-tools-and-responses-031522
332080,Terry Rauch,Acting Deputy Assistant Secretary of Defense for Health Readiness Policy and Oversight,,https://www.armed-services.senate.gov/hearings/to-receive-testimony-on-the-health-effects-of-exposure-to-airborne-hazards-including-toxic-fumes-from-burn-pits
332080,Raul Mirza,Division Chief of Occupational and Environmental Medicine Clinical Public Health and Epidemiology U.S. Army Public Health Center,,https://www.armed-services.senate.gov/hearings/to-receive-testimony-on-the-health-effects-of-exposure-to-airborne-hazards-including-toxic-fumes-from-burn-pits
332080,Adam Newell,Chief of Medical Readiness Air Force Medical Readiness Agency,,https://www.armed-services.senate.gov/hearings/to-receive-testimony-on-the-health-effects-of-exposure-to-airborne-hazards-including-toxic-fumes-from-burn-pits
332080,Brian Feldman,"Commander, Navy and Marine Corps Public Health Center",,https://www.armed-services.senate.gov/hearings/to-receive-testimony-on-the-health-effects-of-exposure-to-airborne-hazards-including-toxic-fumes-from-burn-pits
332080,Anthony Szema,"Director, International Center of Excellence in Deployment Health and Medical Geosciences, Northwell Health Foundation",,https://www.armed-services.senate.gov/hearings/to-receive-testimony-on-the-health-effects-of-exposure-to-airborne-hazards-including-toxic-fumes-from-burn-pits
332080,Tom Porter,"Executive Vice President, Government Affairs Iraq and Afghanistan Veterans of America",,https://www.armed-services.senate.gov/hearings/to-receive-testimony-on-the-health-effects-of-exposure-to-airborne-hazards-including-toxic-fumes-from-burn-pits
332080,Rosie Torres,Executive Director Burn Pits 360,,https://www.armed-services.senate.gov/hearings/to-receive-testimony-on-the-health-effects-of-exposure-to-airborne-hazards-including-toxic-fumes-from-burn-pits
332080,Steven Patterson,"Former Environmental Science Officer, Combined Joint Task Force 101 Headquarters, Afghanistan, 2008-2009",,https://www.armed-services.senate.gov/hearings/to-receive-testimony-on-the-health-effects-of-exposure-to-airborne-hazards-including-toxic-fumes-from-burn-pits
332090,Lori Trawinski,Director of Finance and Employment,AARP Public Policy Institute,https://www.aging.senate.gov/hearings/unbanked-and-credit-invisible-building-financial-inclusion-for-americas-underserved-populations
332090,Stephen Gilchrist,Chairman and CEO,South Carolina African American Chamber of Commerce,https://www.aging.senate.gov/hearings/unbanked-and-credit-invisible-building-financial-inclusion-for-americas-underserved-populations
332090,Kai Stinchcombe,CEO,True Link Financial,https://www.aging.senate.gov/hearings/unbanked-and-credit-invisible-building-financial-inclusion-for-americas-underserved-populations
332090,Shelley Jaspering,Disability Advocate,,https://www.aging.senate.gov/hearings/unbanked-and-credit-invisible-building-financial-inclusion-for-americas-underserved-populations
332119,Lori Trawinski,Director of Finance and Employment,AARP Public Policy Institute,https://www.aging.senate.gov/hearings/unbanked-and-credit-invisible-building-financial-inclusion-for-americas-underserved-populations
332119,Stephen Gilchrist,Chairman and CEO,South Carolina African American Chamber of Commerce,https://www.aging.senate.gov/hearings/unbanked-and-credit-invisible-building-financial-inclusion-for-americas-underserved-populations
332119,Kai Stinchcombe,CEO,True Link Financial,https://www.aging.senate.gov/hearings/unbanked-and-credit-invisible-building-financial-inclusion-for-americas-underserved-populations
332119,Shelley Jaspering,Disability Advocate,,https://www.aging.senate.gov/hearings/unbanked-and-credit-invisible-building-financial-inclusion-for-americas-underserved-populations
332142,Melissa Dalton,Assistant Secretary of Defense for Homeland Defense And Hemispheric Affairs,,https://www.armed-services.senate.gov/hearings/to-receive-testimony-on-strategic-competition-and-security-cooperation-in-the-western-hemisphere
332142,James Saenz,Deputy Assistant Secretary of Defense for Counternarcotics and Stabilization Policy,,https://www.armed-services.senate.gov/hearings/to-receive-testimony-on-strategic-competition-and-security-cooperation-in-the-western-hemisphere
332142,Frank Bradfield III,"Deputy Director for Political-Military Affairs (Western Hemisphere) Strategy, Plans, and Policy Directorate (J5)",,https://www.armed-services.senate.gov/hearings/to-receive-testimony-on-strategic-competition-and-security-cooperation-in-the-western-hemisphere
332203,Bobak Talebian,"Director, Office of Information Policy",U.S. Department of Justice,https://www.judiciary.senate.gov/committee-activity/hearings/the-freedom-of-information-act-improving-transparency-and-the-american-publics-right-to-know-for-the-21st-century
332203,Alina M. Semo,"Director, Office of Government Information Services",National Archives and Records Administration,https://www.judiciary.senate.gov/committee-activity/hearings/the-freedom-of-information-act-improving-transparency-and-the-american-publics-right-to-know-for-the-21st-century
332203,James R. McTigue Jr.,"Director, Strategic Issues",Government Accountability Office,https://www.judiciary.senate.gov/committee-activity/hearings/the-freedom-of-information-act-improving-transparency-and-the-american-publics-right-to-know-for-the-21st-century
332175,Shalanda D. Young,Director,Office of Management and Budget,https://www.budget.senate.gov/hearings/the-presidents-fiscal-year-2023-budget-proposal
332177,Lonnie G. Bunch III,Secretary,Smithsonian Institution,https://www.rules.senate.gov/hearings/oversight-of-the-smithsonian-institution
332178,Maria Ressa,2021 Nobel Peace Prize Laureate,Co-founder of Rappler,https://www.foreign.senate.gov/hearings/the-assault-on-freedom-of-expression-in-asia-033022
332178,Joey Siu,Policy Advisor,Hong Kong Watch,https://www.foreign.senate.gov/hearings/the-assault-on-freedom-of-expression-in-asia-033022
332178,Sarah Cook,"Research Director for China, Hong Kong, and Taiwan",Freedom House,https://www.foreign.senate.gov/hearings/the-assault-on-freedom-of-expression-in-asia-033022
332185,Lisa Harootunian,Associate Director,"Health Program, Bipartisan Policy Center",https://www.aging.senate.gov/hearings/an-economy-that-cares-the-importance-of-home-based-services
332185,Anne Tumlinson,CEO,"ATI Advisory and Founder, Daughterhood",https://www.aging.senate.gov/hearings/an-economy-that-cares-the-importance-of-home-based-services
332185,Brandon Kingsmore,"Disability Advocate, Public Speaker","Accompanied by Ms. Lynn Weidner, Home Care Worker, United Homecare Workers of Pennsylvania - SEIU Healthcare PA",https://www.aging.senate.gov/hearings/an-economy-that-cares-the-importance-of-home-based-services
332185,Alene Shaheed,Home Care Recipient and former Florida Health Justice Project Client,,https://www.aging.senate.gov/hearings/an-economy-that-cares-the-importance-of-home-based-services
332188,Kerri Hannan,"Deputy Assistant Secretary for Public Diplomacy, Policy, Planning, and Coordination","Bureau of Western Hemisphere Affairs, U.S. Department of State",https://www.foreign.senate.gov/hearings/chinas-role-in-latin-america-and-the-caribbean-033122
332188,Peter Natiello,"Senior Deputy Assistant Administrator, Latin America and Caribbean Bureau",U.S. Agency for International Development,https://www.foreign.senate.gov/hearings/chinas-role-in-latin-america-and-the-caribbean-033122
332188,Andrew M. Herscowitz,Chief Development Officer,U.S. International Development Finance Corporation,https://www.foreign.senate.gov/hearings/chinas-role-in-latin-america-and-the-caribbean-033122
332188,Margaret Myers,Director of the Asia & Latin America Program,Inter-American Dialogue,https://www.foreign.senate.gov/hearings/chinas-role-in-latin-america-and-the-caribbean-033122
332188,Evan Ellis,Senior Associate,Center for Strategic and International Studies,https://www.foreign.senate.gov/hearings/chinas-role-in-latin-america-and-the-caribbean-033122
332221,Xavier Becerra,Secretary,United States Department of Health and Human Services,https://www.finance.senate.gov/hearings/the-presidents-fiscal-year-2023-health-and-human-services-budget
332247,Heidi Shyu,Under Secretary of Defense for Research and Engineering,,https://www.armed-services.senate.gov/hearings/to-receive-testimony-on-the-department-of-defenses-posture-for-supporting-and-fostering-innovation
332247,Stefanie Tompkins,"Director, Defense Advanced Research Projects Agency",,https://www.armed-services.senate.gov/hearings/to-receive-testimony-on-the-department-of-defenses-posture-for-supporting-and-fostering-innovation
332247,Michael Brown,"Director, Defense Innovation Unit",,https://www.armed-services.senate.gov/hearings/to-receive-testimony-on-the-department-of-defenses-posture-for-supporting-and-fostering-innovation
332249,Beth Zimmer Carter,,,https://www.armed-services.senate.gov/hearings/to-receive-testimony-on-suicide-prevention-and-related-behavioral-health-interventions-in-the-department-of-defense
332249,Karin Orvis,"Director, Defense Suicide Prevention Office Department of Defense",,https://www.armed-services.senate.gov/hearings/to-receive-testimony-on-suicide-prevention-and-related-behavioral-health-interventions-in-the-department-of-defense
332249,Richard Mooney,Acting Deputy Assistant Secretary of Defense for Health Services Policy and Oversight Department of Defense,,https://www.armed-services.senate.gov/hearings/to-receive-testimony-on-suicide-prevention-and-related-behavioral-health-interventions-in-the-department-of-defense
332249,Michael Roark,"Deputy Inspector General, Evaluations Component Department of Defense",,https://www.armed-services.senate.gov/hearings/to-receive-testimony-on-suicide-prevention-and-related-behavioral-health-interventions-in-the-department-of-defense
332249,Brenda Farrell,"Director, Defense Capabilities and Management Government Accountability Office",,https://www.armed-services.senate.gov/hearings/to-receive-testimony-on-suicide-prevention-and-related-behavioral-health-interventions-in-the-department-of-defense
332249,Chris Ford,Chief Executive Officer Stop Soldier Suicide,,https://www.armed-services.senate.gov/hearings/to-receive-testimony-on-suicide-prevention-and-related-behavioral-health-interventions-in-the-department-of-defense
332249,P. Murali Doraiswamy,Professor of Psychiatry and Medicine Duke University School of Medicine,,https://www.armed-services.senate.gov/hearings/to-receive-testimony-on-suicide-prevention-and-related-behavioral-health-interventions-in-the-department-of-defense
332249,Craig Bryan,"Director, Division of Recovery and Resilience and Suicide Prevention Program The Ohio State University College of Medicine",,https://www.armed-services.senate.gov/hearings/to-receive-testimony-on-suicide-prevention-and-related-behavioral-health-interventions-in-the-department-of-defense
332250,Richard Visek,"Acting Legal Adviser, Office of the Legal Adviser",U.S. Department of State,https://www.foreign.senate.gov/hearings/treaties-040622
332250,John Thompson,"Deputy Assistant Secretary for Environment, Bureau of Oceans and International Environmental and Scientific Affairs",U.S. Department of State,https://www.foreign.senate.gov/hearings/treaties-040622
332250,Vaughn Ary,Director of the Office of International Affairs,Department of Justice,https://www.foreign.senate.gov/hearings/treaties-040622
332250,Jim Sousa,President of the American Tunaboat Association,Director at GS Fisheries,https://www.foreign.senate.gov/hearings/treaties-040622
332250,Stephen Yurek,President and CEO,"Air-Conditioning, Heating and Refrigeration Institute (AHRI)",https://www.foreign.senate.gov/hearings/treaties-040622
332367,Frederick Stefany,"Performing the Duties of Assistant Secretary of the Navy for Research, Development, and Acquisition",,https://www.armed-services.senate.gov/hearings/to-receive-testimony-on-navy-and-marine-corps-investment-programs-in-review-of-the-defense-authorization-request-for-fiscal-year-2023-and-the-future-years-defense-program
332367,Scott Conn,Deputy Chief of Naval Operations for Warfighting Requirements and Capabilities,,https://www.armed-services.senate.gov/hearings/to-receive-testimony-on-navy-and-marine-corps-investment-programs-in-review-of-the-defense-authorization-request-for-fiscal-year-2023-and-the-future-years-defense-program
332367,Karsten Heckl,Deputy Commandant for Combat Development and Integration,,https://www.armed-services.senate.gov/hearings/to-receive-testimony-on-navy-and-marine-corps-investment-programs-in-review-of-the-defense-authorization-request-for-fiscal-year-2023-and-the-future-years-defense-program
332381,Ellen M. Lord,Former Under Secretary of Defense for Acquisition and Sustainment,,https://www.armed-services.senate.gov/hearings/to-receive-testimony-on-the-health-of-the-defense-industrial-base
332381,David J. Berteau,President and Chief Executive Officer Professional Services Council,,https://www.armed-services.senate.gov/hearings/to-receive-testimony-on-the-health-of-the-defense-industrial-base
332392,Jon A. Hill,Director,Missile Defense Agency,https://www.appropriations.senate.gov/hearings/a-review-of-the-presidents-fiscal-year-2023-funding-request-and-budget-justification-for-the-missile-defense-agency
332366,Gilbert Cisneros Jr.,Under Secretary of Defense for Personnel and Readiness,,https://www.armed-services.senate.gov/hearings/to-receive-testimony-on-military-and-civilian-personnel-programs-in-the-department-of-defense-in-review-of-the-defense-authorization-request-for-fiscal-year-2023-and-the-future-years-defense-program
332366,Virginia Penrod,Acting Assistant Secretary of Defense for Manpower and Reserve Affairs,,https://www.armed-services.senate.gov/hearings/to-receive-testimony-on-military-and-civilian-personnel-programs-in-the-department-of-defense-in-review-of-the-defense-authorization-request-for-fiscal-year-2023-and-the-future-years-defense-program
332366,David Smith,Performing the Duties of Assistant Secretary of Defense for Health Affairs,,https://www.armed-services.senate.gov/hearings/to-receive-testimony-on-military-and-civilian-personnel-programs-in-the-department-of-defense-in-review-of-the-defense-authorization-request-for-fiscal-year-2023-and-the-future-years-defense-program
332366,Elizabeth Foster,Executive Director of Force Resiliency,,https://www.armed-services.senate.gov/hearings/to-receive-testimony-on-military-and-civilian-personnel-programs-in-the-department-of-defense-in-review-of-the-defense-authorization-request-for-fiscal-year-2023-and-the-future-years-defense-program
332366,Gary Brito,"Deputy Chief of Staff, G-1 United States Army",,https://www.armed-services.senate.gov/hearings/to-receive-testimony-on-military-and-civilian-personnel-programs-in-the-department-of-defense-in-review-of-the-defense-authorization-request-for-fiscal-year-2023-and-the-future-years-defense-program
332366,John Nowell,Chief of Naval Personnel United States Navy,,https://www.armed-services.senate.gov/hearings/to-receive-testimony-on-military-and-civilian-personnel-programs-in-the-department-of-defense-in-review-of-the-defense-authorization-request-for-fiscal-year-2023-and-the-future-years-defense-program
332366,David Ottignon,Deputy Commandant for Manpower and Reserve Affairs United States Marine Corps,,https://www.armed-services.senate.gov/hearings/to-receive-testimony-on-military-and-civilian-personnel-programs-in-the-department-of-defense-in-review-of-the-defense-authorization-request-for-fiscal-year-2023-and-the-future-years-defense-program
332366,Gwendolyn Defilippi,"Acting Deputy Chief of Staff for Manpower, Personnel and Services United States Air Force",,https://www.armed-services.senate.gov/hearings/to-receive-testimony-on-military-and-civilian-personnel-programs-in-the-department-of-defense-in-review-of-the-defense-authorization-request-for-fiscal-year-2023-and-the-future-years-defense-program
332366,Patricia Mulcahy,Deputy Chief of Space Operations for Personnel United States Space Force,,https://www.armed-services.senate.gov/hearings/to-receive-testimony-on-military-and-civilian-personnel-programs-in-the-department-of-defense-in-review-of-the-defense-authorization-request-for-fiscal-year-2023-and-the-future-years-defense-program
332384,Jonathan P. Braga,"Commanding General, United States Army Special Operations Command",,https://www.armed-services.senate.gov/hearings/to-receive-testimony-on-united-states-special-operations-commands-efforts-to-sustain-the-readiness-of-special-operations-forces-and-transform-the-force-for-future-security-challenges
332384,James C. Slife,"Commander, Air Force Special Operations Command",,https://www.armed-services.senate.gov/hearings/to-receive-testimony-on-united-states-special-operations-commands-efforts-to-sustain-the-readiness-of-special-operations-forces-and-transform-the-force-for-future-security-challenges
332384,Hugh W. Howard III,"Commander, Naval Special Warfare Command",,https://www.armed-services.senate.gov/hearings/to-receive-testimony-on-united-states-special-operations-commands-efforts-to-sustain-the-readiness-of-special-operations-forces-and-transform-the-force-for-future-security-challenges
332384,James F. Glynn,"Commander, United States Marine Forces Special Operations Command",,https://www.armed-services.senate.gov/hearings/to-receive-testimony-on-united-states-special-operations-commands-efforts-to-sustain-the-readiness-of-special-operations-forces-and-transform-the-force-for-future-security-challenges
332391,Antony Blinken,Secretary,U.S. Department of State,https://www.appropriations.senate.gov/hearings/review-of-the-fiscal-year-2023-budget-request-for-the-us-department-of-state
332389,Robert Califf,Commissioner,Food and Drug Administration,https://www.appropriations.senate.gov/hearings/a-review-of-the-presidents-fiscal-year-2023-budget-request-for-the-food-and-drug-administration
332403,Lloyd J. Austin,Secretary,Defense,https://www.appropriations.senate.gov/hearings/a-review-of-the-presidents-fiscal-year-2023-funding-request-and-budget-justification-for-the-department-of-defense
332403,Mark A. Milley,Chairman,Joint Chiefs of Staff,https://www.appropriations.senate.gov/hearings/a-review-of-the-presidents-fiscal-year-2023-funding-request-and-budget-justification-for-the-department-of-defense
332405,Amanda Frost,Ann Loeb Bronfman Distinguished Professor of Law and Government,American University Washington College of Law,https://www.judiciary.senate.gov/committee-activity/hearings/an-ethical-judiciary-transparency-and-accountability-for-21st-century-courts
332405,Kedric Payne,"Vice President, General Counsel, & Senior Director of Ethics",Campaign Legal Center,https://www.judiciary.senate.gov/committee-activity/hearings/an-ethical-judiciary-transparency-and-accountability-for-21st-century-courts
332405,Abby Wood,"Professor of Law, Political Science and Public Policy",University of Southern California Gould School of Law,https://www.judiciary.senate.gov/committee-activity/hearings/an-ethical-judiciary-transparency-and-accountability-for-21st-century-courts
332405,Thomas H. Dupree Jr.,Partner and Co-Chair of the Appellate and Constitutional Law Practice Group,"Gibson, Dunn & Crutcher",https://www.judiciary.senate.gov/committee-activity/hearings/an-ethical-judiciary-transparency-and-accountability-for-21st-century-courts
332405,Jennifer Mascott,Assistant Professor of Law & Co-Executive Director of the C. Boyden Gray Center,Antonin Scalia Law School,https://www.judiciary.senate.gov/committee-activity/hearings/an-ethical-judiciary-transparency-and-accountability-for-21st-century-courts
332406,Charles P. Rettig,Commissioner,Internal Revenue Service,https://www.appropriations.senate.gov/hearings/the-fiscal-year-2023-budget-request-from-the-u-s-internal-revenue-service
332407,Bill Nelson,Administrator,National Aeronautics and Space Administration,https://www.appropriations.senate.gov/hearings/a-review-of-the-presidents-fiscal-year-2023-funding-request-for-the-national-aeronautics-and-space-administration-and-the-national-science-foundation
332407,Sethuraman Panchanathan,Director,National Science Foundation,https://www.appropriations.senate.gov/hearings/a-review-of-the-presidents-fiscal-year-2023-funding-request-for-the-national-aeronautics-and-space-administration-and-the-national-science-foundation
332418,Brian McKeon,Deputy Secretary of State for Management and Resources,U.S. Department of State,https://www.foreign.senate.gov/hearings/state-department-authorization-strengthening-us-diplomacy-for-the-21st-century050322
332446,Andrew Moore,Vice President and Director of Google Cloud Artificial Intelligence Google Corporation,,https://www.armed-services.senate.gov/hearings/to-receive-testimony-on-artificial-intelligence-applications-to-operations-in-cyberspace
332446,Eric Horvitz,Technical Fellow and Chief Scientific Officer Microsoft Corporation,,https://www.armed-services.senate.gov/hearings/to-receive-testimony-on-artificial-intelligence-applications-to-operations-in-cyberspace
332446,Andrew Lohn,Senior Fellow Center for Security and Emerging Technology Georgetown University,,https://www.armed-services.senate.gov/hearings/to-receive-testimony-on-artificial-intelligence-applications-to-operations-in-cyberspace
332408,Jennifer Granholm,Secretary,U.S. Department of Energy,https://www.appropriations.senate.gov/hearings/a-review-of-the-fiscal-year-2023-budget-submission-for-the-us-department-of-energy
332414,Randy Moore,Chief,U.S. Forest Service,https://www.appropriations.senate.gov/hearings/-a-review-of-the-fiscal-year-2023-presidents-budget-for-the-us-forest-service
332416,Jennifer Granholm,Secretary,U.S. Department of Energy,https://www.appropriations.senate.gov/hearings/a-review-of-the-fiscal-year-2023-budget-submission-for-the-us-department-of-energy
332417,Jennifer Granholm,Secretary,U.S. Department of Energy,https://www.appropriations.senate.gov/hearings/a-review-of-the-fiscal-year-2023-budget-submission-for-the-us-department-of-energy
332445,Jill Hruby,"Under Secretary of Energy for Nuclear Security Administrator, National Nuclear Security Administration",,https://www.armed-services.senate.gov/hearings/to-receive-testimony-on-the-nuclear-weapons-council
332445,Heidi Shyu,Under Secretary of Defense for Research and Engineering,,https://www.armed-services.senate.gov/hearings/to-receive-testimony-on-the-nuclear-weapons-council
332445,William LaPlante,Under Secretary of Defense for Acquisition and Sustainment,,https://www.armed-services.senate.gov/hearings/to-receive-testimony-on-the-nuclear-weapons-council
332445,John Plumb,Assistant Secretary of Defense for Space Policy,,https://www.armed-services.senate.gov/hearings/to-receive-testimony-on-the-nuclear-weapons-council
332445,Christopher Grady,Vice Chairman of the Joint Chiefs of Staff,,https://www.armed-services.senate.gov/hearings/to-receive-testimony-on-the-nuclear-weapons-council
332445,Charles Richard,"Commander, United States Strategic Command",,https://www.armed-services.senate.gov/hearings/to-receive-testimony-on-the-nuclear-weapons-council
332473,Christine E. Wormuth,Secretary,Army,https://www.appropriations.senate.gov/hearings/a-review-of-the-presidents-fiscal-year-2023-funding-request-and-budget-justification-for-the-department-of-the-army
332473,James C. McConville,Chief of Staff,Army,https://www.appropriations.senate.gov/hearings/a-review-of-the-presidents-fiscal-year-2023-funding-request-and-budget-justification-for-the-department-of-the-army
332475,Christine E. Wormuth,Secretary,Army,https://www.appropriations.senate.gov/hearings/a-review-of-the-presidents-fiscal-year-2023-funding-request-and-budget-justification-for-the-department-of-the-army
332475,James C. McConville,Chief of Staff,Army,https://www.appropriations.senate.gov/hearings/a-review-of-the-presidents-fiscal-year-2023-funding-request-and-budget-justification-for-the-department-of-the-army
332485,Frederick Stefany,"Principal Civilian Deputy Assistant Secretary of the Navy for Research, Development, and Acquisition",,https://www.armed-services.senate.gov/hearings/to-receive-testimony-on-the-shipyard-infrastructure-optimization-program
332485,William Galinis,"Commander, Naval Sea Systems Command",,https://www.armed-services.senate.gov/hearings/to-receive-testimony-on-the-shipyard-infrastructure-optimization-program
332485,Troy McClelland,"Program Executive Officer, Industrial Infrastructure",,https://www.armed-services.senate.gov/hearings/to-receive-testimony-on-the-shipyard-infrastructure-optimization-program
332485,Diana Maurer,"Director, Defense Capabilities and Management Government Accountability Office",,https://www.armed-services.senate.gov/hearings/to-receive-testimony-on-the-shipyard-infrastructure-optimization-program
332486,Douglas Bush,"Assistant Secretary of the Army for Acquisition, Logistics and Technology",,https://www.armed-services.senate.gov/hearings/to-receive-testimony-on-army-modernization-in-review-of-the-defense-authorization-request-for-fiscal-year-2023-and-the-future-years-defense-program-
332486,James Richardson,"Deputy Commanding General, United States Army Futures Command",,https://www.armed-services.senate.gov/hearings/to-receive-testimony-on-army-modernization-in-review-of-the-defense-authorization-request-for-fiscal-year-2023-and-the-future-years-defense-program-
332486,Christopher Grice,"Director of Materiel, G-8",,https://www.armed-services.senate.gov/hearings/to-receive-testimony-on-army-modernization-in-review-of-the-defense-authorization-request-for-fiscal-year-2023-and-the-future-years-defense-program-
332471,J. Brett Blanton,Architect,Architect of the Capitol,https://www.appropriations.senate.gov/hearings/a-review-of-the-fiscal-year-2023-budget-requests-of-the-architect-of-the-capitol-the-senate-sergeant-at-arms-and-the-congressional-budget-office
332471,Karen Gibson,Senate Sergeant at Arms and Doorkeeper of the Senate,,https://www.appropriations.senate.gov/hearings/a-review-of-the-fiscal-year-2023-budget-requests-of-the-architect-of-the-capitol-the-senate-sergeant-at-arms-and-the-congressional-budget-office
332471,Phillip Swagel,Director,Congressional Budget Office,https://www.appropriations.senate.gov/hearings/a-review-of-the-fiscal-year-2023-budget-requests-of-the-architect-of-the-capitol-the-senate-sergeant-at-arms-and-the-congressional-budget-office
332474,Elizabeth Fowler,Acting Director,Indian Health Service,https://www.appropriations.senate.gov/hearings/a-review-of-the-fiscal-year-2023-presidents-budget-for-the-indian-health-service-
332484,Tom Frieden,President and CEO,Resolve to Save Lives,https://www.appropriations.senate.gov/hearings/the-global-food-security-and-covid-19-crises-us-response-and-policy-options
332484,Atul Gawande,Assistant Administrator for Global Health,USAID,https://www.appropriations.senate.gov/hearings/the-global-food-security-and-covid-19-crises-us-response-and-policy-options
332484,Michael Ryan,Executive Director,WHO Health Emergencies Programme,https://www.appropriations.senate.gov/hearings/the-global-food-security-and-covid-19-crises-us-response-and-policy-options
332484,David Beasley,Executive Director,World Food Programme,https://www.appropriations.senate.gov/hearings/the-global-food-security-and-covid-19-crises-us-response-and-policy-options
332484,Tjada D’Oyen McKenna,Chief Executive Officer,Mercy Corps,https://www.appropriations.senate.gov/hearings/the-global-food-security-and-covid-19-crises-us-response-and-policy-options
332484,Akinwumi Adesina,President,African Development Bank,https://www.appropriations.senate.gov/hearings/the-global-food-security-and-covid-19-crises-us-response-and-policy-options
332487,John Plumb,Assistant Secretary of Defense for Space Policy,,https://www.armed-services.senate.gov/hearings/to-receive-testimony-on-the-united-states-space-force-programs-in-review-of-the-defense-authorization-request-for-fiscal-year-2023-and-the-future-years-defense-program
332487,Frank Calvelli,Assistant Secretary of the Air Force for Space Acquisition and Integration,,https://www.armed-services.senate.gov/hearings/to-receive-testimony-on-the-united-states-space-force-programs-in-review-of-the-defense-authorization-request-for-fiscal-year-2023-and-the-future-years-defense-program
332487,David Thompson,Vice Chief of Space Operations,,https://www.armed-services.senate.gov/hearings/to-receive-testimony-on-the-united-states-space-force-programs-in-review-of-the-defense-authorization-request-for-fiscal-year-2023-and-the-future-years-defense-program
332488,Samantha Power,Administrator,U.S. Agency for International Development,https://www.foreign.senate.gov/hearings/review-of-the-fy-2023-usaid-budget-request
332483,Marcia Fudge,Secretary,Department of Housing and Urban Development,https://www.appropriations.senate.gov/hearings/a-review-of-the-presidents-fy-2023-funding-request-and-budget-justification-for-the-us-department-of-housing-and-urban-development
332523,Jessica Lewis,Assistant Secretary of State for Political-Military Affairs,U.S. Department of State,https://www.foreign.senate.gov/hearings/us-efforts-to-support-ukraine-against-russian-aggression-051222
332523,Erin McKee,Assistant Administrator for Europe and Eurasia,U.S. Agency for International Development,https://www.foreign.senate.gov/hearings/us-efforts-to-support-ukraine-against-russian-aggression-051222
332523,Karen Donfried,Assistant Secretary of State for European and Eurasian Affairs,U.S. Department of State,https://www.foreign.senate.gov/hearings/us-efforts-to-support-ukraine-against-russian-aggression-051222
332523,Beth Van Schaack,Ambassador-at-Large for Global Criminal Justice,U.S. Department of State,https://www.foreign.senate.gov/hearings/us-efforts-to-support-ukraine-against-russian-aggression-051222
332529,Frank Kendall,Secretary of the Air Force,Air Force,https://www.appropriations.senate.gov/hearings/a-review-of-the-presidents-fiscal-year-2023-funding-request-and-budget-justification-for-the-air-force-and-space-force
332529,Charles Q. Brown Jr.,Chief of Staff,Air Force,https://www.appropriations.senate.gov/hearings/a-review-of-the-presidents-fiscal-year-2023-funding-request-and-budget-justification-for-the-air-force-and-space-force
332529,John W. Raymond,Chief of Space Operations,,https://www.appropriations.senate.gov/hearings/a-review-of-the-presidents-fiscal-year-2023-funding-request-and-budget-justification-for-the-air-force-and-space-force
332531,David Nahom,Deputy Chief of Staff for Plans and Programs,,https://www.armed-services.senate.gov/hearings/to-receive-testimony-on-modernization-efforts-of-the-department-of-the-air-force-in-review-of-the-defense-authorization-request-for-fiscal-year-2023-and-the-future-years-defense-program
332531,Joseph Guastella,Deputy Chief of Staff for Operations,,https://www.armed-services.senate.gov/hearings/to-receive-testimony-on-modernization-efforts-of-the-department-of-the-air-force-in-review-of-the-defense-authorization-request-for-fiscal-year-2023-and-the-future-years-defense-program
332531,Duke Richardson,"Military Deputy, Office of the Assistant Secretary of the Air Force for Acquisition, Technology, and Logistics",,https://www.armed-services.senate.gov/hearings/to-receive-testimony-on-modernization-efforts-of-the-department-of-the-air-force-in-review-of-the-defense-authorization-request-for-fiscal-year-2023-and-the-future-years-defense-program
332525,Michael Regan,Administrator,Environmental Protection Agency,https://www.appropriations.senate.gov/hearings/a-review-of-the-fiscal-year-2023-presidents-budget-for-the-environmental-protection-agency
332540,Jill Hruby,Under Secretary for Nuclear Security and Administrator,Department of Energy,https://www.appropriations.senate.gov/hearings/a-review-of-the-fiscal-year-2023-budget-submission-for-national-nuclear-security-administration
332540,Marvin L. Adams,Deputy Administrator for Defense Programs,National Nuclear Security Administration,https://www.appropriations.senate.gov/hearings/a-review-of-the-fiscal-year-2023-budget-submission-for-national-nuclear-security-administration
332540,Corey Hinderstein,Deputy Administrator for Defense Nuclear Nonproliferation,National Nuclear Security Administration,https://www.appropriations.senate.gov/hearings/a-review-of-the-fiscal-year-2023-budget-submission-for-national-nuclear-security-administration
332540,James F. (Frank) Caldwell Jr.,"Director, Naval Nuclear Propulsion Program",Department of Energy,https://www.appropriations.senate.gov/hearings/a-review-of-the-fiscal-year-2023-budget-submission-for-national-nuclear-security-administration
332545,David Honey,Deputy Under Secretary of Defense for Research and Engineering,,https://www.armed-services.senate.gov/hearings/to-receive-testimony-on-missile-defense-strategy-policies-and-programs-in-review-of-the-defense-authorization-request-for-fiscal-year-2023-and-the-future-years-defense-program
332545,John Plumb,Assistant Secretary of Defense for Space Policy,,https://www.armed-services.senate.gov/hearings/to-receive-testimony-on-missile-defense-strategy-policies-and-programs-in-review-of-the-defense-authorization-request-for-fiscal-year-2023-and-the-future-years-defense-program
332545,Glen VanHerck,Commander United States Northern Command and North American Aerospace Defense Command,,https://www.armed-services.senate.gov/hearings/to-receive-testimony-on-missile-defense-strategy-policies-and-programs-in-review-of-the-defense-authorization-request-for-fiscal-year-2023-and-the-future-years-defense-program
332545,Jon Hill,Director Missile Defense Agency,,https://www.armed-services.senate.gov/hearings/to-receive-testimony-on-missile-defense-strategy-policies-and-programs-in-review-of-the-defense-authorization-request-for-fiscal-year-2023-and-the-future-years-defense-program
332545,Daniel Karbler,Commanding General United States Army Space and Missile Defense Command,,https://www.armed-services.senate.gov/hearings/to-receive-testimony-on-missile-defense-strategy-policies-and-programs-in-review-of-the-defense-authorization-request-for-fiscal-year-2023-and-the-future-years-defense-program
332552,Leigh M. Chapman,Acting Secretary of the Commonwealth,Pennsylvania Department of State,https://www.rules.senate.gov/hearings/administration-of-upcoming-elections
332552,R. Kyle Ardoin,Louisiana Secretary of State,Louisiana Department of State,https://www.rules.senate.gov/hearings/administration-of-upcoming-elections
332552,Damon Hewitt,President and Executive Director,Lawyers' Committee for Civil Rights Under Law,https://www.rules.senate.gov/hearings/administration-of-upcoming-elections
332552,Wesley Wilcox,Supervisor of Elections,Marion County,https://www.rules.senate.gov/hearings/administration-of-upcoming-elections
332552,Tammy Patrick,Senior Advisor,Democracy Fund,https://www.rules.senate.gov/hearings/administration-of-upcoming-elections
332556,Dana Kennedy,State Director,AARP Arizona,https://www.aging.senate.gov/hearings/no-time-to-wait-proposals-to-lower-prescription-drug-costs
332556,Suganya Karuppana,Chief Medical Officer,Valle del Sol Community Health,https://www.aging.senate.gov/hearings/no-time-to-wait-proposals-to-lower-prescription-drug-costs
332556,Dora Vasquez,Executive Director,Arizona Alliance for Retired Americans,https://www.aging.senate.gov/hearings/no-time-to-wait-proposals-to-lower-prescription-drug-costs
332556,Jenny Peña,Associate Manager - Pharmacy Patient Advocacy,Banner MD Anderson Cancer Center,https://www.aging.senate.gov/hearings/no-time-to-wait-proposals-to-lower-prescription-drug-costs
332556,Judy Wilson,MS Patient,,https://www.aging.senate.gov/hearings/no-time-to-wait-proposals-to-lower-prescription-drug-costs
332566,Christopher A. Wray,Director,Federal Bureau of Investigation,https://www.appropriations.senate.gov/hearings/a-review-of-the-presidents-fiscal-year-2023-funding-request-for-the-federal-bureau-of-investigation
332569,Samantha Power,Administrator,United States Agency for International Development,https://www.appropriations.senate.gov/hearings/review-of-the-fiscal-year-2023-budget-request-for-the-us-agency-for-international-development
332622,Kevin O'Reilly,Summit of the Americas National Coordinator,U.S. Department of State,https://www.foreign.senate.gov/hearings/ninth-summit-of-the-americas052622
332622,Eric Farnsworth,Vice President,Council of the Americas,https://www.foreign.senate.gov/hearings/ninth-summit-of-the-americas052622
332622,Rebecca Bill Chavez,President and CEO,Inter-American Dialogue,https://www.foreign.senate.gov/hearings/ninth-summit-of-the-americas052622
332640,Daniel R. Hokanson,Chief of the National Guard Bureau,,https://www.appropriations.senate.gov/hearings/a-review-of-the-presidents-fiscal-year-2023-funding-request-and-budget-justification-for-the-national-guard-and-reserve
332640,Jody J. Daniels,Chief of the Army Reserve,,https://www.appropriations.senate.gov/hearings/a-review-of-the-presidents-fiscal-year-2023-funding-request-and-budget-justification-for-the-national-guard-and-reserve
332640,John B. Mustin,Chief of the Navy Reserve,,https://www.appropriations.senate.gov/hearings/a-review-of-the-presidents-fiscal-year-2023-funding-request-and-budget-justification-for-the-national-guard-and-reserve
332640,David G. Bellon,Commander,Marine Corps Forces Reserve,https://www.appropriations.senate.gov/hearings/a-review-of-the-presidents-fiscal-year-2023-funding-request-and-budget-justification-for-the-national-guard-and-reserve
332640,Richard W. Scobee,Chief of the Air Force Reserve,,https://www.appropriations.senate.gov/hearings/a-review-of-the-presidents-fiscal-year-2023-funding-request-and-budget-justification-for-the-national-guard-and-reserve
332661,Janet L. Yellen,Secretary,United States Department of the Treasury,https://www.finance.senate.gov/hearings/the-presidents-fiscal-year-2023-budget
332665,Robert A. Pape,Professor of Political Science and Director of the Chicago Project on Security and Threats,University of Chicago,https://www.judiciary.senate.gov/committee-activity/hearings/examining-the-metastasizing-domestic-terrorism-threat-after-the-buffalo-attack
332665,Michael German,"Fellow, Liberty and National Security Program, Brennan Center for Justice","Former Special Agent, Federal Bureau of Investigation",https://www.judiciary.senate.gov/committee-activity/hearings/examining-the-metastasizing-domestic-terrorism-threat-after-the-buffalo-attack
332665,Garnell Whitfield Jr.,,,https://www.judiciary.senate.gov/committee-activity/hearings/examining-the-metastasizing-domestic-terrorism-threat-after-the-buffalo-attack
332665,Justin E. Herdman,Former U.S. Attorney,Northern District of Ohio,https://www.judiciary.senate.gov/committee-activity/hearings/examining-the-metastasizing-domestic-terrorism-threat-after-the-buffalo-attack
332665,Jonathan Turley,Shapiro Professor of Public Interest Law,The George Washington University Law School,https://www.judiciary.senate.gov/committee-activity/hearings/examining-the-metastasizing-domestic-terrorism-threat-after-the-buffalo-attack
332666,Miguel Cardona,Secretary,Department of Education,https://www.appropriations.senate.gov/hearings/hearing-on-the-presidents-fiscal-year-2023-budget-request-for-the-united-states-department-of-education1
332564,Barbara Leaf,Assistant Secretary of State for Near Eastern Affairs,U.S. Department of State,https://www.foreign.senate.gov/hearings/the-path-forward-on-us-syria-policy-strategy-and-accountability-060822
332564,Dana Stroul,Deputy Assistant Secretary of Defense for the Middle East,U.S. Department of Defense,https://www.foreign.senate.gov/hearings/the-path-forward-on-us-syria-policy-strategy-and-accountability-060822
332564,Milena Sterio,The Charles R. Emrick Jr.-Calfee Halter & Griswold Professor of Law & LLM Programs Director,Cleveland-Marshall College of Law,https://www.foreign.senate.gov/hearings/the-path-forward-on-us-syria-policy-strategy-and-accountability-060822
332681,Amos Hochstein,Presidential Coordinator,U.S. Department of State,https://www.foreign.senate.gov/hearings/european-energy-security-americas-role-in-supporting-europes-energy-diversification-agenda060922
332700,Amos Hochstein,Presidential Coordinator,U.S. Department of State,https://www.foreign.senate.gov/hearings/european-energy-security-americas-role-in-supporting-europes-energy-diversification-agenda060922
332576,Wally Adeyemo,Deputy Secretary,Department of the Treasury,https://www.appropriations.senate.gov/hearings/hearing-to-review-the-fiscal-year-2023-budget-request-for-the-treasury-office-of-terrorism-and-financial-intelligence-and-the-treasury-financial-crimes-enforcement-network
332705,Bernard A. Burrola,"Vice President for International, Community, and Economic Engagement",Association of Public and Land-grant Universities (APLU),https://www.judiciary.senate.gov/committee-activity/hearings/strengthening-our-workforce-and-economy-through-higher-education-and-immigration
332705,Dalia Larios,Harvard Radiation Oncology Program,Harvard Medical School,https://www.judiciary.senate.gov/committee-activity/hearings/strengthening-our-workforce-and-economy-through-higher-education-and-immigration
332705,Mia Love,National Outreach Director,"Center for Growth and Opportunity, Utah State University",https://www.judiciary.senate.gov/committee-activity/hearings/strengthening-our-workforce-and-economy-through-higher-education-and-immigration
332708,Martin J. Walsh,Secretary,Department of Labor,https://www.appropriations.senate.gov/hearings/hearing-on-the-presidents-fiscal-year-2023-budget-request-for-the-united-states-department-of-labor
332710,Ernest Willingham,,,https://www.judiciary.senate.gov/committee-activity/hearings/protecting-americas-children-from-gun-violence
332710,Moira A. Szilagyi,President,American Academy of Pediatrics,https://www.judiciary.senate.gov/committee-activity/hearings/protecting-americas-children-from-gun-violence
332710,Jeri L. Williams,"Chief, Phoenix Police Department","President, Major Cities Chiefs Association",https://www.judiciary.senate.gov/committee-activity/hearings/protecting-americas-children-from-gun-violence
332710,Max Schachter,Founder & Chief Executive Officer,Safe Schools for Alex,https://www.judiciary.senate.gov/committee-activity/hearings/protecting-americas-children-from-gun-violence
332710,Amy Swearer,Legal Fellow,The Heritage Foundation,https://www.judiciary.senate.gov/committee-activity/hearings/protecting-americas-children-from-gun-violence
332712,Barry Lynn,Executive Director,Open Markets Institute,https://www.judiciary.senate.gov/committee-activity/hearings/baby-formula-and-beyond-the-impact-of-consolidation-on-families-and-consumers
332712,Ginger Carney,Director of Clinical Nutrition,St. Jude Children’s Research Hospital,https://www.judiciary.senate.gov/committee-activity/hearings/baby-formula-and-beyond-the-impact-of-consolidation-on-families-and-consumers
332712,Scott Lincicome,"Director, General Economics and Herbert A. Stiefel Center for Trade Policy Studies",CATO Institute,https://www.judiciary.senate.gov/committee-activity/hearings/baby-formula-and-beyond-the-impact-of-consolidation-on-families-and-consumers
332712,Jeanette Contreras,Director of Health Policy,National Consumers League,https://www.judiciary.senate.gov/committee-activity/hearings/baby-formula-and-beyond-the-impact-of-consolidation-on-families-and-consumers
332763,Katherine Tai,Ambassador,U.S. Trade Representative,https://www.appropriations.senate.gov/hearings/a-review-of-the-activities-and-fiscal-year-2023-funding-request-of-the-office-of-the-us-trade-representative
332765,Katherine Tai,Ambassador,U.S. Trade Representative,https://www.appropriations.senate.gov/hearings/a-review-of-the-activities-and-fiscal-year-2023-funding-request-of-the-office-of-the-us-trade-representative
332767,Karen Donfried,Assistant Secretary of State for European and Eurasian Affairs,U.S. Department of State,https://www.foreign.senate.gov/hearings/nato-expansion-examining-the-proposed-accession-of-sweden-and-finland
332767,Celeste Wallander,Assistant Secretary of Defense for International Security Affairs,U.S. Department of Defense,https://www.foreign.senate.gov/hearings/nato-expansion-examining-the-proposed-accession-of-sweden-and-finland
332772,Donna Butts,Executive Director,Generations United,https://www.aging.senate.gov/hearings/strengthening-support-for-grandfamilies-during-the-covid-19-pandemic-and-beyond
332772,Kim Clifton,Executive Director,Helping and Lending Outreach Support (HALOS),https://www.aging.senate.gov/hearings/strengthening-support-for-grandfamilies-during-the-covid-19-pandemic-and-beyond
332772,Gail Engel,"Grandparent Caregiver, Founder and Executive Director (accompanied by grandson Bryson Engel)",Grand Family Coalition,https://www.aging.senate.gov/hearings/strengthening-support-for-grandfamilies-during-the-covid-19-pandemic-and-beyond
332772,Ruth Stevens,Grandmother (accompanied by grandson Tamier Mills),,https://www.aging.senate.gov/hearings/strengthening-support-for-grandfamilies-during-the-covid-19-pandemic-and-beyond
332844,Molly Phee,Assistant Secretary of State for African Affairs,U.S. Department of State,https://www.foreign.senate.gov/hearings/instability-and-the-state-of-democracy-in-the-sahel-and-the-us-policy-response071222
332844,Robert Jenkins,"Assistant to the Administrator, Bureau for Conflict Prevention and Stabilization",United States Agency for International Development,https://www.foreign.senate.gov/hearings/instability-and-the-state-of-democracy-in-the-sahel-and-the-us-policy-response071222
332844,Chidi Blyden,Deputy Assistant Secretary of Defense for African Affairs,U.S. Department of Defense,https://www.foreign.senate.gov/hearings/instability-and-the-state-of-democracy-in-the-sahel-and-the-us-policy-response071222
332853,Deb Haaland,Secretary,Department of the Interior,https://www.appropriations.senate.gov/hearings/a-review-of-the-fiscal-year-2023-presidents-budget-for-the-department-of-interior
332862,Andrew C. Adams,"Director, Task Force KleptoCapture",United States Department of Justice,https://www.judiciary.senate.gov/committee-activity/hearings/kleptocapture-aiding-ukraine-through-forfeiture-of-russian-oligarchs-illicit-assets
332862,Adam M. Smith,Partner,"Gibson, Dunn & Crutcher LLP",https://www.judiciary.senate.gov/committee-activity/hearings/kleptocapture-aiding-ukraine-through-forfeiture-of-russian-oligarchs-illicit-assets
332862,Casey Michel,"Adjunct Fellow, Kleptocracy Initiative",Hudson Institute,https://www.judiciary.senate.gov/committee-activity/hearings/kleptocapture-aiding-ukraine-through-forfeiture-of-russian-oligarchs-illicit-assets
332862,Paul B. Stephan,Professor of Law,University of Virginia School of Law,https://www.judiciary.senate.gov/committee-activity/hearings/kleptocapture-aiding-ukraine-through-forfeiture-of-russian-oligarchs-illicit-assets
332863,Sheldon Whitehouse,United States Senator from Rhode Island,U.S. Senate,https://www.rules.senate.gov/hearings/the-disclose-act
332863,Jeff Mangan,Commissioner of Political Practices,State of Montana,https://www.rules.senate.gov/hearings/the-disclose-act
332863,David Keating,President,Institute for Free Speech,https://www.rules.senate.gov/hearings/the-disclose-act
332863,Virginia Kase Solomón,CEO,League of Women Voters,https://www.rules.senate.gov/hearings/the-disclose-act
332863,Daniel I Weiner,Director,"Elections and Government Program, Brennan Center for Justice",https://www.rules.senate.gov/hearings/the-disclose-act
332873,Tammy Duckworth,United States Senator,State of Illinois,https://www.judiciary.senate.gov/committee-activity/hearings/after-the-highland-park-attack-protecting-our-communities-from-mass-shootings
332873,Nancy R. Rotering,Mayor,,https://www.judiciary.senate.gov/committee-activity/hearings/after-the-highland-park-attack-protecting-our-communities-from-mass-shootings
332873,Kyleanne Hunter,Senior Political Scientist,RAND Corporation,https://www.judiciary.senate.gov/committee-activity/hearings/after-the-highland-park-attack-protecting-our-communities-from-mass-shootings
332873,Joseph Blocher,Lanty L. Smith ’67 Professor of Law,Duke University School of Law,https://www.judiciary.senate.gov/committee-activity/hearings/after-the-highland-park-attack-protecting-our-communities-from-mass-shootings
332873,Philip T. Smith,Founder and President,National African American Gun Association,https://www.judiciary.senate.gov/committee-activity/hearings/after-the-highland-park-attack-protecting-our-communities-from-mass-shootings
332873,Russell Bentley,Co-Founder and Senior Analyst,Safe Havens International,https://www.judiciary.senate.gov/committee-activity/hearings/after-the-highland-park-attack-protecting-our-communities-from-mass-shootings
332877,Samantha Power,Administrator,U.S. Agency for International Development,https://www.foreign.senate.gov/hearings/global-food-security-crisis-and-the-us-response_-immediately-following-the-business-meeting072022
332877,Linda Thomas-Greenfield,U.S. Ambassador to the United Nations,,https://www.foreign.senate.gov/hearings/global-food-security-crisis-and-the-us-response_-immediately-following-the-business-meeting072022
332877,David Beasley,Executive Director,World Food Programme,https://www.foreign.senate.gov/hearings/global-food-security-crisis-and-the-us-response_-immediately-following-the-business-meeting072022
332904,Bryan P. Fenton,"To be general and Commander, United States Special Operations Command",,https://www.armed-services.senate.gov/hearings/nomination_fenton-and-langley
332904,Michael E. Langley,"To be general and Commander, United States Africa Command",,https://www.armed-services.senate.gov/hearings/nomination_fenton-and-langley
332908,Angel Novalez,Chief of Constitutional Policing and Reform,Chicago Police Department,https://www.judiciary.senate.gov/committee-activity/hearings/law-enforcement-officer-safety-protecting-those-who-protect-and-serve
332908,Michael S. Harrison,"President, Police Executive Research Forum","Commissioner, Baltimore Police Department",https://www.judiciary.senate.gov/committee-activity/hearings/law-enforcement-officer-safety-protecting-those-who-protect-and-serve
332908,Dwight E. Henninger,"President, International Association of Chiefs of Police","Chief, Vail, Colorado, Police Department",https://www.judiciary.senate.gov/committee-activity/hearings/law-enforcement-officer-safety-protecting-those-who-protect-and-serve
332908,Zachary Allen Andersen,Public Safety Officer,Cedar Falls Public Safety,https://www.judiciary.senate.gov/committee-activity/hearings/law-enforcement-officer-safety-protecting-those-who-protect-and-serve
332908,Michael J. Bouchard,"Vice President of Government Affairs, Major County Sheriffs of America","Sheriff of Oakland County, Michigan",https://www.judiciary.senate.gov/committee-activity/hearings/law-enforcement-officer-safety-protecting-those-who-protect-and-serve
332908,Demetrick “Tre” Pennie,President and Executive Director,National Fallen Officer Foundation,https://www.judiciary.senate.gov/committee-activity/hearings/law-enforcement-officer-safety-protecting-those-who-protect-and-serve
332910,Malik Burnett,Medical Director,Maryland Department of Health's Center for Harm Reduction Services,https://www.judiciary.senate.gov/committee-activity/hearings/decriminalizing-cannabis-at-the-federal-level-necessary-steps-to-address-past-harms
332910,Edward Jackson,Chief,Annapolis Police Department,https://www.judiciary.senate.gov/committee-activity/hearings/decriminalizing-cannabis-at-the-federal-level-necessary-steps-to-address-past-harms
332910,Weldon Angelos,President and Co-Founder,The Weldon Project,https://www.judiciary.senate.gov/committee-activity/hearings/decriminalizing-cannabis-at-the-federal-level-necessary-steps-to-address-past-harms
332910,Steven H. Cook,Former Associate Deputy Attorney General,,https://www.judiciary.senate.gov/committee-activity/hearings/decriminalizing-cannabis-at-the-federal-level-necessary-steps-to-address-past-harms
332910,Alex Berenson,"Author, Former New York Times reporter",,https://www.judiciary.senate.gov/committee-activity/hearings/decriminalizing-cannabis-at-the-federal-level-necessary-steps-to-address-past-harms
332911,Gina K. Abercrombie-Winstanley,Chief Diversity and Inclusion Officer,U.S. Department of State,https://www.foreign.senate.gov/hearings/diversity-equity-inclusion-and-accessibility-in-us-diplomacy-and-development
332911,Neneh Diallo,Chief Diversity Officer,U.S. Agency for International Development,https://www.foreign.senate.gov/hearings/diversity-equity-inclusion-and-accessibility-in-us-diplomacy-and-development
332914,Mary Catherine Phee,Assistant Secretary of State for African Affairs,U.S. Department of State,https://www.foreign.senate.gov/hearings/fy-2023-budget-request-for-africa072722
332914,Diana Putman,"Acting Assistant Administrator, Bureau for Africa",U.S. Agency for International Development,https://www.foreign.senate.gov/hearings/fy-2023-budget-request-for-africa072722
332919,Jose W. Fernandez,"Under Secretary of State for Economic Growth, Energy, and the Environment",U.S. Department of State,https://www.foreign.senate.gov/hearings/us-national-security-and-economic-statecraft-ensuring-us-global-leadership-for-the-twenty-first-century
332919,Enoh T. Ebong,Director,U.S. Trade and Development Agency,https://www.foreign.senate.gov/hearings/us-national-security-and-economic-statecraft-ensuring-us-global-leadership-for-the-twenty-first-century
332919,Andy Baukol,Counselor to the Secretary and Performing the Duties of the Under Secretary for International Affairs,U.S. Department of Treasury,https://www.foreign.senate.gov/hearings/us-national-security-and-economic-statecraft-ensuring-us-global-leadership-for-the-twenty-first-century
332940,Lee Baker,Past President,AARP Georgia,https://www.aging.senate.gov/hearings/affordable-prescriptions-now-examining-legislation-to-lower-costs-for-seniors
332940,Elizabeth Ernst,State Director,Protect Our Care Georgia,https://www.aging.senate.gov/hearings/affordable-prescriptions-now-examining-legislation-to-lower-costs-for-seniors
332940,Keerthi Gogineni,Associate Professor Hematology-Oncology,Emory University School of Medicine,https://www.aging.senate.gov/hearings/affordable-prescriptions-now-examining-legislation-to-lower-costs-for-seniors
332940,Gretchen Spring,Caregiver,,https://www.aging.senate.gov/hearings/affordable-prescriptions-now-examining-legislation-to-lower-costs-for-seniors
332706,Kenneth A. Polite Jr.,"Assistant Attorney General, Criminal Division",U.S. Department of Justice,https://www.judiciary.senate.gov/committee-activity/hearings/08/03/2022/protecting-our-democracys-frontline-workers
332706,Kim Wyman,Senior Election Security Advisor,Cybersecurity and Infrastructure Security Agency,https://www.judiciary.senate.gov/committee-activity/hearings/08/03/2022/protecting-our-democracys-frontline-workers
332706,Jocelyn Benson,Secretary of State,Michigan,https://www.judiciary.senate.gov/committee-activity/hearings/08/03/2022/protecting-our-democracys-frontline-workers
332706,Maggie Toulouse Oliver,Secretary of State,New Mexico,https://www.judiciary.senate.gov/committee-activity/hearings/08/03/2022/protecting-our-democracys-frontline-workers
332706,Amy Cohen,Executive Director,National Association of State Election Directors (NASED),https://www.judiciary.senate.gov/committee-activity/hearings/08/03/2022/protecting-our-democracys-frontline-workers
332706,Matt Crane,Executive Director,Colorado County Clerks Association,https://www.judiciary.senate.gov/committee-activity/hearings/08/03/2022/protecting-our-democracys-frontline-workers
332706,D. Michael Hurst Jr.,Former United States Attorney,Southern District of Mississippi,https://www.judiciary.senate.gov/committee-activity/hearings/08/03/2022/protecting-our-democracys-frontline-workers
332706,Rafael Mangual,Nick Ohnell Fellow,Manhattan Institute,https://www.judiciary.senate.gov/committee-activity/hearings/08/03/2022/protecting-our-democracys-frontline-workers
332706,Jason C. Johnson,Former Deputy Commissioner,Baltimore Police Department,https://www.judiciary.senate.gov/committee-activity/hearings/08/03/2022/protecting-our-democracys-frontline-workers
332966,Susan Collins,United States Senator from Maine,U.S. Senate,https://www.rules.senate.gov/hearings/the-electoral-count-act-the-need-for-reform
332966,Joe Manchin,United States Senator from West Virginia,U.S. Senate,https://www.rules.senate.gov/hearings/the-electoral-count-act-the-need-for-reform
332966,Bob Bauer,Professor of Practice,"Distinguished Scholar in Residence, New York University School of Law",https://www.rules.senate.gov/hearings/the-electoral-count-act-the-need-for-reform
332966,John Gore,Partner,Jones Day,https://www.rules.senate.gov/hearings/the-electoral-count-act-the-need-for-reform
332966,Norman Eisen,Senior Fellow,"Governance Studies, The Brookings Institution",https://www.rules.senate.gov/hearings/the-electoral-count-act-the-need-for-reform
332966,Derek Muller,Professor of Law,University of Iowa College of Law,https://www.rules.senate.gov/hearings/the-electoral-count-act-the-need-for-reform
332966,Janai Nelson,President and Director-Counsel,NAACP Legal Defense and Educational Fund Inc,https://www.rules.senate.gov/hearings/the-electoral-count-act-the-need-for-reform
332971,Christopher Wray,Director,Federal Bureau of Investigation,https://www.judiciary.senate.gov/committee-activity/hearings/08/04/2022/oversight-of-the-federal-bureau-of-investigation
333081,Cindy K. Chung,to be United States Circuit Judge for the Third Circuit,"To be introduced by:, Senator Patrick J. Toomey United States Senate",https://www.judiciary.senate.gov/committee-activity/hearings/09/07/2022/nominations
333081,Tamika R. Montgomery-Reeves,to be United States Circuit Judge for the Third Circuit,"To be introduced by:, Senator Christopher A. Coons United States Senate",https://www.judiciary.senate.gov/committee-activity/hearings/09/07/2022/nominations
333081,Kelley Brisbon Hodge,to be United States District Judge for the Eastern District of Pennsylvania,"To be introduced by:, Senator Patrick J. Toomey United States Senate",https://www.judiciary.senate.gov/committee-activity/hearings/09/07/2022/nominations
333081,John Frank Murphy,to be United States District Judge for the Eastern District of Pennsylvania,"To be introduced by:, Senator Patrick J. Toomey United States Senate",https://www.judiciary.senate.gov/committee-activity/hearings/09/07/2022/nominations
333081,Mia Roberts Perez,to be United States District Judge for the Eastern District of Pennsylvania,"To be introduced by:, Senator Patrick J. Toomey United States Senate",https://www.judiciary.senate.gov/committee-activity/hearings/09/07/2022/nominations
333081,Kai N. Scott,to be United States District Judge for the Eastern District of Pennsylvania,"To be introduced by:, Senator Patrick J. Toomey United States Senate",https://www.judiciary.senate.gov/committee-activity/hearings/09/07/2022/nominations
333082,Shira Perlmutter,Register of Copyrights and Director,U.S. Copyright Office,https://www.judiciary.senate.gov/committee-activity/hearings/oversight-of-the-us-copyright-office
333104,Bradley C. Saltzman,To be general and Chief of Space Operations,,https://www.armed-services.senate.gov/hearings/nomination_-saltzman
333111,Samm Sacks,"Senior Fellow, Paul Tsai China Center",Yale Law School,https://www.judiciary.senate.gov/committee-activity/hearings/protecting-americans-private-information-from-hostile-foreign-powers
333111,Susan Landau,Bridge Professor in Cyber Security and Policy,"The Fletcher School and the School of Engineering, Tufts University",https://www.judiciary.senate.gov/committee-activity/hearings/protecting-americans-private-information-from-hostile-foreign-powers
333111,Matt Pottinger,China Program Chairman,Foundation for Defense of Democracies,https://www.judiciary.senate.gov/committee-activity/hearings/protecting-americans-private-information-from-hostile-foreign-powers
333111,Adam Klein,"Director, Strauss Center and Senior Lecturer at the School of Law",University of Texas at Austin,https://www.judiciary.senate.gov/committee-activity/hearings/protecting-americans-private-information-from-hostile-foreign-powers
333115,Anthony J. Cotton,For reappointment to the grade of general and to be Commander of United States Strategic Command,,https://www.armed-services.senate.gov/hearings/nomination_-cotton
333123,Jonathan Kanter,Assistant Attorney General,"Antitrust Division, Department of Justice",https://www.judiciary.senate.gov/committee-activity/hearings/oversight-of-federal-enforcement-of-the-antitrust-laws
333123,Lina Khan,Chair,Federal Trade Commission,https://www.judiciary.senate.gov/committee-activity/hearings/oversight-of-federal-enforcement-of-the-antitrust-laws
333124,Madelyn R. Creedon,Research Professor George Washington University Elliott School of International Affairs,,https://www.armed-services.senate.gov/hearings/to-receive-testimony-on-united-states-nuclear-strategy-and-policy
333124,Rose E. Gottemoeller,"Steven C. Hazy Lecturer, Stanford University Freeman Spogli Institute for International Studies and Center for International Security and Cooperation",,https://www.armed-services.senate.gov/hearings/to-receive-testimony-on-united-states-nuclear-strategy-and-policy
333124,Eric S. Edelman,"Counselor, Center for Strategic and Budgetary Assessments","Director, United States Institute of Peace",https://www.armed-services.senate.gov/hearings/to-receive-testimony-on-united-states-nuclear-strategy-and-policy
333124,Franklin C. Miller,"Principal, The Scowcroft Group",,https://www.armed-services.senate.gov/hearings/to-receive-testimony-on-united-states-nuclear-strategy-and-policy
333132,Stephanie P. Miller,Deputy Assistant Secretary of Defense for Military Personnel Policy,,https://www.armed-services.senate.gov/hearings/to-receive-testimony-on-the-status-of-military-recruiting-and-retention-efforts-across-the-department-of-defense
333132,Douglas F. Stitt,"Deputy Chief of Staff, G-1 United States Army",,https://www.armed-services.senate.gov/hearings/to-receive-testimony-on-the-status-of-military-recruiting-and-retention-efforts-across-the-department-of-defense
333132,Rick J. Cheeseman,"Deputy Chief of Naval Operations, Personnel, Manpower and Training, N1 United States Navy",,https://www.armed-services.senate.gov/hearings/to-receive-testimony-on-the-status-of-military-recruiting-and-retention-efforts-across-the-department-of-defense
333132,Caroline M. Miller,"Deputy Chief of Staff for Manpower, Personnel, and Services United States Air Force",,https://www.armed-services.senate.gov/hearings/to-receive-testimony-on-the-status-of-military-recruiting-and-retention-efforts-across-the-department-of-defense
333132,Michael R. Strobl,Acting Deputy Commandant for Manpower and Reserve Affairs United States Marine Corps,,https://www.armed-services.senate.gov/hearings/to-receive-testimony-on-the-status-of-military-recruiting-and-retention-efforts-across-the-department-of-defense
333137,Rosa Maria Paya Acevedo,Human Rights Defender,Founder of Cuba Decide,https://www.foreign.senate.gov/hearings/women-leaders-countering-authoritarianism
333137,Jewher Ilham,Uyghur Rights Advocate and Forced Labor Project Coordinator,Worker Rights Consortium,https://www.foreign.senate.gov/hearings/women-leaders-countering-authoritarianism
333137,Roya Hakakian,Writer and Journalist,,https://www.foreign.senate.gov/hearings/women-leaders-countering-authoritarianism
333141,Maria Moore,State Director,AARP Nevada,https://www.aging.senate.gov/hearings/lowering-health-care-costs-for-nevada-seniors-taking-action-to-bring-down-prescription-drug-prices
333141,Christina Madison,Founder and CEO,"The Public Health Pharmacist, PLLC.",https://www.aging.senate.gov/hearings/lowering-health-care-costs-for-nevada-seniors-taking-action-to-bring-down-prescription-drug-prices
333141,Jeffrey Klein,President and CEO,Nevada Senior Services Inc.,https://www.aging.senate.gov/hearings/lowering-health-care-costs-for-nevada-seniors-taking-action-to-bring-down-prescription-drug-prices
333141,Regina Milner,Patient Advocate,,https://www.aging.senate.gov/hearings/lowering-health-care-costs-for-nevada-seniors-taking-action-to-bring-down-prescription-drug-prices
333164,James O'Brien,Head of the Office of Sanctions Coordination,U.S. Department of State,https://www.foreign.senate.gov/hearings/keeping-the-pressure-on-russia-and-its-enablers-examining-the-reach-of-and-next-steps-for-us-sanctions
333164,Elizabeth Rosenberg,Assistant Secretary for Terrorist Financing and Financial Crimes,U.S. Department of the Treasury,https://www.foreign.senate.gov/hearings/keeping-the-pressure-on-russia-and-its-enablers-examining-the-reach-of-and-next-steps-for-us-sanctions
333169,Eli M. Rosenbaum,"Director, Human Rights Enforcement Strategy and Policy and Counselor for War Crimes Accountability",U.S. Department of Justice,https://www.judiciary.senate.gov/committee-activity/hearings/from-nuremberg-to-ukraine-accountability-for-war-crimes-and-crimes-against-humanity
333169,Andre R. Watson,Assistant Director for National Security,Homeland Security Investigations U.S. Department of Homeland Security,https://www.judiciary.senate.gov/committee-activity/hearings/from-nuremberg-to-ukraine-accountability-for-war-crimes-and-crimes-against-humanity
333174,Shane Fausey,President,Council of Prison Locals,https://www.judiciary.senate.gov/committee-activity/hearings/09/29/2022/oversight-of-the-federal-bureau-of-prisons
333174,John E. Wetzel,Chief Executive Officer,"Phronema Justice Strategies, LLC",https://www.judiciary.senate.gov/committee-activity/hearings/09/29/2022/oversight-of-the-federal-bureau-of-prisons
333174,Cecilia Cardenas,,,https://www.judiciary.senate.gov/committee-activity/hearings/09/29/2022/oversight-of-the-federal-bureau-of-prisons
333384,Rodney McMullen,"Chairman, Chief Executive Officer",The Kroger Co.,https://www.judiciary.senate.gov/committee-activity/hearings/examining-the-competitive-impact-of-the-proposed-kroger-albertsons-transaction
333384,Vivek Sankaran,"President, Chief Executive Officer","Albertsons Companies, Inc.",https://www.judiciary.senate.gov/committee-activity/hearings/examining-the-competitive-impact-of-the-proposed-kroger-albertsons-transaction
333384,Sumit Sharma,"Senior Researcher, Technology Competition",Consumer Reports,https://www.judiciary.senate.gov/committee-activity/hearings/examining-the-competitive-impact-of-the-proposed-kroger-albertsons-transaction
333384,Andrew Sweeting,"Professor, Chair of the Department of Economics",University of Maryland,https://www.judiciary.senate.gov/committee-activity/hearings/examining-the-competitive-impact-of-the-proposed-kroger-albertsons-transaction
333384,Michael Needler Jr.,Chief Executive Officer,"Fresh Encounter, Inc.",https://www.judiciary.senate.gov/committee-activity/hearings/examining-the-competitive-impact-of-the-proposed-kroger-albertsons-transaction
333300,Rebecca Weber,Association of Mature American Citizens,,https://www.aging.senate.gov/hearings/issues-facing-seniors-retirement-security-healthcare-and-fiscal-health
333300,Robert Moffit,"Center for Health and Welfare Policy, Heritage Foundation",,https://www.aging.senate.gov/hearings/issues-facing-seniors-retirement-security-healthcare-and-fiscal-health
333300,Hayden DuBlois,Foundation for Government Accountability,,https://www.aging.senate.gov/hearings/issues-facing-seniors-retirement-security-healthcare-and-fiscal-health
333300,Ashley Moody,,,https://www.aging.senate.gov/hearings/issues-facing-seniors-retirement-security-healthcare-and-fiscal-health
333300,Nicholas Weilhammer,,,https://www.aging.senate.gov/hearings/issues-facing-seniors-retirement-security-healthcare-and-fiscal-health
333300,Thomas Blomberg,"Center for Criminology and Public Policy Research, Florida State University",,https://www.aging.senate.gov/hearings/issues-facing-seniors-retirement-security-healthcare-and-fiscal-health
333445,J. Thomas Manger,Chief of Police,U.S. Capitol Police,https://www.rules.senate.gov/hearings/oversight-of-the-us-capitol-police-
333500,Charnelle Bjelkengren,to be United States District Judge for the Eastern District of Washington,To be introduced by:,https://www.judiciary.senate.gov/committee-activity/hearings/01/25/2023/nominations
333500,Matthew P. Brookman,to be United States District Judge for the Southern District of Indiana,To be introduced by:,https://www.judiciary.senate.gov/committee-activity/hearings/01/25/2023/nominations
333500,Michael Farbiarz,to be United States District Judge for the District of New Jersey,"To be introduced by:, Senator Robert Menendez United States Senate",https://www.judiciary.senate.gov/committee-activity/hearings/01/25/2023/nominations
333500,Robert Kirsch,to be United States District Judge for the District of New Jersey,"To be introduced by:, Senator Robert Menendez United States Senate",https://www.judiciary.senate.gov/committee-activity/hearings/01/25/2023/nominations
333500,Orelia Eleta Merchant,to be United States District Judge for the Eastern District of New York,To be introduced by:,https://www.judiciary.senate.gov/committee-activity/hearings/01/25/2023/nominations
333562,Wendy Sherman,Deputy Secretary of State,U.S. Department of State,https://www.foreign.senate.gov/hearings/evaluating-us-china-policy-in-the-era-of-strategic-competition
333562,Ely Ratner,Assistant Secretary of Defense for Indo-Pacific Security Affairs,U.S. Department of Defense,https://www.foreign.senate.gov/hearings/evaluating-us-china-policy-in-the-era-of-strategic-competition
333596,Todd Robinson,Assistant Secretary of State,"Bureau of International Narcotics and Law Enforcement Affairs, U.S. Department of State",https://www.foreign.senate.gov/hearings/countering-illicit-fentanyl-trafficking
333596,Anne Milgram,Administrator,"Drug Enforcement Administration, U.S. Department of Justice",https://www.foreign.senate.gov/hearings/countering-illicit-fentanyl-trafficking
333596,Rahul Gupta,Director,"Office of National Drug Control Policy, Executive Office of the President",https://www.foreign.senate.gov/hearings/countering-illicit-fentanyl-trafficking
333709,Angela E. Stent,"Director Emerita, Georgetown University Center for Eurasian, Russian and East European Studies",,https://www.armed-services.senate.gov/hearings/to-receive-testimony-on-conflict-in-ukraine
333709,Dara Massicot,"Senior Policy Researcher, RAND Corporation",,https://www.armed-services.senate.gov/hearings/to-receive-testimony-on-conflict-in-ukraine
333709,Keith Kellogg,"Co-Chair, Center for American Security America First Policy Institute",,https://www.armed-services.senate.gov/hearings/to-receive-testimony-on-conflict-in-ukraine
333801,Donald Lu,Assistant Secretary of State for South and Central Asian Affairs,U.S. Department of State,https://www.foreign.senate.gov/hearings/geopolitical-competition-and-energy-security-in-central-asia-03-01-23
333801,Geoffrey Pyatt,Assistant Secretary of State for Energy Resources,U.S. Department of State,https://www.foreign.senate.gov/hearings/geopolitical-competition-and-energy-security-in-central-asia-03-01-23
333739,Kezia Scales,Vice President of Research & Evaluation,Paraprofessional Health Institute (PHI),https://www.aging.senate.gov/hearings/uplifting-families-workers-and-older-adults-supporting-communities-of-care
333739,Hannah Maxey,Associate Professor of Family Medicine and Director of the Bowen Center for Health Workforce Research and Policy,Indiana University School of Medicine,https://www.aging.senate.gov/hearings/uplifting-families-workers-and-older-adults-supporting-communities-of-care
333739,Pam Lowy,Executive Director,Great Bay Services,https://www.aging.senate.gov/hearings/uplifting-families-workers-and-older-adults-supporting-communities-of-care
333739,Jacinta Burgess,Home Caregiver/Direct Care Worker,,https://www.aging.senate.gov/hearings/uplifting-families-workers-and-older-adults-supporting-communities-of-care
333802,Michele Sumilas,Assistant to the Administrator,"Bureau for Policy, Planning, and Learning, U.S. Agency for International Development",https://www.foreign.senate.gov/hearings/usaid-localization-challenges-opportunities-and-next-steps-to-further-development-initiatives-on-the-local-level-03-09-23
333802,Bill Steiger,Global Health Consultant,George W. Bush Institute,https://www.foreign.senate.gov/hearings/usaid-localization-challenges-opportunities-and-next-steps-to-further-development-initiatives-on-the-local-level-03-09-23
333802,Bill O’Keefe,"Executive Vice President for Mission, Mobilization and Advocacy",Catholic Relief Services,https://www.foreign.senate.gov/hearings/usaid-localization-challenges-opportunities-and-next-steps-to-further-development-initiatives-on-the-local-level-03-09-23
333802,Elana Aquino,U.S. Executive Director,Peace Direct,https://www.foreign.senate.gov/hearings/usaid-localization-challenges-opportunities-and-next-steps-to-further-development-initiatives-on-the-local-level-03-09-23
333806,B. Chance Saltzman,Chief of Space Operations,,https://www.armed-services.senate.gov/hearings/to-receive-testimony-on-the-united-states-space-force-programs-in-review-of-the-defense-authorization-request-for-fiscal-year-2024-and-the-future-years-defense-program
333805,Shalanda D. Young,Director,,https://www.budget.senate.gov/hearings/the-presidents-fiscal-year-2024-budget-proposal
333809,Hugh N. Halpern,Director,Government Publishing Office,https://www.appropriations.senate.gov/hearings/fy2024-budget-requests-for-the-congressional-budget-office-the-government-accountability-office-and-the-government-publishing-office
333809,Gene L. Dodaro,Comptroller General,The United States Government Accountability Office,https://www.appropriations.senate.gov/hearings/fy2024-budget-requests-for-the-congressional-budget-office-the-government-accountability-office-and-the-government-publishing-office
333809,Phillip Swagel,Director,Congressional Budget Office,https://www.appropriations.senate.gov/hearings/fy2024-budget-requests-for-the-congressional-budget-office-the-government-accountability-office-and-the-government-publishing-office
333811,Gilbert R. Cisneros Jr.,Under Secretary of Defense for Personnel and Readiness,,https://www.armed-services.senate.gov/hearings/to-receive-testimony-on-military-and-civilian-personnel-programs-in-the-department-of-defense-in-review-of-the-defense-authorization-request-for-fiscal-year-2024-and-the-future-years-defense-program
333811,Shawn G. Skelly,Assistant Secretary of Defense for Readiness,,https://www.armed-services.senate.gov/hearings/to-receive-testimony-on-military-and-civilian-personnel-programs-in-the-department-of-defense-in-review-of-the-defense-authorization-request-for-fiscal-year-2024-and-the-future-years-defense-program
333811,Thomas A. Constable,Performing to Duties of the Assistant Secretary of Defense for Manpower and Reserve Affairs,,https://www.armed-services.senate.gov/hearings/to-receive-testimony-on-military-and-civilian-personnel-programs-in-the-department-of-defense-in-review-of-the-defense-authorization-request-for-fiscal-year-2024-and-the-future-years-defense-program
333811,Lester Martinez-Lopez,Assistant Secretary of Defense for Health Affairs,,https://www.armed-services.senate.gov/hearings/to-receive-testimony-on-military-and-civilian-personnel-programs-in-the-department-of-defense-in-review-of-the-defense-authorization-request-for-fiscal-year-2024-and-the-future-years-defense-program
333811,Elizabeth B. Foster,Executive Director of Force Resiliency,,https://www.armed-services.senate.gov/hearings/to-receive-testimony-on-military-and-civilian-personnel-programs-in-the-department-of-defense-in-review-of-the-defense-authorization-request-for-fiscal-year-2024-and-the-future-years-defense-program
333811,Agnes G. Schaefer,Assistant Secretary of the Army for Manpower and Reserve Affairs,,https://www.armed-services.senate.gov/hearings/to-receive-testimony-on-military-and-civilian-personnel-programs-in-the-department-of-defense-in-review-of-the-defense-authorization-request-for-fiscal-year-2024-and-the-future-years-defense-program
333811,Franklin R. Parker,Assistant Secretary of the Navy for Manpower and Reserve Affairs,,https://www.armed-services.senate.gov/hearings/to-receive-testimony-on-military-and-civilian-personnel-programs-in-the-department-of-defense-in-review-of-the-defense-authorization-request-for-fiscal-year-2024-and-the-future-years-defense-program
333811,Alex Wagner,Assistant Secretary of the Air Force For Manpower and Reserve Affairs,,https://www.armed-services.senate.gov/hearings/to-receive-testimony-on-military-and-civilian-personnel-programs-in-the-department-of-defense-in-review-of-the-defense-authorization-request-for-fiscal-year-2024-and-the-future-years-defense-program
333821,Brian Nichols,Assistant Secretary of State for Western Hemisphere Affairs,U.S. Department of State,https://www.foreign.senate.gov/hearings/the-future-of-us-brazil-relations-03-15-2023
333821,Richard Duke,Deputy Special Envoy for Climate,U.S. Department of State,https://www.foreign.senate.gov/hearings/the-future-of-us-brazil-relations-03-15-2023
333812,Janet L. Yellen,Secretary,United States Department of the Treasury,https://www.finance.senate.gov/hearings/the-presidents-fiscal-year-2024-budget-with-treasury-secretary-janet-l-yellen
333661,Stéphane Bancel,Chief Executive Officer and Director,"Moderna, Inc.",https://www.help.senate.gov/hearings/taxpayers-paid-billions-for-it-so-why-would-moderna-consider-quadrupling-the-price-of-the-covid-vaccine
333661,Christopher J. Morten,Associate Clinical Professor of Law,Columbia Law School,https://www.help.senate.gov/hearings/taxpayers-paid-billions-for-it-so-why-would-moderna-consider-quadrupling-the-price-of-the-covid-vaccine
333661,Ameet Sarpatwari,Assistant Professor of Medicine,Harvard Medical School,https://www.help.senate.gov/hearings/taxpayers-paid-billions-for-it-so-why-would-moderna-consider-quadrupling-the-price-of-the-covid-vaccine
333661,Craig Garthwaite,Herman Smith Research Professor in Hospital and Health Services Management,"Kellogg School of Management, Northwestern University",https://www.help.senate.gov/hearings/taxpayers-paid-billions-for-it-so-why-would-moderna-consider-quadrupling-the-price-of-the-covid-vaccine
333862,Antony J. Blinken,Secretary,U.S. Department of State,https://www.appropriations.senate.gov/hearings/review-of-the-fiscal-year-2024-budget-request-for-the-us-department-of-state
333863,Randy Moore,Chief,U.S. Forest Service,https://www.appropriations.senate.gov/hearings/a-review-of-the-fiscal-year-2024-presidents-budget-for-the-us-forest-service
333864,Xavier Becerra,Secretary,United States Department of Health and Human Services,https://www.finance.senate.gov/hearings/the-presidents-fiscal-year-2024-health-and-human-services-budget
333866,Antony J. Blinken,Secretary,U.S. Department of State,https://www.appropriations.senate.gov/hearings/review-of-the-fiscal-year-2024-budget-request-for-the-us-department-of-state
333867,Antony J. Blinken,Secretary,U.S. Department of State,https://www.appropriations.senate.gov/hearings/review-of-the-fiscal-year-2024-budget-request-for-the-us-department-of-state
333874,Farooq A. Mitha,"Director, Office of Small Business Programs Department of Defense",,https://www.armed-services.senate.gov/hearings/to-receive-testimony-on-department-of-defense-small-business-tools-for-enhancing-the-industrial-base
333874,Kimberly D. Buehler,"Director, Army Office of Small Business Programs Office of the Secretary of the Army",,https://www.armed-services.senate.gov/hearings/to-receive-testimony-on-department-of-defense-small-business-tools-for-enhancing-the-industrial-base
333874,Jimmy D. Smith,"Director, Office of Small Business Programs Department of the Navy",,https://www.armed-services.senate.gov/hearings/to-receive-testimony-on-department-of-defense-small-business-tools-for-enhancing-the-industrial-base
333874,Scott A. Kiser,"Director, Air Force Small Business Programs Department of the Air Force",,https://www.armed-services.senate.gov/hearings/to-receive-testimony-on-department-of-defense-small-business-tools-for-enhancing-the-industrial-base
333875,Gabriel O. Camarillo,Under Secretary of the Army,,https://www.armed-services.senate.gov/hearings/to-receive-testimony-on-the-recruiting-challenges-facing-the-united-states-military
333875,Erik K. Raven,Under Secretary of the Navy,,https://www.armed-services.senate.gov/hearings/to-receive-testimony-on-the-recruiting-challenges-facing-the-united-states-military
333875,Kristyn E. Jones,Performing the Duties of the Under Secretary of the Air Force,,https://www.armed-services.senate.gov/hearings/to-receive-testimony-on-the-recruiting-challenges-facing-the-united-states-military
333878,Antony Blinken,Secretary of State,U.S. Department of State,https://www.foreign.senate.gov/hearings/american-diplomacy-and-global-leadership-review-of-the-fy24-state-department-budget-request-03-22-2023
333879,Pete Buttigieg,Secretary,U.S. Department of Transportation,https://www.appropriations.senate.gov/hearings/review-of-the-presidents-fy-2024-funding-request-and-budget-justification-for-the-us-department-of-transportation
333881,Katherine C. Tai,United States Trade Representative,Executive Office of the President,https://www.finance.senate.gov/hearings/the-presidents-2023-trade-policy-agenda
333904,Maggie Toulouse Oliver,Secretary of State,New Mexico Office of the Secretary of State,https://www.rules.senate.gov/hearings/state-and-local-perspectives-on-election-administration
333904,Robert Evnen,Secretary of State,Nebraska Office of the Secretary of State,https://www.rules.senate.gov/hearings/state-and-local-perspectives-on-election-administration
333904,Howard Knapp,Executive Director,South Carolina State Election Commission,https://www.rules.senate.gov/hearings/state-and-local-perspectives-on-election-administration
333904,Derek L. Bowens,Director of Elections,Durham County Board of Elections,https://www.rules.senate.gov/hearings/state-and-local-perspectives-on-election-administration
333904,Marcia Johnson,Co-Director,"Voting Rights Project, Lawyers’ Committee for Civil Rights Under Law",https://www.rules.senate.gov/hearings/state-and-local-perspectives-on-election-administration
333905,Carlos Del Toro,Secretary of the Navy,United States Navy,https://www.appropriations.senate.gov/hearings/review-of-the-presidents-fiscal-year-2024-budget-request-for-the-navy-and-marine-corps
333905,Michael M. Gilday,Chief of Naval Operations,United States Navy,https://www.appropriations.senate.gov/hearings/review-of-the-presidents-fiscal-year-2024-budget-request-for-the-navy-and-marine-corps
333905,David H. Berger,Commandant of the Marine Corps,United States Marine Corps,https://www.appropriations.senate.gov/hearings/review-of-the-presidents-fiscal-year-2024-budget-request-for-the-navy-and-marine-corps
333906,Frederick J. Stefany,"Acting Assistant Secretary of the Navy for Research, Development, and Acquisition",,https://www.armed-services.senate.gov/hearings/to-receive-testimony-on-navy-and-marine-corps-investment-programs-in-review-of-the-defense-authorization-request-for-fiscal-year-2024-and-the-future-years-defense-program
333906,Scott D. Conn,Deputy Chief of Naval Operations for Warfighting Requirements and Capabilities,,https://www.armed-services.senate.gov/hearings/to-receive-testimony-on-navy-and-marine-corps-investment-programs-in-review-of-the-defense-authorization-request-for-fiscal-year-2024-and-the-future-years-defense-program
333906,Karsten S. Heckl,Deputy Commandant for Combat Development and Integration,,https://www.armed-services.senate.gov/hearings/to-receive-testimony-on-navy-and-marine-corps-investment-programs-in-review-of-the-defense-authorization-request-for-fiscal-year-2024-and-the-future-years-defense-program
333907,M. Elaine Bunn,"Senior Adviser (Non-Resident), Project on Nuclear Issues",Center for Strategic and International Studies,https://www.armed-services.senate.gov/hearings/to-receive-testimony-on-regional-nuclear-deterrence
333907,Brad Roberts,"Director, Center for Global Security Research",Lawrence Livermore National Laboratory,https://www.armed-services.senate.gov/hearings/to-receive-testimony-on-regional-nuclear-deterrence
333907,Gregory Weaver,"Senior Associate (Non-Resident), Project on Nuclear Issues",Center for Strategic and international Studies,https://www.armed-services.senate.gov/hearings/to-receive-testimony-on-regional-nuclear-deterrence
333907,Evan B. Montgomery,"Senior Fellow and Director, Research Studies",Center for Strategic and Budgetary Assessments,https://www.armed-services.senate.gov/hearings/to-receive-testimony-on-regional-nuclear-deterrence
333924,Leopoldo Lopez,Venezuelan Freedom Activist,Co-Founder of the World Liberty Congress,https://www.foreign.senate.gov/hearings/us-support-of-democracy-and-human-rights-03-28-2023
333924,Sviatlana Tsikhanouskaya,Leader of the Democratic Forces of Belarus,,https://www.foreign.senate.gov/hearings/us-support-of-democracy-and-human-rights-03-28-2023
333924,Damon Wilson,President and CEO,National Endowment for Democracy (NED),https://www.foreign.senate.gov/hearings/us-support-of-democracy-and-human-rights-03-28-2023
333926,John B. Sherman,Chief Information Officer,Department of Defense,https://www.armed-services.senate.gov/hearings/to-receive-testimony-on-enterprise-cybersecurity-to-protect-the-department-of-defense-information-networks
333926,Robert J. Skinner,Director,Defense Information Systems Agency,https://www.armed-services.senate.gov/hearings/to-receive-testimony-on-enterprise-cybersecurity-to-protect-the-department-of-defense-information-networks
333991,Douglas R. Bush,Assistant Secretary of the Army for,"Acquisition, Logistics and Technology",https://www.armed-services.senate.gov/hearings/to-receive-testimony-on-army-modernization-in-review-of-the-defense-authorization-request-for-fiscal-year-2024-and-the-future-years-defense-program
333991,James E. Rainey,Commanding General,United States Army Futures Command,https://www.armed-services.senate.gov/hearings/to-receive-testimony-on-army-modernization-in-review-of-the-defense-authorization-request-for-fiscal-year-2024-and-the-future-years-defense-program
333991,Michelle A. Schmidt,"Director, Force Development, G-8",United States Army,https://www.armed-services.senate.gov/hearings/to-receive-testimony-on-army-modernization-in-review-of-the-defense-authorization-request-for-fiscal-year-2024-and-the-future-years-defense-program
333993,Jeremy C. Daniel,to be United States District Judge for the Northern District of Illinois,To be introduced by:,https://www.judiciary.senate.gov/committee-activity/hearings/04/18/2023/nominations
333993,Brendan Abell Hurson,to be United States District Judge for the District of Maryland,"To be introduced by:, Senator Benjamin L. Cardin United States Senate",https://www.judiciary.senate.gov/committee-activity/hearings/04/18/2023/nominations
333993,Darrel James Papillion,to be United States District Judge for the Eastern District of Louisiana,"To be introduced by:, Senator Bill Cassidy United States Senate",https://www.judiciary.senate.gov/committee-activity/hearings/04/18/2023/nominations
334009,Frank Kendall,Secretary,Air Force,https://www.appropriations.senate.gov/hearings/review-of-the-presidents-fiscal-year-2024-budget-request-for-the-air-force-and-space-force
334009,Charles Brown Jr.,Chief of Staff,Air Force,https://www.appropriations.senate.gov/hearings/review-of-the-presidents-fiscal-year-2024-budget-request-for-the-air-force-and-space-force
334009,B. Chance Saltzman,Chief of Space Operations,Space Force,https://www.appropriations.senate.gov/hearings/review-of-the-presidents-fiscal-year-2024-budget-request-for-the-air-force-and-space-force
334011,Bill Nelson,Administrator,National Aeronautics and Space Administration,https://www.appropriations.senate.gov/hearings/a-review-of-the-presidents-fiscal-year-2024-funding-request-for-the-national-aeronautics-and-space-administration-and-for-the-national-science-foundation
334011,Sethuraman Panchanathan,Director,National Science Foundation,https://www.appropriations.senate.gov/hearings/a-review-of-the-presidents-fiscal-year-2024-funding-request-for-the-national-aeronautics-and-space-administration-and-for-the-national-science-foundation
333982,Brendan Owens,"Assistant Secretary of Defense for Energy, Installations, and Environment",Department of Defense,https://www.appropriations.senate.gov/hearings/a-review-of-the-fy2024-budget-request-for-military-construction-and-family-housing
333982,Ricky Williamson,Deputy Chief of Naval Operations for Fleet Readiness and Logistics,United States Navy,https://www.appropriations.senate.gov/hearings/a-review-of-the-fy2024-budget-request-for-military-construction-and-family-housing
333982,Edward Banta,"Deputy Commandant, Installations & Logistics",United States Marine Corps,https://www.appropriations.senate.gov/hearings/a-review-of-the-fy2024-budget-request-for-military-construction-and-family-housing
333982,Kevin Vereen,Deputy Chief of Staff,United States Army,https://www.appropriations.senate.gov/hearings/a-review-of-the-fy2024-budget-request-for-military-construction-and-family-housing
333982,Tom Miller,"Deputy Chief of Staff for Logistics, Engineering, and Force Protection",United States Air Force,https://www.appropriations.senate.gov/hearings/a-review-of-the-fy2024-budget-request-for-military-construction-and-family-housing
333982,Bruce Hollywood,Associate Chief Operations Officer,United States Space Force,https://www.appropriations.senate.gov/hearings/a-review-of-the-fy2024-budget-request-for-military-construction-and-family-housing
333995,Brendan M. Owens,"Assistant Secretary of Defense for Energy, Installations, and Environment",,https://www.armed-services.senate.gov/hearings/to-receive-testimony-on-military-construction-energy-installations-environmental-and-base-closure-programs-in-review-of-the-defense-authorization-request-for-fiscal-year-2024-and-the-future-years-defense-program
333995,Rachel L. Jacobson,"Assistant Secretary of the Army for Installations, Energy, and Environment",,https://www.armed-services.senate.gov/hearings/to-receive-testimony-on-military-construction-energy-installations-environmental-and-base-closure-programs-in-review-of-the-defense-authorization-request-for-fiscal-year-2024-and-the-future-years-defense-program
333995,Meredith A. Berger,"Assistant Secretary of the Navy for Energy, Installations, and Environment",,https://www.armed-services.senate.gov/hearings/to-receive-testimony-on-military-construction-energy-installations-environmental-and-base-closure-programs-in-review-of-the-defense-authorization-request-for-fiscal-year-2024-and-the-future-years-defense-program
333995,Ravi I. Chaudhary,"Assistant Secretary of the Air Force for Energy, Installations, and Environment",,https://www.armed-services.senate.gov/hearings/to-receive-testimony-on-military-construction-energy-installations-environmental-and-base-closure-programs-in-review-of-the-defense-authorization-request-for-fiscal-year-2024-and-the-future-years-defense-program
333995,Elizabeth A. Field,"Director of Defense Capabilities and Management, Government Accountability Office",,https://www.armed-services.senate.gov/hearings/to-receive-testimony-on-military-construction-energy-installations-environmental-and-base-closure-programs-in-review-of-the-defense-authorization-request-for-fiscal-year-2024-and-the-future-years-defense-program
334001,John N. Nkengasong,U.S. Global AIDS Coordinator,"U.S. Special Representative for Global Health Diplomacy, U.S. Department of State",https://www.foreign.senate.gov/hearings/pepfar-at-20-achieving-and-sustaining-epidemic-control
334001,Elton John,Founder,Elton John AIDS Foundation,https://www.foreign.senate.gov/hearings/pepfar-at-20-achieving-and-sustaining-epidemic-control
334001,Mark Dybul,Professor of Medicine and Chief Strategy Officer,Georgetown University Medical Center for Global Health Practice and Impact,https://www.foreign.senate.gov/hearings/pepfar-at-20-achieving-and-sustaining-epidemic-control
334007,Jason G. Matheny,President and Chief Executive Officer,"RAND Corporation and Commissioner, National Security Commission on Artificial Intelligence",https://www.armed-services.senate.gov/hearings/to-receive-testimony-on-the-state-of-artificial-intelligence-and-machine-learning-applications-to-improve-department-of-defense-operations
334007,Shyam Sankar,Chief Technology Officer and Executive Vice President,Palantir,https://www.armed-services.senate.gov/hearings/to-receive-testimony-on-the-state-of-artificial-intelligence-and-machine-learning-applications-to-improve-department-of-defense-operations
334007,Josh Lospinoso,Co-Founder and Chief Executive Officer,Shift5,https://www.armed-services.senate.gov/hearings/to-receive-testimony-on-the-state-of-artificial-intelligence-and-machine-learning-applications-to-improve-department-of-defense-operations
334012,Samantha Power,Administrator,United States Agency for International Development,https://www.appropriations.senate.gov/hearings/a-review-of-the-presidents-fiscal-year-2024-budget-request-for-the-us-agency-for-international-development
333983,Marcia Fudge,Secretary,Department of Housing and Urban Development,https://www.appropriations.senate.gov/hearings/a-review-of-the-presidents-fiscal-year-2024-funding-request-and-budget-justification-for-the-us-department-of-housing-and-urban-development
333999,Tina Paone,Professor and Licensed Professional Counselor,,https://www.aging.senate.gov/hearings/guardianship-and-alternatives-protection-and-empowerment
333999,Ryan King,Guardianship Reform Advocate,"Accompanied by Ms. Susie King, Ryan's Mother",https://www.aging.senate.gov/hearings/guardianship-and-alternatives-protection-and-empowerment
333999,Nick Parker,"Staff Attorney, Adult Guardianship Office","Indiana Office of Court Services, Indiana Supreme Court",https://www.aging.senate.gov/hearings/guardianship-and-alternatives-protection-and-empowerment
333999,Karrie Shogren,Director,Kansas University Center on Developmental Disabilities,https://www.aging.senate.gov/hearings/guardianship-and-alternatives-protection-and-empowerment
334020,Karen Gibson,Sergeant at Arms and Doorkeeper of the Senate,United States Senate,https://www.appropriations.senate.gov/hearings/a-review-of-the-presidents-fiscal-year-2024-budget-requests-for-the-sergeant-at-arms-and-doorkeeper-of-the-senate-and-the-united-states-capitol-police
334020,J. Thomas Manger,Chief of Police,United States Capitol Police,https://www.appropriations.senate.gov/hearings/a-review-of-the-presidents-fiscal-year-2024-budget-requests-for-the-sergeant-at-arms-and-doorkeeper-of-the-senate-and-the-united-states-capitol-police
334022,Joshua Harris,Deputy Assistant Secretary of State for North Africa,"Bureau of Near Eastern Affairs, U.S. Department of State",https://www.foreign.senate.gov/hearings/us-policy-on-tunisia
334022,Megan Doherty,Deputy Assistant Administrator,"Bureau for the Middle East, United States Agency for International Development",https://www.foreign.senate.gov/hearings/us-policy-on-tunisia
334024,Denis R. McDonough,Secretary,Department of Veterans Affairs,https://www.appropriations.senate.gov/hearings/a-review-of-the-fy-2024-budget-and-fy-2025-advance-appropriations-requests-for-the-department-of-veterans-affairs
334033,Andrew P. Hunter,"Assistant Secretary of the Air Force for Acquisition, Technology and Logistics",,https://www.armed-services.senate.gov/hearings/to-receive-testimony-on-air-force-modernization-in-review-of-the-defense-authorization-request-for-fiscal-year-2024-and-the-future-years-defense-program
334033,James C. Slife,Deputy Chief of Staff for Operations,,https://www.armed-services.senate.gov/hearings/to-receive-testimony-on-air-force-modernization-in-review-of-the-defense-authorization-request-for-fiscal-year-2024-and-the-future-years-defense-program
334033,S. Clinton Hinote,"Deputy Chief of Staff for Strategy, Integration, and Requirements",,https://www.armed-services.senate.gov/hearings/to-receive-testimony-on-air-force-modernization-in-review-of-the-defense-authorization-request-for-fiscal-year-2024-and-the-future-years-defense-program
334033,Richard G. Moore Jr.,Deputy Chief of Staff for Plans and Programs,,https://www.armed-services.senate.gov/hearings/to-receive-testimony-on-air-force-modernization-in-review-of-the-defense-authorization-request-for-fiscal-year-2024-and-the-future-years-defense-program
334035,Samantha Power,Administrator,United States Agency for International Development,https://www.foreign.senate.gov/hearings/review-of-the-fy-2024-united-states-agency-for-international-development-budget
334052,Michael L. Connor,Assistant Secretary,United States Army (Civil Works),https://www.appropriations.senate.gov/hearings/a-review-of-the-fiscal-year-2024-budget-request-for-the-us-army-corps-of-engineers-and-the-bureau-of-reclamation
334052,Scott A. Spellmon,Chief of Engineers and Commanding General,U.S. Army Corps of Engineers,https://www.appropriations.senate.gov/hearings/a-review-of-the-fiscal-year-2024-budget-request-for-the-us-army-corps-of-engineers-and-the-bureau-of-reclamation
334052,Camille Calimlim Touton,Commissioner,U.S. Bureau of Reclamation,https://www.appropriations.senate.gov/hearings/a-review-of-the-fiscal-year-2024-budget-request-for-the-us-army-corps-of-engineers-and-the-bureau-of-reclamation
334045,Gillian Caldwell,Chief Climate Officer and Deputy Assistant Administrator,United States Agency for International Development,https://www.appropriations.senate.gov/hearings/advancing-security-and-prosperity-through-international-conservation
334045,Kaddu Sebunya,President and Chief Executive Officer,African Wildlife Foundation,https://www.appropriations.senate.gov/hearings/advancing-security-and-prosperity-through-international-conservation
334045,Andrew Steer,President and Chief Executive Officer,Bezos Earth Fund,https://www.appropriations.senate.gov/hearings/advancing-security-and-prosperity-through-international-conservation
334049,Christine Wormuth,Secretary,United States Army,https://www.appropriations.senate.gov/hearings/review-of-the-presidents-fiscal-year-2024-budget-request-for-the-army
334049,James C. McConville,Chief of Staff,United States Army,https://www.appropriations.senate.gov/hearings/review-of-the-presidents-fiscal-year-2024-budget-request-for-the-army
334050,Daniel J. Kritenbrink,Assistant Secretary,"Bureau of East Asian and Pacific Affairs, U.S. Department of State",https://www.foreign.senate.gov/hearings/fy-2024-budget-request-for-east-asia-and-the-pacific
334050,Michael Schiffer,Assistant Administrator,"Bureau for Asia, United States Agency for International Development",https://www.foreign.senate.gov/hearings/fy-2024-budget-request-for-east-asia-and-the-pacific
334053,John F. Plumb,Assistant Secretary of Defense for Space Policy,,https://www.armed-services.senate.gov/hearings/to-receive-testimony-on-the-department-of-defense-space-activities-in-review-of-the-defense-authorization-request-for-fiscal-year-2024-and-the-future-years-defense-program
334053,Frank Calvelli,Assistant Secretary of the Air Force for Space Acquisition and Integration,,https://www.armed-services.senate.gov/hearings/to-receive-testimony-on-the-department-of-defense-space-activities-in-review-of-the-defense-authorization-request-for-fiscal-year-2024-and-the-future-years-defense-program
334053,David D. Thompson,Vice Chief of Space Operations,,https://www.armed-services.senate.gov/hearings/to-receive-testimony-on-the-department-of-defense-space-activities-in-review-of-the-defense-authorization-request-for-fiscal-year-2024-and-the-future-years-defense-program
334061,David Turk,Deputy Secretary,U.S. Department of Energy,https://www.appropriations.senate.gov/hearings/a-review-of-the-fiscal-year-2024-budget-request-for-the-us-department-of-energy-including-the-national-nuclear-security-administration
334061,Jill Hruby,Under Secretary,National Nuclear Security Administration,https://www.appropriations.senate.gov/hearings/a-review-of-the-fiscal-year-2024-budget-request-for-the-us-department-of-energy-including-the-national-nuclear-security-administration
334072,Amanda Bennett,Chief Executive Officer,U.S Agency for Global Media,https://www.foreign.senate.gov/hearings/the-global-information-wars-is-the-us-winning-or-losing050323
334072,David Stilwell,"Fox Fellow for Future Pacing Threats, Air Force Academy Institute for Future Conflict","Former Assistant Secretary of State for the Bureau of East Asian and Pacific Affairs, U.S. Department of State",https://www.foreign.senate.gov/hearings/the-global-information-wars-is-the-us-winning-or-losing050323
334072,Christopher Walker,Vice President for Studies and Analysis,National Endowment for Democracy,https://www.foreign.senate.gov/hearings/the-global-information-wars-is-the-us-winning-or-losing050323
334072,Jessica Brandt,"Policy Director, Artificial Intelligence and Emerging Technology Initiative",Brookings Institution,https://www.foreign.senate.gov/hearings/the-global-information-wars-is-the-us-winning-or-losing050323
334080,James Mandryck,Deputy Assistant Commissioner of Intelligence and Analysis,U.S. Customs and Border Protection,https://www.appropriations.senate.gov/hearings/combatting-transnational-criminal-organizations-and-related-trafficking
334080,Diane Sabatino,Deputy Executive Assistant Commissioner of Field Operations,U.S. Customs and Border Protection,https://www.appropriations.senate.gov/hearings/combatting-transnational-criminal-organizations-and-related-trafficking
334080,Matthew Millhollin,Assistant Director for Countering Transnational Organized Crime,Homeland Security Investigations,https://www.appropriations.senate.gov/hearings/combatting-transnational-criminal-organizations-and-related-trafficking
334085,Michael S. Regan,Administrator,U.S. Environmental Protection Agency,https://www.appropriations.senate.gov/hearings/a-review-of-the-presidents-fiscal-year-2024-budget-request-for-the-environmental-protection-agency
334073,Lawrence Tabak,Acting Director,National Institutes of Health,https://www.appropriations.senate.gov/hearings/a-review-of-the-presidents-fy-2024-funding-request-and-budget-justification-for-the-national-institutes-of-health
334073,Douglas Lowy,Principal Deputy Director,National Cancer Institute,https://www.appropriations.senate.gov/hearings/a-review-of-the-presidents-fy-2024-funding-request-and-budget-justification-for-the-national-institutes-of-health
334073,Joshua Gordon,Director,National Institutes of Mental Health,https://www.appropriations.senate.gov/hearings/a-review-of-the-presidents-fy-2024-funding-request-and-budget-justification-for-the-national-institutes-of-health
334073,Richard Hodes,Director,National Institute on Aging,https://www.appropriations.senate.gov/hearings/a-review-of-the-presidents-fy-2024-funding-request-and-budget-justification-for-the-national-institutes-of-health
334073,Nora Volkow,Director,National Institute on Drug Abuse,https://www.appropriations.senate.gov/hearings/a-review-of-the-presidents-fy-2024-funding-request-and-budget-justification-for-the-national-institutes-of-health
334081,Lawrence Tabak,Acting Director,National Institutes of Health,https://www.appropriations.senate.gov/hearings/a-review-of-the-presidents-fy-2024-funding-request-and-budget-justification-for-the-national-institutes-of-health
334081,Douglas Lowy,Principal Deputy Director,National Cancer Institute,https://www.appropriations.senate.gov/hearings/a-review-of-the-presidents-fy-2024-funding-request-and-budget-justification-for-the-national-institutes-of-health
334081,Joshua Gordon,Director,National Institutes of Mental Health,https://www.appropriations.senate.gov/hearings/a-review-of-the-presidents-fy-2024-funding-request-and-budget-justification-for-the-national-institutes-of-health
334081,Richard Hodes,Director,National Institute on Aging,https://www.appropriations.senate.gov/hearings/a-review-of-the-presidents-fy-2024-funding-request-and-budget-justification-for-the-national-institutes-of-health
334081,Nora Volkow,Director,National Institute on Drug Abuse,https://www.appropriations.senate.gov/hearings/a-review-of-the-presidents-fy-2024-funding-request-and-budget-justification-for-the-national-institutes-of-health
334094,Roselyn Tso,Director,Indian Health Service,https://www.appropriations.senate.gov/hearings/a-review-of-the-presidents-fiscal-year-2024-budget-request-for-indian-country
334094,Bryan Newland,Assistant Secretary for Indian Affairs,Department of the Interior,https://www.appropriations.senate.gov/hearings/a-review-of-the-presidents-fiscal-year-2024-budget-request-for-indian-country
334098,Victoria Nuland,Under Secretary of State for Political Affairs,U.S. Department of State,https://www.foreign.senate.gov/hearings/conflict-in-sudan-options-for-an-effective-policy-response
334098,Sarah Charles,Assistant to the Administrator,"Bureau of Humanitarian Assistance, United States Agency for International Development",https://www.foreign.senate.gov/hearings/conflict-in-sudan-options-for-an-effective-policy-response
334100,Miguel Cardona,Secretary,Department of Education,https://www.appropriations.senate.gov/hearings/a-review-of-the-presidents-fiscal-year-2024-funding-request-and-budget-justification-for-the-department-of-education
334102,Miguel Cardona,Secretary,Department of Education,https://www.appropriations.senate.gov/hearings/a-review-of-the-presidents-fiscal-year-2024-funding-request-and-budget-justification-for-the-department-of-education
334089,Glen D. VanHerck,Commander,North American Aerospace Defense Command and U.S. Northern Command,https://www.appropriations.senate.gov/hearings/a-review-of-the-presidents-fiscal-year-2024-budget-request-for-hypersonic-threats-missile-defense-and-the-protection-of-the-us-homeland
334089,Jon A. Hill,Director,Missile Defense Agency,https://www.appropriations.senate.gov/hearings/a-review-of-the-presidents-fiscal-year-2024-budget-request-for-hypersonic-threats-missile-defense-and-the-protection-of-the-us-homeland
334138,John Sullivan,Former Deputy Secretary of State and Ambassador of the United States to the Russian Federation (2020-2022),,https://www.foreign.senate.gov/hearings/what-comes-next-for-us-policy-towards-russia
334138,Andrea Kendall Taylor,"Senior Fellow and Director, Transatlantic Security Program",Center for a New American Security,https://www.foreign.senate.gov/hearings/what-comes-next-for-us-policy-towards-russia
334152,Ernest Gonzales,"James Weldon Johnson Professor of Social Work at New York University, Director of the Center for Health and Aging Innovation",,https://www.aging.senate.gov/hearings/beyond-the-9-to-5-dismantling-barriers-and-building-economic-resilience-for-older-workers
334152,Liya Palagashvili,Senior Research Fellow,"Mercatus Center, George Mason University",https://www.aging.senate.gov/hearings/beyond-the-9-to-5-dismantling-barriers-and-building-economic-resilience-for-older-workers
334152,Christine Vanlandingham,CEO,Michigan Region IV Area Agency on Aging,https://www.aging.senate.gov/hearings/beyond-the-9-to-5-dismantling-barriers-and-building-economic-resilience-for-older-workers
334152,Dave McLimans,Retired Steelworker and Steelworkers Organization of Active Retirees (SOAR) District 10 Board Member,,https://www.aging.senate.gov/hearings/beyond-the-9-to-5-dismantling-barriers-and-building-economic-resilience-for-older-workers
334155,Derek Chollet,Counselor,United States Department of State,https://www.foreign.senate.gov/hearings/assessing-us-policy-towards-the-western-balkans
334155,Gabriel Escobar,"Deputy Assistant Secretary, Western Balkans","Bureau of European and Eurasian Affairs, United States Department of State",https://www.foreign.senate.gov/hearings/assessing-us-policy-towards-the-western-balkans
334222,Beth Van Schaack,Ambassador-at-Large for Global Criminal Justice,U.S. Department of State,https://www.foreign.senate.gov/hearings/accountability-for-russian-atrocities-in-ukraine5312023
334241,Barbara Leaf,Assistant Secretary of State for Near Eastern Affairs,U.S. Department of State,https://www.foreign.senate.gov/hearings/fy-2024-budget-request-for-the-middle-east-and-north-africa5312023
334241,Jeanne Pryor,Deputy Assistant Administrator of the Bureau for the Middle East,United States Agency for International Development,https://www.foreign.senate.gov/hearings/fy-2024-budget-request-for-the-middle-east-and-north-africa5312023
334220,Daniel R. Hokanson,Chief,National Guard Bureau,https://www.appropriations.senate.gov/hearings/a-review-of-the-presidents-fiscal-year-2024-budget-request-for-the-national-guard-and-reserve
334220,Jody J. Daniels,Chief,Army Reserve,https://www.appropriations.senate.gov/hearings/a-review-of-the-presidents-fiscal-year-2024-budget-request-for-the-national-guard-and-reserve
334220,John B. Mustin,Chief,Navy Reserve,https://www.appropriations.senate.gov/hearings/a-review-of-the-presidents-fiscal-year-2024-budget-request-for-the-national-guard-and-reserve
334220,David G. Bellon,Commander,Marine Forces Reserve,https://www.appropriations.senate.gov/hearings/a-review-of-the-presidents-fiscal-year-2024-budget-request-for-the-national-guard-and-reserve
334220,John P. Healy,Chief,Air Force Reserve,https://www.appropriations.senate.gov/hearings/a-review-of-the-presidents-fiscal-year-2024-budget-request-for-the-national-guard-and-reserve
334249,Rena Bitter,"Assistant Secretary of State, Bureau of Consular Affairs",U.S. Department of State,https://www.foreign.senate.gov/hearings/state-department-services-for-the-american-people-an-overview-of-consular-affairs-and-programs
334250,Noah Barkin,"Senior Advisor, Rhodium Group","Senior Visiting Fellow, Indo-Pacific Program, German Marshall Fund of the United States",https://www.foreign.senate.gov/hearings/aligning-transatlantic-approaches-on-china
334250,Janka Oertel,"Asia Program Director, Senior Policy Fellow",European Council on Foreign Relations,https://www.foreign.senate.gov/hearings/aligning-transatlantic-approaches-on-china
334250,Andrew Small,"Senior Transatlantic Fellow, Indo-Pacific Program",German Marshall Fund of the United States,https://www.foreign.senate.gov/hearings/aligning-transatlantic-approaches-on-china
334261,Vivek H. Murthy,U.S. Surgeon General,U.S. Department of Health and Human Services,https://www.help.senate.gov/hearings/why-are-so-many-american-youth-in-a-mental-health-crisis-exploring-causes-and-solutions
334261,Katherine Neas,Deputy Assistant Secretary,"Office of Special Education and Rehabilitative Services, U.S. Department of Education",https://www.help.senate.gov/hearings/why-are-so-many-american-youth-in-a-mental-health-crisis-exploring-causes-and-solutions
334261,Charlene M. Russell-Tucker,Commissioner,Connecticut State Department of Education,https://www.help.senate.gov/hearings/why-are-so-many-american-youth-in-a-mental-health-crisis-exploring-causes-and-solutions
334261,Joshua Garcia,Superintendent,Tacoma Public Schools,https://www.help.senate.gov/hearings/why-are-so-many-american-youth-in-a-mental-health-crisis-exploring-causes-and-solutions
334261,Joy Osofsky,"Professor of Pediatrics, Psychiatry, and Public Health, Head of Division of Pediatric Mental Health",Louisiana State University Health Sciences Center,https://www.help.senate.gov/hearings/why-are-so-many-american-youth-in-a-mental-health-crisis-exploring-causes-and-solutions
334265,Eric Smith,United States Marine Corps,,https://www.armed-services.senate.gov/hearings/to-consider-the-nomination-of-general-eric-m-smith-usmc-for-reappointment-to-the-grade-of-general-and-to-be-commandant-of-the-marine-corps
334286,Scott Nathan,Chief Executive Officer,U.S. International Development Finance Corporation,https://www.appropriations.senate.gov/hearings/enhancing-american-competitiveness-through-the-us-international-development-finance-corporation
334299,Erin Bliss,Assistant Inspector General for Evaluation and Inspections,Department of Health and Human Services Office of Inspector General,https://www.aging.senate.gov/hearings/residents-at-risk-the-strained-nursing-home-inspection-system-and-the-need-to-improve-oversight-transparency-and-accountability
334299,Shelly Williamson,President of the Board of Directors for the Association of Health Facility Survey Agencies (AHFSA),Administrator for the Section for Long Term Care Regulation with the Missouri Department of Health and Senior Services,https://www.aging.senate.gov/hearings/residents-at-risk-the-strained-nursing-home-inspection-system-and-the-need-to-improve-oversight-transparency-and-accountability
334299,Leah McMahon,Director,Colorado State Long-Term Care Ombudsman Program,https://www.aging.senate.gov/hearings/residents-at-risk-the-strained-nursing-home-inspection-system-and-the-need-to-improve-oversight-transparency-and-accountability
334299,Susan Lu,"Gerald Lyles Rising Star Professor of Management, Mitchell E. Daniels, Jr. School of Business",Purdue University,https://www.aging.senate.gov/hearings/residents-at-risk-the-strained-nursing-home-inspection-system-and-the-need-to-improve-oversight-transparency-and-accountability
334400,Griffin P. Rodgers,Director,"National Institute of Diabetes and Digestive and Kidney Diseases, National Institutes of Health",https://www.appropriations.senate.gov/hearings/accelerating-breakthroughs-how-the-special-diabetes-program-is-creating-hope-for-those-living-with-type-1-diabetes
334400,Aaron J. Kowalski,Chief Executive Officer,JDRF,https://www.appropriations.senate.gov/hearings/accelerating-breakthroughs-how-the-special-diabetes-program-is-creating-hope-for-those-living-with-type-1-diabetes
334400,"James ""Jimmy Jam"" Harris",Award-winning Music Producer and Philanthropist,,https://www.appropriations.senate.gov/hearings/accelerating-breakthroughs-how-the-special-diabetes-program-is-creating-hope-for-those-living-with-type-1-diabetes
334400,Maria Muayad,JDRF 2023 Children’s Congress Delegate,,https://www.appropriations.senate.gov/hearings/accelerating-breakthroughs-how-the-special-diabetes-program-is-creating-hope-for-those-living-with-type-1-diabetes
334400,Elise Cataldo,JDRF 2023 Children’s Congress Delegate,,https://www.appropriations.senate.gov/hearings/accelerating-breakthroughs-how-the-special-diabetes-program-is-creating-hope-for-those-living-with-type-1-diabetes
334423,Charles Q. Brown,"Chief of Staff, U.S. Air Force",,https://www.armed-services.senate.gov/hearings/to-consider-the-nomination-of-general-charles-q-brown-jr-usaf-for-reappointment-to-the-grade-of-general_and-to-be-chairman-of-the-joint-chiefs-of-staff
334480,Gary Gensler,Chairperson,U.S. Securities and Exchange Commission,https://www.appropriations.senate.gov/hearings/review-of-the-fy-2024-budget-for-the-us-securities-and-exchange-commission
334562,Timothy D. Haugh,"to be general and Director, National Security Agency/Chief, Central Security Service Commander, United States Cyber Command",,https://www.armed-services.senate.gov/hearings/to-consider-the-nomination-of-lieutenant-general-timothy-d-haugh-usaf-to-be-general-and-director-national-security-agency/chief-central-security-service-commander-united-states-cyber-command
334564,DeeDee Bennett Gayle,"Professor of Emergency Preparedness, Homeland Security, and Cybersecurity",SUNY,https://www.aging.senate.gov/hearings/before-disaster-strikes-planning-for-older-americans-and-people-with-disabilities-in-all-phases-of-emergencies
334564,Annie Lloyd,Disability Policy Advocate,,https://www.aging.senate.gov/hearings/before-disaster-strikes-planning-for-older-americans-and-people-with-disabilities-in-all-phases-of-emergencies
334564,Jonathan Bydlak,Director of the Governance Program,R Street Institute,https://www.aging.senate.gov/hearings/before-disaster-strikes-planning-for-older-americans-and-people-with-disabilities-in-all-phases-of-emergencies
334564,Mahshid Abir,Emergency Physician and Health Services Researcher,RAND Corporation,https://www.aging.senate.gov/hearings/before-disaster-strikes-planning-for-older-americans-and-people-with-disabilities-in-all-phases-of-emergencies
334642,Jose Fernandez,"Under Secretary for Economic Growth, Energy, and the Environment",United States Department of State,https://www.foreign.senate.gov/hearings/us-economic-security-addressing-economic-coercion-and-increasing-competitiveness
334642,Jay Shambaugh,Under Secretary for International Affairs,United States Department of the Treasury,https://www.foreign.senate.gov/hearings/us-economic-security-addressing-economic-coercion-and-increasing-competitiveness
334645,Gregory M. Guillot,"to be general and Commander, United States Northern Command/ Commander, North American Aerospace Defense Command",,https://www.armed-services.senate.gov/hearings/to-consider-the-nominations-of_lieutenant-general-gregory-m-guillot-usaf-to-be-general-and--commander-united-states-northern-command/-commander-north-american-aerospace-defense-command--lieutenant-general-stephen-n-whiting-ussf-to-be-general-and--commander-united-states-space-command
334645,Stephen N. Whiting,"to be general and Commander, United States Space Command",,https://www.armed-services.senate.gov/hearings/to-consider-the-nominations-of_lieutenant-general-gregory-m-guillot-usaf-to-be-general-and--commander-united-states-northern-command/-commander-north-american-aerospace-defense-command--lieutenant-general-stephen-n-whiting-ussf-to-be-general-and--commander-united-states-space-command
334646,Gregory M. Guillot,"to be general and Commander, United States Northern Command/ Commander, North American Aerospace Defense Command",,https://www.armed-services.senate.gov/hearings/to-consider-the-nominations-of_lieutenant-general-gregory-m-guillot-usaf-to-be-general-and--commander-united-states-northern-command/-commander-north-american-aerospace-defense-command--lieutenant-general-stephen-n-whiting-ussf-to-be-general-and--commander-united-states-space-command
334646,Stephen N. Whiting,"to be general and Commander, United States Space Command",,https://www.armed-services.senate.gov/hearings/to-consider-the-nominations-of_lieutenant-general-gregory-m-guillot-usaf-to-be-general-and--commander-united-states-northern-command/-commander-north-american-aerospace-defense-command--lieutenant-general-stephen-n-whiting-ussf-to-be-general-and--commander-united-states-space-command
334740,Jessica Lewis,Assistant Secretary,"Bureau of Political Military Affairs, United States Department of State",https://www.foreign.senate.gov/hearings/aukus-a-generational-opportunity-to-deepen-our-security-partnerships-with-australia-and-the-united-kingdom
334740,Mara E. Karlin,Performing the Duties of the Deputy Undersecretary of Defense for Policy,"Assistant Secretary of Defense for Strategy, Plans, and Capabilities, United States Department of Defense",https://www.foreign.senate.gov/hearings/aukus-a-generational-opportunity-to-deepen-our-security-partnerships-with-australia-and-the-united-kingdom
334740,Kin Moy,Principal Deputy Assistant Secretary,"Bureau of East Asian and Pacific Affairs, United States Department of State",https://www.foreign.senate.gov/hearings/aukus-a-generational-opportunity-to-deepen-our-security-partnerships-with-australia-and-the-united-kingdom
334747,Brian Nichols,"Assistant Secretary of State, Bureau of Western Hemisphere Affairs",United States Department of State,https://www.foreign.senate.gov/hearings/fiscal-year-2024-budget-priorities-for-the-western-hemisphere
334747,Marcela Escobari,"Assistant Administrator, Bureau for Latin America and the Caribbean",United States Agency for International Development,https://www.foreign.senate.gov/hearings/fiscal-year-2024-budget-priorities-for-the-western-hemisphere
334747,Todd Robinson,"Assistant Secretary, Bureau of International Narcotics and Law Enforcement Affairs",United States Department of State,https://www.foreign.senate.gov/hearings/fiscal-year-2024-budget-priorities-for-the-western-hemisphere
334764,David W. Allvin,for reappointment to the grade of general and to be Chief of Staff of the Air Force,,https://www.armed-services.senate.gov/hearings/to-consider-the-nomination-of-general-david-w-allvin-usaf-for-reappointment-to-the-grade-of-general-and-to-be-chief-of-staff-of-the-air-force
334824,Yuri Kim,Acting Assistant Secretary,"European and Eurasian Affairs, United States Department of State",https://www.foreign.senate.gov/hearings/assessing-the-crisis-in-nagorno-karabakh
334860,Toby Deaton,Vice President,"Indiana Fraternal Order of Police, Chief Deputy Sheriff",https://www.aging.senate.gov/hearings/economic-challenges-and-opportunities-for-older-americans
334860,Tom McKinney,President and Owner,"McKinney Farms, Inc.",https://www.aging.senate.gov/hearings/economic-challenges-and-opportunities-for-older-americans
334860,Wesley Snyder,Multi-brand Franchise Owner,,https://www.aging.senate.gov/hearings/economic-challenges-and-opportunities-for-older-americans
334860,Valerie A. Jones,Assistant to the Philanthropist,St. Vincent de Paul,https://www.aging.senate.gov/hearings/economic-challenges-and-opportunities-for-older-americans
334923,Mustafa Taher Kasubhai,to be United States District Judge for the District of Oregon,"To be introduced by:, Senator Ron Wyden United States Senate",https://www.judiciary.senate.gov/committee-activity/hearings/09/27/2023/nominations
334923,John A. Kazen,to be United States District Judge for the Southern District of Texas,To be introduced by:,https://www.judiciary.senate.gov/committee-activity/hearings/09/27/2023/nominations
334923,Shanlyn A.S. Park,to be United States District Judge for the District of Hawaii,"To be introduced by:, Senator Brian Schatz United States Senate",https://www.judiciary.senate.gov/committee-activity/hearings/09/27/2023/nominations
334923,Jamel Semper,to be United States District Judge for the District of New Jersey,"To be introduced by:, Senator Robert Menendez United States Senate",https://www.judiciary.senate.gov/committee-activity/hearings/09/27/2023/nominations
334923,Micah W.J. Smith,to be United States District Judge for the District of Hawaii,"To be introduced by:, Senator Brian Schatz United States Senate",https://www.judiciary.senate.gov/committee-activity/hearings/09/27/2023/nominations
334925,Scott A. Nathan,Chief Executive Officer,Development Finance Corporation,https://www.foreign.senate.gov/hearings/build-act-reauthorization-and-development-finance-corporation-oversight
334927,Scott A. Nathan,Chief Executive Officer,Development Finance Corporation,https://www.foreign.senate.gov/hearings/build-act-reauthorization-and-development-finance-corporation-oversight
335001,Molly Phee,"Assistant Secretary, Bureau of African Affairs",United States Department of State,https://www.foreign.senate.gov/hearings/instability-in-the-sahel-and-west-africa-implications-for-us-policy
335008,James O'Brien,"Assistant Secretary, European and Eurasian Affairs",United States Department of State,https://www.foreign.senate.gov/hearings/assessing-the-department-of-states-strategy-for-security-in-the-black-sea-region
335014,Nancy Altman,President,Social Security Works,https://www.aging.senate.gov/hearings/securing-social-security-accessing-payments-and-preserving-the-program-for-future-generations
335014,Jessica LaPointe,President of Council 220,American Federation of Government Employees,https://www.aging.senate.gov/hearings/securing-social-security-accessing-payments-and-preserving-the-program-for-future-generations
335014,Jennifer Burdick,Divisional Supervising Attorney in the Supplemental Security Income Unit,Community Legal Services of Philadelphia,https://www.aging.senate.gov/hearings/securing-social-security-accessing-payments-and-preserving-the-program-for-future-generations
335062,Xavier Becerra,Secretary,U.S. Department of Health and Human Services,https://www.appropriations.senate.gov/hearings/a-review-of-the-presidents-supplemental-request-for-the-departments-of-health-and-human-services-and-homeland-security
335062,Alejandro Mayorkas,Secretary,U.S. Department of Homeland Security,https://www.appropriations.senate.gov/hearings/a-review-of-the-presidents-supplemental-request-for-the-departments-of-health-and-human-services-and-homeland-security
335072,James O'Brien,"Assistant Secretary, European and Eurasian Affairs",United States Department of State,https://www.foreign.senate.gov/hearings/us-national-security-interests-in-ukraine
335072,Geoffrey R. Pyatt,"Assistant Secretary, Energy Resources",United States Department of State,https://www.foreign.senate.gov/hearings/us-national-security-interests-in-ukraine
335072,Erin McKee,"Assistant Administrator, Europe and Eurasia",United States Agency for International Development,https://www.foreign.senate.gov/hearings/us-national-security-interests-in-ukraine
335113,Sara E. Hill,to be United States District Judge for the Northern District of Oklahoma,To be introduced by:,https://www.judiciary.senate.gov/committee-activity/hearings/11/15/2023/nominations
335113,John David Russell,to be United States District Judge for the Northern District of Oklahoma,To be introduced by:,https://www.judiciary.senate.gov/committee-activity/hearings/11/15/2023/nominations
335113,Ramona Villagomez Manglona,to be Judge for the District Court for the Northern Mariana Islands,To be introduced by:,https://www.judiciary.senate.gov/committee-activity/hearings/11/15/2023/nominations
335115,Nathaniel Fick,Ambassador-at-Large,"Bureau for Cyberspace and Digital Policy, United States Department of State",https://www.foreign.senate.gov/hearings/us-leadership-on-artificial-intelligence-in-an-era-of-strategic-competition
335115,Matthew Graviss,Chief Data and Artificial Intelligence Officer,United States Department of State,https://www.foreign.senate.gov/hearings/us-leadership-on-artificial-intelligence-in-an-era-of-strategic-competition
335122,Jay Collins,State Senator,,https://www.aging.senate.gov/hearings/issues-facing-veterans-access-to-care-services-and-economic-opportunity
335122,David Harris,Department of Florida Commander Emeritus,VFW,https://www.aging.senate.gov/hearings/issues-facing-veterans-access-to-care-services-and-economic-opportunity
335122,Sharon Silas,"Director, Healthcare",GAO,https://www.aging.senate.gov/hearings/issues-facing-veterans-access-to-care-services-and-economic-opportunity
335122,Teresa Galgano,"Director, Member Relations",Blinded Veterans Association,https://www.aging.senate.gov/hearings/issues-facing-veterans-access-to-care-services-and-economic-opportunity
335122,Gregg Laskoski,Communications Director,"K9 Partners for Patriots, Inc.",https://www.aging.senate.gov/hearings/issues-facing-veterans-access-to-care-services-and-economic-opportunity
335171,Jacquelyn D. Austin,to be United States District Judge for the District of South Carolina,To be introduced by:,https://www.judiciary.senate.gov/committee-activity/hearings/11/29/2023/nominations
335171,Jacqueline Becerra,to be United States District Judge for the Southern District of Florida,To be introduced by:,https://www.judiciary.senate.gov/committee-activity/hearings/11/29/2023/nominations
335171,Melissa Damian,to be United States District Judge for the Southern District of Florida,To be introduced by:,https://www.judiciary.senate.gov/committee-activity/hearings/11/29/2023/nominations
335171,David Seymour Leibowitz,to be United States District Judge for the Southern District of Florida,To be introduced by:,https://www.judiciary.senate.gov/committee-activity/hearings/11/29/2023/nominations
335171,Kirk Edward Sherriff,to be United States District Judge for the Eastern District of California,"To be introduced by:, Senator Alex Padilla United States Senate",https://www.judiciary.senate.gov/committee-activity/hearings/11/29/2023/nominations
335171,Julie Simone Sneed,to be United States District Judge for the Middle District of Florida,To be introduced by:,https://www.judiciary.senate.gov/committee-activity/hearings/11/29/2023/nominations
335203,Christo Grozev,Investigative Journalist,"Co-Founder, Bellingcat Productions",https://www.foreign.senate.gov/hearings/transnational-repression-authoritarians-targeting-disssenters-abroad
335203,Michael Abramowitz,President,Freedom House,https://www.foreign.senate.gov/hearings/transnational-repression-authoritarians-targeting-disssenters-abroad
335203,Caoilfhionn Gallagher,International Legal Counsel to Jimmy Lai,Doughty Street Barristers,https://www.foreign.senate.gov/hearings/transnational-repression-authoritarians-targeting-disssenters-abroad
335244,Gary Schildhorn,Attorney and Intended Scam Victim,,https://www.aging.senate.gov/hearings/modern-scams-how-scammers-are-using-artificial-intelligence-and-how-we-can-fight-back
335244,Tom Romanoff,Director of the Technology Project,Bipartisan Policy Center,https://www.aging.senate.gov/hearings/modern-scams-how-scammers-are-using-artificial-intelligence-and-how-we-can-fight-back
335244,Steve Weisman,"Scam Expert, Editor of Scamicide.com, and Senior Lecturer",Bentley University,https://www.aging.senate.gov/hearings/modern-scams-how-scammers-are-using-artificial-intelligence-and-how-we-can-fight-back
335244,Tahir Ekin,Professor and Director of the Center for Analytics and Data Science,Texas State University,https://www.aging.senate.gov/hearings/modern-scams-how-scammers-are-using-artificial-intelligence-and-how-we-can-fight-back
335342,Keith Humphreys,"Esther Ting Memorial Professor, Psychiatry and Behavioral Sciences",Stanford School of Medicine,https://www.aging.senate.gov/hearings/understanding-a-growing-crisis-substance-use-trends-among-older-adults
335342,James W. Carroll,"Former Director, White House Office of National Drug Control Policy","Partner, Frost Brown Todd, LLP",https://www.aging.senate.gov/hearings/understanding-a-growing-crisis-substance-use-trends-among-older-adults
335342,Deborah Steinberg,Senior Health Policy Attorney,Legal Action Center,https://www.aging.senate.gov/hearings/understanding-a-growing-crisis-substance-use-trends-among-older-adults
335342,William Stauffer,Executive Director,Pennsylvania Recovery Organization Alliance,https://www.aging.senate.gov/hearings/understanding-a-growing-crisis-substance-use-trends-among-older-adults
335371,Samuel J. Paparo Jr.,"for reappointment to the grade of admiral and to be Commander, United States Indo-Pacific Command",,https://www.armed-services.senate.gov/hearings/to-consider-the-nomination-of_admiral-samuel-j-paparo-jr-usn-for-reappointment-to--the-grade-of-admiral-and-to-be--commander-united-states-indo-pacific-command
335441,Amir H. Ali,to be United States District Judge for the District of Columbia,To be introduced by:,https://www.judiciary.senate.gov/committee-activity/hearings/02/08/2024/nominations
335441,Melissa R. DuBose,to be United States District Judge for the District of Rhode Island,"To be introduced by:, Senator Jack Reed United States Senate",https://www.judiciary.senate.gov/committee-activity/hearings/02/08/2024/nominations
335441,Sunil R. Harjani,to be United States District Judge for the Northern District of Illinois,To be introduced by:,https://www.judiciary.senate.gov/committee-activity/hearings/02/08/2024/nominations
335441,Robert J. White,to be United States District Judge for the Eastern District of Michigan,"To be introduced by:, Senator Debbie Stabenow United States Senate",https://www.judiciary.senate.gov/committee-activity/hearings/02/08/2024/nominations
335441,Jasmine Hyejung Yoon,to be United States District Judge for the Western District of Virginia,"To be introduced by:, Senator Mark R. Warner United States Senate",https://www.judiciary.senate.gov/committee-activity/hearings/02/08/2024/nominations
335468,Timothy A. Lenderking,U.S. Special Envoy for Yemen,U.S. Department of State,https://www.foreign.senate.gov/hearings/yemen-and-red-sea-security-issues
335468,Daniel B. Shapiro,"Deputy Assistant Secretary of Defense for the Middle East, Office of the Secretary of Defense",U.S. Department of Defense,https://www.foreign.senate.gov/hearings/yemen-and-red-sea-security-issues
335465,Johnny C. Taylor Jr.,"President and Chief Executive Officer, Society for Human Resource Management",,https://www.armed-services.senate.gov/hearings/to-receive-testimony-on-evolving-workforce-dynamics-and-the-challenges-for-defense-acquisition-and-defense-industrial-base-personnel
335465,Simon H. Johnson,Ronald A. Kurtz (1954) Professor of Entrepreneurship at the Massachusetts Institute of Technology Sloan School of Management,,https://www.armed-services.senate.gov/hearings/to-receive-testimony-on-evolving-workforce-dynamics-and-the-challenges-for-defense-acquisition-and-defense-industrial-base-personnel
335465,Julie A. Lockwood,"Director of Business Modernization, Institute for Defense Analyses",,https://www.armed-services.senate.gov/hearings/to-receive-testimony-on-evolving-workforce-dynamics-and-the-challenges-for-defense-acquisition-and-defense-industrial-base-personnel
335469,Suzanne Maloney,"Vice President and Director, Foreign Policy",The Brookings Institution,https://www.foreign.senate.gov/hearings/tehrans-shadow-army-addressing-irans-proxy-network-in-the-middle-east
335469,Brian H. Hook,Former U.S. Special Representative for Iran and Senior Policy Advisor to the Secretary of State,U.S. Department of State,https://www.foreign.senate.gov/hearings/tehrans-shadow-army-addressing-irans-proxy-network-in-the-middle-east
335480,David Lange,Medicare Applicant,,https://www.aging.senate.gov/hearings/medicare-and-medicare-advantage-challenges-and-opportunities-with-enrollment
335480,Jana Danielson,Vice President,Revenue Cycle at Nebraska Medicine,https://www.aging.senate.gov/hearings/medicare-and-medicare-advantage-challenges-and-opportunities-with-enrollment
335480,John Trapp,System Vice President of Medical Affairs and Chief Medical Officer at Bryan Health,,https://www.aging.senate.gov/hearings/medicare-and-medicare-advantage-challenges-and-opportunities-with-enrollment
335480,Kierstin Reed,Chief Executive Officer,LeadingAge Nebraska,https://www.aging.senate.gov/hearings/medicare-and-medicare-advantage-challenges-and-opportunities-with-enrollment
335480,Jina Ragland,Associate State Director of Advocacy and Outreach,AARP Nebraska,https://www.aging.senate.gov/hearings/medicare-and-medicare-advantage-challenges-and-opportunities-with-enrollment
335502,Dina Esposito,Assistant to the Administrator,"Bureau for Resilience, Environment, and Food Security, United States Agency for International Development",https://www.foreign.senate.gov/hearings/global-food-security
335502,Cary Fowler,Special Envoy for Global Food Security,United States Department of State,https://www.foreign.senate.gov/hearings/global-food-security
335504,Sanket Jayshukh Bulsara,to be United States District Judge for the Eastern District of New York,To be introduced by:,https://www.judiciary.senate.gov/committee-activity/hearings/03/06/2024/nominations
335504,Dena M. Coggins,to be United States District Judge for the Eastern District of California,"To be introduced by:, Senator Laphonza R. Butler United States Senate",https://www.judiciary.senate.gov/committee-activity/hearings/03/06/2024/nominations
335504,Eric C. Schulte,to be United States District Judge for the District of South Dakota,"To be introduced by:, Senator John Thune United States Senate",https://www.judiciary.senate.gov/committee-activity/hearings/03/06/2024/nominations
335504,Camela C. Theeler,to be United States District Judge for the District of South Dakota,"To be introduced by:, Senator John Thune United States Senate",https://www.judiciary.senate.gov/committee-activity/hearings/03/06/2024/nominations
335506,Ramsey Alwin,President and CEO,National Council on Aging,https://www.help.senate.gov/hearings/the-older-americans-act-supporting-efforts-to-meet-the-needs-of-seniors
335506,Ellie Hollander,President and CEO,Meals on Wheels America,https://www.help.senate.gov/hearings/the-older-americans-act-supporting-efforts-to-meet-the-needs-of-seniors
335506,Michelle Branham,Secretary,Florida Department of Elder Affairs,https://www.help.senate.gov/hearings/the-older-americans-act-supporting-efforts-to-meet-the-needs-of-seniors
335506,Martha (Marti) Y. Kubik,Professor of Nursing,"College of Public Health, George Mason University",https://www.help.senate.gov/hearings/the-older-americans-act-supporting-efforts-to-meet-the-needs-of-seniors
335506,Dorothy Hutchins,Virginia Older Adult,,https://www.help.senate.gov/hearings/the-older-americans-act-supporting-efforts-to-meet-the-needs-of-seniors
335506,Alison Barkoff,Principal Deputy Administrator and performing the duties of the Administrator and Assistant Secretary for Aging,"Administration for Community Living, US Department of Health and Human Services",https://www.help.senate.gov/hearings/the-older-americans-act-supporting-efforts-to-meet-the-needs-of-seniors
335522,Jocelyn Benson,Secretary of State,State of Michigan,https://www.rules.senate.gov/hearings/03/05/2024/administration-of-upcoming-elections
335522,Wes Allen,Secretary of State,State of Alabama,https://www.rules.senate.gov/hearings/03/05/2024/administration-of-upcoming-elections
335522,Isaac Cramer,Executive Director,Charleston County Board of Voter Registration and Elections,https://www.rules.senate.gov/hearings/03/05/2024/administration-of-upcoming-elections
335522,Brian Kruse,Election Commissioner,Douglas County Election Commission,https://www.rules.senate.gov/hearings/03/05/2024/administration-of-upcoming-elections
335522,Janai Nelson,President and Director-Counsel,"NAACP Legal Defense and Educational Fund, Inc.",https://www.rules.senate.gov/hearings/03/05/2024/administration-of-upcoming-elections
335528,Paul Scharre,Executive Vice President and Director of Studies Center for a New American Security,,https://www.armed-services.senate.gov/hearings/to-receive-testimony-on-global-security-challenges-and-us-strategy_4_12_24
335528,Hal Brands,Senior Fellow at the American Enterprise Institute Henry A. Kissinger Distinguished Professor of Global Affairs at the Johns Hopkins School of Advanced International Studies,,https://www.armed-services.senate.gov/hearings/to-receive-testimony-on-global-security-challenges-and-us-strategy_4_12_24
335530,Daniel J. Kritenbrink,"Assistant Secretary, Bureau of East Asian and Pacific Affairs",U.S. Department of State,https://www.foreign.senate.gov/hearings/us-strategy-in-the-pacific-island-region
335530,Ely Ratner,Assistant Secretary of Defense for Indo-Pacific Security Affairs,U.S. Department of Defense,https://www.foreign.senate.gov/hearings/us-strategy-in-the-pacific-island-region
335530,Michael Schiffer,Assistant Administrator of the Bureau for Asia,U.S. Agency for International Development,https://www.foreign.senate.gov/hearings/us-strategy-in-the-pacific-island-region
335534,Xavier Becerra,Secretary,United States Department of Health and Human Services,https://www.finance.senate.gov/hearings/the-presidents-fiscal-year-2025-health-and-human-services-budget
335544,Erin Willman,Founder and CEO,White Cane Coffee Company,https://www.aging.senate.gov/hearings/all-means-all-empowering-people-with-disabilities-to-thrive-in-careers-and-the-workplace
335544,Jeffrey E. Mittman,"President and CEO, Bosma Enterprises, and President, National Association for the Employment of the People Who are Blind",,https://www.aging.senate.gov/hearings/all-means-all-empowering-people-with-disabilities-to-thrive-in-careers-and-the-workplace
335544,Frank Hellmer,Data Analyst and Self-Advocate,,https://www.aging.senate.gov/hearings/all-means-all-empowering-people-with-disabilities-to-thrive-in-careers-and-the-workplace
335544,Lauren Avellone,"Associate Professor, Rehabilitation Research and Training Center",Virginia Commonwealth University,https://www.aging.senate.gov/hearings/all-means-all-empowering-people-with-disabilities-to-thrive-in-careers-and-the-workplace
335545,Robert F. Hale,Chair,,https://www.armed-services.senate.gov/hearings/to-receive-testimony-on-the-final-report-of-the-planning-programming-budgeting-and-execution-reform-commission
335545,Ellen M. Lord,Vice Chair,,https://www.armed-services.senate.gov/hearings/to-receive-testimony-on-the-final-report-of-the-planning-programming-budgeting-and-execution-reform-commission
335545,Lara C. Sayer,Executive Director,,https://www.armed-services.senate.gov/hearings/to-receive-testimony-on-the-final-report-of-the-planning-programming-budgeting-and-execution-reform-commission
335548,Martin O’Malley,Commissioner,Social Security Administration,https://www.finance.senate.gov/hearings/the-presidents-fiscal-year-2025-social-security-administration-budget
335552,Peter K. Levine,Senior Fellow at the Institute for Defense Analyses,,https://www.armed-services.senate.gov/hearings/to-receive-testimony-on-an-update-on-the-state-of-the-department-of-defense-acquisition-system
335552,Moshe Schwartz,Senior Fellow for Acquisition Policy at the National Defense Industrial Association,,https://www.armed-services.senate.gov/hearings/to-receive-testimony-on-an-update-on-the-state-of-the-department-of-defense-acquisition-system
335552,William C. Greenwalt,Nonresident Senior Fellow at the American Enterprise Institute,,https://www.armed-services.senate.gov/hearings/to-receive-testimony-on-an-update-on-the-state-of-the-department-of-defense-acquisition-system
335621,Frank Kendall,Secretary of the Air Force,,https://www.appropriations.senate.gov/hearings/review-of-the-presidents-fiscal-year-2025-budget-request-for-the-air-force-and-space-force
335621,David W. Allvin,Air Force Chief of Staff,,https://www.appropriations.senate.gov/hearings/review-of-the-presidents-fiscal-year-2025-budget-request-for-the-air-force-and-space-force
335621,B. Chance Saltzman,Chief of Space Operations,,https://www.appropriations.senate.gov/hearings/review-of-the-presidents-fiscal-year-2025-budget-request-for-the-air-force-and-space-force
335623,Samantha Power,Administrator,United States Agency for International Development,https://www.appropriations.senate.gov/hearings/a-review-of-the-presidents-fiscal-year-2025-budget-request-for-the-us-agency-for-international-development
335601,Samantha Power,Administrator,U.S. Agency for International Development,https://www.foreign.senate.gov/hearings/fy2025-united-states-agency-for-international-development-budget-request
335633,Alejandro Mayorkas,Secretary,U.S. Department of Homeland Security,https://www.appropriations.senate.gov/hearings/a-review-of-the-presidents-fiscal-year-2025-budget-request-for-the-department-of-homeland-security
335648,Richard Nephew,"Coordinator, Global Anti-Corruption",U.S. Department of State,https://www.foreign.senate.gov/hearings/countering-transnational-criminal-networks-and-corruption-in-the-western-hemisphere
335648,Mark Wells,"Principal Deputy Assistant Secretary, Bureau of Western Hemisphere Affairs",U.S. Department of State,https://www.foreign.senate.gov/hearings/countering-transnational-criminal-networks-and-corruption-in-the-western-hemisphere
335648,Chris Landberg,"Deputy Assistant Secretary, Bureau of International Narcotics and Law Enforcement Affairs",U.S. Department of State,https://www.foreign.senate.gov/hearings/countering-transnational-criminal-networks-and-corruption-in-the-western-hemisphere
335665,Daniel I. Werfel,Commissioner,Internal Revenue Service,https://www.finance.senate.gov/hearings/the-presidents-fiscal-year-2025-irs-budget-and-the-irs-2024-filing-season
335666,Carlos Del Toro,Secretary of the Navy,,https://www.appropriations.senate.gov/hearings/a-review-of-the-presidents-fiscal-year-2025-budget-request-for-the-navy-and-marine-corps
335666,Lisa Franchetti,Chief of Naval Operations,,https://www.appropriations.senate.gov/hearings/a-review-of-the-presidents-fiscal-year-2025-budget-request-for-the-navy-and-marine-corps
335666,Eric M. Smith,Commandant of the Marine Corps,,https://www.appropriations.senate.gov/hearings/a-review-of-the-presidents-fiscal-year-2025-budget-request-for-the-navy-and-marine-corps
335709,Daniel J. Kritenbrink,Assistant Secretary of State for East Asian and Pacific Affairs,U.S. Department of State,https://www.foreign.senate.gov/hearings/us-policy-on-taiwan
335712,Nickolas H. Guertin,"Assistant Secretary of the Navy for Research, Development, and Acquisition",,https://www.armed-services.senate.gov/hearings/to-receive-testimony-on-navy-and-marine-corps-investment-programs-in-review-of-the-defense-authorization-request-for-fiscal-year-2025-and-the-future-years-defense-program
335712,James E. Pitts,Deputy Chief of Naval Operations for Warfighting Requirements and Capabilities,,https://www.armed-services.senate.gov/hearings/to-receive-testimony-on-navy-and-marine-corps-investment-programs-in-review-of-the-defense-authorization-request-for-fiscal-year-2025-and-the-future-years-defense-program
335712,Karsten S. Heckl,Deputy Commandant for Combat Development and Integration,,https://www.armed-services.senate.gov/hearings/to-receive-testimony-on-navy-and-marine-corps-investment-programs-in-review-of-the-defense-authorization-request-for-fiscal-year-2025-and-the-future-years-defense-program
335715,James J. Mingus,"Vice Chief of Staff of the Army, Department of the Army",,https://www.armed-services.senate.gov/hearings/to-receive-testimony-on-the-current-readiness-of-the-joint-force
335715,James W. Kilby,"Vice Chief of Naval Operations, Department of the Navy",,https://www.armed-services.senate.gov/hearings/to-receive-testimony-on-the-current-readiness-of-the-joint-force
335715,Christopher J. Mahoney,"Assistant Commandant of the Marine Corps, Department of the Navy",,https://www.armed-services.senate.gov/hearings/to-receive-testimony-on-the-current-readiness-of-the-joint-force
335715,James C. Slife,"Vice Chief of Staff of the Air Force, Department of the Air Force",,https://www.armed-services.senate.gov/hearings/to-receive-testimony-on-the-current-readiness-of-the-joint-force
335715,Michael A. Guetlein,"Vice Chief of Space Operations, Department of the Air Force",,https://www.armed-services.senate.gov/hearings/to-receive-testimony-on-the-current-readiness-of-the-joint-force
335715,Diana C. Maurer,"Director of Defense Capabilities and Management, Government Accountability Office",,https://www.armed-services.senate.gov/hearings/to-receive-testimony-on-the-current-readiness-of-the-joint-force
335717,Michael S. Regan,Administrator,Environmental Protection Agency,https://www.appropriations.senate.gov/hearings/a-review-of-the-presidents-fiscal-year-2025-budget-request-for-the-environmental-protection-agency
335718,Brendan Owens,"Assistant Secretary of Defense for Energy, Installations, and Environment",Office of the Secretary of Defense,https://www.appropriations.senate.gov/hearings/a-review-of-the-fiscal-year-2025-budget-request-for-military-construction-and-family-housing
335718,Jeffrey T. Jablon,Deputy Chief of Naval Operations for Installations and Logistics,United States Navy,https://www.appropriations.senate.gov/hearings/a-review-of-the-fiscal-year-2025-budget-request-for-military-construction-and-family-housing
335718,Edward Banta,"Deputy Commandant, Installations & Logistics",United States Marine Corps,https://www.appropriations.senate.gov/hearings/a-review-of-the-fiscal-year-2025-budget-request-for-military-construction-and-family-housing
335718,Kevin Vereen,"Deputy Chief of Staff, G-9",United States Army,https://www.appropriations.senate.gov/hearings/a-review-of-the-fiscal-year-2025-budget-request-for-military-construction-and-family-housing
335718,Tom Miller,"Deputy Chief of Staff for Logistics, Engineering, and Force Protection",United States Air Force,https://www.appropriations.senate.gov/hearings/a-review-of-the-fiscal-year-2025-budget-request-for-military-construction-and-family-housing
335718,Bruce Hollywood,Associate Chief Operations Officer,United States Space Force,https://www.appropriations.senate.gov/hearings/a-review-of-the-fiscal-year-2025-budget-request-for-military-construction-and-family-housing
335722,Denis R. McDonough,Secretary of Veterans Affairs,,https://www.appropriations.senate.gov/hearings/a-review-of-the-presidents-fiscal-year-2025-budget-and-fiscal-year-2026-advance-appropriations-requests-for-the-department-of-veterans-affairs
335743,Phillip Swagel,Director,Congressional Budget Office,https://www.appropriations.senate.gov/hearings/a-review-of-the-fiscal-year-2025-budget-request-for-the-congressional-budget-office-the-government-accountability-office-and-the-government-publishing-office
335743,Gene L. Dodaro,Comptroller General,U.S. Government Accountability Office,https://www.appropriations.senate.gov/hearings/a-review-of-the-fiscal-year-2025-budget-request-for-the-congressional-budget-office-the-government-accountability-office-and-the-government-publishing-office
335743,Hugh N. Halpern,Director,Government Publishing Office,https://www.appropriations.senate.gov/hearings/a-review-of-the-fiscal-year-2025-budget-request-for-the-congressional-budget-office-the-government-accountability-office-and-the-government-publishing-office
335744,Andrew P. Hunter,"Assistant Secretary of the Air Force for Acquisition, Technology, and Logistics",,https://www.armed-services.senate.gov/hearings/to-receive-testimony-on-air-force-modernization-in-review-of-the-defense-authorization-request-for-fiscal-year-2025-and-the-future-years-defense-program
335744,Adrian L. Spain,Deputy Chief of Staff for Operations,,https://www.armed-services.senate.gov/hearings/to-receive-testimony-on-air-force-modernization-in-review-of-the-defense-authorization-request-for-fiscal-year-2025-and-the-future-years-defense-program
335744,David A. Harris,"Deputy Chief of Staff for Strategy, Integration, and Requirements",,https://www.armed-services.senate.gov/hearings/to-receive-testimony-on-air-force-modernization-in-review-of-the-defense-authorization-request-for-fiscal-year-2025-and-the-future-years-defense-program
335744,Richard G. Moore Jr.,Deputy Chief of Staff for Plans and Programs,,https://www.armed-services.senate.gov/hearings/to-receive-testimony-on-air-force-modernization-in-review-of-the-defense-authorization-request-for-fiscal-year-2025-and-the-future-years-defense-program
335750,John D. Hill,"Deputy Assistant Secretary of Defense for Space and Missile Defense, Department of Defense",,https://www.armed-services.senate.gov/hearings/to-receive-testimony-on-the-department-of-defense-missile-defense-activities-in-review-of-the-defense-authorization-request-for-fiscal-year-2025-and-the-future-years-defense-program
335750,Gregory M. Guillot,"Commander, United States Northern Command and North American Aerospace Defense Command",,https://www.armed-services.senate.gov/hearings/to-receive-testimony-on-the-department-of-defense-missile-defense-activities-in-review-of-the-defense-authorization-request-for-fiscal-year-2025-and-the-future-years-defense-program
335750,Heath A. Collins,"Director, Missile Defense Agency",,https://www.armed-services.senate.gov/hearings/to-receive-testimony-on-the-department-of-defense-missile-defense-activities-in-review-of-the-defense-authorization-request-for-fiscal-year-2025-and-the-future-years-defense-program
335750,Sean A. Gainey,"Commanding General, United States Army Space and Missile Defense Command",,https://www.armed-services.senate.gov/hearings/to-receive-testimony-on-the-department-of-defense-missile-defense-activities-in-review-of-the-defense-authorization-request-for-fiscal-year-2025-and-the-future-years-defense-program
335753,Julie Su,Acting Secretary,U.S. Department of Labor,https://www.appropriations.senate.gov/hearings/a-review-of-the-presidents-fiscal-year-2025-budget-request-for-the-department-of-labor
335762,Bonnie D. Jenkins,Under Secretary for Arms Control and International Security,U.S. Department of State,https://www.foreign.senate.gov/hearings/the-future-of-arms-control-and-deterrence-05-15-2024
335782,Michael L. Connor,Assistant Secretary of the Army for Civil Works,,https://www.appropriations.senate.gov/hearings/a-review-of-the-presidents-fiscal-year-2025-budget-request-for-the-us-army-corps-of-engineers-and-the-bureau-of-reclamation
335782,Scott A. Spellmon,Chief Engineers for the U.S. Army Corps of Engineers,,https://www.appropriations.senate.gov/hearings/a-review-of-the-presidents-fiscal-year-2025-budget-request-for-the-us-army-corps-of-engineers-and-the-bureau-of-reclamation
335782,Camille Calimlim Touton,Commissioner,Bureau of Reclamation,https://www.appropriations.senate.gov/hearings/a-review-of-the-presidents-fiscal-year-2025-budget-request-for-the-us-army-corps-of-engineers-and-the-bureau-of-reclamation
335784,Carla Hayden,Librarian of Congress,Library of Congress,https://www.appropriations.senate.gov/hearings/a-review-of-the-fiscal-year-2025-budget-requests-for-the-library-of-the-congress-and-the-architect-of-the-capitol
335784,Joseph DiPietro,Acting Architect of the Capitol,Architect of the Capitol,https://www.appropriations.senate.gov/hearings/a-review-of-the-fiscal-year-2025-budget-requests-for-the-library-of-the-congress-and-the-architect-of-the-capitol
335785,William A. LaPlante,Under Secretary of Defense for Acquisition and Sustainment,Office of the Secretary of Defense,https://www.appropriations.senate.gov/hearings/a-review-of-select-department-of-defense-acquisition-programs
335785,Douglas R. Bush,"Assistant Secretary of the Army for Acquisition, Logistics and Technology",United States Army,https://www.appropriations.senate.gov/hearings/a-review-of-select-department-of-defense-acquisition-programs
335785,Nickolas H. Guertin,"Assistant Secretary of the Navy for Research, Development and Acquisition",United States Navy,https://www.appropriations.senate.gov/hearings/a-review-of-select-department-of-defense-acquisition-programs
335785,Andrew P. Hunter,"Assistant Secretary of the Air Force for Acquisition, Technology and Logistics",United States Air Force,https://www.appropriations.senate.gov/hearings/a-review-of-select-department-of-defense-acquisition-programs
335786,Scott Nathan,Chief Executive Officer,U.S. International Development Finance Corporation,https://www.appropriations.senate.gov/hearings/strengthening-american-competitiveness-examining-the-roles-of-the-us-international-development-finance-corporation-export-import-bank-of-the-united-states-and-millennium-challenge-corporation
335786,Reta Jo Lewis,President and Chair,Export-Import Bank of the United States,https://www.appropriations.senate.gov/hearings/strengthening-american-competitiveness-examining-the-roles-of-the-us-international-development-finance-corporation-export-import-bank-of-the-united-states-and-millennium-challenge-corporation
335786,Alice Albright,Chief Executive Officer,Millennium Challenge Corporation,https://www.appropriations.senate.gov/hearings/strengthening-american-competitiveness-examining-the-roles-of-the-us-international-development-finance-corporation-export-import-bank-of-the-united-states-and-millennium-challenge-corporation
335787,Gina M. Raimondo,Secretary,Department of Commerce,https://www.appropriations.senate.gov/hearings/a-review-of-the-presidents-fiscal-year-2025-budget-request-for-the-department-of-commerce
335792,Douglas R. Bush,"Assistant Secretary of the Army for Acquisition, Logistics and Technology",,https://www.armed-services.senate.gov/hearings/to-receive-testimony-on-army-modernization-in-review-of-the-defense-authorization-request-for-fiscal-year-2025-and-the-future-years-defense-program
335792,James E. Rainey,Commanding General,United States Army Futures Command,https://www.armed-services.senate.gov/hearings/to-receive-testimony-on-army-modernization-in-review-of-the-defense-authorization-request-for-fiscal-year-2025-and-the-future-years-defense-program
335792,Karl H. Gingrich,"Deputy Chief of Staff, G-8",United States Army,https://www.armed-services.senate.gov/hearings/to-receive-testimony-on-army-modernization-in-review-of-the-defense-authorization-request-for-fiscal-year-2025-and-the-future-years-defense-program
335791,Richard R. Verma,"Deputy Secretary of State, Management and Resources",U.S. Department of State,https://www.foreign.senate.gov/hearings/modernization-and-management-building-a-department-to-address-21st-century-challenges
335820,William Feldman,"Associate Physician, Division of Pulmonary and Critical Care Medicine",Brigham and Women's Hospital,https://www.judiciary.senate.gov/committee-activity/hearings/ensuring-affordable-and-accessible-medications-examining-competition-in-the-prescription-drug-market
335820,David Mitchell,President and Founder,Patients for Affordable Drugs,https://www.judiciary.senate.gov/committee-activity/hearings/ensuring-affordable-and-accessible-medications-examining-competition-in-the-prescription-drug-market
335820,Adam Mossoff,Professor of Law,"Antonin Scalia Law School, George Mason University",https://www.judiciary.senate.gov/committee-activity/hearings/ensuring-affordable-and-accessible-medications-examining-competition-in-the-prescription-drug-market
335820,Arti Rai,Elvin R. Latty Distinguished Professor of Law,Duke Law,https://www.judiciary.senate.gov/committee-activity/hearings/ensuring-affordable-and-accessible-medications-examining-competition-in-the-prescription-drug-market
335820,Jocelyn Ulrich,"Vice President, Policy & Research",PhRMA,https://www.judiciary.senate.gov/committee-activity/hearings/ensuring-affordable-and-accessible-medications-examining-competition-in-the-prescription-drug-market
335821,Antony J. Blinken,U.S. Secretary of State,,https://www.appropriations.senate.gov/hearings/a-review-of-the-presidents-fiscal-year-2025-budget-request-for-the-us-department-of-state
335826,John Pickel,Senior Director for International Supply Chain Policy,National Foreign Trade Council,https://www.finance.senate.gov/hearings/examining-trade-enforcement-and-entry-of-merchandise-at-us-ports
335826,James H. Paylor Jr.,Assistant General Organizer,International Longshoreman’s Association,https://www.finance.senate.gov/hearings/examining-trade-enforcement-and-entry-of-merchandise-at-us-ports
335826,John Drake,"Vice President for Transportation, Infrastructure, Supply Chain Policy",U.S. Chamber of Commerce,https://www.finance.senate.gov/hearings/examining-trade-enforcement-and-entry-of-merchandise-at-us-ports
335827,William Elliott,"Professor of Social Work, Director, Joint Doctoral Program in Social Work and Social Science",University of Michigan,https://www.finance.senate.gov/hearings/child-savings-accounts-and-other-tax-advantaged-accounts-benefiting-american-children
335827,Colleen Quint,President & CEO,Alfond Scholarship Foundation,https://www.finance.senate.gov/hearings/child-savings-accounts-and-other-tax-advantaged-accounts-benefiting-american-children
335827,Veronique de Rugy,George Gibbs Chair in Political Economy and Senior Research Fellow at the Mercatus Center,George Mason University,https://www.finance.senate.gov/hearings/child-savings-accounts-and-other-tax-advantaged-accounts-benefiting-american-children
335827,Adam N. Michel,Director of Tax Policy Studies,Cato Institute,https://www.finance.senate.gov/hearings/child-savings-accounts-and-other-tax-advantaged-accounts-benefiting-american-children
335828,Terrance Winn,Prison Reform Advocate,,https://www.judiciary.senate.gov/committee-activity/hearings/an-examination-of-prison-labor-in-america
335828,Jennifer Turner,Principal Human Rights Researcher,American Civil Liberties Union,https://www.judiciary.senate.gov/committee-activity/hearings/an-examination-of-prison-labor-in-america
335828,Charles Lehman,Fellow,Manhattan Institute,https://www.judiciary.senate.gov/committee-activity/hearings/an-examination-of-prison-labor-in-america
335828,Andrea Armstrong,Dr. Norman C. Francis Distinguished Professor of Law,Loyola University College of Law,https://www.judiciary.senate.gov/committee-activity/hearings/an-examination-of-prison-labor-in-america
335835,Christine Wormuth,Secretary of the Army,,https://www.appropriations.senate.gov/hearings/review-of-the-presidents-fiscal-year-2025-budget-request-for-the-army
335835,Randy A. George,Chief of Staff of the Army,,https://www.appropriations.senate.gov/hearings/review-of-the-presidents-fiscal-year-2025-budget-request-for-the-army
335853,John D. Hill,Deputy Assistant Secretary of Defense for Space and Missile Defense,,https://www.armed-services.senate.gov/hearings/to-receive-testimony-on-the-department-of-defense-space-activities-in-review-of-the-defense-authorization-request-for-fiscal-year-2025-and-the-future-years-defense-program
335853,Frank Calvelli,Assistant Secretary of the Air Force for Space Acquisition and Integration,,https://www.armed-services.senate.gov/hearings/to-receive-testimony-on-the-department-of-defense-space-activities-in-review-of-the-defense-authorization-request-for-fiscal-year-2025-and-the-future-years-defense-program
335853,Michael A. Guetlein,Vice Chief of Space Operations,,https://www.armed-services.senate.gov/hearings/to-receive-testimony-on-the-department-of-defense-space-activities-in-review-of-the-defense-authorization-request-for-fiscal-year-2025-and-the-future-years-defense-program
335831,Jennifer Granholm,Secretary,U.S. Department of Energy,https://www.appropriations.senate.gov/hearings/a-review-of-the-presidents-fiscal-year-2025-budget-request-for-the-us-department-of-energy-including-the-national-nuclear-security-administration
335831,Jill Hruby,Under Secretary,National Nuclear Security Administration,https://www.appropriations.senate.gov/hearings/a-review-of-the-presidents-fiscal-year-2025-budget-request-for-the-us-department-of-energy-including-the-national-nuclear-security-administration
335832,Karen H. Gibson,Sergeant at Arms and Doorkeeper of the Senate,United States Senate,https://www.appropriations.senate.gov/hearings/a-review-of-the-fiscal-year-2025-budget-requests-for-the-sergeant-at-arms-and-doorkeeper-of-the-senate-and-the-united-states-capitol-police
335832,J. Thomas Manger,Chief of Police,United States Capitol Police,https://www.appropriations.senate.gov/hearings/a-review-of-the-fiscal-year-2025-budget-requests-for-the-sergeant-at-arms-and-doorkeeper-of-the-senate-and-the-united-states-capitol-police
335833,Michelle Williams Court,to be United States District Judge for the Central District of California,"To be introduced by:, Senator Laphonza R. Butler United States Senate",https://www.judiciary.senate.gov/committee-activity/hearings/05/22/2024/nominations
335833,Anne Hwang,to be United States District Judge for the Central District of California,"To be introduced by:, Senator Laphonza R. Butler United States Senate",https://www.judiciary.senate.gov/committee-activity/hearings/05/22/2024/nominations
335833,Sarah Netburn,to be United States District Judge for the Southern District of New York,To be introduced by:,https://www.judiciary.senate.gov/committee-activity/hearings/05/22/2024/nominations
335833,Stacey D. Neumann,to be United States District Judge for the District of Maine,To be introduced by:,https://www.judiciary.senate.gov/committee-activity/hearings/05/22/2024/nominations
335833,Cynthia Valenzuela Dixon,to be United States District Judge for the Central District of California,"To be introduced by:, Senator Laphonza R. Butler United States Senate",https://www.judiciary.senate.gov/committee-activity/hearings/05/22/2024/nominations
335844,Monica M. Bertagnolli,Director,National Institutes of Health,https://www.appropriations.senate.gov/hearings/a-review-of-the-presidents-fiscal-year-2025-budget-request-for-the-national-institutes-of-health
335844,W. Kimryn Rathmell,Director,National Cancer Institute,https://www.appropriations.senate.gov/hearings/a-review-of-the-presidents-fiscal-year-2025-budget-request-for-the-national-institutes-of-health
335844,Jeanne Marrazzo,Director,National Institute of Allergy and Infectious Diseases,https://www.appropriations.senate.gov/hearings/a-review-of-the-presidents-fiscal-year-2025-budget-request-for-the-national-institutes-of-health
335844,Nora D. Volkow,Director,National Institute on Drug Abuse,https://www.appropriations.senate.gov/hearings/a-review-of-the-presidents-fiscal-year-2025-budget-request-for-the-national-institutes-of-health
335844,Richard J. Hodes,Director,National Institute on Aging,https://www.appropriations.senate.gov/hearings/a-review-of-the-presidents-fiscal-year-2025-budget-request-for-the-national-institutes-of-health
335844,Gary H. Gibbons,Director,"National Heart, Lung, and Blood Institute",https://www.appropriations.senate.gov/hearings/a-review-of-the-presidents-fiscal-year-2025-budget-request-for-the-national-institutes-of-health
335849,Bill Nelson,Administrator,National Aeronautics and Space Administration,https://www.appropriations.senate.gov/hearings/a-review-of-the-presidents-fiscal-year-2025-budget-request-for-the-national-aeronautics-and-space-administration-and-for-the-national-science-foundation
335849,Sethuraman Panchanathan,Director,National Science Foundation,https://www.appropriations.senate.gov/hearings/a-review-of-the-presidents-fiscal-year-2025-budget-request-for-the-national-aeronautics-and-space-administration-and-for-the-national-science-foundation
335851,Nicholas Smith,Direct Support Professional/Behavioral Health Specialist Lead,SPIN,https://www.aging.senate.gov/hearings/the-long-term-care-workforce-addressing-shortages-and-improving-the-profession
335851,Brooke Vogleman,Licensed Practical Nurse,TLC Management,https://www.aging.senate.gov/hearings/the-long-term-care-workforce-addressing-shortages-and-improving-the-profession
335851,Matthew Connell,Sector Vice President for Healthcare,Ivy Tech Community College,https://www.aging.senate.gov/hearings/the-long-term-care-workforce-addressing-shortages-and-improving-the-profession
335851,Jasmine Travers,Assistant Professor,New York University Rory Meyers College of Nursing,https://www.aging.senate.gov/hearings/the-long-term-care-workforce-addressing-shortages-and-improving-the-profession
335861,Janet Yellen,Secretary,U.S. Treasury,https://www.appropriations.senate.gov/hearings/a-review-of-the-presidents-fiscal-year-2025-budget-request-for-the-us-department-of-treasury
335871,Janet Billotte,Home-Delivered Meal Participant,,https://www.aging.senate.gov/hearings/the-older-americans-act-the-local-impact-of-the-law-and-the-upcoming-reauthorization
335871,Laura Holscher,Executive Director/Assistant Vice President,"Generations, Area 13 Agency on Aging",https://www.aging.senate.gov/hearings/the-older-americans-act-the-local-impact-of-the-law-and-the-upcoming-reauthorization
335871,Leslie Grenfell,Executive Director,"Southwestern Pennsylvania Area Agency on Aging, Inc.",https://www.aging.senate.gov/hearings/the-older-americans-act-the-local-impact-of-the-law-and-the-upcoming-reauthorization
335871,Mairead Painter,Connecticut State Long-Term Care Ombudsman,State of Connecticut,https://www.aging.senate.gov/hearings/the-older-americans-act-the-local-impact-of-the-law-and-the-upcoming-reauthorization
335876,Florizelle Liser,President and CEO,Corporate Council on Africa,https://www.finance.senate.gov/hearings/revitalizing-and-renewing-gsp-agoa-and-other-trade-preference-programs
335876,Melissa Nelson,General Counsel and Corporate Secretary,SanMar Corporation,https://www.finance.senate.gov/hearings/revitalizing-and-renewing-gsp-agoa-and-other-trade-preference-programs
335876,Scott Lincicome,"Vice President, General Economics and Stiefel Trade Policy Center",Cato Institute,https://www.finance.senate.gov/hearings/revitalizing-and-renewing-gsp-agoa-and-other-trade-preference-programs
335876,Allison Gill,Legal Director,Global Labor Justice,https://www.finance.senate.gov/hearings/revitalizing-and-renewing-gsp-agoa-and-other-trade-preference-programs
335877,Barry Lynn,Executive Director,Open Markets Institute,https://www.judiciary.senate.gov/committee-activity/hearings/strengthening-us-economic-leadership-the-role-of-competition-in-enhancing-economic-resiliency
335877,Erin Fuse Brown,Catherine C. Henson Professor of Law,Georgia State University College of Law,https://www.judiciary.senate.gov/committee-activity/hearings/strengthening-us-economic-leadership-the-role-of-competition-in-enhancing-economic-resiliency
335877,Richard Stern,"Director, Grover M. Hermann Center for the Federal Budget",The Heritage Foundation,https://www.judiciary.senate.gov/committee-activity/hearings/strengthening-us-economic-leadership-the-role-of-competition-in-enhancing-economic-resiliency
335900,Catherine Cortez Masto,United States Senator (NV),,https://www.judiciary.senate.gov/committee-activity/hearings/crossing-the-line-abortion-bans-and-interstate-travel-for-care-after-dobbs
335900,Claudia Tenney,United States Representative (NY-24),,https://www.judiciary.senate.gov/committee-activity/hearings/crossing-the-line-abortion-bans-and-interstate-travel-for-care-after-dobbs
335900,Isaac Maddow-Zimet,Data Scientist,Guttmacher Institute,https://www.judiciary.senate.gov/committee-activity/hearings/crossing-the-line-abortion-bans-and-interstate-travel-for-care-after-dobbs
335900,Jocelyn Frye,President,National Partnership for Women and Families,https://www.judiciary.senate.gov/committee-activity/hearings/crossing-the-line-abortion-bans-and-interstate-travel-for-care-after-dobbs
335900,Lauren Miller,,,https://www.judiciary.senate.gov/committee-activity/hearings/crossing-the-line-abortion-bans-and-interstate-travel-for-care-after-dobbs
335900,Ingrid Skop,"Board-certified Obstetrician/Gynecologist, Texas","Vice President and Director of Medical Affairs, Charlotte Lozier Institute",https://www.judiciary.senate.gov/committee-activity/hearings/crossing-the-line-abortion-bans-and-interstate-travel-for-care-after-dobbs
335900,O. Carter Snead,"Charles E. Rice Professor of Law; Concurrent Professor of Political Science; Director, de Nicola Center for Ethics and Culture",University of Notre Dame,https://www.judiciary.senate.gov/committee-activity/hearings/crossing-the-line-abortion-bans-and-interstate-travel-for-care-after-dobbs
335902,Marc Miller,President and Chief Executive Officer,Universal Health Systems,https://www.finance.senate.gov/hearings/youth-residential-treatment-facilities-examining-failures-and-evaluating-solutions
335902,Reagan Stanford,Abuse and Neglect Managing Attorney,Disability Rights Arkansas,https://www.finance.senate.gov/hearings/youth-residential-treatment-facilities-examining-failures-and-evaluating-solutions
335902,Elizabeth Manley,Faculty and Senior Advisor for Health and Behavioral Health Policy,"Innovations Institute, University of Connecticut School of Social Work",https://www.finance.senate.gov/hearings/youth-residential-treatment-facilities-examining-failures-and-evaluating-solutions
335902,Kathryn Larin,"Director, Education, Workforce and Income Security",United States Government Accountability Office,https://www.finance.senate.gov/hearings/youth-residential-treatment-facilities-examining-failures-and-evaluating-solutions
335906,Gary Gensler,Chair,U.S. Securities and Exchange Commission,https://www.appropriations.senate.gov/hearings/a-review-of-the-presidents-fiscal-year-2025-budget-requests-for-the-us-securities-and-exchange-commission-and-the-commodity-futures-trading-commission
335906,Rostin Behnam,Chairman,Commodity Futures Trading Commission,https://www.appropriations.senate.gov/hearings/a-review-of-the-presidents-fiscal-year-2025-budget-requests-for-the-us-securities-and-exchange-commission-and-the-commodity-futures-trading-commission
335878,Tracy Hadden Loh,Fellow,Brookings Institute,https://www.appropriations.senate.gov/hearings/unlocking-department-of-transportation-financing-for-more-transit-oriented-housing-development
335878,Adhi Nagraj,Chief Development Officer,McCormack Baron Salazar,https://www.appropriations.senate.gov/hearings/unlocking-department-of-transportation-financing-for-more-transit-oriented-housing-development
335878,Morteza Farajian,Executive Director,Build America Bureau at the U.S. Department of Transportation,https://www.appropriations.senate.gov/hearings/unlocking-department-of-transportation-financing-for-more-transit-oriented-housing-development
335930,Tracy Hadden Loh,Fellow,Brookings Institute,https://www.appropriations.senate.gov/hearings/unlocking-department-of-transportation-financing-for-more-transit-oriented-housing-development
335930,Adhi Nagraj,Chief Development Officer,McCormack Baron Salazar,https://www.appropriations.senate.gov/hearings/unlocking-department-of-transportation-financing-for-more-transit-oriented-housing-development
335930,Morteza Farajian,Executive Director,Build America Bureau at the U.S. Department of Transportation,https://www.appropriations.senate.gov/hearings/unlocking-department-of-transportation-financing-for-more-transit-oriented-housing-development
335988,Fatima Goss Graves,President and CEO,National Women’s Law Center,https://www.finance.senate.gov/hearings/examining-the-state-of-child-care-how-federal-policy-solutions-can-support-families-close-existing-gaps-and-strengthen-economic-growth
335988,Megan Pratt,"Assistant Professor of Practice, College of Health",Oregon State University,https://www.finance.senate.gov/hearings/examining-the-state-of-child-care-how-federal-policy-solutions-can-support-families-close-existing-gaps-and-strengthen-economic-growth
335988,Katharine B. Stevens,Founder and President,Center on Child and Family Policy,https://www.finance.senate.gov/hearings/examining-the-state-of-child-care-how-federal-policy-solutions-can-support-families-close-existing-gaps-and-strengthen-economic-growth
335988,Ryan Page,Director of Child Care,Iowa Department of Health and Human Services,https://www.finance.senate.gov/hearings/examining-the-state-of-child-care-how-federal-policy-solutions-can-support-families-close-existing-gaps-and-strengthen-economic-growth
335991,Ronald S. Flagg,President,Legal Services Corporation,https://www.judiciary.senate.gov/committee-activity/hearings/closing-the-justice-gap_how-to-make-the-civil-justice-system-accessible-to-all-americans
335991,Veronica Gonzalez,Former Legal Aid Client,Legal Aid Chicago Board of Directors,https://www.judiciary.senate.gov/committee-activity/hearings/closing-the-justice-gap_how-to-make-the-civil-justice-system-accessible-to-all-americans
335991,Nathan L. Hecht,Chief Justice,Supreme Court of Texas,https://www.judiciary.senate.gov/committee-activity/hearings/closing-the-justice-gap_how-to-make-the-civil-justice-system-accessible-to-all-americans
335991,Nikole Nelson,CEO,Frontline Justice,https://www.judiciary.senate.gov/committee-activity/hearings/closing-the-justice-gap_how-to-make-the-civil-justice-system-accessible-to-all-americans
335999,Mary Kathleen Costello,to be United States District Judge for the Eastern District of Pennsylvania,To be introduced by:,https://www.judiciary.senate.gov/committee-activity/hearings/07/10/2024/nominations
335999,Laura Margarete Provinzino,to be United States District Judge for the District of Minnesota,"To be introduced by:, Senator Cindy Hyde-Smith United States Senate",https://www.judiciary.senate.gov/committee-activity/hearings/07/10/2024/nominations
335999,Noel Wise,to be United States District Judge for the Northern District of California,"To be introduced by:, Senator Alex Padilla United States Senate",https://www.judiciary.senate.gov/committee-activity/hearings/07/10/2024/nominations
335994,Chris Whaley,"Associate Director of the Center for Advancing Health Policy through Research, Associate Professor of Health Services, Policy and Practice, Brown University School of Public Health",,https://www.aging.senate.gov/hearings/health-care-transparency-lowering-costs-and-empowering-patients
335994,Chris Deacon,Principal Owner,"VerSan Consulting, LLC",https://www.aging.senate.gov/hearings/health-care-transparency-lowering-costs-and-empowering-patients
335994,Cora Opsahl,Health Fund Director,32BJ Health Fund,https://www.aging.senate.gov/hearings/health-care-transparency-lowering-costs-and-empowering-patients
335994,Sophia Tripoli,Senior Director of Health Policy,Families USA,https://www.aging.senate.gov/hearings/health-care-transparency-lowering-costs-and-empowering-patients
336080,Kurt Campbell,Deputy Secretary of State,U.S. Department of State,https://www.foreign.senate.gov/hearings/strategic-competition-with-the-prc-assessing-us-competitiveness-beyond-the-indo-pacific
336087,James O'Brien,Assistant Secretary of State for European and Eurasian Affairs,U.S. Department of State,https://www.foreign.senate.gov/hearings/the-future-of-europe
336091,Karine Laboy,,,https://www.judiciary.senate.gov/committee-activity/hearings/birth-behind-bars
336091,Carolyn Sufrin,"Associate Professor, Obstetrics and Gynecology",Johns Hopkins School of Medicine,https://www.judiciary.senate.gov/committee-activity/hearings/birth-behind-bars
336091,Jessica Umberger,,,https://www.judiciary.senate.gov/committee-activity/hearings/birth-behind-bars
336166,Ralph de la Torre,Chief Executive Officer,Steward Health Care System,https://www.help.senate.gov/hearings/examining-the-bankruptcy-of-steward-health-care-how-management-decisions-have-impacted-patient-care
336166,Ellen MacInnis,Nurse at St. Elizabeth’s Medical Center,,https://www.help.senate.gov/hearings/examining-the-bankruptcy-of-steward-health-care-how-management-decisions-have-impacted-patient-care
336166,Audra Sprague,Former Nurse at Nashoba Valley Medical Center,,https://www.help.senate.gov/hearings/examining-the-bankruptcy-of-steward-health-care-how-management-decisions-have-impacted-patient-care
336166,Michael Charles Echols,Louisiana House of Representatives,,https://www.help.senate.gov/hearings/examining-the-bankruptcy-of-steward-health-care-how-management-decisions-have-impacted-patient-care
336166,Staci Albritton Mitchell,,,https://www.help.senate.gov/hearings/examining-the-bankruptcy-of-steward-health-care-how-management-decisions-have-impacted-patient-care
336167,Douglas Rutzen,President and Chief Executive Officer,International Center for Not-For-Profit Law,https://www.foreign.senate.gov/hearings/anti-ngo-laws-and-other-tools-of-democratic-repression
336167,Yaqiu Wang,"Research Director for China, Hong Kong, and Taiwan",Freedom House,https://www.foreign.senate.gov/hearings/anti-ngo-laws-and-other-tools-of-democratic-repression
336167,Eka Gigauri,Executive Director,Transparency International Georgia,https://www.foreign.senate.gov/hearings/anti-ngo-laws-and-other-tools-of-democratic-repression
336169,Steven S. Nordhaus,to be general and Chief of the National Guard Bureau,,https://www.armed-services.senate.gov/hearings/to-consider-the-nominations-of-lieutenant-general-steven-s-nordhaus-usaf-to-be-general-and-chief-of-the-national-guard-bureau-and-vice-admiral-alvin-holsey-usn-to-be-admiral-and-commander-united-states-southern-command
336169,Alvin Holsey,"to be admiral and Commander, United States Southern Command",,https://www.armed-services.senate.gov/hearings/to-consider-the-nominations-of-lieutenant-general-steven-s-nordhaus-usaf-to-be-general-and-chief-of-the-national-guard-bureau-and-vice-admiral-alvin-holsey-usn-to-be-admiral-and-commander-united-states-southern-command
336170,Indivar Dutta-Gupta,Doris Duke Distinguished Visiting Fellow at the McCourt School of Public Policy at Georgetown University and Roosevelt Institute Tax Fellow,,https://www.finance.senate.gov/hearings/the-2025-tax-policy-debate-and-tax-avoidance-strategies
336170,Bob Lord,Senior Advisor on Tax Policy,Patriotic Millionaires,https://www.finance.senate.gov/hearings/the-2025-tax-policy-debate-and-tax-avoidance-strategies
336170,Jeff Brabant,"Vice President, Federal Government Relations",National Federation of Independent Business,https://www.finance.senate.gov/hearings/the-2025-tax-policy-debate-and-tax-avoidance-strategies
336170,Daniel Bunn,President and CEO,Tax Foundation,https://www.finance.senate.gov/hearings/the-2025-tax-policy-debate-and-tax-avoidance-strategies
336189,Judy Aiken,Retired Registered Nurse,,https://www.finance.senate.gov/hearings/lower-health-care-costs-for-americans-understanding-the-benefits-of-the-inflation-reduction-act
336189,Kirsten Axelsen,Nonresident Fellow at the American Enterprise Institute,Senior Policy Advisor at DLA Piper,https://www.finance.senate.gov/hearings/lower-health-care-costs-for-americans-understanding-the-benefits-of-the-inflation-reduction-act
336189,Rena Conti,"Dean’s Research Scholar and Associate Professor, Markets, Public Policy and Law, Questrom School of Business",Boston University,https://www.finance.senate.gov/hearings/lower-health-care-costs-for-americans-understanding-the-benefits-of-the-inflation-reduction-act
336189,Theo Merkel,"Senior Research Fellow at the Paragon Health Institute, Washington, DC","Senior Fellow at the Manhattan Institute, New York, NY",https://www.finance.senate.gov/hearings/lower-health-care-costs-for-americans-understanding-the-benefits-of-the-inflation-reduction-act
336189,Jeanne Lambrew,Director of Health Care Reform and Senior Fellow,The Century Foundation,https://www.finance.senate.gov/hearings/lower-health-care-costs-for-americans-understanding-the-benefits-of-the-inflation-reduction-act
336200,Heather Tomko,Outreach Coordinator,"National Research and Rehabilitation Training Center on Family Support, University of Pittsburgh",https://www.aging.senate.gov/hearings/from-infancy-to-aging-the-effects-of-caregiving-across-the-lifespan
336200,Tara Dawson McGuinness,Executive Director,The New Practice Lab at New America,https://www.aging.senate.gov/hearings/from-infancy-to-aging-the-effects-of-caregiving-across-the-lifespan
336200,Delilah Picart,Actress,,https://www.aging.senate.gov/hearings/from-infancy-to-aging-the-effects-of-caregiving-across-the-lifespan
336200,Victoria Snyder,Founder,"Self-Care Senorita and Director of Strategic Initiatives, Riverside Center for Innovation",https://www.aging.senate.gov/hearings/from-infancy-to-aging-the-effects-of-caregiving-across-the-lifespan
336200,Linda Orndoff,Homecare worker,,https://www.aging.senate.gov/hearings/from-infancy-to-aging-the-effects-of-caregiving-across-the-lifespan
335960,Lars Fruergaard Jørgensen,President and Chief Executive Officer,Novo Nordisk,https://www.help.senate.gov/hearings/why-is-novo-nordisk-charging-americans-with-diabetes-and-obesity-outrageously-high-prices-for-ozempic-and-wegovy
336223,Laura Cunningham,President,Open Technology Fund,https://www.foreign.senate.gov/hearings/cyberspace-under-threat-in-the-era-of-rising-authoritarianism-and-global-competition
336223,David Kaye,Clinical Professor of Law,"University of California, Irvine",https://www.foreign.senate.gov/hearings/cyberspace-under-threat-in-the-era-of-rising-authoritarianism-and-global-competition
336223,Jamil N. Jaffer,Founder and Executive Director,National Security Institute,https://www.foreign.senate.gov/hearings/cyberspace-under-threat-in-the-era-of-rising-authoritarianism-and-global-competition
336224,Kaitlyn Joshua,,,https://www.finance.senate.gov/hearings/chaos-and-control-how-trump-criminalized-womens-health-care
336224,Amelia Huntsberger,Obstetrician and Gynecologist,,https://www.finance.senate.gov/hearings/chaos-and-control-how-trump-criminalized-womens-health-care
336224,Christina Francis,"Obstetrician and Gynecologist, Chief Executive Officer",American Association of Pro-Life Obstetricians and Gynecologists,https://www.finance.senate.gov/hearings/chaos-and-control-how-trump-criminalized-womens-health-care
336224,Heather G. Hacker,Partner,Hacker Stephens LLP,https://www.finance.senate.gov/hearings/chaos-and-control-how-trump-criminalized-womens-health-care
336224,Michele Goodwin,Linda D. & Timothy J. O'Neill Professor of Constitutional Law and Global Health Policy,Georgetown University School of Law,https://www.finance.senate.gov/hearings/chaos-and-control-how-trump-criminalized-womens-health-care
336225,Philip Allen Lacovara,Former Deputy Solicitor General of the United States,Former Counsel to the Watergate Special Prosecutor,https://www.judiciary.senate.gov/committee-activity/hearings/when-the-president-does-it-that-means-its-not-illegal-the-supreme-courts-unprecedented-immunity-decision
336225,Mary B. McCord,"Executive Director, Institute for Constitutional Advocacy and Protection",Georgetown University Law School,https://www.judiciary.senate.gov/committee-activity/hearings/when-the-president-does-it-that-means-its-not-illegal-the-supreme-courts-unprecedented-immunity-decision
336225,Timothy Naftali,Senior Research Scholar,"Columbia University, School of International and Public Affairs",https://www.judiciary.senate.gov/committee-activity/hearings/when-the-president-does-it-that-means-its-not-illegal-the-supreme-courts-unprecedented-immunity-decision
336225,Michael B. Mukasey,Former Attorney General of the United States,Former United States District Judge,https://www.judiciary.senate.gov/committee-activity/hearings/when-the-president-does-it-that-means-its-not-illegal-the-supreme-courts-unprecedented-immunity-decision
336225,Jennifer Mascott,"Director, Separation of Powers Institute; Associate Professor of Law","The Catholic University of America, Columbus School of Law",https://www.judiciary.senate.gov/committee-activity/hearings/when-the-president-does-it-that-means-its-not-illegal-the-supreme-courts-unprecedented-immunity-decision
336227,Anthony J. Brindisi,,,https://www.judiciary.senate.gov/committee-activity/hearings/09/25/2024/nominations
336227,Elizabeth C. Coombe,,,https://www.judiciary.senate.gov/committee-activity/hearings/09/25/2024/nominations
336227,Sarah Morgan Davenport,,,https://www.judiciary.senate.gov/committee-activity/hearings/09/25/2024/nominations
336227,Sharad Harshad Desai,,,https://www.judiciary.senate.gov/committee-activity/hearings/09/25/2024/nominations
336227,Tiffany Rene Johnson,,,https://www.judiciary.senate.gov/committee-activity/hearings/09/25/2024/nominations
336227,Keli Marie Neary,,,https://www.judiciary.senate.gov/committee-activity/hearings/09/25/2024/nominations
336283,Shira Perlmutter,Register of Copyrights,Director of the U.S. Copyright Office,https://www.judiciary.senate.gov/committee-activity/hearings/11/06/2024/oversight-of-the-united-states-copyright-office
336300,Roger Alford,Professor of Law,University of Notre Dame Law School,https://www.judiciary.senate.gov/committee-activity/hearings/breaking-the-visa-mastercard-duopoly-bringing-competition-and-lower-fees-to-the-credit-card-system
336300,Chris Callahan,Co-Owner,Battenkill Books,https://www.judiciary.senate.gov/committee-activity/hearings/breaking-the-visa-mastercard-duopoly-bringing-competition-and-lower-fees-to-the-credit-card-system
336300,Doug Kantor,General Counsel,National Association of Convenience Stores,https://www.judiciary.senate.gov/committee-activity/hearings/breaking-the-visa-mastercard-duopoly-bringing-competition-and-lower-fees-to-the-credit-card-system
336300,Linda Kirkpatrick,"President, Americas",Mastercard,https://www.judiciary.senate.gov/committee-activity/hearings/breaking-the-visa-mastercard-duopoly-bringing-competition-and-lower-fees-to-the-credit-card-system
336300,Bill Sheedy,Senior Advisor to CEO,Visa Inc.,https://www.judiciary.senate.gov/committee-activity/hearings/breaking-the-visa-mastercard-duopoly-bringing-competition-and-lower-fees-to-the-credit-card-system
336307,Sam Bresnick,Research Fellow,"Center for Security and Emerging Technology (CSET), Georgetown University",https://www.judiciary.senate.gov/committee-activity/hearings/big-hacks-and-big-tech-chinas-cybersecurity-threat
336307,Isaac Stone Fish,Chief Executive Officer,Strategy Risks,https://www.judiciary.senate.gov/committee-activity/hearings/big-hacks-and-big-tech-chinas-cybersecurity-threat
336307,Adam Meyers,Senior Vice President,Crowdstrike,https://www.judiciary.senate.gov/committee-activity/hearings/big-hacks-and-big-tech-chinas-cybersecurity-threat
336307,David Stehlin,Chief Executive Officer,Telecommunications Industry Association,https://www.judiciary.senate.gov/committee-activity/hearings/big-hacks-and-big-tech-chinas-cybersecurity-threat
336303,Benjamin J. Cheeks,to be United States District Judge for the Southern District of California,,https://www.judiciary.senate.gov/committee-activity/hearings/11/20/2024/nominations
336303,Serena Raquel Murillo,to be United States District Judge for the Central District of California,,https://www.judiciary.senate.gov/committee-activity/hearings/11/20/2024/nominations
336389,Kathy Stokes,"Director, Fraud Prevention Programs",AARP Fraud Watch Network,https://www.aging.senate.gov/hearings/fighting-fraud-how-scammers-are-stealing-from-older-adults
336389,Scott Pirrello,Deputy District Attorney,"Head of Elder Abuse Prosecutions, San Diego District Attorney’s Office",https://www.aging.senate.gov/hearings/fighting-fraud-how-scammers-are-stealing-from-older-adults
336389,Susan Whittaker,Administrative Assistant,Lehigh County Aging and Adult Services,https://www.aging.senate.gov/hearings/fighting-fraud-how-scammers-are-stealing-from-older-adults
336389,Nancy Gilmer Moore,Program Director,"Indiana Senior Medicare Patrol, Indiana Association of Area Agencies on Aging",https://www.aging.senate.gov/hearings/fighting-fraud-how-scammers-are-stealing-from-older-adults
336440,Roger Alford,Professor of Law,University of Notre Dame Law School,https://www.judiciary.senate.gov/committee-activity/hearings/continuing-a-bipartisan-path-forward-for-antitrust-enforcement-and-reform
336440,Gwendolyn Cooley,Former Chair of the National Association of Attorneys General’s Multistate Antitrust Task Force,Former Wisconsin Assistant Attorney General for Antitrust,https://www.judiciary.senate.gov/committee-activity/hearings/continuing-a-bipartisan-path-forward-for-antitrust-enforcement-and-reform
336440,John Newman,Professor of Law,University of Miami,https://www.judiciary.senate.gov/committee-activity/hearings/continuing-a-bipartisan-path-forward-for-antitrust-enforcement-and-reform
336507,Brent Orrell,Senior Fellow,American Enterprise Institute,https://www.aging.senate.gov/hearings/empowering-people-with-disabilities-to-live-work-learn-and-thrive
336507,Erin Willman,Founder and CEO,White Cane Coffee Company,https://www.aging.senate.gov/hearings/empowering-people-with-disabilities-to-live-work-learn-and-thrive
336507,Lydia Brown,Director of Policy,National Disability Institute,https://www.aging.senate.gov/hearings/empowering-people-with-disabilities-to-live-work-learn-and-thrive
336507,Neil McDevitt,Mayor of North Wales,,https://www.aging.senate.gov/hearings/empowering-people-with-disabilities-to-live-work-learn-and-thrive
336507,Ai-Jen Poo,"President, National Domestic Workers Alliance","Executive Director, Caring Across Generations",https://www.aging.senate.gov/hearings/empowering-people-with-disabilities-to-live-work-learn-and-thrive
336511,Rick Scott,United States Senator (FL),,https://www.judiciary.senate.gov/committee-activity/hearings/the-nomination-of-the-honorable-pamela-jo-bondi-to-be-attorney-general-of-the-united-states
336511,Eric Schmitt,United States Senator (MO),,https://www.judiciary.senate.gov/committee-activity/hearings/the-nomination-of-the-honorable-pamela-jo-bondi-to-be-attorney-general-of-the-united-states
336511,Pamela Jo Bondi,to be Attorney General of the United States,,https://www.judiciary.senate.gov/committee-activity/hearings/the-nomination-of-the-honorable-pamela-jo-bondi-to-be-attorney-general-of-the-united-states
336512,Dave Aronberg,"Former State Attorney, Palm Beach County","Dave Aronberg Law, P.A.",https://www.judiciary.senate.gov/committee-activity/hearings/the-nomination-of-the-honorable-pamela-jo-bondi-to-be-attorney-general-of-the-united-states-day-2
336512,Nicholas B. Cox,Statewide Prosecutor,"Office of Statewide Prosecution, Office of Attorney General, State of Florida",https://www.judiciary.senate.gov/committee-activity/hearings/the-nomination-of-the-honorable-pamela-jo-bondi-to-be-attorney-general-of-the-united-states-day-2
336512,Emery Gainey,Former Alachua County Sheriff,Alachua County Sheriff’s Office,https://www.judiciary.senate.gov/committee-activity/hearings/the-nomination-of-the-honorable-pamela-jo-bondi-to-be-attorney-general-of-the-united-states-day-2
336512,Lisa Gilbert,Co-President,Public Citizen,https://www.judiciary.senate.gov/committee-activity/hearings/the-nomination-of-the-honorable-pamela-jo-bondi-to-be-attorney-general-of-the-united-states-day-2
336512,Mary B. McCord,Executive Director of the Institute for Constitutional Advocacy and Protection,Georgetown University Law Center,https://www.judiciary.senate.gov/committee-activity/hearings/the-nomination-of-the-honorable-pamela-jo-bondi-to-be-attorney-general-of-the-united-states-day-2
336558,James F. Geurts,Former Assistant Secretary of the Navy,"Research, Development and Acquisition",https://www.armed-services.senate.gov/hearings/to-receive-testimony-on-defense-innovation-and-acquisition-reform
336558,Shyam Sankar,Chief Technology Officer and Executive Vice President,Palantir Technologies,https://www.armed-services.senate.gov/hearings/to-receive-testimony-on-defense-innovation-and-acquisition-reform
336558,Nathan P. Diller,Chief Executive Officer,Divergent Industries Inc.,https://www.armed-services.senate.gov/hearings/to-receive-testimony-on-defense-innovation-and-acquisition-reform
336560,Charlotte County Sheriff Bill Prummell,President,Florida Sheriffs Association,https://www.aging.senate.gov/hearings/improving-wellness-among-seniors-setting-a-standard-for-the-american-dream
336560,María Alvarez,Executive Director,New York StateWide Senior Action Council,https://www.aging.senate.gov/hearings/improving-wellness-among-seniors-setting-a-standard-for-the-american-dream
336560,Dawn Carr,"Director, Claude Pepper Center",Florida State University,https://www.aging.senate.gov/hearings/improving-wellness-among-seniors-setting-a-standard-for-the-american-dream
336560,Susan L. Hughes,Founding Director,"Center for Research on Health and Aging, University of Illinois Chicago",https://www.aging.senate.gov/hearings/improving-wellness-among-seniors-setting-a-standard-for-the-american-dream
336607,Jeff Ferry,Chief Economist Emeritus,Coalition for a Prosperous America,https://www.aging.senate.gov/hearings/making-washington-work-for-seniors-fighting-to-end-inflation-and-achieve-fiscal-sanity
336607,Alex Lawson,Executive Director,Social Security Works,https://www.aging.senate.gov/hearings/making-washington-work-for-seniors-fighting-to-end-inflation-and-achieve-fiscal-sanity
336607,Tarren Bragdon,Chief Executive Officer,Foundation for Government Accountability,https://www.aging.senate.gov/hearings/making-washington-work-for-seniors-fighting-to-end-inflation-and-achieve-fiscal-sanity
336607,EJ Antoni,Research Fellow,Grover M. Hermann Center for the Federal Budget,https://www.aging.senate.gov/hearings/making-washington-work-for-seniors-fighting-to-end-inflation-and-achieve-fiscal-sanity
336645,Rhonda Patrick,Founder,FoundMyFitness,https://www.aging.senate.gov/hearings/optimizing-longevity-from-research-to-action
336645,Eric Verdin,President and CEO,Buck Institute for Research on Aging,https://www.aging.senate.gov/hearings/optimizing-longevity-from-research-to-action
336645,Sarah C. Nosal,"Physician, President-Elect",American Academy of Family Physicians,https://www.aging.senate.gov/hearings/optimizing-longevity-from-research-to-action
336645,Dan Buettner,Founder,Blue Zones,https://www.aging.senate.gov/hearings/optimizing-longevity-from-research-to-action
336683,Adela Cojab,Legal Fellow,National Jewish Advocacy Center,https://www.judiciary.senate.gov/committee-activity/hearings/never-to-be-silent-stemming-the-tide-of-antisemitism-in-america
336683,Kevin Rachlin,Washington Director,The Nexus Project,https://www.judiciary.senate.gov/committee-activity/hearings/never-to-be-silent-stemming-the-tide-of-antisemitism-in-america
336683,Alyza D. Lewin,President,The Louis D. Brandeis Center for Human Rights Under Law,https://www.judiciary.senate.gov/committee-activity/hearings/never-to-be-silent-stemming-the-tide-of-antisemitism-in-america
336683,Meirav Solomon,Student at Tufts University,,https://www.judiciary.senate.gov/committee-activity/hearings/never-to-be-silent-stemming-the-tide-of-antisemitism-in-america
336683,Asra Q. Nomani,Founder,The Pearl Project,https://www.judiciary.senate.gov/committee-activity/hearings/never-to-be-silent-stemming-the-tide-of-antisemitism-in-america
336694,Christine Michienzi,Founder and Chief Executive Officer MMR Defense Solutions and Former Senior Technology Advisor to the Under Secretary of Defense for Acquisition and Sustainment,,https://www.armed-services.senate.gov/hearings/to-receive-testimony-on-defense-mobilization-in-the-21st-century
336694,John G. McGinn,Executive Director Greg and Camille Baroni Center for Government Contracting George Mason University’s Costello College of Business,,https://www.armed-services.senate.gov/hearings/to-receive-testimony-on-defense-mobilization-in-the-21st-century
336694,David J. Berteau,President and Chief Executive Officer Professional Services Council,,https://www.armed-services.senate.gov/hearings/to-receive-testimony-on-defense-mobilization-in-the-21st-century
336704,Douglas J. Robb,Former Director of the Defense Health Agency,,https://www.armed-services.senate.gov/hearings/to-receive-testimony-on-stabilizing-the-military-health-system-to-prepare-for-large-scale-combat-operations
336704,Paul A. Friedrichs,Former Joint Staff Surgeon,,https://www.armed-services.senate.gov/hearings/to-receive-testimony-on-stabilizing-the-military-health-system-to-prepare-for-large-scale-combat-operations
336704,Jeremy W. Cannon,"Professor of Surgery, Perelman School of Medicine University of Pennsylvania",,https://www.armed-services.senate.gov/hearings/to-receive-testimony-on-stabilizing-the-military-health-system-to-prepare-for-large-scale-combat-operations
336707,Michelle DeLaune,CEO,National Center for Missing and Exploited Children,https://www.judiciary.senate.gov/committee-activity/hearings/ending-the-scourge-the-need-for-the-stop-csam-act
336707,John Pizzuro,CEO,RAVEN,https://www.judiciary.senate.gov/committee-activity/hearings/ending-the-scourge-the-need-for-the-stop-csam-act
336707,Gregory Schiller,CEO,Child Rescue Coalition,https://www.judiciary.senate.gov/committee-activity/hearings/ending-the-scourge-the-need-for-the-stop-csam-act
336707,Taylor Sines,Survivor Advocate,,https://www.judiciary.senate.gov/committee-activity/hearings/ending-the-scourge-the-need-for-the-stop-csam-act
336707,John Tanagho,"Executive Director, Center to End Online Sexual Exploitation of Children",International Justice Mission,https://www.judiciary.senate.gov/committee-activity/hearings/ending-the-scourge-the-need-for-the-stop-csam-act
336710,Dennis Lemma,Sheriff,Seminole County Sheriff’s Office,https://www.aging.senate.gov/hearings/combatting-the-opioid-epidemic
336710,Gregory Duckworth,Commissioner,Raleigh County,https://www.aging.senate.gov/hearings/combatting-the-opioid-epidemic
336710,Elizabeth Mateer,Grandparent Caregiver,,https://www.aging.senate.gov/hearings/combatting-the-opioid-epidemic
336710,Malik Burnett,Vice Chair,"Public Policy Committee, American Society of Addiction Medicine",https://www.aging.senate.gov/hearings/combatting-the-opioid-epidemic
336710,Bradley D. Stein,Director,"Opioid Policy, Tools, and Information Center, RAND Corporation",https://www.aging.senate.gov/hearings/combatting-the-opioid-epidemic
336740,Brett A. Seidle,"Acting Assistant Secretary of the Navy for Research, Development, and Acquisition",,https://www.armed-services.senate.gov/hearings/to-receive-testimony-on-the-state-of-conventional-surface-shipbuilding
336740,James P. Downey,"Commander, Naval Sea Systems Command",Department of the Navy,https://www.armed-services.senate.gov/hearings/to-receive-testimony-on-the-state-of-conventional-surface-shipbuilding
336740,Shelby S. Oakley,"Director, Contracting and National Security Acquisitions",Government Accountability Office,https://www.armed-services.senate.gov/hearings/to-receive-testimony-on-the-state-of-conventional-surface-shipbuilding
336741,Steven W. Gilland,Superintendent of the United States Military Academy,United States Army,https://www.armed-services.senate.gov/hearings/to-conduct-oversight-and-receive-testimony-on-the-status-of-the-military-service-academies
336741,Yvette M. Davids,Superintendent of the United States Naval Academy,United States Navy,https://www.armed-services.senate.gov/hearings/to-conduct-oversight-and-receive-testimony-on-the-status-of-the-military-service-academies
336741,Tony D. Bauernfeind,Superintendent of the United States Air Force Academy,United States Air Force,https://www.armed-services.senate.gov/hearings/to-conduct-oversight-and-receive-testimony-on-the-status-of-the-military-service-academies
336744,Randall Schriver,Chairman of the Board,Project 2049 Institute,https://www.foreign.senate.gov/hearings/shared-threats-indo-pacific-alliances-and-burden-sharing-in-todays-geopolitical-environment
336744,Oriana Skylar Mastro,"Center Fellow, Freeman Spogli Institute for International Studies, Stanford University","Non-Resident Scholar, Carnegie Endowment for International Peace",https://www.foreign.senate.gov/hearings/shared-threats-indo-pacific-alliances-and-burden-sharing-in-todays-geopolitical-environment
336744,Victor Cha,"Distinguished University Professor, Georgetown University","President, Geopolitics and Foreign Policy Department, Center for Strategic and International Studies, Senior Fellow, George W. Bush Institute",https://www.foreign.senate.gov/hearings/shared-threats-indo-pacific-alliances-and-burden-sharing-in-todays-geopolitical-environment
336749,Patrick David Davis,to be an Assistant Attorney General,,https://www.judiciary.senate.gov/committee-activity/hearings/03/26/2025/nominations
336749,John Andrew Eisenberg,to be an Assistant Attorney General,,https://www.judiciary.senate.gov/committee-activity/hearings/03/26/2025/nominations
336749,Brett Shumate,to be an Assistant Attorney General,,https://www.judiciary.senate.gov/committee-activity/hearings/03/26/2025/nominations
336765,Evan Ellis,"Senior Associate (Non-resident), Americas Program",Center for Strategic and International Studies,https://www.foreign.senate.gov/hearings/prc-influence-and-the-status-of-taiwans-diplomatic-allies-in-the-western-hemisphere
336765,Samantha Custer,"Director of Policy Analysis, AidData","Global Research Institute, The College of William & Mary",https://www.foreign.senate.gov/hearings/prc-influence-and-the-status-of-taiwans-diplomatic-allies-in-the-western-hemisphere
336772,John D. Caine,to be general and Chairman of the Joint Chiefs of Staff,,https://www.armed-services.senate.gov/hearings/to-consider-the-nomination-of-lieutenant-general-john-d-caine-usaf-retired-to-be-general-and-chairman-of-the-joint-chiefs-of-staff
336778,Samuel L. Bray,John N. Matthews Professor of Law,Notre Dame Law School,https://www.judiciary.senate.gov/committee-activity/hearings/rule-by-district-judges-ii-exploring-legislative-solutions-to-the-bipartisan-problem-of-universal-injunctions
336778,Stephen I. Vladeck,Agnes Williams Sesquicentennial Professor of Federal Courts,Georgetown University Law Center,https://www.judiciary.senate.gov/committee-activity/hearings/rule-by-district-judges-ii-exploring-legislative-solutions-to-the-bipartisan-problem-of-universal-injunctions
336778,Jesse Panuccio,Partner,Bois Schiller Flexner,https://www.judiciary.senate.gov/committee-activity/hearings/rule-by-district-judges-ii-exploring-legislative-solutions-to-the-bipartisan-problem-of-universal-injunctions
336802,Matthew D. Sermon,Program Manager Maritime Industrial Base,,https://www.armed-services.senate.gov/hearings/to-receive-testimony-on-the-state-of-nuclear-shipbuilding
336802,Jonathan E. Rucker,Program Executive Officer Attack Submarines,,https://www.armed-services.senate.gov/hearings/to-receive-testimony-on-the-state-of-nuclear-shipbuilding
336802,Casey J. Moton,Program Executive Officer Aircraft Carriers,,https://www.armed-services.senate.gov/hearings/to-receive-testimony-on-the-state-of-nuclear-shipbuilding
336802,Todd S. Weeks,Program Executive Officer Strategic Submarines,,https://www.armed-services.senate.gov/hearings/to-receive-testimony-on-the-state-of-nuclear-shipbuilding
336803,Jamieson Greer,United States Trade Representative,Executive Office of the President,https://www.finance.senate.gov/hearings/the-presidents-2025-trade-policy-agenda
336808,Daniel Z. Epstein,"Associate Professor of Law, St. Thomas University School of Law","Vice President, America First Legal",https://www.judiciary.senate.gov/committee-activity/hearings/the-freedom-of-information-act-perspectives-from-public-requesters
336808,Margaret Benvignati Kwoka,Lawrence “Larry” Herman Professor in Law,The Ohio State University Moritz College of Law,https://www.judiciary.senate.gov/committee-activity/hearings/the-freedom-of-information-act-perspectives-from-public-requesters
336808,Mike Howell,President,The Oversight Project,https://www.judiciary.senate.gov/committee-activity/hearings/the-freedom-of-information-act-perspectives-from-public-requesters
336776,Brian S. Eifler,"Deputy Chief of Staff for Personnel, G-1",United States Army,https://www.armed-services.senate.gov/hearings/to-receive-testimony-on-department-of-defense-personnel-policies-and-programs-in-review-of-the-defense-authorization-request-for-fiscal-year-2026-and-the-future-years-defense-program
336776,Richard J. Cheeseman Jr.,"Chief of Naval Personnel, N-1",United States Navy,https://www.armed-services.senate.gov/hearings/to-receive-testimony-on-department-of-defense-personnel-policies-and-programs-in-review-of-the-defense-authorization-request-for-fiscal-year-2026-and-the-future-years-defense-program
336776,Michael J. Borgschulte,Deputy Commandant for Manpower and Reserve Affairs,United States Marine Corps,https://www.armed-services.senate.gov/hearings/to-receive-testimony-on-department-of-defense-personnel-policies-and-programs-in-review-of-the-defense-authorization-request-for-fiscal-year-2026-and-the-future-years-defense-program
336776,Caroline M. Miller,"Deputy Chief of Staff for Manpower, Personnel, and Services, A-1",United States Air Force,https://www.armed-services.senate.gov/hearings/to-receive-testimony-on-department-of-defense-personnel-policies-and-programs-in-review-of-the-defense-authorization-request-for-fiscal-year-2026-and-the-future-years-defense-program
336776,Katharine Kelley,Deputy Chief of Space Operations for Human Capital,United States Space Force,https://www.armed-services.senate.gov/hearings/to-receive-testimony-on-department-of-defense-personnel-policies-and-programs-in-review-of-the-defense-authorization-request-for-fiscal-year-2026-and-the-future-years-defense-program
336818,Andrew MacPherson,Founder and Executive Chair,Foundation for Social Connection – Action Network,https://www.aging.senate.gov/hearings/breaking-the-cycle-of-senior-loneliness-strengthening-family-and-community-support
336818,James Balda,President and CEO,Argentum,https://www.aging.senate.gov/hearings/breaking-the-cycle-of-senior-loneliness-strengthening-family-and-community-support
336818,Suzanne McCormick,President and CEO,YMCA of the USA,https://www.aging.senate.gov/hearings/breaking-the-cycle-of-senior-loneliness-strengthening-family-and-community-support
336818,Tori Strawter-Tanks,Director,Clayton County Senior Services Department,https://www.aging.senate.gov/hearings/breaking-the-cycle-of-senior-loneliness-strengthening-family-and-community-support
336822,Sarah Wynn-Williams,Former Director of Global Public Policy,Facebook,https://www.judiciary.senate.gov/committee-activity/hearings/a-time-for-truth-oversight-of-metas-foreign-relations-and-representations-to-the-united-states-congress
336902,Phillip L. Swagel,Director,Congressional Budget Office,https://www.appropriations.senate.gov/hearings/a-review-of-the-fiscal-year-2026-budget-requests-for-the-congressional-budget-office-the-government-accountability-office-and-the-government-publishing-office
336902,Gene L. Dodaro,Comptroller General of the United States,Government Accountability Office,https://www.appropriations.senate.gov/hearings/a-review-of-the-fiscal-year-2026-budget-requests-for-the-congressional-budget-office-the-government-accountability-office-and-the-government-publishing-office
336902,Hugh N. Halpern,Director,Government Publishing Office,https://www.appropriations.senate.gov/hearings/a-review-of-the-fiscal-year-2026-budget-requests-for-the-congressional-budget-office-the-government-accountability-office-and-the-government-publishing-office
336840,Sudip Parikh,"Chief Executive Officer and Executive Publisher, Science",American Association for the Advancement of Science (AAAS),https://www.appropriations.senate.gov/hearings/biomedical-research-keeping-americas-edge-in-innovation
336840,Hermann Haller,President,Mount Desert Island Biological Laboratory,https://www.appropriations.senate.gov/hearings/biomedical-research-keeping-americas-edge-in-innovation
336840,Cartier Esham,Executive Director,Alliance for a Stronger Food and Drug Administration,https://www.appropriations.senate.gov/hearings/biomedical-research-keeping-americas-edge-in-innovation
336840,Barry Paul Sleckman,Director,University of Alabama at Birmingham O’Neal Comprehensive Cancer Center,https://www.appropriations.senate.gov/hearings/biomedical-research-keeping-americas-edge-in-innovation
336840,Emily Stenson,Mom and Patient Advocate,,https://www.appropriations.senate.gov/hearings/biomedical-research-keeping-americas-edge-in-innovation
336887,Kevin O'Leary,Chairman and CEO,O'Leary Ventures,https://www.aging.senate.gov/hearings/financial-aggression-how-the-chinese-communist-party-exploits-american-retirees-and-undermines-national-security
336887,Christopher Iacovella,President and CEO,American Securities Association,https://www.aging.senate.gov/hearings/financial-aggression-how-the-chinese-communist-party-exploits-american-retirees-and-undermines-national-security
336887,Brady Finta,Founder,National Elder Fraud Coordination Center,https://www.aging.senate.gov/hearings/financial-aggression-how-the-chinese-communist-party-exploits-american-retirees-and-undermines-national-security
336921,Brooke L. Rollins,Secretary,United States Department of Agriculture,https://www.appropriations.senate.gov/hearings/a-review-of-the-presidents-fiscal-year-2026-budget-request-for-the-department-of-agriculture
336924,Thomas E. Austin,Architect of the Capitol,,https://www.appropriations.senate.gov/hearings/a-review-of-the-fiscal-year-2026-budget-requests-for-the-library-of-congress-and-the-architect-of-the-capitol
336924,Carla Hayden,Librarian of Congress,,https://www.appropriations.senate.gov/hearings/a-review-of-the-fiscal-year-2026-budget-requests-for-the-library-of-congress-and-the-architect-of-the-capitol
336930,Kashyap Patel,Director,Federal Bureau of Investigation,https://www.appropriations.senate.gov/hearings/a-review-of-the-presidents-fiscal-year-2026-budget-request-for-the-federal-bureau-of-investigation
336931,Kristi Noem,Secretary,Department of Homeland Security,https://www.appropriations.senate.gov/hearings/a-review-of-the-presidents-fiscal-year-2026-budget-request-for-the-department-of-homeland-security
336944,Andrea Yaffe,Acting Principal Deputy Assistant Secretary of Defense for Space Policy Department of Defense,,https://www.armed-services.senate.gov/hearings/to-receive-testimony-on-the-department-of-defense-missile-defense-activities-in-review-of-the-defense-authorization-request-for-fiscal-year-2026-and-the-future-years-defense-program
336944,Gregory M. Guillot,Commander United States Northern Command and North American Aerospace Defense Command,,https://www.armed-services.senate.gov/hearings/to-receive-testimony-on-the-department-of-defense-missile-defense-activities-in-review-of-the-defense-authorization-request-for-fiscal-year-2026-and-the-future-years-defense-program
336944,Heath A. Collins,Director Missile Defense Agency,,https://www.armed-services.senate.gov/hearings/to-receive-testimony-on-the-department-of-defense-missile-defense-activities-in-review-of-the-defense-authorization-request-for-fiscal-year-2026-and-the-future-years-defense-program
336944,Robert A. Rasch,Executive Officer Guam Defense System Joint Program Office,,https://www.armed-services.senate.gov/hearings/to-receive-testimony-on-the-department-of-defense-missile-defense-activities-in-review-of-the-defense-authorization-request-for-fiscal-year-2026-and-the-future-years-defense-program
336946,Sharon Faust,Chief Pharmacy Officer,Navitus Health Solutions,https://www.judiciary.senate.gov/committee-activity/hearings/pbm-power-play-examining-competition-issues-in-the-prescription-drug-supply-chain-05-13-2025
336946,Sheetal M. Kircher,"Associate Professor, Hematology and Oncology",Northwestern Medicine,https://www.judiciary.senate.gov/committee-activity/hearings/pbm-power-play-examining-competition-issues-in-the-prescription-drug-supply-chain-05-13-2025
336946,Randy P. McDonough,"Pharmacist & Co-owner, CEO Towncrest Pharmacy Corporation","President, American Pharmacists Association (APhA)",https://www.judiciary.senate.gov/committee-activity/hearings/pbm-power-play-examining-competition-issues-in-the-prescription-drug-supply-chain-05-13-2025
336946,Juan Carlos Scott,President & Chief Executive Officer,Pharmaceutical Care Management Association,https://www.judiciary.senate.gov/committee-activity/hearings/pbm-power-play-examining-competition-issues-in-the-prescription-drug-supply-chain-05-13-2025
336946,Neeraj Sood,Scholar and Professor,"University of Southern California, Schaeffer Institute for Public Policy & Government Service, University of Southern California Price School of Public Policy",https://www.judiciary.senate.gov/committee-activity/hearings/pbm-power-play-examining-competition-issues-in-the-prescription-drug-supply-chain-05-13-2025
336947,Joshua Meservey,Senior Fellow,Hudson Institute,https://www.foreign.senate.gov/hearings/east-africa-and-the-horn-at-a-turning-point-or-breaking-point
336947,Michelle Gavin,Ralph Bunche Senior Fellow for Africa Policy Studies,Council on Foreign Relations,https://www.foreign.senate.gov/hearings/east-africa-and-the-horn-at-a-turning-point-or-breaking-point
336948,Lee Zeldin,Administrator,Environmental Protection Agency,https://www.appropriations.senate.gov/hearings/a-review-of-the-presidents-fiscal-year-2026-budget-request-for-the-environmental-protection-agency
336950,Jennifer Hemingway,Sergeant at Arms and Doorkeeper,United States Senate,https://www.appropriations.senate.gov/hearings/a-review-of-the-fiscal-year-2026-budget-requests-for-the-senate-sergeant-at-arms-and-united-states-capitol-police
336950,J. Thomas Manger,Chief of Police,United States Capitol Police,https://www.appropriations.senate.gov/hearings/a-review-of-the-fiscal-year-2026-budget-requests-for-the-senate-sergeant-at-arms-and-united-states-capitol-police
336954,David Schaecter,"Holocaust Survivor and Founder, Holocaust Memorial Miami Beach; President, Holocaust Survivors Foundation USA",,https://www.aging.senate.gov/hearings/never-again-addressing-the-rise-of-antisemitism-and-supporting-older-americans
336954,Mark Rosenberg,Senior Advisor and Chief Chaplain to Miami-Dade Sheriff; Chief Chaplain to FHP and FDLE; Director of the Chesed Shel Emes Florida,,https://www.aging.senate.gov/hearings/never-again-addressing-the-rise-of-antisemitism-and-supporting-older-americans
336954,Ted Deutch,Former Congressman and CEO,American Jewish Committee,https://www.aging.senate.gov/hearings/never-again-addressing-the-rise-of-antisemitism-and-supporting-older-americans
336954,Rebecca Federman,"Senior Director, CSI Intelligence Desk",Community Security Initiative,https://www.aging.senate.gov/hearings/never-again-addressing-the-rise-of-antisemitism-and-supporting-older-americans
336956,Gracelin Baskaran,"Director, Critical Minerals Security",Center for Strategic and International Studies,https://www.finance.senate.gov/hearings/trade-in-critical-supply-chains
336956,David Isaacs,"Vice President, Government Affairs",Semiconductor Industry Association,https://www.finance.senate.gov/hearings/trade-in-critical-supply-chains
336956,Caleb Ragland,President,American Soybean Association,https://www.finance.senate.gov/hearings/trade-in-critical-supply-chains
336956,Scott Whitaker,President & CEO,AdvaMed,https://www.finance.senate.gov/hearings/trade-in-critical-supply-chains
336964,William C. Greenwalt,Former Deputy Under Secretary of Defense for Industrial Policy,,https://www.armed-services.senate.gov/hearings/to-receive-testimony-on-the-department-of-defense-responsibilities-related-to-foreign-military-sales-system-and-international-armaments-cooperation
336964,Keith Webster,"President, Defense and Aerospace Council/ President, Federal Acquisition Council",U.S. Chamber of Commerce,https://www.armed-services.senate.gov/hearings/to-receive-testimony-on-the-department-of-defense-responsibilities-related-to-foreign-military-sales-system-and-international-armaments-cooperation
336964,Lisa Saum-Manning,"Associate Director, International Security and Defense Policy Program",RAND,https://www.armed-services.senate.gov/hearings/to-receive-testimony-on-the-department-of-defense-responsibilities-related-to-foreign-military-sales-system-and-international-armaments-cooperation
336969,Sean Duffy,Secretary,Department of Transportation,https://www.appropriations.senate.gov/hearings/a-review-of-the-presidents-fiscal-year-2026-budget-request-for-the-department-of-transportation
336966,Marco Rubio,Secretary of State,U.S. Department of State,https://www.foreign.senate.gov/hearings/review-of-the-fy26-state-department-budget-request
336973,James J. McConnell,Acting Principal Deputy Administrator,,https://www.armed-services.senate.gov/hearings/to-receive-testimony-on-the-department-of-energys-atomic-energy-defense-activities-and-department-of-defense-nuclear-weapons-programs-in-review-of-the-defense-authorization-request-for-fiscal-year-2026-and-the-future-years-defense-program
336973,Roger A. Jarrell II,Principal Deputy Assistant Secretary for Environmental Management,,https://www.armed-services.senate.gov/hearings/to-receive-testimony-on-the-department-of-energys-atomic-energy-defense-activities-and-department-of-defense-nuclear-weapons-programs-in-review-of-the-defense-authorization-request-for-fiscal-year-2026-and-the-future-years-defense-program
336973,William J. Houston,"Director, Naval Nuclear Propulsion Program",,https://www.armed-services.senate.gov/hearings/to-receive-testimony-on-the-department-of-energys-atomic-energy-defense-activities-and-department-of-defense-nuclear-weapons-programs-in-review-of-the-defense-authorization-request-for-fiscal-year-2026-and-the-future-years-defense-program
336973,Brandi C. Vann,"Performing the Duties of the Assistant Secretary of Defense for Nuclear, Chemical, and Biological Defense Programs",,https://www.armed-services.senate.gov/hearings/to-receive-testimony-on-the-department-of-energys-atomic-energy-defense-activities-and-department-of-defense-nuclear-weapons-programs-in-review-of-the-defense-authorization-request-for-fiscal-year-2026-and-the-future-years-defense-program
336973,David A. Hoagland,Acting Deputy Administrator for Defense Programs,,https://www.armed-services.senate.gov/hearings/to-receive-testimony-on-the-department-of-energys-atomic-energy-defense-activities-and-department-of-defense-nuclear-weapons-programs-in-review-of-the-defense-authorization-request-for-fiscal-year-2026-and-the-future-years-defense-program
336973,Thomas A. Bussiere,Commander,,https://www.armed-services.senate.gov/hearings/to-receive-testimony-on-the-department-of-energys-atomic-energy-defense-activities-and-department-of-defense-nuclear-weapons-programs-in-review-of-the-defense-authorization-request-for-fiscal-year-2026-and-the-future-years-defense-program
336973,Johnny R. Wolfe Jr.,Director for Strategic Systems Programs,,https://www.armed-services.senate.gov/hearings/to-receive-testimony-on-the-department-of-energys-atomic-energy-defense-activities-and-department-of-defense-nuclear-weapons-programs-in-review-of-the-defense-authorization-request-for-fiscal-year-2026-and-the-future-years-defense-program
336981,Kelly Loeffler,Administrator,Small Business Administration,https://www.appropriations.senate.gov/hearings/a-review-of-the-presidents-fiscal-year-2026-budget-request-for-the-small-business-administration
336994,Lori Chavez-DeRemer,Secretary,Department of Labor,https://www.appropriations.senate.gov/hearings/a-review-of-the-presidents-fiscal-year-2026-budget-request-for-the-department-of-labor
337020,Linda McMahon,Secretary,Department of Education,https://www.appropriations.senate.gov/hearings/a-review-of-the-presidents-fiscal-year-2026-budget-request-for-the-department-of-education
337029,Paul S. Atkins,Chairman,Securities and Exchange Commission,https://www.appropriations.senate.gov/hearings/a-review-of-the-presidents-fiscal-year-2026-budget-request-for-the-securities-and-exchange-commission
337003,Jacqueline Corrigan-Curay,Acting Director,"Center for Drug Evaluation and Research, United States Food and Drug Administration",https://www.help.senate.gov/hearings/reauthorization-of-the-over-the-counter-monograph-drug-user-fee-program-25
337023,Chris Nocco,Sheriff,Pasco County Sheriff’s Office,https://www.aging.senate.gov/hearings/preparing-for-disasters-unique-challenges-facing-older-americans
337023,Jennifer Pipa,Vice President of Disaster Programs,American Red Cross,https://www.aging.senate.gov/hearings/preparing-for-disasters-unique-challenges-facing-older-americans
337023,L. Vance Taylor,"Subject Matter Expert, Inclusive Emergency Management",,https://www.aging.senate.gov/hearings/preparing-for-disasters-unique-challenges-facing-older-americans
337031,Troy Fitrell,Senior Bureau Official,"Bureau of African Affairs, U.S. Department of State",https://www.foreign.senate.gov/hearings/chinas-malign-influence-in-africa
337038,Howard Lutnick,Secretary,Department of Commerce,https://www.appropriations.senate.gov/hearings/a-review-of-the-presidents-fiscal-year-2026-budget-request-for-the-department-of-commerce
337043,Jayanta Bhattacharya,Director,National Institutes of Health,https://www.appropriations.senate.gov/hearings/a-review-of-the-presidents-fiscal-year-2026-budget-request-for-the-national-institutes-of-health
337049,Scott Bessent,Secretary,Department of the Treasury,https://www.appropriations.senate.gov/hearings/a-review-of-the-presidents-fiscal-year-2026-budget-request-for-the-department-of-the-treasury
337051,D. Lee Forsgren,Acting Assistant Secretary,U.S. Army (Civil Works),https://www.appropriations.senate.gov/hearings/a-review-of-the-presidents-fiscal-year-2026-budget-request-for-the-army-corps-of-engineers-and-the-bureau-of-reclamation
337051,William H. Graham Jr.,Chief of Engineers and Commanding General,U.S. Army Corps of Engineers,https://www.appropriations.senate.gov/hearings/a-review-of-the-presidents-fiscal-year-2026-budget-request-for-the-army-corps-of-engineers-and-the-bureau-of-reclamation
337051,Scott Cameron,Acting Assistant Secretary for Water and Science,U.S. Department of Interior,https://www.appropriations.senate.gov/hearings/a-review-of-the-presidents-fiscal-year-2026-budget-request-for-the-army-corps-of-engineers-and-the-bureau-of-reclamation
337068,Tom Schultz,Chief,United States Forest Service,https://www.appropriations.senate.gov/hearings/a-review-of-the-presidents-fiscal-year-2026-budget-request-for-the-united-states-forest-service
337070,Dale Marks,"Assistant Secretary of Defense for Energy, Installations, and Environment",,https://www.appropriations.senate.gov/hearings/a-review-of-the-presidents-fiscal-year-2026-budget-request-for-military-construction-and-family-housing
337070,David Wilson,"Deputy Chief of Staff, G-9",United States Army,https://www.appropriations.senate.gov/hearings/a-review-of-the-presidents-fiscal-year-2026-budget-request-for-military-construction-and-family-housing
337070,Jeffrey T. Jablon,Deputy Chief of Naval Operations for Installations and Logistics,United States Navy,https://www.appropriations.senate.gov/hearings/a-review-of-the-presidents-fiscal-year-2026-budget-request-for-military-construction-and-family-housing
337070,Stephen D. Sklenka,Deputy Commandant for Installations and Logistics,United States Marine Corps,https://www.appropriations.senate.gov/hearings/a-review-of-the-presidents-fiscal-year-2026-budget-request-for-military-construction-and-family-housing
337070,Tom D. Miller,"Deputy Chief of Staff for Logistics, Engineering, and Force Protection",United States Air Force,https://www.appropriations.senate.gov/hearings/a-review-of-the-presidents-fiscal-year-2026-budget-request-for-military-construction-and-family-housing
337070,Zachary S. Warakomski,"Assistant Deputy Chief of Space Operations for Operations, Cyber, and Nuclear",United States Space Force,https://www.appropriations.senate.gov/hearings/a-review-of-the-presidents-fiscal-year-2026-budget-request-for-military-construction-and-family-housing
337058,Daniel P. Driscoll,Secretary,U.S. Army,https://www.appropriations.senate.gov/hearings/a-review-of-the-presidents-fiscal-year-2026-budget-request-for-the-army
337058,Randy A. George,Chief of Staff,U.S. Army,https://www.appropriations.senate.gov/hearings/a-review-of-the-presidents-fiscal-year-2026-budget-request-for-the-army
337100,Alexus G. Grynkewich,"to be general and Commander, United States European Command and Supreme Allied Commander, Europe",,https://www.armed-services.senate.gov/hearings/to-consider-the-nominations-of_vice-admiral-charles-b-cooper-ii-usn-to-be-admiral-and--commander-united-states-central-command-and--lieutenant-general-alexus-g-grynkewich-usaf-to-be-general--and-commander-united-states-european-command-and--supreme-allied-commander-europe
337100,Charles B. Cooper II,"to be admiral and Commander, United States Central Command;",,https://www.armed-services.senate.gov/hearings/to-consider-the-nominations-of_vice-admiral-charles-b-cooper-ii-usn-to-be-admiral-and--commander-united-states-central-command-and--lieutenant-general-alexus-g-grynkewich-usaf-to-be-general--and-commander-united-states-european-command-and--supreme-allied-commander-europe
337104,Douglas A. Collins,Secretary,Department of Veterans Affairs,https://www.appropriations.senate.gov/hearings/a-review-of-the-presidents-fiscal-year-2026-budget-request-for-the-department-of-veterans-affairs
337106,John C. Phelan,Secretary,U.S. Navy,https://www.appropriations.senate.gov/hearings/a-review-of-the-presidents-fiscal-year-2026-budget-request-for-the-navy
337106,Eric M. Smith,Commandant,U.S. Marine Corps,https://www.appropriations.senate.gov/hearings/a-review-of-the-presidents-fiscal-year-2026-budget-request-for-the-navy
337106,James W. Kilby,Acting Chief,Naval Operations,https://www.appropriations.senate.gov/hearings/a-review-of-the-presidents-fiscal-year-2026-budget-request-for-the-navy
337107,Matthew Allen,Special Agent in Charge Los Angeles Field Division,Drug Enforcement Administration,https://www.judiciary.senate.gov/committee-activity/hearings/the-thin-blue-line-protecting-america-from-the-cartels
337107,Jason Stevens,Special Agent in Charge El Paso,Homeland Security Investigations,https://www.judiciary.senate.gov/committee-activity/hearings/the-thin-blue-line-protecting-america-from-the-cartels
337107,Jose Perez,Assistant Director Criminal Investigative Division,Federal Bureau of Investigation,https://www.judiciary.senate.gov/committee-activity/hearings/the-thin-blue-line-protecting-america-from-the-cartels
337108,Sarah Hammer,Executive Director,University of Pennsylvania Wharton School,https://www.banking.senate.gov/hearings/exploring-bipartisan-legislative-frameworks-for-digital-asset-market-structure
337108,Greg Xethalis,General Counsel,Multicoin Capital,https://www.banking.senate.gov/hearings/exploring-bipartisan-legislative-frameworks-for-digital-asset-market-structure
337108,Ryan VanGrack,Vice President of Legal,Coinbase,https://www.banking.senate.gov/hearings/exploring-bipartisan-legislative-frameworks-for-digital-asset-market-structure
337109,Mark Meador,Commissioner,Federal Trade Commission,https://www.judiciary.senate.gov/committee-activity/hearings/deregulation-and-competition-reducing-regulatory-burdens-to-unlock-innovation-and-spur-new-entry
337109,Doha Mekki,"Senior Fellow, Berkley Center for Consumer Law & Economic Justice","University of California, Berkeley – School of Law",https://www.judiciary.senate.gov/committee-activity/hearings/deregulation-and-competition-reducing-regulatory-burdens-to-unlock-innovation-and-spur-new-entry
337109,Roger Alford,"Principal Deputy Assistant Attorney General, Antitrust Division",Department of Justice,https://www.judiciary.senate.gov/committee-activity/hearings/deregulation-and-competition-reducing-regulatory-burdens-to-unlock-innovation-and-spur-new-entry
337109,Bill Bullard,CEO,R-CALF,https://www.judiciary.senate.gov/committee-activity/hearings/deregulation-and-competition-reducing-regulatory-burdens-to-unlock-innovation-and-spur-new-entry
337109,Daniel Francis,Professor of Law,NYU Law,https://www.judiciary.senate.gov/committee-activity/hearings/deregulation-and-competition-reducing-regulatory-burdens-to-unlock-innovation-and-spur-new-entry
337105,Dale R. Marks,"Assistant Secretary of Defense for Energy, Installations, and Environment",,https://www.armed-services.senate.gov/hearings/to-receive-an-update-on-matters-within-the-jurisdiction-of-the-assistant-secretaries-for-energy-installation-and-environment-in-support-of-the-fiscal-year-2026-national-defense-authorization-act
337105,Jeff L. Waksman,"Acting Assistant Secretary of the Army for Installations, Energy and Environment",,https://www.armed-services.senate.gov/hearings/to-receive-an-update-on-matters-within-the-jurisdiction-of-the-assistant-secretaries-for-energy-installation-and-environment-in-support-of-the-fiscal-year-2026-national-defense-authorization-act
337105,Brenda M. Johnson-Turner,"Performing the Duties of Assistant Secretary of the Navy for Energy, Installations and Environment",,https://www.armed-services.senate.gov/hearings/to-receive-an-update-on-matters-within-the-jurisdiction-of-the-assistant-secretaries-for-energy-installation-and-environment-in-support-of-the-fiscal-year-2026-national-defense-authorization-act
337105,Michael E. Saunders,"Acting Assistant Secretary of the Air Force for Energy, Installations and Environment",,https://www.armed-services.senate.gov/hearings/to-receive-an-update-on-matters-within-the-jurisdiction-of-the-assistant-secretaries-for-energy-installation-and-environment-in-support-of-the-fiscal-year-2026-national-defense-authorization-act
337113,Eric S. Schmitt,United States Senator,,https://www.appropriations.senate.gov/hearings/a-review-of-the-presidents-special-message-of-june-3-2025
337113,Brian E. Schatz,United States Senator,,https://www.appropriations.senate.gov/hearings/a-review-of-the-presidents-special-message-of-june-3-2025
337113,Russell T. Vought,Director,Office of Management and Budget,https://www.appropriations.senate.gov/hearings/a-review-of-the-presidents-special-message-of-june-3-2025
337116,Pamela Bondi,Attorney General,Department of Justice,https://www.appropriations.senate.gov/hearings/a-review-of-the-presidents-fiscal-year-2026-budget-request-for-the-department-of-justice
337120,Zippy Duvall,President,American Farm Bureau Federation,https://www.aging.senate.gov/hearings/the-aging-farm-workforce-americas-vanishing-family-farms
337120,Jim Alderman,Owner,Alderman Farms,https://www.aging.senate.gov/hearings/the-aging-farm-workforce-americas-vanishing-family-farms
337120,Aaron Locker,Managing Director,Kincannon & Reed,https://www.aging.senate.gov/hearings/the-aging-farm-workforce-americas-vanishing-family-farms
337120,Chris Wolf,E.V. Baker Professor of Agricultural Economics and Director of Land Grant Affairs,Cornell University,https://www.aging.senate.gov/hearings/the-aging-farm-workforce-americas-vanishing-family-farms
337224,Greg Garcia,Executive Director,Healthcare and Public Health Sector Coordinating Council,https://www.help.senate.gov/hearings/securing-the-future-of-health-care-enhancing-cybersecurity-and-protecting-americans-privacy
337224,René Quashie,"Vice President, Digital Health",Consumer Technology Association,https://www.help.senate.gov/hearings/securing-the-future-of-health-care-enhancing-cybersecurity-and-protecting-americans-privacy
337224,Linda Stevenson,Chief Information Officer,Fisher-Titus,https://www.help.senate.gov/hearings/securing-the-future-of-health-care-enhancing-cybersecurity-and-protecting-americans-privacy
337224,Robert Weissman,President,Public Citizen,https://www.help.senate.gov/hearings/securing-the-future-of-health-care-enhancing-cybersecurity-and-protecting-americans-privacy
337224,Alison Galvani,Professor,Yale School of Public Health,https://www.help.senate.gov/hearings/securing-the-future-of-health-care-enhancing-cybersecurity-and-protecting-americans-privacy
337225,Ruby Whitmore,"Children’s Congress Delegate, Old Town, ME",,https://www.appropriations.senate.gov/hearings/a-future-without-type-1-diabetes-accelerating-breakthroughs-and-creating-hope
337225,Rachel White,"Children’s Congress Delegate, North Hampton, NH",,https://www.appropriations.senate.gov/hearings/a-future-without-type-1-diabetes-accelerating-breakthroughs-and-creating-hope
337225,Katie Bone,"USA Climbing Speed National Champion, Bernalillo, NM",,https://www.appropriations.senate.gov/hearings/a-future-without-type-1-diabetes-accelerating-breakthroughs-and-creating-hope
337225,Griffin P. Rodgers,Director,"National Institute of Diabetes and Digestive and Kidney Diseases, Bethesda, MD",https://www.appropriations.senate.gov/hearings/a-future-without-type-1-diabetes-accelerating-breakthroughs-and-creating-hope
337255,Patrice Onwuka,Director,"Center for Economic Opportunity, Independent Women’s Forum",https://www.help.senate.gov/hearings/freedom-to-work-unlocking-benefits-for-independent-workers
337255,Kim Kavin,Editor,Imagine Media LLC,https://www.help.senate.gov/hearings/freedom-to-work-unlocking-benefits-for-independent-workers
337255,Kev Coleman,Research Fellow,Paragon Health Institute,https://www.help.senate.gov/hearings/freedom-to-work-unlocking-benefits-for-independent-workers
337255,Timothy J. Driscoll,President,International Union of Bricklayers and Allied Craftworkers,https://www.help.senate.gov/hearings/freedom-to-work-unlocking-benefits-for-independent-workers
337255,Karen Friedman,Executive Director,Pension Rights Center,https://www.help.senate.gov/hearings/freedom-to-work-unlocking-benefits-for-independent-workers
337264,Frank M. Bradley,"to be admiral and Commander, United States Special Operations Command",,https://www.armed-services.senate.gov/hearings/to-consider-the-nominations-of-vice-admiral-frank-m-bradley-usn-to-be-admiral-and_commander-united-states-special-operations-command-and-lieutenant-general-dagvin-rm-anderson-usaf-to-be-general-and--commander-united-states-africa-command
337264,Dagvin R.M. Anderson,"to be general and Commander, United States Africa Command",,https://www.armed-services.senate.gov/hearings/to-consider-the-nominations-of-vice-admiral-frank-m-bradley-usn-to-be-admiral-and_commander-united-states-special-operations-command-and-lieutenant-general-dagvin-rm-anderson-usaf-to-be-general-and--commander-united-states-africa-command
337267,Christopher Hardee,"Chief, Office of Law and Policy, National Security Division",U.S. Department of Justice,https://www.judiciary.senate.gov/committee-activity/hearings/securing-the-skies-law-enforcement-drones-and-public-safety
337267,Micheal Torphy,"Unit Chief/Supervisory Special Agent, UAS and Counter UAS",Federal Bureau of Investigation,https://www.judiciary.senate.gov/committee-activity/hearings/securing-the-skies-law-enforcement-drones-and-public-safety
337267,Steven Willoughby,"Director, Counter-UAS Program Management Office","Office of Strategy, Policy, and Plans, U.S. Department of Homeland Security",https://www.judiciary.senate.gov/committee-activity/hearings/securing-the-skies-law-enforcement-drones-and-public-safety
337273,Olivia Enos,Senior Fellow,Hudson Institute,https://www.foreign.senate.gov/hearings/the-status-of-democracy-and-human-rights-in-hong-kong-five-years-after-the-prcs-judicial-takeover
337273,Joey Siu,Executive Council Member,World Liberty Congress,https://www.foreign.senate.gov/hearings/the-status-of-democracy-and-human-rights-in-hong-kong-five-years-after-the-prcs-judicial-takeover
337273,Sophie Richardson,Co-Executive Director,Chinese Human Rights Defenders,https://www.foreign.senate.gov/hearings/the-status-of-democracy-and-human-rights-in-hong-kong-five-years-after-the-prcs-judicial-takeover
337273,Caoilfhionn Gallagher,International Legal Counsel to Jimmy Lai,Doughty Street Barristers,https://www.foreign.senate.gov/hearings/the-status-of-democracy-and-human-rights-in-hong-kong-five-years-after-the-prcs-judicial-takeover
337277,Tyler Barnett,CEO,New Schools for Alabama,https://www.help.senate.gov/hearings/k-12-subcommittee-hearing-on-choice-and-literacy-empowering-families-for-better-educational-results
337277,Anne Wicks,Don Evans Family Managing Director,"Opportunity and Democracy, George W. Bush Institute",https://www.help.senate.gov/hearings/k-12-subcommittee-hearing-on-choice-and-literacy-empowering-families-for-better-educational-results
337277,Ginny Gentles,Director,"Education Freedom and Parental Rights, Defense of Freedom Institute",https://www.help.senate.gov/hearings/k-12-subcommittee-hearing-on-choice-and-literacy-empowering-families-for-better-educational-results
337277,Richard Barrera,Board Vice President,San Diego Unified School District,https://www.help.senate.gov/hearings/k-12-subcommittee-hearing-on-choice-and-literacy-empowering-families-for-better-educational-results
337282,Brian H. Hook,Former U.S. Special Representative for Iran and Senior Policy Advisor to the Secretary of State,,https://www.foreign.senate.gov/hearings/us-diplomatic-strategies-for-a-dynamic-middle-east
337282,Daniel B. Shapiro,Former U.S. Ambassador to Israel and Deputy Assistant Secretary of Defense for the Middle East,,https://www.foreign.senate.gov/hearings/us-diplomatic-strategies-for-a-dynamic-middle-east
337282,Shelly Culbertson,Senior Policy Researcher,RAND,https://www.foreign.senate.gov/hearings/us-diplomatic-strategies-for-a-dynamic-middle-east
337286,Harmeet K. Dhillon,Assistant Attorney General,"Department of Justice, Civil Rights Division",https://www.judiciary.senate.gov/committee-activity/hearings/ending-illegal-dei-discrimination-and-preferences-enforcing-our-civil-rights-laws
337286,Gene Hamilton,President & Co-founder,America First Legal,https://www.judiciary.senate.gov/committee-activity/hearings/ending-illegal-dei-discrimination-and-preferences-enforcing-our-civil-rights-laws
337286,Robert Stewart,"Alabama State Senator, District 23",,https://www.judiciary.senate.gov/committee-activity/hearings/ending-illegal-dei-discrimination-and-preferences-enforcing-our-civil-rights-laws
337279,Daryl L. Caudle,for reappointment to the grade of admiral and to be Chief of Naval Operations,,https://www.armed-services.senate.gov/hearings/to-consider-the-nomination-of-admiral-daryl-l-caudle-usn-for-reappointment-to-the-grade-of-admiral-and_to-be-chief-of-naval-operations
337284,Bill Roark,Executive Chairman,Starfish Holdings,https://www.help.senate.gov/hearings/empowering-workers-by-expanding-employee-ownership
337284,Eddy Dupuis,Chief Executive Officer,Acadian Companies,https://www.help.senate.gov/hearings/empowering-workers-by-expanding-employee-ownership
337284,Brock Barton,Chief Financial Officer,King Arthur Baking Company,https://www.help.senate.gov/hearings/empowering-workers-by-expanding-employee-ownership
337284,Joseph R. Blasi,J. Robert Beyster Distinguished Professor and Director Emeritus,"Institute for the Study of Employee Ownership and Profit Sharing, Rutgers University",https://www.help.senate.gov/hearings/empowering-workers-by-expanding-employee-ownership
337311,Jon Taffer,"Chairman & CEO, Taffer Dynamics","Executive Producer & Host, Paramount Network’s “Bar Rescue”",https://www.aging.senate.gov/hearings/aging-with-purpose-the-positive-impact-of-seniors-in-todays-economy
337311,Paul Broadie II,President,Santa Fe College,https://www.aging.senate.gov/hearings/aging-with-purpose-the-positive-impact-of-seniors-in-todays-economy
337311,Rachel Greszler,"Senior Research Fellow, Workforce and Public Finance",The Heritage Foundation,https://www.aging.senate.gov/hearings/aging-with-purpose-the-positive-impact-of-seniors-in-todays-economy
337311,Christine Osasu,"Director, Senior Community Service Employment Program",Legacy Link,https://www.aging.senate.gov/hearings/aging-with-purpose-the-positive-impact-of-seniors-in-todays-economy
337363,Rosie Cordero-Stutz,Sheriff,Miami-Dade County,https://www.aging.senate.gov/hearings/protecting-floridas-seniors-fighting-fraud-and-financial-exploitation
337363,Jeff Johnson,State Director,AARP Florida,https://www.aging.senate.gov/hearings/protecting-floridas-seniors-fighting-fraud-and-financial-exploitation
337363,Kathy Kraninger,President & CEO,Florida Bankers Association,https://www.aging.senate.gov/hearings/protecting-floridas-seniors-fighting-fraud-and-financial-exploitation
337363,Brandy Bauer,Joint Center Director for the State Health Insurance Assistance Program (SHIP) Technical Assistance Center,Senior Medicare Patrol (SMP) National Resource Center,https://www.aging.senate.gov/hearings/protecting-floridas-seniors-fighting-fraud-and-financial-exploitation
337368,Robert F. Kennedy Jr.,Secretary,United States Department of Health and Human Services,https://www.finance.senate.gov/hearings/the-presidents-2026-health-care-agenda
337383,Christopher J. Mahoney,for reappointment to the grade of general and to be Vice Chairman of the Joint Chiefs of Staff,,https://www.armed-services.senate.gov/hearings/to-consider-the-nomination-of_general-christopher-j-mahoney-usmc-for-reappointment-to-the-grade-of-general--and-to-be-vice-chairman-of-the-joint-chiefs-of-staff
337421,Kash Patel,Director,Federal Bureau of Investigation,https://www.judiciary.senate.gov/committee-activity/hearings/oversight-of-the-federal-bureau-of-investigation-09-16-2025
337425,Susan Monarez,,,https://www.help.senate.gov/hearings/restoring-trust-through-radical-transparency-reviewing-recent-events-at-the-centers-for-disease-control-and-prevention-and-implications-for-childrens-health
337425,Debra Houry,,,https://www.help.senate.gov/hearings/restoring-trust-through-radical-transparency-reviewing-recent-events-at-the-centers-for-disease-control-and-prevention-and-implications-for-childrens-health
337433,Nancy LeaMond,Chief Advocacy & Engagement Officer,AARP,https://www.aging.senate.gov/hearings/protecting-older-americans-leveling-the-playing-field-for-older-workers
337433,David Horton,Fair Business Practices & Investor Advocacy Endowed Chair,"Martin Luther King, Jr. Professor of Law, University of California, Davis School of Law",https://www.aging.senate.gov/hearings/protecting-older-americans-leveling-the-playing-field-for-older-workers
337433,Gretchen Carlson,Journalist and Co-Founder,Lift Our Voices,https://www.aging.senate.gov/hearings/protecting-older-americans-leveling-the-playing-field-for-older-workers
337433,Rachel Greszler,"Senior Research Fellow, Workforce and Public Finance",The Heritage Foundation,https://www.aging.senate.gov/hearings/protecting-older-americans-leveling-the-playing-field-for-older-workers
337445,Forlesia Cook,"Grandmother of Marty William McMillian, Jr.",,https://www.judiciary.senate.gov/committee-activity/hearings/blue-city-chaos-and-tragedy-how-the-trump-administration-is-addressing-the-human-cost-of-soft-on-crime-policies
337445,William L. Enyart,"Major General, US Army (Ret.)",,https://www.judiciary.senate.gov/committee-activity/hearings/blue-city-chaos-and-tragedy-how-the-trump-administration-is-addressing-the-human-cost-of-soft-on-crime-policies
337445,Gregg Pemberton,Chairman,D.C. Police Union,https://www.judiciary.senate.gov/committee-activity/hearings/blue-city-chaos-and-tragedy-how-the-trump-administration-is-addressing-the-human-cost-of-soft-on-crime-policies
337445,Gregory Jackson Jr.,Former Deputy Director,White House Office of Gun Violence Prevention,https://www.judiciary.senate.gov/committee-activity/hearings/blue-city-chaos-and-tragedy-how-the-trump-administration-is-addressing-the-human-cost-of-soft-on-crime-policies
337445,Brent Taylor,"Tennessee State Senator, District 31",,https://www.judiciary.senate.gov/committee-activity/hearings/blue-city-chaos-and-tragedy-how-the-trump-administration-is-addressing-the-human-cost-of-soft-on-crime-policies
337445,Christopher Goumenis,"Special Agent in Charge, Washington Division",Drug Enforcement Administration,https://www.judiciary.senate.gov/committee-activity/hearings/blue-city-chaos-and-tragedy-how-the-trump-administration-is-addressing-the-human-cost-of-soft-on-crime-policies
337445,Peter Marketos,Acting Associate Director for Investigations,United States Marshals Service,https://www.judiciary.senate.gov/committee-activity/hearings/blue-city-chaos-and-tragedy-how-the-trump-administration-is-addressing-the-human-cost-of-soft-on-crime-policies
337449,Jason Somensatto,Director of Policy,Coin Center,https://www.finance.senate.gov/hearings/examining-the-taxation-of-digital-assets
337449,Andrea S. Kramer,Founding Member,"ASKramer Law, LLC",https://www.finance.senate.gov/hearings/examining-the-taxation-of-digital-assets
337449,Lawrence Zlatkin,Vice President of Tax,"Coinbase Global, Inc.",https://www.finance.senate.gov/hearings/examining-the-taxation-of-digital-assets
337449,Annette Nellen,"Chair, Digital Assets Tax Task Force",American Institute of CPAs,https://www.finance.senate.gov/hearings/examining-the-taxation-of-digital-assets
337460,Pamela Bondi,Attorney General,U.S. Department of Justice,https://www.judiciary.senate.gov/committee-activity/hearings/oversight-of-the-department-of-justice-10-07-2025
337463,Joseph W. Kirschbaum,"Director, Defense Capabilities and Management",U.S. Government Accountability Office,https://www.armed-services.senate.gov/hearings/to-receive-testimony-on-threats-and-challenges-posed-to-department-of-defense-personnel-and-operations-from-adversarial-access-to-publicly-available-data-coupled-with-advanced-data-analysis-tools-now-widely-available-on-the-commercial-market
337463,Justin Sherman,Founder and Chief Executive Officer,Global Cyber Strategies,https://www.armed-services.senate.gov/hearings/to-receive-testimony-on-threats-and-challenges-posed-to-department-of-defense-personnel-and-operations-from-adversarial-access-to-publicly-available-data-coupled-with-advanced-data-analysis-tools-now-widely-available-on-the-commercial-market
337463,John Doyle,Chief Executive Officer,Cape,https://www.armed-services.senate.gov/hearings/to-receive-testimony-on-threats-and-challenges-posed-to-department-of-defense-personnel-and-operations-from-adversarial-access-to-publicly-available-data-coupled-with-advanced-data-analysis-tools-now-widely-available-on-the-commercial-market
337463,Michael Stokes,Vice President of Strategy,Ridgeline International,https://www.armed-services.senate.gov/hearings/to-receive-testimony-on-threats-and-challenges-posed-to-department-of-defense-personnel-and-operations-from-adversarial-access-to-publicly-available-data-coupled-with-advanced-data-analysis-tools-now-widely-available-on-the-commercial-market
337467,Sean O'Brien,International Brotherhood of Teamsters,,https://www.help.senate.gov/hearings/labor-law-reform-part-1-diagnosing-the-issues-exploring-current-proposals
337467,Rachel Greszler,Senior Research Fellow,The Heritage Foundation,https://www.help.senate.gov/hearings/labor-law-reform-part-1-diagnosing-the-issues-exploring-current-proposals
337467,Marvin Kaplan,Principal,Jackson Lewis P.C.,https://www.help.senate.gov/hearings/labor-law-reform-part-1-diagnosing-the-issues-exploring-current-proposals
337467,Jennifer Ann Abruzzo,Senior Advisor to the President,"Communications Workers of America, Counsel, Bush Gottlieb, ALC",https://www.help.senate.gov/hearings/labor-law-reform-part-1-diagnosing-the-issues-exploring-current-proposals
337467,Steve Cochran,Skilled Trades Worker and Co-Chair of UAW Bargaining Committee,Volkswagen,https://www.help.senate.gov/hearings/labor-law-reform-part-1-diagnosing-the-issues-exploring-current-proposals
337470,Peter Baker,"Former FDA Inspector, President",Live Oak Quality Assurance,https://www.aging.senate.gov/hearings/prescription-for-trouble-drug-safety-supply-chains-and-the-risk-to-aging-americans
337470,George Ball,Associate Professor and Weimer Faculty Fellow,"Kelley School of Business, Indiana University",https://www.aging.senate.gov/hearings/prescription-for-trouble-drug-safety-supply-chains-and-the-risk-to-aging-americans
337470,Brandon Daniels,CEO,Exiger,https://www.aging.senate.gov/hearings/prescription-for-trouble-drug-safety-supply-chains-and-the-risk-to-aging-americans
337470,Ronald Piervincenzi,CEO,U.S. Pharmacopeia,https://www.aging.senate.gov/hearings/prescription-for-trouble-drug-safety-supply-chains-and-the-risk-to-aging-americans
337474,James Murphy,,,https://www.help.senate.gov/hearings/nominations-10-09-2025
337474,Rosario Palmieri,,,https://www.help.senate.gov/hearings/nominations-10-09-2025
337474,Anthony D'Esposito,,,https://www.help.senate.gov/hearings/nominations-10-09-2025
337543,Thomas Beck,Senior Advisor,Littler Mendelson Workplace Policy Institute,https://www.help.senate.gov/hearings/labor-law-reform-part-2-new-solutions-for-finding-a-pro-worker-way-forward
337543,F. Vincent Vernuccio,President and Co-Founder,Institute for the American Worker,https://www.help.senate.gov/hearings/labor-law-reform-part-2-new-solutions-for-finding-a-pro-worker-way-forward
337543,Jonathan Hartley,PHD Candidate,"Teaching Assistant, Stanford University",https://www.help.senate.gov/hearings/labor-law-reform-part-2-new-solutions-for-finding-a-pro-worker-way-forward
337543,Joshua Arnold,Shop Steward,"IAM Union Local 837B, Boeing",https://www.help.senate.gov/hearings/labor-law-reform-part-2-new-solutions-for-finding-a-pro-worker-way-forward
337543,Mary Turner,President,National Nurses United,https://www.help.senate.gov/hearings/labor-law-reform-part-2-new-solutions-for-finding-a-pro-worker-way-forward
337544,Mark Cuban,"Co-Founder, Entrepreneur",Cost Plus Drugs,https://www.aging.senate.gov/hearings/modernizing-health-care-how-shoppable-services-improve-outcomes-and-lower-costs
337544,G. Keith Smith,Co-Founder,Surgery Center of Oklahoma and the Free Market Medical Association,https://www.aging.senate.gov/hearings/modernizing-health-care-how-shoppable-services-improve-outcomes-and-lower-costs
337544,Don Moulds,Chief Health Director,CalPERS,https://www.aging.senate.gov/hearings/modernizing-health-care-how-shoppable-services-improve-outcomes-and-lower-costs
337544,Jeanne Lambrew,Director of Health Care Reform and Senior Fellow,The Century Foundation,https://www.aging.senate.gov/hearings/modernizing-health-care-how-shoppable-services-improve-outcomes-and-lower-costs
337550,Michelle Rosenberg,Director,"Health Care, U.S. Government Accountability Office",https://www.help.senate.gov/hearings/the-340b-program-examining-its-growth-and-impact-on-patients
337550,Aditi Sen,Chief,"Health Policy Studies Unit, Congressional Budget Office",https://www.help.senate.gov/hearings/the-340b-program-examining-its-growth-and-impact-on-patients
337550,William B. Feldman,Physician and Health Policy Researcher,University of California,https://www.help.senate.gov/hearings/the-340b-program-examining-its-growth-and-impact-on-patients
337583,Lowell Schiller,Nonresident Senior Scholar,USC Schaeffer Institute,https://www.help.senate.gov/hearings/the-future-of-biotech-maintaining-us-competitiveness-and-delivering-lifesaving-cures-to-patients
337583,John F. Crowley,President and CEO,Biotechnology Innovation Organization,https://www.help.senate.gov/hearings/the-future-of-biotech-maintaining-us-competitiveness-and-delivering-lifesaving-cures-to-patients
337583,Josh Makower,Yock Family Professor of Medicine and of Bioengineering,"Byers Family Director and Co-founder, Stanford Mussallem Center for Biodesign, Stanford University Schools of Medicine and Engineering",https://www.help.senate.gov/hearings/the-future-of-biotech-maintaining-us-competitiveness-and-delivering-lifesaving-cures-to-patients
337583,Aaron S. Kesselheim,Professor of Medicine,Harvard Medical School/Brigham and Women’s Hospital,https://www.help.senate.gov/hearings/the-future-of-biotech-maintaining-us-competitiveness-and-delivering-lifesaving-cures-to-patients
337583,Reshma Ramachandran,Assistant Professor of Medicine,Yale School of Medicine,https://www.help.senate.gov/hearings/the-future-of-biotech-maintaining-us-competitiveness-and-delivering-lifesaving-cures-to-patients
337584,Richard A. Correll,"to be admiral and Commander, United States Strategic Command",,https://www.armed-services.senate.gov/hearings/to-consider-the-nomination-of_vice-admiral-richard-a-correll-usn-to-be-admiral-and--commander-united-states-strategic-command
337603,Josh Laney,Competency-Based Education Network (C-BEN),,https://www.help.senate.gov/hearings/registered-apprenticeship-scaling-the-workforce-for-the-future
337603,Latitia McCane,"The Apprentice School, Newport News Shipbuilding",,https://www.help.senate.gov/hearings/registered-apprenticeship-scaling-the-workforce-for-the-future
337603,Gardner Carrick,The Manufacturing Institute,,https://www.help.senate.gov/hearings/registered-apprenticeship-scaling-the-workforce-for-the-future
337603,John Downey,International Union of Operating Engineers,,https://www.help.senate.gov/hearings/registered-apprenticeship-scaling-the-workforce-for-the-future
337603,Brent Booker,Laborers' International Union of North America,,https://www.help.senate.gov/hearings/registered-apprenticeship-scaling-the-workforce-for-the-future
337647,David Clay Fowlkes,,,https://www.judiciary.senate.gov/committee-activity/hearings/nominations-11-19-2025
337647,Nicholas Jon Ganjei,,,https://www.judiciary.senate.gov/committee-activity/hearings/nominations-11-19-2025
337647,Aaron Christian Peterson,,,https://www.judiciary.senate.gov/committee-activity/hearings/nominations-11-19-2025
337652,Tom Doran,Palisades Fire Survivor,,https://www.aging.senate.gov/hearings/forgotten-after-the-flames-stories-from-the-palisades-fire
337652,David Schwarz,"Chairman, Pacific Palisades Community Council Rebuild Committee",Palisades Fire Survivor,https://www.aging.senate.gov/hearings/forgotten-after-the-flames-stories-from-the-palisades-fire
337652,Jessica Rogers,"President, Pacific Palisades Resident Association",Palisades Fire Survivor,https://www.aging.senate.gov/hearings/forgotten-after-the-flames-stories-from-the-palisades-fire
337652,John Alle,"President, John Alle Company",Palisades Fire Survivor,https://www.aging.senate.gov/hearings/forgotten-after-the-flames-stories-from-the-palisades-fire
337652,Bruce & Rachel Schwartz,Palisades Fire Survivors,,https://www.aging.senate.gov/hearings/forgotten-after-the-flames-stories-from-the-palisades-fire
337707,Gregory C. Allen,Senior Adviser,"The Wadhwani AI Center, Center for Strategic and International Studies (CSIS)",https://www.foreign.senate.gov/hearings/countering-chinas-challenge-to-american-ai-leadership
337707,Tarun Chhabra,"Distinguished Visiting Fellow, The Hoover Institution","Head of National Security Policy, Anthropic",https://www.foreign.senate.gov/hearings/countering-chinas-challenge-to-american-ai-leadership
337707,Chris Miller,"Professor, The Fletcher School, Tufts University, Medford, MA","Non-Resident Senior Fellow, American Enterprise Institute, Washington, D.C.",https://www.foreign.senate.gov/hearings/countering-chinas-challenge-to-american-ai-leadership
337707,James Mulvenon,Chief Intelligence Officer,"Pamir Consulting, LLC",https://www.foreign.senate.gov/hearings/countering-chinas-challenge-to-american-ai-leadership
337710,Joel White,President,Council for Affordable Health Coverage,https://www.help.senate.gov/hearings/making-health-care-affordable-again-healing-a-broken-system
337710,Marcie Strouse,Owner and Partner,Capitol Benefits Group,https://www.help.senate.gov/hearings/making-health-care-affordable-again-healing-a-broken-system
337710,Claudia M. Fegan,National Coordinator,Physicians for a National Health Program,https://www.help.senate.gov/hearings/making-health-care-affordable-again-healing-a-broken-system
337711,John Offerdahl,President,Offerdahl's Hand-Off Foundation,https://www.aging.senate.gov/hearings/aging-in-place-the-impact-of-community-during-the-holidays
337711,Jason Resendez,CEO,National Alliance for Caregiving,https://www.aging.senate.gov/hearings/aging-in-place-the-impact-of-community-during-the-holidays
337711,Alison Barkoff,"Hirsh Health Law & Policy Associate Professor and Director of the Hirsh Health Law & Policy Program, George Washington University","Former Acting Assistant Secretary for Aging and Administrator, Administration for Community Living, Department of Health and Human Services",https://www.aging.senate.gov/hearings/aging-in-place-the-impact-of-community-during-the-holidays
337711,Emily Ladau,Disability Rights Advocate and Author of Demystifying Disability,,https://www.aging.senate.gov/hearings/aging-in-place-the-impact-of-community-during-the-holidays
337720,Richard Blumenthal,United States Senator,,https://www.appropriations.senate.gov/hearings/the-abduction-of-ukrainian-children-by-the-russian-federation
337720,Amy Klobuchar,United States Senator,,https://www.appropriations.senate.gov/hearings/the-abduction-of-ukrainian-children-by-the-russian-federation
337720,Michael McCaul,United States Representative,,https://www.appropriations.senate.gov/hearings/the-abduction-of-ukrainian-children-by-the-russian-federation
337720,Brian Fitzpatrick,United States Representative,,https://www.appropriations.senate.gov/hearings/the-abduction-of-ukrainian-children-by-the-russian-federation
337720,Olha Stefanishyna,Ambassador of Ukraine to the United States,,https://www.appropriations.senate.gov/hearings/the-abduction-of-ukrainian-children-by-the-russian-federation
337720,Mykola Kuleba,Save Ukraine,,https://www.appropriations.senate.gov/hearings/the-abduction-of-ukrainian-children-by-the-russian-federation
337720,Maksym Maksymov,Bring Kids Back,,https://www.appropriations.senate.gov/hearings/the-abduction-of-ukrainian-children-by-the-russian-federation
337720,Kateryna Rashevska,Regional Center for Human Rights,,https://www.appropriations.senate.gov/hearings/the-abduction-of-ukrainian-children-by-the-russian-federation
337720,Nathaniel Raymond,Humanitarian Research Lab Executive Director,Yale School of Public Health,https://www.appropriations.senate.gov/hearings/the-abduction-of-ukrainian-children-by-the-russian-federation
337723,Chris Cox,"Deputy Chancellor for Instruction, Research, and Development",Alabama Community College System,https://www.help.senate.gov/hearings/building-pathways-advancing-workforce-development-in-the-21st-century
337723,Chelle Travis,Executive Director,SkillsUSA,https://www.help.senate.gov/hearings/building-pathways-advancing-workforce-development-in-the-21st-century
337723,Joel Stadtlander,Director of Human Resources,ArcelorMittal Calvert,https://www.help.senate.gov/hearings/building-pathways-advancing-workforce-development-in-the-21st-century
337723,Luke Rhine,Vice President,Rodel Foundation,https://www.help.senate.gov/hearings/building-pathways-advancing-workforce-development-in-the-21st-century
337729,James R. Copland,"Senior Fellow and Director, Legal Policy",Manhattan Institute,https://www.help.senate.gov/hearings/the-future-of-retirement
337729,Chad Williams,Financial Advisor,Edward Jones,https://www.help.senate.gov/hearings/the-future-of-retirement
337729,Richard Fiesta,Executive Director,Alliance for Retired Americans,https://www.help.senate.gov/hearings/the-future-of-retirement
337730,John Offerdahl,President,Offerdahl's Hand-Off Foundation,https://www.aging.senate.gov/hearings/aging-in-place-the-impact-of-community-during-the-holidays
337730,Jason Resendez,CEO,National Alliance for Caregiving,https://www.aging.senate.gov/hearings/aging-in-place-the-impact-of-community-during-the-holidays
337730,Alison Barkoff,"Hirsh Health Law & Policy Associate Professor and Director of the Hirsh Health Law & Policy Program, George Washington University","Former Acting Assistant Secretary for Aging and Administrator, Administration for Community Living, Department of Health and Human Services",https://www.aging.senate.gov/hearings/aging-in-place-the-impact-of-community-during-the-holidays
337730,Emily Ladau,Disability Rights Advocate and Author of Demystifying Disability,,https://www.aging.senate.gov/hearings/aging-in-place-the-impact-of-community-during-the-holidays
337734,Marshall Billingslea,"Senior Fellow, Hudson Institute","Former Special Presidential Envoy for Arms Control, Department of State",https://www.foreign.senate.gov/hearings/arms-race-20
337734,Rose Gottemoeller,"Fellow, Stanford University","Former Under Secretary for Arms Control and International Security,, Department of State",https://www.foreign.senate.gov/hearings/arms-race-20
337840,Rob Luther,Associate Professor of Law,Antonin Scalia Law School at George Mason University,https://www.judiciary.senate.gov/committee-activity/hearings/impeachment-holding-rogue-judges-accountable-01-07-2026
337840,Stephen I. Vladeck,Agnes Williams Sesquicentennial Professor of Federal Courts,Georgetown University Law Center,https://www.judiciary.senate.gov/committee-activity/hearings/impeachment-holding-rogue-judges-accountable-01-07-2026
337840,Will Chamberlain,Senior Counsel,Article III Project,https://www.judiciary.senate.gov/committee-activity/hearings/impeachment-holding-rogue-judges-accountable-01-07-2026
337863,Elizabeth Murrill,Attorney General of Louisiana,,https://www.help.senate.gov/hearings/protecting-women-exposing-the-dangers-of-chemical-abortion-drugs
337863,Monique Chireau Wubbenhorst,"Senior Fellow, de Nicola Center for Ethics and Culture, University of Notre Dame and Adjunct Professor, Indiana University School of Medicine",,https://www.help.senate.gov/hearings/protecting-women-exposing-the-dangers-of-chemical-abortion-drugs
337863,Nisha Verma,Fellow,Physicians for Reproductive Health,https://www.help.senate.gov/hearings/protecting-women-exposing-the-dangers-of-chemical-abortion-drugs
337864,Jon Taffer,"Chairman & CEO, Taffer Dynamics","Executive Producer & Host, Paramount Network’s “Bar Rescue”",https://www.aging.senate.gov/hearings/aging-with-purpose-the-positive-impact-of-seniors-in-todays-economy-12-10-2025
337864,Paul Broadie II,President,Santa Fe College,https://www.aging.senate.gov/hearings/aging-with-purpose-the-positive-impact-of-seniors-in-todays-economy-12-10-2025
337864,Rachel Greszler,"Senior Research Fellow, Workforce and Public Finance",The Heritage Foundation,https://www.aging.senate.gov/hearings/aging-with-purpose-the-positive-impact-of-seniors-in-todays-economy-12-10-2025
337864,Christine Osasu,"Director, Senior Community Service Employment Program",Legacy Link,https://www.aging.senate.gov/hearings/aging-with-purpose-the-positive-impact-of-seniors-in-todays-economy-12-10-2025
337870,Craig Adelman,"Deputy Inspector General, Office of Audits","Department of Homeland Security, Office of Inspector General",https://www.judiciary.senate.gov/committee-activity/hearings/bidens-afghan-parolee-program_a-trojan-horse-with-flawed-vetting-and-deadly-consequences-01-14-2026
337870,Arne B. Baker,Senior Official Performing the Duties of the Inspector General,"Department of State, Office of Inspector General",https://www.judiciary.senate.gov/committee-activity/hearings/bidens-afghan-parolee-program_a-trojan-horse-with-flawed-vetting-and-deadly-consequences-01-14-2026
337870,Michael J. Roark,Deputy Inspector General for Evaluations,"Department of Defense, Office of Inspector General",https://www.judiciary.senate.gov/committee-activity/hearings/bidens-afghan-parolee-program_a-trojan-horse-with-flawed-vetting-and-deadly-consequences-01-14-2026
337870,Simon Hankinson,"Senior Research Fellow, Border Security and Immigration Center",The Heritage Foundation,https://www.judiciary.senate.gov/committee-activity/hearings/bidens-afghan-parolee-program_a-trojan-horse-with-flawed-vetting-and-deadly-consequences-01-14-2026
337870,Perry Blackburn,"LTC (ret.) USSF, United States Army","Founder and CEO, AFG Free",https://www.judiciary.senate.gov/committee-activity/hearings/bidens-afghan-parolee-program_a-trojan-horse-with-flawed-vetting-and-deadly-consequences-01-14-2026
337870,Julie Marzouk,Principal and Founder,Marzouk Evolve Advocacy Consulting,https://www.judiciary.senate.gov/committee-activity/hearings/bidens-afghan-parolee-program_a-trojan-horse-with-flawed-vetting-and-deadly-consequences-01-14-2026
337870,Nadim Yousify,Former Platoon Sergeant (E-5),United States Marine Corps,https://www.judiciary.senate.gov/committee-activity/hearings/bidens-afghan-parolee-program_a-trojan-horse-with-flawed-vetting-and-deadly-consequences-01-14-2026
337870,Nayla Rush,Senior Researcher,Center for Immigration Studies,https://www.judiciary.senate.gov/committee-activity/hearings/bidens-afghan-parolee-program_a-trojan-horse-with-flawed-vetting-and-deadly-consequences-01-14-2026
337926,Cris Gulacy-Worrel,Vice President,"Founding Team, Oakmont Education",https://www.help.senate.gov/hearings/empowering-families-through-educational-choice-in-america
337926,John F. Kirtley,Chairman,Step Up For Students,https://www.help.senate.gov/hearings/empowering-families-through-educational-choice-in-america
337926,Marisol Garcia,President,Arizona Education Association (AEA),https://www.help.senate.gov/hearings/empowering-families-through-educational-choice-in-america
337928,Katherine Sutton,Assistant Secretary of Defense for Cyber Policy,,https://www.armed-services.senate.gov/hearings/to-receive-testimony-on-the-departments-cyber-force-generation-plan-and-the-associated-implementation-plan
337928,William Hartman,"Acting Commander, United States Cyber Command/ Performing the Duties of Director, National Security Agency/ Acting Chief, Central Security Service",,https://www.armed-services.senate.gov/hearings/to-receive-testimony-on-the-departments-cyber-force-generation-plan-and-the-associated-implementation-plan
337928,R. Ryan Messer,"Deputy Director for Global Operations, J3 Joint Staff",,https://www.armed-services.senate.gov/hearings/to-receive-testimony-on-the-departments-cyber-force-generation-plan-and-the-associated-implementation-plan
337930,Stewart A. Baker,Principal,Stewart Baker Consulting PLLC,https://www.judiciary.senate.gov/committee-activity/hearings/review-and-reform-the-foreign-intelligence-surveillance-act-and-executive-accountability
337930,Elizabeth Goitein,"Senior Director, Liberty & National Security Program, Brennan Center for Justice",New York University School of Law,https://www.judiciary.senate.gov/committee-activity/hearings/review-and-reform-the-foreign-intelligence-surveillance-act-and-executive-accountability
337930,Adam I. Klein,"Director, Strauss Center and Senior Lecturer at the School of Law",University of Texas at Austin,https://www.judiciary.senate.gov/committee-activity/hearings/review-and-reform-the-foreign-intelligence-surveillance-act-and-executive-accountability
337934,Marco Rubio,Secretary of State,U.S. Department of State,https://www.foreign.senate.gov/hearings/us-policy-towards-venezuela
337937,Nathan Picarsic,Senior Fellow,The Foundation for Defense of Democracies,https://www.aging.senate.gov/hearings/made-in-china-paid-by-seniors-stopping-the-surge-of-international-scams
337937,Kathy Stokes,"Senior Director, Fraud Prevention Programs",AARP,https://www.aging.senate.gov/hearings/made-in-china-paid-by-seniors-stopping-the-surge-of-international-scams
337937,Jacqueline Burns Koven,Head of Cyber Threat Intelligence,Chainalysis,https://www.aging.senate.gov/hearings/made-in-china-paid-by-seniors-stopping-the-surge-of-international-scams
337937,Seto Bagdoyan,"Director, Audit Services, Forensic Audits & Investigative Service",Government Accountability Office,https://www.aging.senate.gov/hearings/made-in-china-paid-by-seniors-stopping-the-surge-of-international-scams
337860,Abraham Cooper,Associate Dean and Director of Global Social Action,Simon Wiesenthal Center,https://www.judiciary.senate.gov/committee-activity/hearings/the-truth-revealed-hidden-facts-regarding-nazis-and-swiss-banks
337860,Barbara Levi,"Group General Counsel, UBS Group AG",Member Group Executive Board of UBS Group AG,https://www.judiciary.senate.gov/committee-activity/hearings/the-truth-revealed-hidden-facts-regarding-nazis-and-swiss-banks
337860,Robert Karofsky,"Co-President, Global Wealth Management","President, UBS Americas, Member Group Executive Board of UBS Group AG",https://www.judiciary.senate.gov/committee-activity/hearings/the-truth-revealed-hidden-facts-regarding-nazis-and-swiss-banks
337860,Neil Barofsky,Independent Ombudsperson,"Partner, Jenner & Block LLP",https://www.judiciary.senate.gov/committee-activity/hearings/the-truth-revealed-hidden-facts-regarding-nazis-and-swiss-banks
337940,Jayanta Bhattacharya,Director,National Institutes of Health,https://www.help.senate.gov/hearings/modernizing-the-national-institutes-of-health-faster-discoveries-more-cures
337941,Ted Sarandos,Co-CEO,"Netflix, Inc.",https://www.judiciary.senate.gov/committee-activity/hearings/examining-the-competitive-impact-of-the-proposed-netflix-warner-brothers-transaction
337941,Bruce Campbell,Chief Revenue and Strategy Officer,"Warner Bros. Discovery, Inc.",https://www.judiciary.senate.gov/committee-activity/hearings/examining-the-competitive-impact-of-the-proposed-netflix-warner-brothers-transaction
337953,David Hoch,Independent Investigative Journalist,,https://www.judiciary.senate.gov/committee-activity/hearings/somali-scammers-fighting-fraud-in-minnesota-and-beyond-02-04-2026
337953,Robert Weissman,Co-President,Public Citizen,https://www.judiciary.senate.gov/committee-activity/hearings/somali-scammers-fighting-fraud-in-minnesota-and-beyond-02-04-2026
337953,Kristin Robbins,Chair of the Fraud Prevention Committee,"Minnesota House of Representatives, Crookston, MN",https://www.judiciary.senate.gov/committee-activity/hearings/somali-scammers-fighting-fraud-in-minnesota-and-beyond-02-04-2026
337955,Erhard Chorlé,Chairman,Railroad Retirement Board,https://www.help.senate.gov/hearings/on-track-for-secure-retirement-examining-the-success-ofthe-railroad-retirement-board
337955,Jeff Joines,Director of Government Affairs,"Brotherhood of Maintenance of Way Employes Division, International Brotherhood of Teamsters",https://www.help.senate.gov/hearings/on-track-for-secure-retirement-examining-the-success-ofthe-railroad-retirement-board
337925,David R. McAtee,Senior Executive Vice President & General Counsel,AT&T,https://www.judiciary.senate.gov/committee-activity/hearings/arctic-frost-accountability-oversight-of-telecommunications-carriers-responses-to-jack-smiths-witch-hunt
337925,Mark Nelson,Executive Vice President & General Counsel,T-Mobile,https://www.judiciary.senate.gov/committee-activity/hearings/arctic-frost-accountability-oversight-of-telecommunications-carriers-responses-to-jack-smiths-witch-hunt
337925,Chris Miller,Senior Vice President & General Counsel,Verizon,https://www.judiciary.senate.gov/committee-activity/hearings/arctic-frost-accountability-oversight-of-telecommunications-carriers-responses-to-jack-smiths-witch-hunt
337925,Mike Romano,Former Prosecutor,Department of Justice,https://www.judiciary.senate.gov/committee-activity/hearings/arctic-frost-accountability-oversight-of-telecommunications-carriers-responses-to-jack-smiths-witch-hunt
337925,Dan Schwager,Of Counsel,Verdi & Ogletree PLLC,https://www.judiciary.senate.gov/committee-activity/hearings/arctic-frost-accountability-oversight-of-telecommunications-carriers-responses-to-jack-smiths-witch-hunt
337962,Howard Lutnick,Secretary,Department of Commerce,https://www.appropriations.senate.gov/hearings/a-review-of-broadband-deployment-funding-at-the-department-of-commerce
337963,Howard Lutnick,Secretary,Department of Commerce,https://www.appropriations.senate.gov/hearings/a-review-of-broadband-deployment-funding-at-the-department-of-commerce
337967,Rebecca Gambler,Chief Quality Assurance Officer,"Managing Director of Audit Policy and Quality Assurance, U.S. Government Accountability Office",https://www.judiciary.senate.gov/committee-activity/hearings/somali-fraud-in-minnesota_the-tip-of-the-iceberg
337967,Simon Hankinson,"Senior Research Fellow, Border Security and Immigration Center",The Heritage Foundation,https://www.judiciary.senate.gov/committee-activity/hearings/somali-fraud-in-minnesota_the-tip-of-the-iceberg
337967,Phillip Linderman,"Chairman, Ben Franklin Fellowship and Board Member",Center for Immigration Studies,https://www.judiciary.senate.gov/committee-activity/hearings/somali-fraud-in-minnesota_the-tip-of-the-iceberg
337967,Matt O'Brien,Deputy Executive Director,Federation for American Immigration Reform,https://www.judiciary.senate.gov/committee-activity/hearings/somali-fraud-in-minnesota_the-tip-of-the-iceberg
337967,David J. Bier,"Director, Immigration Studies","Selz Foundation Chair in Immigration Policy, CATO Institute",https://www.judiciary.senate.gov/committee-activity/hearings/somali-fraud-in-minnesota_the-tip-of-the-iceberg
337967,Eric Schwartz,"Chair, Global Policy Area at Hubert H. Humphrey School of Public Affairs",University of Minnesota,https://www.judiciary.senate.gov/committee-activity/hearings/somali-fraud-in-minnesota_the-tip-of-the-iceberg
337970,John Gray,Dean’s Distinguished Professor of Operations,"Fisher College of Business, The Ohio State University",https://www.aging.senate.gov/hearings/truth-in-labeling-americans-deserve-to-know-where-their-drugs-come-from
337970,Michael Ganio,"Senior Director, Pharmacy Practice and Quality",ASHP,https://www.aging.senate.gov/hearings/truth-in-labeling-americans-deserve-to-know-where-their-drugs-come-from
337970,Stephen W. Schondelmeyer,Professor of Pharmaceutical Management & Economics,"College of Pharmacy, University of Minnesota",https://www.aging.senate.gov/hearings/truth-in-labeling-americans-deserve-to-know-where-their-drugs-come-from
337970,Stephen Colvill,Assistant Research Director,Duke-Margolis Institute for Health Policy,https://www.aging.senate.gov/hearings/truth-in-labeling-americans-deserve-to-know-where-their-drugs-come-from
338004,Michael P. Cadenazzi Jr.,Assistant Secretary of Defense for Industrial Base Policy,,https://www.armed-services.senate.gov/hearings/to-receive-testimony-on-rebuilding-american-critical-minerals-supply-chains
338004,Jeffrey Frankston,Acting Deputy Assistant Secretary of Defense for Industrial Base Resilience,,https://www.armed-services.senate.gov/hearings/to-receive-testimony-on-rebuilding-american-critical-minerals-supply-chains
337984,Brian D. Birdwell,to be Assistant Secretary of Defense for Sustainment,,https://www.armed-services.senate.gov/hearings/to-consider-the-nominations-of_mr-mark-r-ditlevson-to-be-assistant-secretary-of-defense-for-homeland-defense-and-americas-security-affairs-and--honorable-brian-d-birdwell-to-be-assistant-secretary-of-defense-for-sustainment
337984,Mark R. Ditlevson,to be Assistant Secretary of Defense for Homeland Defense and Americas Security Affairs,,https://www.armed-services.senate.gov/hearings/to-consider-the-nominations-of_mr-mark-r-ditlevson-to-be-assistant-secretary-of-defense-for-homeland-defense-and-americas-security-affairs-and--honorable-brian-d-birdwell-to-be-assistant-secretary-of-defense-for-sustainment
338013,Alma Littles,Dean & Chief Academic Officer,Florida State University College of Medicine,https://www.aging.senate.gov/hearings/the-doctor-is-out-how-washingtons-rules-drove-physicians-out-of-medicine
338013,Lee Gross,Founder,Epiphany Health Direct Primary Care,https://www.aging.senate.gov/hearings/the-doctor-is-out-how-washingtons-rules-drove-physicians-out-of-medicine
338013,Jeffrey Smith,Incoming Board Chair of Medical Group Management Association (MGMA) and Chief Executive Officer,"Piedmont HealthCare, PA",https://www.aging.senate.gov/hearings/the-doctor-is-out-how-washingtons-rules-drove-physicians-out-of-medicine
338013,Corey Feist,Co-Founder and Chief Executive Officer,Lorna Breen Heroes’ Foundation,https://www.aging.senate.gov/hearings/the-doctor-is-out-how-washingtons-rules-drove-physicians-out-of-medicine
338020,Kristi Noem,Secretary,U.S. Department of Homeland Security,https://www.judiciary.senate.gov/committee-activity/hearings/oversight-of-the-department-of-homeland-security-03-03-2026
338021,Jane Doe,Mother of Victim,,https://www.judiciary.senate.gov/committee-activity/hearings/lost-and-exploited-confronting-child-trafficking-and-the-failure-to-protect-americas-most-vulnerable
338021,Julia Einbond,Chief Executive Officer,Covenant House New Jersey,https://www.judiciary.senate.gov/committee-activity/hearings/lost-and-exploited-confronting-child-trafficking-and-the-failure-to-protect-americas-most-vulnerable
338021,Staca Shehan,"Vice President, Analytical Services Division",National Center for Missing & Exploited Children (NCMEC),https://www.judiciary.senate.gov/committee-activity/hearings/lost-and-exploited-confronting-child-trafficking-and-the-failure-to-protect-americas-most-vulnerable
338021,Tim Tebow,Founder & Chairman,Tim Tebow Foundation,https://www.judiciary.senate.gov/committee-activity/hearings/lost-and-exploited-confronting-child-trafficking-and-the-failure-to-protect-americas-most-vulnerable
338021,Yasmin Vafa,Executive Director,Rights4Girls,https://www.judiciary.senate.gov/committee-activity/hearings/lost-and-exploited-confronting-child-trafficking-and-the-failure-to-protect-americas-most-vulnerable
338027,Christopher C. LaNeve,Vice Chief of Staff of the Army,,https://www.armed-services.senate.gov/hearings/02/25/2026/to-receive-testimony-on-the-current-readiness-of-the-joint-force
338027,James W. Kilby,Vice Chief of Naval Operations,,https://www.armed-services.senate.gov/hearings/02/25/2026/to-receive-testimony-on-the-current-readiness-of-the-joint-force
338027,Bradford J. Gering,Assistant Commandant of the Marine Corps,,https://www.armed-services.senate.gov/hearings/02/25/2026/to-receive-testimony-on-the-current-readiness-of-the-joint-force
338027,John D. Lamontagne,Vice Chief of Staff of the Air Force,,https://www.armed-services.senate.gov/hearings/02/25/2026/to-receive-testimony-on-the-current-readiness-of-the-joint-force
338027,Shawn N. Bratton,Vice Chief of Space Operations,,https://www.armed-services.senate.gov/hearings/02/25/2026/to-receive-testimony-on-the-current-readiness-of-the-joint-force
338027,Diana C. Maurer,"Director, Defense Capabilities and Management, Government Accountability Office",,https://www.armed-services.senate.gov/hearings/02/25/2026/to-receive-testimony-on-the-current-readiness-of-the-joint-force
338031,Thomas Keane,Assistant Secretary for Technology Policy and National Coordinator for Health Information Technology,United States Department of Health and Human Services,https://www.help.senate.gov/hearings/transforming-health-care-with-data-improving-patient-outcomes-through-next-generation-care
338036,Owen O. West,"Senior Advisor for Drone Dominance, Department of Defense",,https://www.armed-services.senate.gov/hearings/to-receive-testimony-on-the-american-small-drone-industrial-base
338036,Travis Metz,"Drone Dominance Program Manager, Department of Defense",,https://www.armed-services.senate.gov/hearings/to-receive-testimony-on-the-american-small-drone-industrial-base
338036,Steven M. Marks,"Director, Defense Autonomous Warfare Group",Department of Defense,https://www.armed-services.senate.gov/hearings/to-receive-testimony-on-the-american-small-drone-industrial-base
338040,Charles J. Cooper,Chairman and Founding Partner,Cooper & Kirk PLLC,https://www.judiciary.senate.gov/committee-activity/hearings/protecting-american-citizenship-birthright-citizenship-for-illegal-aliens-and-tourists-03-10-2026
338040,Amanda Frost,"David Lurton Massee, Jr., Professor of Law","Director, Immigration, Migration and Human Rights Program, University of Virginia School of Law",https://www.judiciary.senate.gov/committee-activity/hearings/protecting-american-citizenship-birthright-citizenship-for-illegal-aliens-and-tourists-03-10-2026
338040,Ilan Wurman,Julius E. Davis Professor of Law,University of Minnesota,https://www.judiciary.senate.gov/committee-activity/hearings/protecting-american-citizenship-birthright-citizenship-for-illegal-aliens-and-tourists-03-10-2026
338040,Alejandro Barranco,Veteran,United States Marine Corps.,https://www.judiciary.senate.gov/committee-activity/hearings/protecting-american-citizenship-birthright-citizenship-for-illegal-aliens-and-tourists-03-10-2026
338040,Peter Schweizer,President,Government Accountability Institute,https://www.judiciary.senate.gov/committee-activity/hearings/protecting-american-citizenship-birthright-citizenship-for-illegal-aliens-and-tourists-03-10-2026
338043,Annie Kennedy,Chief Mission Officer,EveryLife Foundation for Rare Diseases,https://www.aging.senate.gov/hearings/from-regulator-to-roadblock-how-fda-bureaucracy-stifles-innovation
338043,Jeremy Schmahmann,Director,Massachusetts General Hospital Ataxia Center,https://www.aging.senate.gov/hearings/from-regulator-to-roadblock-how-fda-bureaucracy-stifles-innovation
338043,Bradley Campbell,President & CEO,Amicus Therapeutics,https://www.aging.senate.gov/hearings/from-regulator-to-roadblock-how-fda-bureaucracy-stifles-innovation
338043,Cara O'Neill,"Chief Science Officer, Co-Founder",Cure Sanfilippo Foundation,https://www.aging.senate.gov/hearings/from-regulator-to-roadblock-how-fda-bureaucracy-stifles-innovation
338047,Peter Wood,President,National Association of Scholars,https://www.help.senate.gov/hearings/transparency-and-trust-exposing-malign-foreign-influence-in-higher-education
338047,Craig Singleton,Senior Fellow,The Foundation for Defense of Democracies,https://www.help.senate.gov/hearings/transparency-and-trust-exposing-malign-foreign-influence-in-higher-education
338047,Robert Daly,"Senior Fellow, the Asia Society","Former Director, Kissinger Institute on China and the United States, The Wilson Center",https://www.help.senate.gov/hearings/transparency-and-trust-exposing-malign-foreign-influence-in-higher-education
338082,Will Chamberlain,Senior Counsel,Article III Project,https://www.judiciary.senate.gov/committee-activity/hearings/arctic-frost-a-modern-watergate
338082,Christopher O’Leary,Former Special Agent,Federal Bureau of Investigation,https://www.judiciary.senate.gov/committee-activity/hearings/arctic-frost-a-modern-watergate
338082,Margot Cleveland,Senior Legal Correspondent,The Federalist,https://www.judiciary.senate.gov/committee-activity/hearings/arctic-frost-a-modern-watergate
338083,Ted Yoho,Former Congressman (FL-3),"Senior Advisor, Kyle House Group",https://www.aging.senate.gov/hearings/foreign-dependence-how-china-captured-americas-drug-supply
338083,Gordon G. Chang,"Author, Plan Red: China’s Project to Destroy America",,https://www.aging.senate.gov/hearings/foreign-dependence-how-china-captured-americas-drug-supply
338083,Rosemary Gibson,"Author, ChinaRX",,https://www.aging.senate.gov/hearings/foreign-dependence-how-china-captured-americas-drug-supply
338083,Chan Harjivan,Visiting Fellow,Duke Margolis Institute for Health Policy,https://www.aging.senate.gov/hearings/foreign-dependence-how-china-captured-americas-drug-supply
338089,Jason S. Miyares,48th Attorney General of Virginia,"Partner, Torridon Law",https://www.judiciary.senate.gov/committee-activity/hearings/protecting-american-citizenship-ii-federalism-sanctuary-cities-and-the-rule-of-law
338089,Clarence Birkhead,Sheriff,Durham County Sheriff’s Office,https://www.judiciary.senate.gov/committee-activity/hearings/protecting-american-citizenship-ii-federalism-sanctuary-cities-and-the-rule-of-law
338089,Jessica M. Vaughan,Director of Policy Studies,Center for Immigration Studies,https://www.judiciary.senate.gov/committee-activity/hearings/protecting-american-citizenship-ii-federalism-sanctuary-cities-and-the-rule-of-law
338089,Stephen I. Vladeck,Agnes Williams Sesquicentennial Professor of Federal Courts,Georgetown University Law Center,https://www.judiciary.senate.gov/committee-activity/hearings/protecting-american-citizenship-ii-federalism-sanctuary-cities-and-the-rule-of-law
338089,Joe Abraham,,,https://www.judiciary.senate.gov/committee-activity/hearings/protecting-american-citizenship-ii-federalism-sanctuary-cities-and-the-rule-of-law
338146,Rachel Greszler,"Senior Research Fellow, Economics and Workforce",Advancing American Freedom,https://www.aging.senate.gov/hearings/experience-matters-seniors-and-the-workforce
338146,Johnny C. Taylor Jr.,President and CEO,SHRM,https://www.aging.senate.gov/hearings/experience-matters-seniors-and-the-workforce
338146,Jason Fichtner,Senior Fellow,National Academy of Social Insurance,https://www.aging.senate.gov/hearings/experience-matters-seniors-and-the-workforce
338146,Dan Adcock,Director of Government Relations and Policy,National Committee to Preserve Social Security and Medicare,https://www.aging.senate.gov/hearings/experience-matters-seniors-and-the-workforce
338147,Orice Brown,"Acting Comptroller General of the United States, Government Accountability Office",,https://www.appropriations.senate.gov/hearings/a-review-of-the-fiscal-year-2027-budget-requests-for-the-congressional-budget-office-government-publishing-office-and-the-government-accountability-office
338147,Hugh N. Halpern,"Director, Government Publishing Office",,https://www.appropriations.senate.gov/hearings/a-review-of-the-fiscal-year-2027-budget-requests-for-the-congressional-budget-office-government-publishing-office-and-the-government-accountability-office
338147,Phillip L. Swagel,"Director, Congressional Budget Office",,https://www.appropriations.senate.gov/hearings/a-review-of-the-fiscal-year-2027-budget-requests-for-the-congressional-budget-office-government-publishing-office-and-the-government-accountability-office
338148,Justin D. Smith,,,https://www.judiciary.senate.gov/committee-activity/hearings/nominations-04-15-2026
338148,Jeffrey M. Kuhlman,,,https://www.judiciary.senate.gov/committee-activity/hearings/nominations-04-15-2026
338148,Anthony W. Mattivi,,,https://www.judiciary.senate.gov/committee-activity/hearings/nominations-04-15-2026
338148,Anthony J. Powell,,,https://www.judiciary.senate.gov/committee-activity/hearings/nominations-04-15-2026
338150,Orice Brown,"Acting Comptroller General of the United States, Government Accountability Office",,https://www.appropriations.senate.gov/hearings/a-review-of-the-fiscal-year-2027-budget-requests-for-the-congressional-budget-office-government-publishing-office-and-the-government-accountability-office
338150,Hugh N. Halpern,"Director, Government Publishing Office",,https://www.appropriations.senate.gov/hearings/a-review-of-the-fiscal-year-2027-budget-requests-for-the-congressional-budget-office-government-publishing-office-and-the-government-accountability-office
338150,Phillip L. Swagel,"Director, Congressional Budget Office",,https://www.appropriations.senate.gov/hearings/a-review-of-the-fiscal-year-2027-budget-requests-for-the-congressional-budget-office-government-publishing-office-and-the-government-accountability-office
338156,Frank J. Bisignano,Chief Executive Officer,Internal Revenue Service,https://www.finance.senate.gov/hearings/the-presidents-fiscal-year-2027-irs-budget-and-the-irs-2026-filing-season
338151,Brian J. Miller,"Associate Professor of Medicine, The Johns Hopkins University School of Medicine","Visiting Fellow, Hoover Institution",https://www.help.senate.gov/hearings/making-medicines-more-affordable-how-competition-can-lower-drug-prices
338151,Ryan Long,"Director of Congressional Relations and Senior Research Fellow, Paragon Health Institute","Nonresident Senior Scholar, USC Schaeffer Institute",https://www.help.senate.gov/hearings/making-medicines-more-affordable-how-competition-can-lower-drug-prices
338151,Robert Weissman,Co-President,Public Citizen,https://www.help.senate.gov/hearings/making-medicines-more-affordable-how-competition-can-lower-drug-prices
338161,David E. Beck,"Deputy Administrator for Defense Programs, National Nuclear Security Administration",,https://www.armed-services.senate.gov/hearings/to-receive-testimony-on-the-department-of-energys-atomic-energy-defense-activities-and-department-of-defense-nuclear-weapons-programs-in-review-of-the-defense-authorization-request-for-fiscal-year-2027-and-the-future-years-defense-program
338161,Timothy J. Walsh,"Assistant Secretary for the Office of Environmental Management, Department of Energy",,https://www.armed-services.senate.gov/hearings/to-receive-testimony-on-the-department-of-energys-atomic-energy-defense-activities-and-department-of-defense-nuclear-weapons-programs-in-review-of-the-defense-authorization-request-for-fiscal-year-2027-and-the-future-years-defense-program
338161,William J. Houston,"Director, Naval Nuclear Propulsion Program, National Nuclear Security Administration",,https://www.armed-services.senate.gov/hearings/to-receive-testimony-on-the-department-of-energys-atomic-energy-defense-activities-and-department-of-defense-nuclear-weapons-programs-in-review-of-the-defense-authorization-request-for-fiscal-year-2027-and-the-future-years-defense-program
338161,Robert P. Kadlec,"Assistant Secretary of Defense for Nuclear Deterrence, Chemical, and Biological Defense Policy and Programs",,https://www.armed-services.senate.gov/hearings/to-receive-testimony-on-the-department-of-energys-atomic-energy-defense-activities-and-department-of-defense-nuclear-weapons-programs-in-review-of-the-defense-authorization-request-for-fiscal-year-2027-and-the-future-years-defense-program
338161,Dale R. White,"Director, Critical Major Weapon Systems, Department of the Air Force",,https://www.armed-services.senate.gov/hearings/to-receive-testimony-on-the-department-of-energys-atomic-energy-defense-activities-and-department-of-defense-nuclear-weapons-programs-in-review-of-the-defense-authorization-request-for-fiscal-year-2027-and-the-future-years-defense-program
338161,Stephen L. Davis,"Commander, Air Force Global Strike Command",,https://www.armed-services.senate.gov/hearings/to-receive-testimony-on-the-department-of-energys-atomic-energy-defense-activities-and-department-of-defense-nuclear-weapons-programs-in-review-of-the-defense-authorization-request-for-fiscal-year-2027-and-the-future-years-defense-program
338161,Johnny R. Wolfe Jr.,"Director for Strategic Systems Programs, Department of the Navy",,https://www.armed-services.senate.gov/hearings/to-receive-testimony-on-the-department-of-energys-atomic-energy-defense-activities-and-department-of-defense-nuclear-weapons-programs-in-review-of-the-defense-authorization-request-for-fiscal-year-2027-and-the-future-years-defense-program
338164,Rebecca J. Gassler,Portfolio Acquisition Executive,Robotics and Autonomous Systems,https://www.armed-services.senate.gov/hearings/to-receive-testimony-on-maritime-unmanned-surface-vessels
338164,Derek A. Trinque,"Director, Surface Warfare Division, N96",Office of the Chief of Naval Operations,https://www.armed-services.senate.gov/hearings/to-receive-testimony-on-maritime-unmanned-surface-vessels
338200,Robert F. Kennedy Jr.,"Secretary, Health and Human Services",,https://www.appropriations.senate.gov/hearings/a-review-of-the-presidents-fiscal-year-2027-budget-request-for-the-department-of-health-and-human-services
338220,Daniel Z. Epstein,"Associate Professor of Law, St. Thomas University School of Law","Vice President, America First Legal",https://www.judiciary.senate.gov/committee-activity/hearings/arctic-frost-conspiracy-and-coordination-against-president-trump-and-the-american-right
338220,Dan Schwager,Of Counsel,Verdi & Ogletree PLLC,https://www.judiciary.senate.gov/committee-activity/hearings/arctic-frost-conspiracy-and-coordination-against-president-trump-and-the-american-right
338220,Jeffrey Bossert Clark,"Vice President, Litigation",Oversight Project,https://www.judiciary.senate.gov/committee-activity/hearings/arctic-frost-conspiracy-and-coordination-against-president-trump-and-the-american-right
338240,Nick Checker,Senior Bureau Official,"Bureau of African Affairs, U.S. Department of State",https://www.foreign.senate.gov/hearings/the-us-approach-to-counterterrorism-in-africa
338240,Monica Jacobsen,Senior Bureau Official,"Bureau of Counterterrorism, U.S. Department of State",https://www.foreign.senate.gov/hearings/the-us-approach-to-counterterrorism-in-africa
338241,John P. Healy – Chief,Air Force Reserve,,https://www.appropriations.senate.gov/hearings/a-review-of-the-presidents-fiscal-year-2027-budget-request-for-the-national-guard-and-reserves-forces
338241,Len “Loni” Anderson – Commander,Marine Forces Reserve,,https://www.appropriations.senate.gov/hearings/a-review-of-the-presidents-fiscal-year-2027-budget-request-for-the-national-guard-and-reserves-forces
338241,Richard Lofgren,Acting Chief of Navy Reserve,,https://www.appropriations.senate.gov/hearings/a-review-of-the-presidents-fiscal-year-2027-budget-request-for-the-national-guard-and-reserves-forces
338241,Robert D. Harter,Chief of Army Reserve,,https://www.appropriations.senate.gov/hearings/a-review-of-the-presidents-fiscal-year-2027-budget-request-for-the-national-guard-and-reserves-forces
338241,Steven Nordhaus,Chief of the National Guard Bureau,,https://www.appropriations.senate.gov/hearings/a-review-of-the-presidents-fiscal-year-2027-budget-request-for-the-national-guard-and-reserves-forces
338242,Robert F. Kennedy Jr.,Secretary,Department of Health and Human Services,https://www.help.senate.gov/hearings/hearing-on-fiscal-year-2027-department-of-health-and-human-services-budget
338243,Scott Bessent,"Secretary, Department of the Treasury",,https://www.appropriations.senate.gov/hearings/a-review-of-the-presidents-fiscal-year-2027-budget-request-for-the-department-of-the-treasury
338260,Michael Sullivan,"Chief of Police, United States Capitol Police",,https://www.appropriations.senate.gov/hearings/a-review-of-the-fiscal-year-2027-budget-requests-for-the-senate-sergeant-at-arms-and-united-states-capitol-police
338260,Jennifer Hemingway,"Sergeant at Arms and Doorkeeper, United States Senate",,https://www.appropriations.senate.gov/hearings/a-review-of-the-fiscal-year-2027-budget-requests-for-the-senate-sergeant-at-arms-and-united-states-capitol-police
338323,Mark Cohen,"Senior Technology Fellow, Asia Society of Northern California and Asia Society Policy Institute","Senior Fellow, University of Akron Law School, Intellectual Property Institute",https://www.judiciary.senate.gov/committee-activity/hearings/stealth-stealing-chinas-ongoing-theft-of-us-innovation-04-22-2026
338323,Tom Lyons,Co-Founder,2430 Group,https://www.judiciary.senate.gov/committee-activity/hearings/stealth-stealing-chinas-ongoing-theft-of-us-innovation-04-22-2026
338323,Helen Toner,Interim Executive Director,"Center for Security and Emerging Technology, Georgetown University",https://www.judiciary.senate.gov/committee-activity/hearings/stealth-stealing-chinas-ongoing-theft-of-us-innovation-04-22-2026
338330,Marc J. Berkowitz,Assistant Secretary of Defense for Space Policy,,https://www.armed-services.senate.gov/hearings/to-receive-testimony-on-the-department-of-defense-missile-defense-activities-in-review-of-the-defense-authorization-request-for-fiscal-year-2027-and-the-future-years-defense-program
338330,Michael A. Guetlein,Direct Reporting Program Manager Golden Dome for America,,https://www.armed-services.senate.gov/hearings/to-receive-testimony-on-the-department-of-defense-missile-defense-activities-in-review-of-the-defense-authorization-request-for-fiscal-year-2027-and-the-future-years-defense-program
338330,Heath A. Collins,"Director, Missile Defense Agency",,https://www.armed-services.senate.gov/hearings/to-receive-testimony-on-the-department-of-defense-missile-defense-activities-in-review-of-the-defense-authorization-request-for-fiscal-year-2027-and-the-future-years-defense-program
338330,Francisco J. Lozano,"Portfolio Acquisition Executive, Fires United States Army",,https://www.armed-services.senate.gov/hearings/to-receive-testimony-on-the-department-of-defense-missile-defense-activities-in-review-of-the-defense-authorization-request-for-fiscal-year-2027-and-the-future-years-defense-program
338340,Linda McMahon,"Secretary, Department of Education",,https://www.appropriations.senate.gov/hearings/a-review-of-the-presidents-fiscal-year-2027-budget-request-for-the-department-of-education
338342,Jared Isaacman,,,https://www.appropriations.senate.gov/hearings/a-review-of-the-presidents-fiscal-year-2027-budget-request-for-the-national-aeronautics-and-space-administration
338348,Michael J. Hendershot,,,https://www.judiciary.senate.gov/committee-activity/hearings/nominations-04-29-2026
338348,Arthur Roberts Jones,,,https://www.judiciary.senate.gov/committee-activity/hearings/nominations-04-29-2026
338348,Jeffrey T. Kuntz,,,https://www.judiciary.senate.gov/committee-activity/hearings/nominations-04-29-2026
338348,John George Edward Marck,,,https://www.judiciary.senate.gov/committee-activity/hearings/nominations-04-29-2026
338352,Matthew Napoli,"Deputy Administrator for Defense Nuclear Nonproliferation, National Nuclear Security Administration",,https://www.appropriations.senate.gov/hearings/a-review-of-the-presidents-fiscal-year-2027-budget-request-for-the-national-nuclear-security-administration
338352,David Beck,"Deputy Administrator for Defense Programs, National Nuclear Security Administration",,https://www.appropriations.senate.gov/hearings/a-review-of-the-presidents-fiscal-year-2027-budget-request-for-the-national-nuclear-security-administration
338352,Brandon Williams,"Administrator, National Nuclear Security Administration",,https://www.appropriations.senate.gov/hearings/a-review-of-the-presidents-fiscal-year-2027-budget-request-for-the-national-nuclear-security-administration
338356,Doug Collins,"Secretary, Department of Veterans Affairs",,https://www.appropriations.senate.gov/hearings/a-review-of-the-presidents-fiscal-year-2027-budget-request-for-the-department-of-veterans-affairs
338357,Doug Collins,"Secretary, Department of Veterans Affairs",,https://www.appropriations.senate.gov/hearings/a-review-of-the-presidents-fiscal-year-2027-budget-request-for-the-department-of-veterans-affairs
338380,Robert R. Newlen,Acting Librarian of Congress,,https://www.appropriations.senate.gov/hearings/a-review-of-the-fiscal-year-2027-budget-requests-for-the-architect-of-the-capitol-and-library-of-congress
338380,Thomas E. Austin,Architect of the Capitol,,https://www.appropriations.senate.gov/hearings/a-review-of-the-fiscal-year-2027-budget-requests-for-the-architect-of-the-capitol-and-library-of-congress
338381,David H. Tabor,Deputy Chief of Staff for Plans and Programs United States Air Force,,https://www.armed-services.senate.gov/hearings/to-receive-testimony-on-air-force-modernization-in-review-of-the-defense-authorization-request-for-fiscal-year-2027-and-the-future-years-defense-program
338381,Luke C. G. Cropsey,"Military Deputy, Office of the Assistant Secretary of the Air Force for Acquisition, Technology, and Logistics",,https://www.armed-services.senate.gov/hearings/to-receive-testimony-on-air-force-modernization-in-review-of-the-defense-authorization-request-for-fiscal-year-2027-and-the-future-years-defense-program
338381,Christopher J. Niemi,"Military Deputy, Deputy Chief of Staff Air Force Futures",,https://www.armed-services.senate.gov/hearings/to-receive-testimony-on-air-force-modernization-in-review-of-the-defense-authorization-request-for-fiscal-year-2027-and-the-future-years-defense-program
338382,Robert Cekada,"Director, Bureau of Alcohol, Tobacco, Firearms and Explosives",,https://www.appropriations.senate.gov/hearings/a-review-of-the-presidents-fiscal-year-2027-budget-request-for-the-federal-bureau-of-investigation-the-drug-enforcement-administration-the-united-states-marshals-service-and-the-bureau-of-alcohol-tobacco-firearms-and-explosives
338382,Gadyaces S. Serralta,"Director, United States Marshals Service",,https://www.appropriations.senate.gov/hearings/a-review-of-the-presidents-fiscal-year-2027-budget-request-for-the-federal-bureau-of-investigation-the-drug-enforcement-administration-the-united-states-marshals-service-and-the-bureau-of-alcohol-tobacco-firearms-and-explosives
338382,Terrance C. Cole,"Administrator, Drug Enforcement Administration",,https://www.appropriations.senate.gov/hearings/a-review-of-the-presidents-fiscal-year-2027-budget-request-for-the-federal-bureau-of-investigation-the-drug-enforcement-administration-the-united-states-marshals-service-and-the-bureau-of-alcohol-tobacco-firearms-and-explosives
338382,Kashyap Patel,"Director, Federal Bureau of Investigation",,https://www.appropriations.senate.gov/hearings/a-review-of-the-presidents-fiscal-year-2027-budget-request-for-the-federal-bureau-of-investigation-the-drug-enforcement-administration-the-united-states-marshals-service-and-the-bureau-of-alcohol-tobacco-firearms-and-explosives
338383,Shira Perlmutter,Register of Copyrights and Director,U.S. Copyright Office,https://www.judiciary.senate.gov/committee-activity/hearings/oversight-of-the-us-copyright-office-05-12-2026
338402,John D. Caine,"Chairman, Joint Chiefs of Staff",,https://www.appropriations.senate.gov/hearings/a-review-of-the-presidents-fiscal-year-2027-budget-request-for-the-department-of-defense
338402,Peter B Hegseth,"Secretary of Defense, Department of Defense",,https://www.appropriations.senate.gov/hearings/a-review-of-the-presidents-fiscal-year-2027-budget-request-for-the-department-of-defense
338389,Karla Radka,CEO,Senior Resource Alliance,https://www.aging.senate.gov/hearings/caught-in-the-middle-supporting-families-in-the-sandwich-generation
338389,Meghan Maher,End-of-Life Doula & Sandwich Generation Caregiver,,https://www.aging.senate.gov/hearings/caught-in-the-middle-supporting-families-in-the-sandwich-generation
338389,Jason Resendez,President & CEO,National Alliance for Caregiving,https://www.aging.senate.gov/hearings/caught-in-the-middle-supporting-families-in-the-sandwich-generation
338389,Josh Protas,Chief Advocacy and Policy Officer,Meals on Wheels America,https://www.aging.senate.gov/hearings/caught-in-the-middle-supporting-families-in-the-sandwich-generation
338389,Rebecca Preve,Executive Director,Association on Aging in New York,https://www.aging.senate.gov/hearings/caught-in-the-middle-supporting-families-in-the-sandwich-generation
338391,Lee Zeldin,"Administrator, Environmental Protection Agency",,https://www.appropriations.senate.gov/hearings/a-review-of-the-presidents-fiscal-year-2027-budget-request-for-the-environmental-protection-agency
338396,Rachel Lanier,Managing Attorney,The Lanier Law Firm,https://www.judiciary.senate.gov/committee-activity/hearings/from-the-courtroom-to-congress-why-landmark-social-media-verdicts-demand-federal-action-to-protect-kids-online
338396,Joann Bogard,Survivor Parent and Member,Parents for Safe Online Spaces,https://www.judiciary.senate.gov/committee-activity/hearings/from-the-courtroom-to-congress-why-landmark-social-media-verdicts-demand-federal-action-to-protect-kids-online
338396,Mary Graw Leary,Professor of Law,Catholic University of America Columbus School of Law,https://www.judiciary.senate.gov/committee-activity/hearings/from-the-courtroom-to-congress-why-landmark-social-media-verdicts-demand-federal-action-to-protect-kids-online
338396,Bridgette Norring,Survivor Parent and Founder,Devin J. Norring Foundation,https://www.judiciary.senate.gov/committee-activity/hearings/from-the-courtroom-to-congress-why-landmark-social-media-verdicts-demand-federal-action-to-protect-kids-online
338400,Kathryn Kolbe,"Assistant Deputy Chief of Space Operations, Installations and Logistics, United States Space Force",,https://www.appropriations.senate.gov/hearings/a-review-of-the-presidents-fiscal-year-2027-budget-request-for-military-construction-and-family-housing
338400,Kenyon Bell,"Deputy Chief of Staff for Logistics, Engineering, and Force Protection, United States Air Force",,https://www.appropriations.senate.gov/hearings/a-review-of-the-presidents-fiscal-year-2027-budget-request-for-military-construction-and-family-housing
338400,Stephen Sklenka,"Deputy Commandant for Installations and Logistics, United States Marine Corps",,https://www.appropriations.senate.gov/hearings/a-review-of-the-presidents-fiscal-year-2027-budget-request-for-military-construction-and-family-housing
338400,Timothy Brown,"Director, Logistics Division, Office of the Chief of Naval Operations, United States Navy",,https://www.appropriations.senate.gov/hearings/a-review-of-the-presidents-fiscal-year-2027-budget-request-for-military-construction-and-family-housing
338400,Michelle Donahue,"Deputy Chief of Staff for Army Logistics, United States Army",,https://www.appropriations.senate.gov/hearings/a-review-of-the-presidents-fiscal-year-2027-budget-request-for-military-construction-and-family-housing
338400,Dale Marks,"Assistant Secretary of Defense for Energy, Installations, and Environment, Department of Defense",,https://www.appropriations.senate.gov/hearings/a-review-of-the-presidents-fiscal-year-2027-budget-request-for-military-construction-and-family-housing
338405,Edward Greim,Partner,Graves Garrett Greim,https://www.judiciary.senate.gov/committee-activity/hearings/enforcing-callais-implementing-the-supreme-courts-command-against-racial-gerrymandering
338405,Todd A. Cox,Associate Director-Counsel,NAACP Legal Defense and Education Fund,https://www.judiciary.senate.gov/committee-activity/hearings/enforcing-callais-implementing-the-supreme-courts-command-against-racial-gerrymandering
338405,Will Chamberlain,Senior Counsel,Article III Project,https://www.judiciary.senate.gov/committee-activity/hearings/enforcing-callais-implementing-the-supreme-courts-command-against-racial-gerrymandering
338410,Christopher C. LaNeve,Vice Chief of Staff of the Army,,https://www.appropriations.senate.gov/hearings/a-review-of-the-presidents-fiscal-year-2027-budget-request-for-the-army
338410,Dan Driscoll,"Secretary of the Army, United States Army",,https://www.appropriations.senate.gov/hearings/a-review-of-the-presidents-fiscal-year-2027-budget-request-for-the-army
338411,Emil G. Michael,Under Secretary of Defense for Research and Engineering Department of Defense Chief Technology Officer,,https://www.armed-services.senate.gov/hearings/to-receive-testimony-on-the-science-and-technology-priorities-in-review-of-the-defense-authorization-request-for-fiscal-year-2027-and-the-future-years-defense-program
338411,Chris Manning,Deputy Assistant Secretary of the Army for Research and Technology,,https://www.armed-services.senate.gov/hearings/to-receive-testimony-on-the-science-and-technology-priorities-in-review-of-the-defense-authorization-request-for-fiscal-year-2027-and-the-future-years-defense-program
338411,Dave Tremper,"Deputy Assistant Secretary of the Navy for Research, Development, Test and Evaluation",,https://www.armed-services.senate.gov/hearings/to-receive-testimony-on-the-science-and-technology-priorities-in-review-of-the-defense-authorization-request-for-fiscal-year-2027-and-the-future-years-defense-program
338411,Janet C. Wolfson,"Associate Deputy Assistant Secretary of the Air Force for Technology, Engineering, and Product Support",,https://www.armed-services.senate.gov/hearings/to-receive-testimony-on-the-science-and-technology-priorities-in-review-of-the-defense-authorization-request-for-fiscal-year-2027-and-the-future-years-defense-program
338364,Anthony J. Tata,Under Secretary of Defense for Personnel and Readiness,,https://www.armed-services.senate.gov/hearings/to-receive-testimony-on-department-of-defense-personnel-policies-and-programs-in-review-of-the-defense-authorization-request-for-fiscal-year-2027-and-the-future-years-defense-program
338364,Maurice L. Todd,Assistant Secretary of Defense for Readiness,,https://www.armed-services.senate.gov/hearings/to-receive-testimony-on-department-of-defense-personnel-policies-and-programs-in-review-of-the-defense-authorization-request-for-fiscal-year-2027-and-the-future-years-defense-program
338364,Timothy D. Dill,Assistant Secretary of Defense for Manpower and Reserve Affairs,,https://www.armed-services.senate.gov/hearings/to-receive-testimony-on-department-of-defense-personnel-policies-and-programs-in-review-of-the-defense-authorization-request-for-fiscal-year-2027-and-the-future-years-defense-program
338364,Keith M. Bass,Assistant Secretary of Defense for Health Affairs,,https://www.armed-services.senate.gov/hearings/to-receive-testimony-on-department-of-defense-personnel-policies-and-programs-in-review-of-the-defense-authorization-request-for-fiscal-year-2027-and-the-future-years-defense-program
338412,Karla Radka,CEO,Senior Resource Alliance,https://www.aging.senate.gov/hearings/caught-in-the-middle-supporting-families-in-the-sandwich-generation
338412,Meghan Maher,End-of-Life Doula & Sandwich Generation Caregiver,,https://www.aging.senate.gov/hearings/caught-in-the-middle-supporting-families-in-the-sandwich-generation
338412,Jason Resendez,President & CEO,National Alliance for Caregiving,https://www.aging.senate.gov/hearings/caught-in-the-middle-supporting-families-in-the-sandwich-generation
338412,Josh Protas,Chief Advocacy and Policy Officer,Meals on Wheels America,https://www.aging.senate.gov/hearings/caught-in-the-middle-supporting-families-in-the-sandwich-generation
338412,Rebecca Preve,Executive Director,Association on Aging in New York,https://www.aging.senate.gov/hearings/caught-in-the-middle-supporting-families-in-the-sandwich-generation
338418,William H. “Butch” Graham Jr.,"Chief of Engineers and Commanding General, U.S. Army Corps of Engineers",,https://www.appropriations.senate.gov/hearings/a-review-of-the-presidents-fiscal-year-2027-budget-request-for-the-us-army-corps-of-engineers-and-the-bureau-of-reclamation
338418,Adam Telle,"Assistant Secretary of the Army (Civil Works), United States Army",,https://www.appropriations.senate.gov/hearings/a-review-of-the-presidents-fiscal-year-2027-budget-request-for-the-us-army-corps-of-engineers-and-the-bureau-of-reclamation
338418,Andrea Travnicek,"Assistant Secretary for Water and Science, Department of Interior",,https://www.appropriations.senate.gov/hearings/a-review-of-the-presidents-fiscal-year-2027-budget-request-for-the-us-army-corps-of-engineers-and-the-bureau-of-reclamation
338423,Jay Bhattacharya,Director,National Institutes of Health,https://www.appropriations.senate.gov/hearings/a-review-of-the-presidents-fiscal-year-2027-budget-request-for-the-national-institutes-of-health
338423,Richard Hodes,Director,National Institute on Aging,https://www.appropriations.senate.gov/hearings/a-review-of-the-presidents-fiscal-year-2027-budget-request-for-the-national-institutes-of-health
338423,Anthony Letai,Director,National Cancer Institute,https://www.appropriations.senate.gov/hearings/a-review-of-the-presidents-fiscal-year-2027-budget-request-for-the-national-institutes-of-health
338423,Griffin Rodgers,Director,National Institute of Diabetes and Digestive and Kidney Diseases,https://www.appropriations.senate.gov/hearings/a-review-of-the-presidents-fiscal-year-2027-budget-request-for-the-national-institutes-of-health
338423,Joni Rutter,Director,National Center for Advancing Translational Sciences,https://www.appropriations.senate.gov/hearings/a-review-of-the-presidents-fiscal-year-2027-budget-request-for-the-national-institutes-of-health
338423,Nora Volkow,Director,National Institute on Drug Abuse,https://www.appropriations.senate.gov/hearings/a-review-of-the-presidents-fiscal-year-2027-budget-request-for-the-national-institutes-of-health
338440,Jay Bhattacharya,Director,National Institutes of Health,https://www.appropriations.senate.gov/hearings/a-review-of-the-presidents-fiscal-year-2027-budget-request-for-the-national-institutes-of-health
338440,Richard Hodes,Director,National Institute on Aging,https://www.appropriations.senate.gov/hearings/a-review-of-the-presidents-fiscal-year-2027-budget-request-for-the-national-institutes-of-health
338440,Anthony Letai,Director,National Cancer Institute,https://www.appropriations.senate.gov/hearings/a-review-of-the-presidents-fiscal-year-2027-budget-request-for-the-national-institutes-of-health
338440,Griffin Rodgers,Director,National Institute of Diabetes and Digestive and Kidney Diseases,https://www.appropriations.senate.gov/hearings/a-review-of-the-presidents-fiscal-year-2027-budget-request-for-the-national-institutes-of-health
338440,Joni Rutter,Director,National Center for Advancing Translational Sciences,https://www.appropriations.senate.gov/hearings/a-review-of-the-presidents-fiscal-year-2027-budget-request-for-the-national-institutes-of-health
338440,Nora Volkow,Director,National Institute on Drug Abuse,https://www.appropriations.senate.gov/hearings/a-review-of-the-presidents-fiscal-year-2027-budget-request-for-the-national-institutes-of-health
338480,Marco Rubio,Secretary of State,U.S. Department of State,https://www.foreign.senate.gov/hearings/review-of-the-fy27-state-department-budget-request
338500,Troy Edgar,"Deputy Secretary, Department of Homeland Security",,https://www.appropriations.senate.gov/hearings/a-review-of-the-presidents-fiscal-year-2027-budget-request-for-the-department-of-homeland-security
338500,Markwayne Mullin,"Secretary, Department of Homeland Security",,https://www.appropriations.senate.gov/hearings/a-review-of-the-presidents-fiscal-year-2027-budget-request-for-the-department-of-homeland-security
338501,Tom Schultz,Chief,"Forest Service, United States Department of Agriculture",https://www.agriculture.senate.gov/hearings/oversight-of-the-united-states-forest-service
338427,Kurt Miceli,Chief Medical Officer,Do No Harm,https://www.help.senate.gov/hearings/protecting-our-children-exposing-the-dangers-of-irreversible-gender-transition-procedures-on-minors
338427,Chloe Cole,De-transitioner and Advocate,,https://www.help.senate.gov/hearings/protecting-our-children-exposing-the-dangers-of-irreversible-gender-transition-procedures-on-minors
338427,Shannon Minter,Legal Director,National Center for LGBTQ Rights,https://www.help.senate.gov/hearings/protecting-our-children-exposing-the-dangers-of-irreversible-gender-transition-procedures-on-minors
338507,Kenneth T. Cuccinelli II,Senior Fellow for Immigration and Homeland Security,Center for Renewing America,https://www.judiciary.senate.gov/committee-activity/hearings/protecting-american-citizenship-iii-denaturalization-and-its-constitutional-limits-06-03-2026
338507,Peter J. Spiro,Charles R. Weiner Professor of Law,Temple University Beasley School of Law,https://www.judiciary.senate.gov/committee-activity/hearings/protecting-american-citizenship-iii-denaturalization-and-its-constitutional-limits-06-03-2026
338507,George Fishman,Senior Legal Fellow,Center for Immigration Studies,https://www.judiciary.senate.gov/committee-activity/hearings/protecting-american-citizenship-iii-denaturalization-and-its-constitutional-limits-06-03-2026
338511,Marco Rubio,"Secretary, Department of State",,https://www.appropriations.senate.gov/hearings/a-review-of-the-presidents-fiscal-year-2027-budget-request-for-the-department-of-state
338512,Christine Didion,Director of Programs,Area Agency on Aging Pasco-Pinellas,https://www.aging.senate.gov/hearings/preventing-falls-preserving-independence-technology-community-programs-and-innovation-in-senior-safety
338512,Laura Mitchell,Co-Founder & CEO,GrandCare Systems,https://www.aging.senate.gov/hearings/preventing-falls-preserving-independence-technology-community-programs-and-innovation-in-senior-safety
338512,Martha Petteys,Director of Grant Management and Health Strategies,Alliance of New York State YMCAs,https://www.aging.senate.gov/hearings/preventing-falls-preserving-independence-technology-community-programs-and-innovation-in-senior-safety
338560,Jesse D. Tolleson Jr.,"Principal Deputy Assistant Secretary of the Army for Acquisition, Logistics & Technology",,https://www.armed-services.senate.gov/hearings/to-receive-testimony-on-army-force-modernization-in-review-of-the-defense-authorization-request-for-fiscal-year-2027-and-the-future-years-defense-program
338560,Edmond M. Brown,Acting Commanding General United States Army Transformation and Training Command,,https://www.armed-services.senate.gov/hearings/to-receive-testimony-on-army-force-modernization-in-review-of-the-defense-authorization-request-for-fiscal-year-2027-and-the-future-years-defense-program
338562,Joshua Jones,CEO,QuantHub,https://www.help.senate.gov/hearings/the-future-of-k-12-education-in-the-age-of-artificial-intelligence
338562,Erin Mote,CEO,InnovateEDU and EDSAFE AI Alliance,https://www.help.senate.gov/hearings/the-future-of-k-12-education-in-the-age-of-artificial-intelligence
338562,Cynthia (Cindy) Marten,Secretary of Education,Delaware Department of Education,https://www.help.senate.gov/hearings/the-future-of-k-12-education-in-the-age-of-artificial-intelligence
338568,Lisa Salberg,Founder & CEO,Hypertrophic Cardiomyopathy Association,https://www.aging.senate.gov/hearings/poisoned-pills-the-human-cost-of-dangerous-foreign-drugs
338568,Adam Clark-Joseph,Chief Analytics Officer and Co-Founder,Valisure,https://www.aging.senate.gov/hearings/poisoned-pills-the-human-cost-of-dangerous-foreign-drugs
338568,Suzanne de la Monte,Professor and Vice Chair of Pathology & Laboratory Medicine,Alpert Medical School of Brown University,https://www.aging.senate.gov/hearings/poisoned-pills-the-human-cost-of-dangerous-foreign-drugs
338568,Dinesh Thakur,Public Health Activist,,https://www.aging.senate.gov/hearings/poisoned-pills-the-human-cost-of-dangerous-foreign-drugs
338578,Chris Sununu,President and Chief Executive Officer,Airlines for America,https://www.commerce.senate.gov/meetings/close-calls-improving-safety-across-the-national-airspace-system/
338578,Todd Hauptli,President and Chief Executive Officer,American Association of Airport Executives,https://www.commerce.senate.gov/meetings/close-calls-improving-safety-across-the-national-airspace-system/
338578,James Viola,President and Chief Executive Officer,General Aviation Manufacturers Association,https://www.commerce.senate.gov/meetings/close-calls-improving-safety-across-the-national-airspace-system/
338578,Jason Ambrosi,President,Air Line Pilots Association,https://www.commerce.senate.gov/meetings/close-calls-improving-safety-across-the-national-airspace-system/
338600,Chris Griswold,Policy Director,American Compass,https://www.judiciary.senate.gov/committee-activity/hearings/protecting-american-citizenship-iv-america-250-and-reclaiming-american-citizenship
338600,Tim Whitehouse,Executive Director,Public Employees for Environmental Responsibility,https://www.judiciary.senate.gov/committee-activity/hearings/protecting-american-citizenship-iv-america-250-and-reclaiming-american-citizenship
338600,Matthew Spalding,Dean of the Van Andel Graduate School of Government,Hillsdale College,https://www.judiciary.senate.gov/committee-activity/hearings/protecting-american-citizenship-iv-america-250-and-reclaiming-american-citizenship
338602,Shai Akabas,Vice President of Economic Policy,Bipartisan Policy Center,https://www.finance.senate.gov/hearings/the-future-of-social-security
338602,Elizabeth Milito,Vice President and Executive Director,NFIB Small Business Legal Center,https://www.finance.senate.gov/hearings/the-future-of-social-security
338602,Nancy Altman,President,Social Security Works,https://www.finance.senate.gov/hearings/the-future-of-social-security
338642,Amy Coney Barrett,"Associate Justice, Supreme Court of the United States",,https://www.appropriations.senate.gov/hearings/a-review-of-the-fiscal-year-2027-budget-request-for-the-supreme-court-of-the-united-states
338642,Elena Kagan,"Associate Justice, Supreme Court of the United States",,https://www.appropriations.senate.gov/hearings/a-review-of-the-fiscal-year-2027-budget-request-for-the-supreme-court-of-the-united-states
338644,Andrei Iancu,"Co-Chair, Council for Innovation Promotion",Former Under Secretary of Commerce for Intellectual Property and Director of the USPTO,https://www.judiciary.senate.gov/committee-activity/hearings/from-genes-to-machines-the-patent-eligibility-debate
338644,J. John Lee,"Senior Director, Head of IP Policy",Computer & Communications Industry Association,https://www.judiciary.senate.gov/committee-activity/hearings/from-genes-to-machines-the-patent-eligibility-debate
338644,Debra G.B. Leonard,Professor of Pathology and Laboratory Medicine Emerita,"Robert Larner, M.D. College of Medicine, University of Vermont",https://www.judiciary.senate.gov/committee-activity/hearings/from-genes-to-machines-the-patent-eligibility-debate
338644,Sue Peschin,President & CEO,Alliance for Aging Research,https://www.judiciary.senate.gov/committee-activity/hearings/from-genes-to-machines-the-patent-eligibility-debate
338645,Michael Kozak,Senior Bureau Official,"Bureau of Western Hemisphere Affairs, U.S. Department of State",https://www.foreign.senate.gov/hearings/the-national-security-strategy-and-the-western-hemisphere
338612,David J. Smith,"Deputy Director, Defense Health Agency",,https://www.armed-services.senate.gov/hearings/to-receive-testimony-on-the-tricare-pharmacy-program
338612,Adam Kautzner,"President, Express Scripts and Evernorth Care Management",,https://www.armed-services.senate.gov/hearings/to-receive-testimony-on-the-tricare-pharmacy-program
338612,Micah Lansford,"Pharmacist and Owner, Roden-Smith Pharmacy",,https://www.armed-services.senate.gov/hearings/to-receive-testimony-on-the-tricare-pharmacy-program
338612,Greg Reybold,"Vice President of Public Policy, American Pharmacy Cooperative, Inc.",,https://www.armed-services.senate.gov/hearings/to-receive-testimony-on-the-tricare-pharmacy-program
338652,Joshua Hodges,Commissioner,U.S.-China Economic and Security Review Commission,https://www.aging.senate.gov/hearings/counting-the-cost-communist-chinas-toll-on-older-americans-health-finances-and-security
338652,Leland R. Miller,Commissioner,U.S.-China Economic and Security Review Commission,https://www.aging.senate.gov/hearings/counting-the-cost-communist-chinas-toll-on-older-americans-health-finances-and-security
338652,Reva Price,"Commissioner, Chair Emeritus",U.S.-China Economic and Security Review Commission,https://www.aging.senate.gov/hearings/counting-the-cost-communist-chinas-toll-on-older-americans-health-finances-and-security
338652,Chris Slevin,Commissioner,U.S.-China Economic and Security Review Commission,https://www.aging.senate.gov/hearings/counting-the-cost-communist-chinas-toll-on-older-americans-health-finances-and-security
338665,Walter Copan,Vice President Emeritus for Research and Technology Transfer,Colorado School of Mines,https://www.commerce.senate.gov/meetings/measuring-what-matters-science-standards-and-strategic-competition/
338665,Drew Endy,Director of Bio-Strategy and Leadership,Hoover Institution,https://www.commerce.senate.gov/meetings/measuring-what-matters-science-standards-and-strategic-competition/
338665,Robert Atkinson,Founder and Senior Fellow,Information Technology and Innovation Foundation,https://www.commerce.senate.gov/meetings/measuring-what-matters-science-standards-and-strategic-competition/
338665,Julia Phillips,Science Policy Advocate,,https://www.commerce.senate.gov/meetings/measuring-what-matters-science-standards-and-strategic-competition/
338681,Jamieson Greer,United States Trade Representative,Executive Office of the President,https://www.finance.senate.gov/hearings/rescheduled-the-presidents-2026-trade-policy-agenda
338685,Nazak Nikakhtar,Partner & Chair of the National Security Practice,Wiley Rein LLP,https://www.aging.senate.gov/hearings/behind-the-label-foreign-ownership-and-control-in-americas-drug-supply-chain
338685,Stephen Ezell,Vice President for Global Innovation Policy,Information Technology and Innovation Foundation (ITIF),https://www.aging.senate.gov/hearings/behind-the-label-foreign-ownership-and-control-in-americas-drug-supply-chain
338685,Edward You,Founder & Principal Consultant,EHY Consulting LLC,https://www.aging.senate.gov/hearings/behind-the-label-foreign-ownership-and-control-in-americas-drug-supply-chain
338685,Rush Doshi,"C.V. Starr Senior Fellow for Asia Studies and Director of the China Strategy Initiative, Council on Foreign Relations","Assistant Professor, Georgetown School of Foreign Service",https://www.aging.senate.gov/hearings/behind-the-label-foreign-ownership-and-control-in-americas-drug-supply-chain
338686,Ken Clark,President and Chief Executive Officer,EmployIndy,https://www.help.senate.gov/hearings/the-impact-of-ai-on-the-workforce
338686,Carol Rogers,Director,Indiana Business Research Center,https://www.help.senate.gov/hearings/the-impact-of-ai-on-the-workforce
338686,Liya Palagashvili,Director of the Labor Policy Project,Mercatus Center at George Mason University,https://www.help.senate.gov/hearings/the-impact-of-ai-on-the-workforce
338686,Jonathan Liebert,CEO,BBB of Southern Colorado,https://www.help.senate.gov/hearings/the-impact-of-ai-on-the-workforce
338686,Justin Heck,Senior Director of Research and Data Production,Opportunity@Work,https://www.help.senate.gov/hearings/the-impact-of-ai-on-the-workforce
338689,Jonathan Spalter,President and Chief Executive Officer,USTelecom--The Broadband Association,https://www.commerce.senate.gov/meetings/intelligent-networks-powering-artificial-intelligence-and-transforming-communications/
338689,Dan Watermeier,Commisioner,Nebraska Public Service Commission,https://www.commerce.senate.gov/meetings/intelligent-networks-powering-artificial-intelligence-and-transforming-communications/
338689,Bob Everson,Chief Architect of Provider Mobility,Cisco,https://www.commerce.senate.gov/meetings/intelligent-networks-powering-artificial-intelligence-and-transforming-communications/
338689,Asad Ramzanali,Director of Artificial Intelligence and Technology Policy at the Vanderbilt Policy Accelerator,Vanderbilt University,https://www.commerce.senate.gov/meetings/intelligent-networks-powering-artificial-intelligence-and-transforming-communications/
338693,Brian Blase,President,,https://www.budget.senate.gov/hearings/medicaid-the-reality
338693,Jonathan Ingram,Vice President of Policy and Research,,https://www.budget.senate.gov/hearings/medicaid-the-reality
338693,Andy Schneider,Research Professor of the Practice,,https://www.budget.senate.gov/hearings/medicaid-the-reality
338695,Alan D. Palkowitz,President and CEO,Indiana Biosciences Research Institute (IBRI),https://www.finance.senate.gov/hearings/building-a-resilient-health-care-future-with-biotechnology
338695,Michelle Rozo,Vice Chair,National Security Commission on Emerging Biotechnology,https://www.finance.senate.gov/hearings/building-a-resilient-health-care-future-with-biotechnology
338695,Vera P. Luther,"Section Chief of Infectious Disease and International Health, Dartmouth Hitchcock Medical Center",Dartmouth Health,https://www.finance.senate.gov/hearings/building-a-resilient-health-care-future-with-biotechnology
338695,Kevin Outterson,"Austin B. Fletcher Professor of Law, and Executive Director and Principal Investigator of Combating Antibiotic-Resistant Bacteria Biopharmaceutical Accelerator (CARB-X)",Boston University,https://www.finance.senate.gov/hearings/building-a-resilient-health-care-future-with-biotechnology
338698,Hillary Caron,Policy Counsel,United Food and Commercial Workers International Union,https://www.judiciary.senate.gov/committee-activity/hearings/your-data-their-profit-the-consumer-cost-of-ai-surveillance-pricing
338698,Robert Hedges,"Digital Fellow, MIT","Former Chief Data Officer, Visa",https://www.judiciary.senate.gov/committee-activity/hearings/your-data-their-profit-the-consumer-cost-of-ai-surveillance-pricing
338698,Lee Hepner,Senior Legal Counsel,American Economic Liberties Project,https://www.judiciary.senate.gov/committee-activity/hearings/your-data-their-profit-the-consumer-cost-of-ai-surveillance-pricing
338698,Lindsay Owens,President & CEO,Groundwork Collaborative,https://www.judiciary.senate.gov/committee-activity/hearings/your-data-their-profit-the-consumer-cost-of-ai-surveillance-pricing
338698,Z. John Zhang,Professor of Marketing,The Wharton School at the University of Pennsylvania,https://www.judiciary.senate.gov/committee-activity/hearings/your-data-their-profit-the-consumer-cost-of-ai-surveillance-pricing
338705,Anna St. John,,,https://www.judiciary.senate.gov/committee-activity/hearings/nominations-08-05-2026
338705,Gregory Carl Cook,,,https://www.judiciary.senate.gov/committee-activity/hearings/nominations-08-05-2026
338705,D. Adam Candeub,,,https://www.judiciary.senate.gov/committee-activity/hearings/nominations-08-05-2026
338705,John Peter Cronan,,,https://www.judiciary.senate.gov/committee-activity/hearings/nominations-08-05-2026
338705,Jason Manion,,,https://www.judiciary.senate.gov/committee-activity/hearings/nominations-08-05-2026
338740,Kash Patel,Director,Federal Bureau of Investigation,https://www.judiciary.senate.gov/committee-activity/hearings/oversight-of-the-federal-bureau-of-investigation-09-15-2026
338745,Daniel Lewis Ballou,,,https://www.judiciary.senate.gov/committee-activity/hearings/nominations-09-16-2026
338745,Richard Wesley Bennett,,,https://www.judiciary.senate.gov/committee-activity/hearings/nominations-09-16-2026
338745,Courtney Leigh Coker,,,https://www.judiciary.senate.gov/committee-activity/hearings/nominations-09-16-2026
338745,Trevor Scott Pemberton,,,https://www.judiciary.senate.gov/committee-activity/hearings/nominations-09-16-2026
338745,Kyle Frederick Reardon,,,https://www.judiciary.senate.gov/committee-activity/hearings/nominations-09-16-2026
338745,Zachary Paul West,,,https://www.judiciary.senate.gov/committee-activity/hearings/nominations-09-16-2026
338747,Joshua Harris,,,https://www.foreign.senate.gov/hearings/nominations-09-16-2026
338747,Henry Wooster,,,https://www.foreign.senate.gov/hearings/nominations-09-16-2026
338747,Peter Lord,,,https://www.foreign.senate.gov/hearings/nominations-09-16-2026
338747,Keith Heffern,,,https://www.foreign.senate.gov/hearings/nominations-09-16-2026
338747,Charles Goodman III,,,https://www.foreign.senate.gov/hearings/nominations-09-16-2026
338748,Jean Wactawski-Wende,Dean and SUNY Distinguished Professor,"School of Public Health and Health Professions, University at Buffalo",https://www.aging.senate.gov/hearings/half-the-country-zero-hearings-meeting-the-moment-to-end-the-menopause-care-gap-in-america
338748,Lynne M. Coslett-Charlton,Gynecologist,American College of Obstetricians and Gynecologists,https://www.aging.senate.gov/hearings/half-the-country-zero-hearings-meeting-the-moment-to-end-the-menopause-care-gap-in-america
338748,Jennifer Weiss-Wolf,Executive Director,Birbaum Women’s Leadership Center at NYU Law,https://www.aging.senate.gov/hearings/half-the-country-zero-hearings-meeting-the-moment-to-end-the-menopause-care-gap-in-america
338748,Suzanne Silverman Fenske,Double Board-Certified Gynecologist,"Founder, TaraMD, Women’s Health Ambassador, HHS Office on Women’s Health",https://www.aging.senate.gov/hearings/half-the-country-zero-hearings-meeting-the-moment-to-end-the-menopause-care-gap-in-america
338763,Kurt Orlofski,CEO,PAI Pharma,https://www.aging.senate.gov/hearings/leveling-the-playing-field-restoring-americas-edge-in-generic-drug-manufacturing
338763,Christine Baeder,President,Apotex USA and LATAM,https://www.aging.senate.gov/hearings/leveling-the-playing-field-restoring-americas-edge-in-generic-drug-manufacturing
338763,Mihir Torsekar,Senior Economist,Coalition for a Prosperous America,https://www.aging.senate.gov/hearings/leveling-the-playing-field-restoring-americas-edge-in-generic-drug-manufacturing
338767,Lindsey Isaacs,Wrongfully Accused Driver,,https://www.judiciary.senate.gov/committee-activity/hearings/always-watching-flocks-nationwide-ai-surveillance-network
338767,Alasdair Whitney,Legislative Counsel,Institute for Justice,https://www.judiciary.senate.gov/committee-activity/hearings/always-watching-flocks-nationwide-ai-surveillance-network
338767,Ross Teeple,Sheriff,Pinal County Sheriff’s Office,https://www.judiciary.senate.gov/committee-activity/hearings/always-watching-flocks-nationwide-ai-surveillance-network
338767,Benn Jordan,Cybersecurity Engineer,,https://www.judiciary.senate.gov/committee-activity/hearings/always-watching-flocks-nationwide-ai-surveillance-network
338767,Chad Marlow,Senior Policy Counsel,ACLU,https://www.judiciary.senate.gov/committee-activity/hearings/always-watching-flocks-nationwide-ai-surveillance-network
338769,Kim Jones,Co-founder,The Independent Council on Women's Sport (ICONS),https://www.judiciary.senate.gov/committee-activity/hearings/standing-up-for-women-in-sports-ensuring-opportunity-fairness-and-safety-for-female-athletes
338769,Carly Smolak,Former Professional Soccer Player,,https://www.judiciary.senate.gov/committee-activity/hearings/standing-up-for-women-in-sports-ensuring-opportunity-fairness-and-safety-for-female-athletes
338769,William Bock III,Partner,"Kroger, Gardis & Regas, LLP",https://www.judiciary.senate.gov/committee-activity/hearings/standing-up-for-women-in-sports-ensuring-opportunity-fairness-and-safety-for-female-athletes
