package_id,held_date,committee_code,comm,urls
CHRG-113shrg49104582,2001-09-11,ssap00,approps,
CHRG-113shrg29104521,2012-08-06,ssap00,approps,
CHRG-113shrg82719,2012-11-06,sseg00,energy,
CHRG-113shrg86780,2013-01-23,ssfr00,foreign,https://www.senate.gov/isvp/?comm=foreign&filename=foreign012313
CHRG-113shrg91101,2013-01-23,ssju00,judiciary,https://www.senate.gov/isvp/?comm=judiciary&filename=judiciary012313
CHRG-113shrg78506,2013-01-24,sshr00,help,https://www.senate.gov/isvp/?comm=help&filename=help012413
CHRG-113shrg86451,2013-01-24,ssfr00,foreign,https://www.senate.gov/isvp/?comm=foreign&filename=foreign012413
CHRG-113shrg81794,2013-01-28,sscm00,commerce,https://www.senate.gov/isvp/?comm=commerce&filename=commerce012813
CHRG-113shrg78675,2013-01-29,sshr00,help,https://www.senate.gov/isvp/?comm=help&filename=help012913
CHRG-113shrg98436,2013-01-30,ssju00,judiciary,https://www.senate.gov/isvp/?comm=judiciary&filename=judiciary013013
CHRG-113shrg78676,2013-01-31,sshr00,help,https://www.senate.gov/isvp/?comm=help&filename=help013113
CHRG-113shrg87878,2013-01-31,ssas00,armed,https://www.senate.gov/isvp/?comm=armed&filename=armed013113
CHRG-113shrg93390,2013-01-31,ssev00,epw,https://www.senate.gov/isvp/?comm=epw&filename=epw013113
CHRG-113shrg78922,2013-02-07,sshr00,help,https://www.senate.gov/isvp/?comm=help&filename=help020713
CHRG-113shrg80718,2013-02-07,slin00,intel,https://www.senate.gov/isvp/?comm=intel&filename=intel020713
CHRG-113shrg86489,2013-02-07,ssas00,armed,https://www.senate.gov/isvp/?comm=armed&filename=armed020713
CHRG-113shrg93391,2013-02-07,ssev00,epw,https://www.senate.gov/isvp/?comm=epw&filename=epw020713
CHRG-113shrg26144,2013-02-12,ssju00,judiciary,https://www.senate.gov/isvp/?comm=judiciary&filename=judiciary021213
CHRG-113shrg80132,2013-02-12,sseg00,energy,https://www.senate.gov/isvp/?comm=energy&filename=energy021213
CHRG-113shrg85718,2013-02-12,ssbu00,budget,https://www.senate.gov/isvp/?comm=budget&filename=budget021213
CHRG-113shrg86707,2013-02-12,ssas00,armed,https://www.senate.gov/isvp/?comm=armed&filename=armed021213
CHRG-113shrg80219,2013-02-13,ssga00,govtaff,https://www.senate.gov/isvp/?comm=govtaff&filename=govtaff021313
CHRG-113shrg85745,2013-02-13,ssju00,judiciary,https://www.senate.gov/isvp/?comm=judiciary&filename=judiciary021313
CHRG-113shrg85902,2013-02-13,ssbu00,budget,https://www.senate.gov/isvp/?comm=budget&filename=budget021313
CHRG-113shrg86523,2013-02-13,ssfi00,finance,https://www.senate.gov/isvp/?comm=finance&filename=finance021313
CHRG-113shrg93918,2013-02-13,ssra00,rules,https://www.senate.gov/isvp/?comm=rules&filename=rules021313
CHRG-113shrg79588,2013-02-14,ssap00,approps,https://www.senate.gov/isvp/?comm=approps&filename=appropsA021413
CHRG-113shrg80387,2013-02-14,ssbk00,banking,https://www.senate.gov/isvp/?comm=banking&filename=banking021413
CHRG-113shrg87563,2013-02-14,ssaf00,ag,https://www.senate.gov/isvp/?comm=ag&filename=ag021413
CHRG-113shrg87945,2013-02-14,ssfi00,finance,https://www.senate.gov/isvp/?comm=finance&filename=finance021413
CHRG-113jhrg79940,2013-02-26,hsvr00,,
CHRG-113shrg79736,2013-02-26,sshr00,help,https://www.senate.gov/isvp/?comm=help&filename=help022613
CHRG-113shrg80509,2013-02-26,ssbk00,banking,https://www.senate.gov/isvp/?comm=banking&filename=banking022613
CHRG-113shrg87610,2013-02-26,ssfi00,finance,https://www.senate.gov/isvp/?comm=finance&filename=finance022613
CHRG-113shrg25650,2013-02-27,ssju00,judiciary,https://www.senate.gov/isvp/?comm=judiciary&filename=judiciary022713
CHRG-113shrg79791,2013-02-27,sshr00,help,https://www.senate.gov/isvp/?comm=help&filename=help022713
CHRG-113shrg81473,2013-02-27,spag00,aging,https://www.senate.gov/isvp/?comm=aging&filename=aging022713
CHRG-113shrg87564,2013-02-27,ssaf00,ag,https://www.senate.gov/isvp/?comm=ag&filename=ag022713
CHRG-113shrg88434,2013-02-27,sscm00,commerce,https://www.senate.gov/isvp/?comm=commerce&filename=commerce022713
CHRG-113shrg80629,2013-02-28,ssbk00,banking,https://www.senate.gov/isvp/?comm=banking&filename=banking022813
CHRG-113shrg85451,2013-02-28,ssfi00,finance,https://www.senate.gov/isvp/?comm=finance&filename=finance022813
CHRG-113shrg80071,2013-03-01,ssap00,approps,
CHRG-113shrg85626,2013-03-05,ssas00,armed,https://www.senate.gov/isvp/?comm=armed&filename=armed030513
CHRG-113jhrg79942,2013-03-06,hsvr00,,
CHRG-113shrg26145,2013-03-06,ssju00,judiciary,https://www.senate.gov/isvp/?comm=judiciary&filename=judiciary030613
CHRG-113shrg80175,2013-03-07,sseg00,energy,https://www.senate.gov/isvp/?comm=energy&filename=energy030713
CHRG-113shrg80662,2013-03-07,ssbk00,banking,https://www.senate.gov/isvp/?comm=banking&filename=banking030713
CHRG-113shrg81468,2013-03-07,ssfr00,foreign,https://www.senate.gov/isvp/?comm=foreign&filename=foreign030713
CHRG-113shrg88180,2013-03-07,sscm00,commerce,https://www.senate.gov/isvp/?comm=commerce&filename=commerce030713
CHRG-113shrg80092,2013-03-12,sshr00,help,https://www.senate.gov/isvp/?comm=help&filename=help031213
CHRG-113shrg80698,2013-03-12,ssbk00,banking,https://www.senate.gov/isvp/?comm=banking&filename=banking031213
CHRG-113shrg82721,2013-03-12,slin00,intel,https://www.senate.gov/isvp/?comm=intel&filename=intel031213
CHRG-113shrg86057,2013-03-12,sscm00,commerce,https://www.senate.gov/isvp/?comm=commerce&filename=commerce031213
CHRG-113shrg80110,2013-03-13,ssva00,vetaff,https://www.senate.gov/isvp/?comm=vetaff&filename=vetaff031313
CHRG-113shrg80220,2013-03-13,ssga00,govtaff,https://www.senate.gov/isvp/?comm=govtaff&filename=govtaff031313
CHRG-113shrg81474,2013-03-13,spag00,aging,https://www.senate.gov/isvp/?comm=aging&filename=aging031313
CHRG-113shrg88340,2013-03-13,ssas00,armed,https://www.senate.gov/isvp/?comm=armed&filename=armed031313
CHRG-113shrg90863,2013-03-13,ssju00,judiciary,https://www.senate.gov/isvp/?comm=judiciary&filename=judiciary031313
CHRG-113shrg80221,2013-03-14,ssga00,govtaff,https://www.senate.gov/isvp/?comm=govtaff&filename=govtaff031413
CHRG-113shrg87581,2013-03-14,sssb00,smbiz,https://www.senate.gov/isvp/?comm=smbiz&filename=smbiz031413
CHRG-113shrg94431,2013-03-14,sshr00,help,https://www.senate.gov/isvp/?comm=help&filename=help031413
CHRG-113shrg80222,2013-03-15,ssga00,govtaff,https://www.senate.gov/isvp/?comm=govtaff&filename=govtaff031513
CHRG-113shrg85162,2013-03-15,ssga00,govtaff,https://www.senate.gov/isvp/?comm=govtaff&filename=govtaff031513
CHRG-113shrg81734,2013-03-18,ssju00,judiciary,https://www.senate.gov/isvp/?comm=judiciary&filename=judiciary031813
CHRG-113shrg81201,2013-03-19,ssbk00,banking,https://www.senate.gov/isvp/?comm=banking&filename=banking031913
CHRG-113shrg81202,2013-03-19,ssbk00,banking,https://www.senate.gov/isvp/?comm=banking&filename=banking031913
CHRG-113shrg82563,2013-03-19,sseg00,energy,https://www.senate.gov/isvp/?comm=energy&filename=energy031913
CHRG-113shrg85319,2013-03-19,sscm00,commerce,https://www.senate.gov/isvp/?comm=commerce&filename=commerce031913
CHRG-113shrg85630,2013-03-19,ssas00,armed,https://www.senate.gov/isvp/?comm=armed&filename=armed031913
CHRG-113shrg86145,2013-03-19,ssfr00,foreign,https://www.senate.gov/isvp/?comm=foreign&filename=foreign031913
CHRG-113shrg86343,2013-03-19,ssfi00,finance,https://www.senate.gov/isvp/?comm=finance&filename=finance031913
CHRG-113shrg94737,2013-03-19,sshr00,help,https://www.senate.gov/isvp/?comm=help&filename=help031913
CHRG-113shrg98440,2013-03-19,ssju00,judiciary,https://www.senate.gov/isvp/?comm=judiciary&filename=judiciary031913
CHRG-113shrg80174,2013-03-20,ssva00,vetaff,https://www.senate.gov/isvp/?comm=vetaff&filename=vetaff032013
CHRG-113shrg80223,2013-03-20,ssga00,govtaff,https://www.senate.gov/isvp/?comm=govtaff&filename=govtaff032013
CHRG-113shrg81774,2013-03-20,ssju00,judiciary,https://www.senate.gov/isvp/?comm=judiciary&filename=judiciary032013
CHRG-113shrg81775,2013-03-20,ssju00,judiciary,https://www.senate.gov/isvp/?comm=judiciary&filename=judiciary032013
CHRG-113shrg86146,2013-03-20,ssfr00,foreign,https://www.senate.gov/isvp/?comm=foreign&filename=foreign032013
CHRG-113shrg87877,2013-03-20,ssfi00,finance,https://www.senate.gov/isvp/?comm=finance&filename=finance032013
CHRG-113shrg94799,2013-03-20,sscm00,commerce,https://www.senate.gov/isvp/?comm=commerce&filename=commerce032013
CHRG-113shrg80224,2013-03-21,ssga00,govtaff,https://www.senate.gov/isvp/?comm=govtaff&filename=govtaff032113
CHRG-113shrg81469,2013-03-21,ssfr00,foreign,https://www.senate.gov/isvp/?comm=foreign&filename=foreign032113
CHRG-113shrg85764,2013-03-27,sscm00,commerce,
CHRG-113shrg80696,2013-03-28,ssbk00,banking,
CHRG-113shrg80570,2013-04-09,ssga00,govtaff,
CHRG-113shrg80930,2013-04-09,sseg00,energy,https://www.senate.gov/isvp/?comm=energy&filename=energy040913
CHRG-113shrg86938,2013-04-09,ssfi00,finance,https://www.senate.gov/isvp/?comm=finance&filename=finance040913
CHRG-113shrg87119,2013-04-09,sscm00,commerce,https://www.senate.gov/isvp/?comm=commerce&filename=commerce040913
CHRG-113shrg88254,2013-04-09,ssju00,judiciary,https://www.senate.gov/isvp/?comm=judiciary&filename=judiciary040913
CHRG-113shrg80495,2013-04-10,slia00,indian,https://www.senate.gov/isvp/?comm=indian&filename=indian041013
CHRG-113shrg85903,2013-04-10,ssbu00,budget,https://www.senate.gov/isvp/?comm=budget&filename=budget041013
CHRG-113shrg87415,2013-04-10,sscm00,commerce,https://www.senate.gov/isvp/?comm=commerce&filename=commerce041013
CHRG-113shrg91167,2013-04-10,spag00,aging,https://www.senate.gov/isvp/?comm=aging&filename=aging041013
CHRG-113shrg93801,2013-04-10,ssju00,judiciary,https://www.senate.gov/isvp/?comm=judiciary&filename=judiciary041013
CHRG-113shrg39104555,2013-04-11,ssap00,approps,https://www.senate.gov/isvp/?comm=approps&filename=appropsA041113 https://www.senate.gov/isvp/?comm=approps&filename=appropsB041113
CHRG-113shrg39104559,2013-04-11,ssap00,approps,https://www.senate.gov/isvp/?comm=approps&filename=appropsA041113 https://www.senate.gov/isvp/?comm=approps&filename=appropsB041113
CHRG-113shrg78075,2013-04-11,ssap00,approps,https://www.senate.gov/isvp/?comm=approps&filename=appropsA041113 https://www.senate.gov/isvp/?comm=approps&filename=appropsB041113
CHRG-113shrg81437,2013-04-11,ssbk00,banking,https://www.senate.gov/isvp/?comm=banking&filename=banking041113
CHRG-113shrg86861,2013-04-11,ssfr00,foreign,https://www.senate.gov/isvp/?comm=foreign&filename=foreign041113
CHRG-113shrg87777,2013-04-11,ssfi00,finance,https://www.senate.gov/isvp/?comm=finance&filename=finance041113
CHRG-113shrg93392,2013-04-11,ssev00,epw,https://www.senate.gov/isvp/?comm=epw&filename=epw041113
CHRG-113shrg95186,2013-04-11,sshr00,help,https://www.senate.gov/isvp/?comm=help&filename=help041113
CHRG-113shrg80510,2013-04-15,ssva00,vetaff,https://www.senate.gov/isvp/?comm=vetaff&filename=vetaff041513
CHRG-113shrg81299,2013-04-16,sseg00,energy,https://www.senate.gov/isvp/?comm=energy&filename=energy041613
CHRG-113shrg81440,2013-04-16,sseg00,energy,https://www.senate.gov/isvp/?comm=energy&filename=energy041613
CHRG-113shrg86147,2013-04-16,ssfr00,foreign,https://www.senate.gov/isvp/?comm=foreign&filename=foreign041613
CHRG-113shrg86712,2013-04-16,ssas00,armed,https://www.senate.gov/isvp/?comm=armed&filename=armed041613
CHRG-113shrg87414,2013-04-16,ssfi00,finance,https://www.senate.gov/isvp/?comm=finance&filename=finance041613
CHRG-113shrg94798,2013-04-16,sscm00,commerce,https://www.senate.gov/isvp/?comm=commerce&filename=commerce041613
CHRG-113shrg95527,2013-04-16,sshr00,help,https://www.senate.gov/isvp/?comm=help&filename=help041613
CHRG-113shrg98754,2013-04-16,ssju00,judiciary,https://www.senate.gov/isvp/?comm=judiciary&filename=judiciary041613
CHRG-113shrg39104533,2013-04-17,ssap00,approps,https://www.senate.gov/isvp/?comm=approps&filename=appropsA041713 https://www.senate.gov/isvp/?comm=approps&filename=appropsB041713
CHRG-113shrg39104552,2013-04-17,ssap00,approps,https://www.senate.gov/isvp/?comm=approps&filename=appropsA041713 https://www.senate.gov/isvp/?comm=approps&filename=appropsB041713
CHRG-113shrg80572,2013-04-17,ssga00,govtaff,https://www.senate.gov/isvp/?comm=govtaff&filename=govtaff041713
CHRG-113shrg80706,2013-04-17,ssbk00,banking,https://www.senate.gov/isvp/?comm=banking&filename=banking041713
CHRG-113shrg85631,2013-04-17,ssas00,armed,https://www.senate.gov/isvp/?comm=armed&filename=armed041713 https://www.senate.gov/isvp/?comm=armed&filename=armedB041713
CHRG-113shrg85632,2013-04-17,ssas00,armed,https://www.senate.gov/isvp/?comm=armed&filename=armed041713 https://www.senate.gov/isvp/?comm=armed&filename=armedB041713
CHRG-113shrg85634,2013-04-17,ssas00,armed,https://www.senate.gov/isvp/?comm=armed&filename=armed041713 https://www.senate.gov/isvp/?comm=armed&filename=armedB041713
CHRG-113shrg86152,2013-04-17,sssb00,smbiz,https://www.senate.gov/isvp/?comm=smbiz&filename=smbiz041713
CHRG-113shrg87459,2013-04-17,sscm00,commerce,https://www.senate.gov/isvp/?comm=commerce&filename=commerce041713
CHRG-113shrg87928,2013-04-17,ssfi00,finance,https://www.senate.gov/isvp/?comm=finance&filename=finance041713
CHRG-113jhrg80774,2013-04-18,jsec00,jec,https://www.senate.gov/isvp/?comm=jec&filename=jec041813
CHRG-113shrg29104509,2013-04-18,ssap00,approps,https://www.senate.gov/isvp/?comm=approps&filename=appropsA041813 https://www.senate.gov/isvp/?comm=approps&filename=appropsB041813
CHRG-113shrg39104556,2013-04-18,ssap00,approps,https://www.senate.gov/isvp/?comm=approps&filename=appropsA041813 https://www.senate.gov/isvp/?comm=approps&filename=appropsB041813
CHRG-113shrg39104568,2013-04-18,ssap00,approps,https://www.senate.gov/isvp/?comm=approps&filename=appropsA041813 https://www.senate.gov/isvp/?comm=approps&filename=appropsB041813
CHRG-113shrg49104573,2013-04-18,ssap00,approps,https://www.senate.gov/isvp/?comm=approps&filename=appropsA041813 https://www.senate.gov/isvp/?comm=approps&filename=appropsB041813
CHRG-113shrg49104579,2013-04-18,ssap00,approps,https://www.senate.gov/isvp/?comm=approps&filename=appropsA041813 https://www.senate.gov/isvp/?comm=approps&filename=appropsB041813
CHRG-113shrg78042,2013-04-18,ssap00,approps,https://www.senate.gov/isvp/?comm=approps&filename=appropsA041813 https://www.senate.gov/isvp/?comm=approps&filename=appropsB041813
CHRG-113shrg78069,2013-04-18,ssap00,approps,https://www.senate.gov/isvp/?comm=approps&filename=appropsA041813 https://www.senate.gov/isvp/?comm=approps&filename=appropsB041813
CHRG-113shrg80775,2013-04-18,ssbk00,banking,https://www.senate.gov/isvp/?comm=banking&filename=banking041813
CHRG-113shrg81214,2013-04-18,sseg00,energy,https://www.senate.gov/isvp/?comm=energy&filename=energy041813
CHRG-113shrg85628,2013-04-18,ssas00,armed,https://www.senate.gov/isvp/?comm=armed&filename=armed041813 https://www.senate.gov/isvp/?comm=armed&filename=armedB041813
CHRG-113shrg86860,2013-04-18,ssfr00,foreign,https://www.senate.gov/isvp/?comm=foreign&filename=foreign041813
CHRG-113shrg89575,2013-04-18,ssas00,armed,https://www.senate.gov/isvp/?comm=armed&filename=armed041813 https://www.senate.gov/isvp/?comm=armed&filename=armedB041813
CHRG-113shrg95761,2013-04-18,sshr00,help,https://www.senate.gov/isvp/?comm=help&filename=help041813
CHRG-113shrg39104558,2013-04-19,ssap00,approps,
CHRG-113shrg81635,2013-04-19,ssju00,judiciary,https://www.senate.gov/isvp/?comm=judiciary&filename=judiciary041913
CHRG-113shrg26146,2013-04-22,ssju00,judiciary,https://www.senate.gov/isvp/?comm=judiciary&filename=judiciary042213
CHRG-113shrg26147,2013-04-23,ssju00,judiciary,https://www.senate.gov/isvp/?comm=judiciary&filename=judiciary042313
CHRG-113shrg59104614,2013-04-23,ssap00,approps,https://www.senate.gov/isvp/?comm=approps&filename=appropsA042313
CHRG-113shrg78057,2013-04-23,ssap00,approps,https://www.senate.gov/isvp/?comm=approps&filename=appropsA042313
CHRG-113shrg80865,2013-04-23,ssbk00,banking,https://www.senate.gov/isvp/?comm=banking&filename=banking042313
CHRG-113shrg81228,2013-04-23,sseg00,energy,https://www.senate.gov/isvp/?comm=energy&filename=energy042313
CHRG-113shrg81301,2013-04-23,sseg00,energy,https://www.senate.gov/isvp/?comm=energy&filename=energy042313
CHRG-113shrg85473,2013-04-23,sscm00,commerce,https://www.senate.gov/isvp/?comm=commerce&filename=commerce042313
CHRG-113shrg86847,2013-04-23,ssfi00,finance,https://www.senate.gov/isvp/?comm=finance&filename=finance042313
CHRG-113shrg94152,2013-04-23,sscm00,commerce,https://www.senate.gov/isvp/?comm=commerce&filename=commerce042313
CHRG-113shrg96982,2013-04-23,sshr00,help,https://www.senate.gov/isvp/?comm=help&filename=help042313
CHRG-113shrg39104527,2013-04-24,ssap00,approps,https://www.senate.gov/isvp/?comm=approps&filename=appropsA042413 https://www.senate.gov/isvp/?comm=approps&filename=appropsB042413
CHRG-113shrg39104539,2013-04-24,ssap00,approps,https://www.senate.gov/isvp/?comm=approps&filename=appropsA042413 https://www.senate.gov/isvp/?comm=approps&filename=appropsB042413
CHRG-113shrg39104553,2013-04-24,ssap00,approps,https://www.senate.gov/isvp/?comm=approps&filename=appropsA042413 https://www.senate.gov/isvp/?comm=approps&filename=appropsB042413
CHRG-113shrg59104634,2013-04-24,ssap00,approps,https://www.senate.gov/isvp/?comm=approps&filename=appropsA042413 https://www.senate.gov/isvp/?comm=approps&filename=appropsB042413
CHRG-113shrg78060,2013-04-24,ssap00,approps,https://www.senate.gov/isvp/?comm=approps&filename=appropsA042413 https://www.senate.gov/isvp/?comm=approps&filename=appropsB042413
CHRG-113shrg80593,2013-04-24,slia00,indian,https://www.senate.gov/isvp/?comm=indian&filename=indian042413
CHRG-113shrg80663,2013-04-24,ssva00,vetaff,https://www.senate.gov/isvp/?comm=vetaff&filename=vetaff042413
CHRG-113shrg81292,2013-04-24,ssga00,govtaff,https://www.senate.gov/isvp/?comm=govtaff&filename=govtaff042413
CHRG-113shrg85629,2013-04-24,ssas00,armed,https://www.senate.gov/isvp/?comm=armed&filename=armed042413
CHRG-113shrg86148,2013-04-24,ssfr00,foreign,https://www.senate.gov/isvp/?comm=foreign&filename=foreign042413
CHRG-113shrg86376,2013-04-24,ssfi00,finance,https://www.senate.gov/isvp/?comm=finance&filename=finance042413
CHRG-113shrg91168,2013-04-24,spag00,aging,https://www.senate.gov/isvp/?comm=aging&filename=aging042413
CHRG-113shrg93065,2013-04-24,sscm00,commerce,https://www.senate.gov/isvp/?comm=commerce&filename=commerce042413
CHRG-113shrg97383,2013-04-24,sshr00,help,https://www.senate.gov/isvp/?comm=help&filename=help042413
CHRG-113shrg39104560,2013-04-25,ssap00,approps,https://www.senate.gov/isvp/?comm=approps&filename=appropsA042513
CHRG-113shrg39104572,2013-04-25,ssap00,approps,https://www.senate.gov/isvp/?comm=approps&filename=appropsA042513
CHRG-113shrg81302,2013-04-25,sseg00,energy,https://www.senate.gov/isvp/?comm=energy&filename=energy042513
CHRG-113shrg85288,2013-04-25,sseg00,energy,https://www.senate.gov/isvp/?comm=energy&filename=energy042513
CHRG-113shrg86149,2013-04-25,ssfr00,foreign,https://www.senate.gov/isvp/?comm=foreign&filename=foreign042513
CHRG-113jhrg95505,2013-05-06,jcse00,csce,https://www.senate.gov/isvp/?comm=csce&filename=csce050613
CHRG-113jhrg81372,2013-05-07,jsec00,jec,https://www.senate.gov/isvp/?comm=jec&filename=jec050713
CHRG-113shrg39104534,2013-05-07,ssap00,approps,https://www.senate.gov/isvp/?comm=approps&filename=appropsA050713 https://www.senate.gov/isvp/?comm=approps&filename=appropsB050713
CHRG-113shrg39104536,2013-05-07,ssap00,approps,https://www.senate.gov/isvp/?comm=approps&filename=appropsA050713 https://www.senate.gov/isvp/?comm=approps&filename=appropsB050713
CHRG-113shrg49104566,2013-05-07,ssap00,approps,https://www.senate.gov/isvp/?comm=approps&filename=appropsA050713 https://www.senate.gov/isvp/?comm=approps&filename=appropsB050713
CHRG-113shrg81242,2013-05-07,ssbk00,banking,https://www.senate.gov/isvp/?comm=banking&filename=banking050713
CHRG-113shrg81959,2013-05-07,sseg00,energy,https://www.senate.gov/isvp/?comm=energy&filename=energy050713
CHRG-113shrg82373,2013-05-07,sscm00,commerce,https://www.senate.gov/isvp/?comm=commerce&filename=commerce050713
CHRG-113shrg88305,2013-05-07,ssfr00,foreign,https://www.senate.gov/isvp/?comm=foreign&filename=foreign050713
CHRG-113jhrg81373,2013-05-08,jsec00,jec,https://www.senate.gov/isvp/?comm=jec&filename=jec050813
CHRG-113jhrg95504,2013-05-08,jcse00,csce,https://www.senate.gov/isvp/?comm=csce&filename=csce050813
CHRG-113shrg39104554,2013-05-08,ssap00,approps,https://www.senate.gov/isvp/?comm=approps&filename=appropsA050813 https://www.senate.gov/isvp/?comm=approps&filename=appropsB050813
CHRG-113shrg39104565,2013-05-08,ssap00,approps,https://www.senate.gov/isvp/?comm=approps&filename=appropsA050813 https://www.senate.gov/isvp/?comm=approps&filename=appropsB050813
CHRG-113shrg59104633,2013-05-08,ssap00,approps,https://www.senate.gov/isvp/?comm=approps&filename=appropsA050813 https://www.senate.gov/isvp/?comm=approps&filename=appropsB050813
CHRG-113shrg81293,2013-05-08,ssga00,govtaff,https://www.senate.gov/isvp/?comm=govtaff&filename=govtaff050813
CHRG-113shrg81294,2013-05-08,ssga00,govtaff,https://www.senate.gov/isvp/?comm=govtaff&filename=govtaff050813
CHRG-113shrg85356,2013-05-08,sscm00,commerce,https://www.senate.gov/isvp/?comm=commerce&filename=commerce050813
CHRG-113shrg85627,2013-05-08,ssas00,armed,https://www.senate.gov/isvp/?comm=armed&filename=armed050813
CHRG-113shrg85692,2013-05-08,slia00,indian,https://www.senate.gov/isvp/?comm=indian&filename=indian050813
CHRG-113shrg87582,2013-05-08,sssb00,smbiz,https://www.senate.gov/isvp/?comm=smbiz&filename=smbiz050813
CHRG-113shrg98755,2013-05-08,ssju00,judiciary,https://www.senate.gov/isvp/?comm=judiciary&filename=judiciary050813
CHRG-113jhrg81853,2013-05-09,jcpk00,cecc,https://www.senate.gov/isvp/?comm=cecc&filename=cecc050913
CHRG-113shrg39104569,2013-05-09,ssap00,approps,https://www.senate.gov/isvp/?comm=approps&filename=appropsA050913
CHRG-113shrg49104574,2013-05-09,ssap00,approps,https://www.senate.gov/isvp/?comm=approps&filename=appropsA050913
CHRG-113shrg81626,2013-05-09,ssva00,vetaff,https://www.senate.gov/isvp/?comm=vetaff&filename=vetaff050913
CHRG-113shrg97957,2013-05-09,sshr00,help,https://www.senate.gov/isvp/?comm=help&filename=help050913
CHRG-113shrg81295,2013-05-13,ssga00,govtaff,https://www.senate.gov/isvp/?comm=govtaff&filename=govtaff051313
CHRG-113shrg59104615,2013-05-14,ssap00,approps,https://www.senate.gov/isvp/?comm=approps&filename=appropsA051413
CHRG-113shrg81438,2013-05-14,ssbk00,banking,https://www.senate.gov/isvp/?comm=banking&filename=banking051413
CHRG-113shrg87885,2013-05-14,ssfi00,finance,https://www.senate.gov/isvp/?comm=finance&filename=finance051413
CHRG-113shrg92870,2013-05-14,sscm00,commerce,https://www.senate.gov/isvp/?comm=commerce&filename=commerce051413
CHRG-113shrg99635,2013-05-14,sshr00,help,https://www.senate.gov/isvp/?comm=help&filename=help051413
CHRG-113jhrg81443,2013-05-15,jsec00,jec,https://www.senate.gov/isvp/?comm=jec&filename=jec051513
CHRG-113shrg39104540,2013-05-15,ssap00,approps,https://www.senate.gov/isvp/?comm=approps&filename=appropsA051513 https://www.senate.gov/isvp/?comm=approps&filename=appropsB051513
CHRG-113shrg49104575,2013-05-15,ssap00,approps,https://www.senate.gov/isvp/?comm=approps&filename=appropsA051513 https://www.senate.gov/isvp/?comm=approps&filename=appropsB051513
CHRG-113shrg59104642,2013-05-15,ssap00,approps,https://www.senate.gov/isvp/?comm=approps&filename=appropsA051513 https://www.senate.gov/isvp/?comm=approps&filename=appropsB051513
CHRG-113shrg81296,2013-05-15,ssga00,govtaff,https://www.senate.gov/isvp/?comm=govtaff&filename=govtaff051513
CHRG-113shrg81391,2013-05-15,ssbk00,banking,https://www.senate.gov/isvp/?comm=banking&filename=banking051513
CHRG-113shrg82768,2013-05-15,sscm00,commerce,https://www.senate.gov/isvp/?comm=commerce&filename=commerce051513
CHRG-113shrg85178,2013-05-15,slia00,indian,https://www.senate.gov/isvp/?comm=indian&filename=indian051513
CHRG-113shrg86862,2013-05-15,ssfr00,foreign,https://www.senate.gov/isvp/?comm=foreign&filename=foreign051513
CHRG-113shrg39104561,2013-05-16,ssap00,approps,https://www.senate.gov/isvp/?comm=approps&filename=appropsA051613 https://www.senate.gov/isvp/?comm=approps&filename=appropsB051613
CHRG-113shrg39104570,2013-05-16,ssap00,approps,https://www.senate.gov/isvp/?comm=approps&filename=appropsA051613 https://www.senate.gov/isvp/?comm=approps&filename=appropsB051613
CHRG-113shrg85904,2013-05-16,ssbu00,budget,https://www.senate.gov/isvp/?comm=budget&filename=budget051613
CHRG-113shrg86554,2013-05-16,sssb00,smbiz,https://www.senate.gov/isvp/?comm=smbiz&filename=smbiz051613
CHRG-113shrg87972,2013-05-16,sscm00,commerce,https://www.senate.gov/isvp/?comm=commerce&filename=commerce051613
CHRG-113shrg88026,2013-05-16,ssas00,armed,https://www.senate.gov/isvp/?comm=armed&filename=armed051613
CHRG-113shrg99788,2013-05-16,sshr00,help,https://www.senate.gov/isvp/?comm=help&filename=help051613
CHRG-113jhrg95503,2013-05-21,jcse00,csce,https://www.senate.gov/isvp/?comm=csce&filename=csce052113
CHRG-113shrg39104537,2013-05-21,ssap00,approps,https://www.senate.gov/isvp/?comm=approps&filename=appropsA052113 https://www.senate.gov/isvp/?comm=approps&filename=appropsB052113
CHRG-113shrg49104567,2013-05-21,ssap00,approps,https://www.senate.gov/isvp/?comm=approps&filename=appropsA052113 https://www.senate.gov/isvp/?comm=approps&filename=appropsB052113
CHRG-113shrg56109,2013-05-21,ssbu00,budget,https://www.senate.gov/isvp/?comm=budget&filename=budget052113
CHRG-113shrg81657,2013-05-21,ssga00,govtaff,https://www.senate.gov/isvp/?comm=govtaff&filename=govtaff052113
CHRG-113shrg81795,2013-05-21,ssbk00,banking,https://www.senate.gov/isvp/?comm=banking&filename=banking052113
CHRG-113shrg82549,2013-05-21,sscm00,commerce,https://www.senate.gov/isvp/?comm=commerce&filename=commerce052113
CHRG-113shrg86150,2013-05-21,ssfr00,foreign,https://www.senate.gov/isvp/?comm=foreign&filename=foreign052113
CHRG-113shrg87413,2013-05-21,ssfi00,finance,https://www.senate.gov/isvp/?comm=finance&filename=finance052113
CHRG-113jhrg81472,2013-05-22,jsec00,jec,https://www.senate.gov/isvp/?comm=jec&filename=jec052213
CHRG-113jhrg81854,2013-05-22,jcpk00,cecc,https://www.senate.gov/isvp/?comm=cecc&filename=cecc052213
CHRG-113shrg39104532,2013-05-22,ssap00,approps,https://www.senate.gov/isvp/?comm=approps&filename=appropsA052213 https://www.senate.gov/isvp/?comm=approps&filename=appropsB052213
CHRG-113shrg39104543,2013-05-22,ssap00,approps,https://www.senate.gov/isvp/?comm=approps&filename=appropsA052213 https://www.senate.gov/isvp/?comm=approps&filename=appropsB052213
CHRG-113shrg81658,2013-05-22,ssga00,govtaff,https://www.senate.gov/isvp/?comm=govtaff&filename=govtaff052213
CHRG-113shrg85820,2013-05-22,sscm00,commerce,https://www.senate.gov/isvp/?comm=commerce&filename=commerce052213
CHRG-113shrg86151,2013-05-22,ssfr00,foreign,https://www.senate.gov/isvp/?comm=foreign&filename=foreign052213
CHRG-113shrg86153,2013-05-22,sssb00,smbiz,https://www.senate.gov/isvp/?comm=smbiz&filename=smbiz052213
CHRG-113shrg87096,2013-05-22,ssfi00,finance,https://www.senate.gov/isvp/?comm=finance&filename=finance052213
CHRG-113shrg93288,2013-05-22,spag00,aging,https://www.senate.gov/isvp/?comm=aging&filename=aging052213
CHRG-113shrg93393,2013-05-22,ssev00,epw,https://www.senate.gov/isvp/?comm=epw&filename=epw052213
CHRG-113shrg24005,2013-05-23,ssju00,judiciary,https://www.senate.gov/isvp/?comm=judiciary&filename=judiciary052313
CHRG-113shrg39104571,2013-05-23,ssap00,approps,https://www.senate.gov/isvp/?comm=approps&filename=appropsA052313
CHRG-113shrg81660,2013-05-23,ssga00,govtaff,https://www.senate.gov/isvp/?comm=govtaff&filename=govtaff052313
CHRG-113shrg86863,2013-05-23,ssfr00,foreign,https://www.senate.gov/isvp/?comm=foreign&filename=foreign052313
CHRG-113shrg93394,2013-05-23,ssev00,epw,https://www.senate.gov/isvp/?comm=epw&filename=epw052313
CHRG-113shrg94056,2013-05-23,sscm00,commerce,https://www.senate.gov/isvp/?comm=commerce&filename=commerce052313
CHRG-113shrg39104557,2013-06-04,ssap00,approps,https://www.senate.gov/isvp/?comm=approps&filename=appropsA060413
CHRG-113shrg81875,2013-06-04,ssbk00,banking,https://www.senate.gov/isvp/?comm=banking&filename=banking060413
CHRG-113shrg82103,2013-06-04,sseg00,energy,https://www.senate.gov/isvp/?comm=energy&filename=energy060413
CHRG-113shrg87341,2013-06-04,sscm00,commerce,https://www.senate.gov/isvp/?comm=commerce&filename=commerce060413
CHRG-113shrg88639,2013-06-04,ssas00,armed,https://www.senate.gov/isvp/?comm=armed&filename=armed060413
CHRG-113shrg39104535,2013-06-06,ssap00,approps,https://www.senate.gov/isvp/?comm=approps&filename=appropsA060613 https://www.senate.gov/isvp/?comm=approps&filename=appropsB060613
CHRG-113shrg39104538,2013-06-06,ssap00,approps,https://www.senate.gov/isvp/?comm=approps&filename=appropsA060613 https://www.senate.gov/isvp/?comm=approps&filename=appropsB060613
CHRG-113shrg39104562,2013-06-06,ssap00,approps,https://www.senate.gov/isvp/?comm=approps&filename=appropsA060613 https://www.senate.gov/isvp/?comm=approps&filename=appropsB060613
CHRG-113shrg82307,2013-06-06,ssbk00,banking,https://www.senate.gov/isvp/?comm=banking&filename=banking060613
CHRG-113shrg85374,2013-06-06,sseg00,energy,https://www.senate.gov/isvp/?comm=energy&filename=energy060613
CHRG-113shrg86346,2013-06-06,ssfr00,foreign,https://www.senate.gov/isvp/?comm=foreign&filename=foreign060613
CHRG-113shrg87359,2013-06-06,ssfi00,finance,https://www.senate.gov/isvp/?comm=finance&filename=finance060613
CHRG-113shrg94681,2013-06-06,sscm00,commerce,https://www.senate.gov/isvp/?comm=commerce&filename=commerce060613
CHRG-113shrg39104542,2013-06-11,ssap00,approps,https://www.senate.gov/isvp/?comm=approps&filename=appropsA061113
CHRG-113shrg82569,2013-06-11,ssga00,govtaff,https://www.senate.gov/isvp/?comm=govtaff&filename=govtaff061113
CHRG-113shrg87852,2013-06-11,sscm00,commerce,https://www.senate.gov/isvp/?comm=commerce&filename=commerce061113
CHRG-113shrg89766,2013-06-11,ssfi00,finance,https://www.senate.gov/isvp/?comm=finance&filename=finance061113
CHRG-113shrg39104563,2013-06-12,ssap00,approps,https://www.senate.gov/isvp/?comm=approps&filename=appropsA061213 https://www.senate.gov/isvp/?comm=approps&filename=appropsB061213
CHRG-113shrg81526,2013-06-12,ssap00,approps,https://www.senate.gov/isvp/?comm=approps&filename=appropsA061213 https://www.senate.gov/isvp/?comm=approps&filename=appropsB061213
CHRG-113shrg81611,2013-06-12,ssap00,approps,https://www.senate.gov/isvp/?comm=approps&filename=appropsA061213 https://www.senate.gov/isvp/?comm=approps&filename=appropsB061213
CHRG-113shrg82452,2013-06-12,ssga00,govtaff,https://www.senate.gov/isvp/?comm=govtaff&filename=govtaff061213
CHRG-113shrg82714,2013-06-12,ssva00,vetaff,https://www.senate.gov/isvp/?comm=vetaff&filename=vetaff061213
CHRG-113shrg85220,2013-06-12,slia00,indian,https://www.senate.gov/isvp/?comm=indian&filename=indian061213
CHRG-113jhrg95502,2013-06-13,jcse00,csce,https://www.senate.gov/isvp/?comm=csce&filename=csce061313
CHRG-113shrg82333,2013-06-13,ssbk00,banking,https://www.senate.gov/isvp/?comm=banking&filename=banking061313
CHRG-113shrg86776,2013-06-13,ssfr00,foreign,https://www.senate.gov/isvp/?comm=foreign&filename=foreign061313
CHRG-113shrg88752,2013-06-13,ssap00,approps,https://www.senate.gov/isvp/?comm=approps&filename=appropsA061313
CHRG-113shrg82431,2013-06-18,ssbk00,banking,https://www.senate.gov/isvp/?comm=banking&filename=banking061813
CHRG-113shrg82453,2013-06-18,ssga00,govtaff,https://www.senate.gov/isvp/?comm=govtaff&filename=govtaff061813
CHRG-113shrg86347,2013-06-18,ssfr00,foreign,https://www.senate.gov/isvp/?comm=foreign&filename=foreign061813
CHRG-113shrg86777,2013-06-18,ssfr00,foreign,https://www.senate.gov/isvp/?comm=foreign&filename=foreign061813
CHRG-113shrg87496,2013-06-18,ssfi00,finance,https://www.senate.gov/isvp/?comm=finance&filename=finance061813
CHRG-113shrg95255,2013-06-18,sscm00,commerce,https://www.senate.gov/isvp/?comm=commerce&filename=commerce061813
CHRG-113shrg39104549,2013-06-19,ssap00,approps,https://www.senate.gov/isvp/?comm=approps&filename=appropsA061913
CHRG-113shrg87689,2013-06-19,sscm00,commerce,https://www.senate.gov/isvp/?comm=commerce&filename=commerce061913
CHRG-113shrg88484,2013-06-19,ssju00,judiciary,https://www.senate.gov/isvp/?comm=judiciary&filename=judiciary061913
CHRG-113shrg88515,2013-06-19,sscm00,commerce,https://www.senate.gov/isvp/?comm=commerce&filename=commerce061913
CHRG-113shrg93289,2013-06-19,spag00,aging,https://www.senate.gov/isvp/?comm=aging&filename=aging061913
CHRG-113shrg99847,2013-06-19,sshr00,help,https://www.senate.gov/isvp/?comm=help&filename=help061913
CHRG-113shrg20039,2013-06-20,sshr00,help,https://www.senate.gov/isvp/?comm=help&filename=help062013
CHRG-113shrg82570,2013-06-20,ssga00,govtaff,https://www.senate.gov/isvp/?comm=govtaff&filename=govtaff062013
CHRG-113shrg82613,2013-06-20,sseg00,energy,https://www.senate.gov/isvp/?comm=energy&filename=energy062013
CHRG-113shrg87988,2013-06-20,sssb00,smbiz,https://www.senate.gov/isvp/?comm=smbiz&filename=smbiz062013
CHRG-113shrg82571,2013-06-24,ssga00,govtaff,https://www.senate.gov/isvp/?comm=govtaff&filename=govtaff062413
CHRG-113jhrg81855,2013-06-25,jcpk00,cecc,https://www.senate.gov/isvp/?comm=cecc&filename=cecc062513
CHRG-113shrg20296,2013-06-25,sshr00,help,https://www.senate.gov/isvp/?comm=help&filename=help062513
CHRG-113shrg39104528,2013-06-25,ssap00,approps,https://www.senate.gov/isvp/?comm=approps&filename=appropsA062513 https://www.senate.gov/isvp/?comm=approps&filename=appropsB062513
CHRG-113shrg82364,2013-06-25,ssbk00,banking,https://www.senate.gov/isvp/?comm=banking&filename=banking062513
CHRG-113shrg82572,2013-06-25,ssga00,govtaff,https://www.senate.gov/isvp/?comm=govtaff&filename=govtaff062513
CHRG-113shrg87944,2013-06-25,ssfi00,finance,https://www.senate.gov/isvp/?comm=finance&filename=finance062513
CHRG-113jhrg82371,2013-06-26,jsec00,jec,https://www.senate.gov/isvp/?comm=jec&filename=jec062613
CHRG-113shrg87577,2013-06-26,ssfi00,finance,https://www.senate.gov/isvp/?comm=finance&filename=finance062613
CHRG-113shrg87927,2013-06-26,sscm00,commerce,https://www.senate.gov/isvp/?comm=commerce&filename=commerce062613
CHRG-113shrg93290,2013-06-26,spag00,aging,https://www.senate.gov/isvp/?comm=aging&filename=aging062613
CHRG-113shrg82141,2013-06-27,ssbk00,banking,https://www.senate.gov/isvp/?comm=banking&filename=banking062713
CHRG-113shrg82573,2013-06-27,ssga00,govtaff,https://www.senate.gov/isvp/?comm=govtaff&filename=govtaff062713
CHRG-113shrg95874,2013-06-27,ssev00,epw,https://www.senate.gov/isvp/?comm=epw&filename=epw062713
CHRG-113shrg23750,2013-07-09,ssju00,judiciary,https://www.senate.gov/isvp/?comm=judiciary&filename=judiciary070913
CHRG-113shrg82574,2013-07-09,ssga00,govtaff,https://www.senate.gov/isvp/?comm=govtaff&filename=govtaff070913
CHRG-113jhrg82370,2013-07-10,jsec00,jec,https://www.senate.gov/isvp/?comm=jec&filename=jec071013
CHRG-113shrg82575,2013-07-10,ssga00,govtaff,https://www.senate.gov/isvp/?comm=govtaff&filename=govtaff071013
CHRG-113shrg85765,2013-07-10,sscm00,commerce,https://www.senate.gov/isvp/?comm=commerce&filename=commerce071013
CHRG-113shrg87565,2013-07-10,ssaf00,ag,https://www.senate.gov/isvp/?comm=ag&filename=ag071013
CHRG-113shrg87971,2013-07-10,ssfi00,finance,https://www.senate.gov/isvp/?comm=finance&filename=finance071013
CHRG-113shrg91169,2013-07-10,spag00,aging,https://www.senate.gov/isvp/?comm=aging&filename=aging071013
CHRG-113shrg94843,2013-07-10,ssju00,judiciary,https://www.senate.gov/isvp/?comm=judiciary&filename=judiciary071013
CHRG-113shrg82713,2013-07-11,ssbk00,banking,https://www.senate.gov/isvp/?comm=banking&filename=banking071113
CHRG-113shrg86348,2013-07-11,ssfr00,foreign,https://www.senate.gov/isvp/?comm=foreign&filename=foreign071113
CHRG-113shrg86710,2013-07-11,sseg00,energy,https://www.senate.gov/isvp/?comm=energy&filename=energy071113
CHRG-113shrg82576,2013-07-12,ssga00,govtaff,https://www.senate.gov/isvp/?comm=govtaff&filename=govtaff071213
CHRG-113shrg82577,2013-07-15,ssga00,govtaff,https://www.senate.gov/isvp/?comm=govtaff&filename=govtaff071513
CHRG-113jhrg95489,2013-07-16,jcse00,csce,https://www.senate.gov/isvp/?comm=csce&filename=csce071613
CHRG-113shrg20421,2013-07-16,sshr00,help,https://www.senate.gov/isvp/?comm=help&filename=help071613
CHRG-113shrg82567,2013-07-16,ssbk00,banking,https://www.senate.gov/isvp/?comm=banking&filename=banking071613
CHRG-113shrg82578,2013-07-16,ssga00,govtaff,https://www.senate.gov/isvp/?comm=govtaff&filename=govtaff071613
CHRG-113shrg82692,2013-07-16,sseg00,energy,https://www.senate.gov/isvp/?comm=energy&filename=energy071613
CHRG-113shrg82743,2013-07-16,ssga00,govtaff,https://www.senate.gov/isvp/?comm=govtaff&filename=govtaff071613
CHRG-113shrg86774,2013-07-16,sseg00,energy,https://www.senate.gov/isvp/?comm=energy&filename=energy071613
CHRG-113shrg86864,2013-07-16,ssfr00,foreign,https://www.senate.gov/isvp/?comm=foreign&filename=foreign071613
CHRG-113shrg39104550,2013-07-17,ssap00,approps,https://www.senate.gov/isvp/?comm=approps&filename=appropsA071713
CHRG-113shrg82718,2013-07-17,ssbk00,banking,https://www.senate.gov/isvp/?comm=banking&filename=banking071713
CHRG-113shrg82840,2013-07-17,sscm00,commerce,https://www.senate.gov/isvp/?comm=commerce&filename=commerce071713
CHRG-113shrg85768,2013-07-17,sscm00,commerce,https://www.senate.gov/isvp/?comm=commerce&filename=commerce071713
CHRG-113shrg87566,2013-07-17,ssaf00,ag,https://www.senate.gov/isvp/?comm=ag&filename=ag071713
CHRG-113shrg87580,2013-07-17,sssb00,smbiz,https://www.senate.gov/isvp/?comm=smbiz&filename=smbiz071713
CHRG-113shrg87789,2013-07-17,ssfi00,finance,https://www.senate.gov/isvp/?comm=finance&filename=finance071713
CHRG-113shrg88717,2013-07-17,ssju00,judiciary,https://www.senate.gov/isvp/?comm=judiciary&filename=judiciary071713
CHRG-113shrg82735,2013-07-18,ssbk00,banking,https://www.senate.gov/isvp/?comm=banking&filename=banking071813
CHRG-113shrg82760,2013-07-18,sseg00,energy,https://www.senate.gov/isvp/?comm=energy&filename=energy071813
CHRG-113shrg89658,2013-07-18,ssfi00,finance,https://www.senate.gov/isvp/?comm=finance&filename=finance071813
CHRG-113shrg95976,2013-07-18,ssev00,epw,https://www.senate.gov/isvp/?comm=epw&filename=epw071813
CHRG-113shrg95876,2013-07-22,ssev00,epw,https://www.senate.gov/isvp/?comm=epw&filename=epw072213
CHRG-113jhrg95488,2013-07-23,jcse00,csce,
CHRG-113shrg20524,2013-07-23,sshr00,help,https://www.senate.gov/isvp/?comm=help&filename=help072313
CHRG-113shrg82568,2013-07-23,ssbk00,banking,https://www.senate.gov/isvp/?comm=banking&filename=banking072313
CHRG-113shrg82744,2013-07-23,ssga00,govtaff,https://www.senate.gov/isvp/?comm=govtaff&filename=govtaff072313
CHRG-113shrg82781,2013-07-23,ssbk00,banking,https://www.senate.gov/isvp/?comm=banking&filename=banking072313
CHRG-113shrg85452,2013-07-23,ssju00,judiciary,https://www.senate.gov/isvp/?comm=judiciary&filename=judiciary072313
CHRG-113shrg85874,2013-07-23,sseg00,energy,https://www.senate.gov/isvp/?comm=energy&filename=energy072313
CHRG-113shrg87567,2013-07-23,ssaf00,ag,https://www.senate.gov/isvp/?comm=ag&filename=ag072313
CHRG-113shrg87797,2013-07-23,sscm00,commerce,https://www.senate.gov/isvp/?comm=commerce&filename=commerce072313
CHRG-113shrg87818,2013-07-23,ssju00,judiciary,https://www.senate.gov/isvp/?comm=judiciary&filename=judiciary072313
CHRG-113shrg95877,2013-07-23,ssev00,epw,https://www.senate.gov/isvp/?comm=epw&filename=epw072313
CHRG-113jhrg82357,2013-07-24,jsec00,jec,https://www.senate.gov/isvp/?comm=jec&filename=jec072413
CHRG-113shrg26148,2013-07-24,ssju00,judiciary,https://www.senate.gov/isvp/?comm=judiciary&filename=judiciary072413
CHRG-113shrg82782,2013-07-24,ssbk00,banking,https://www.senate.gov/isvp/?comm=banking&filename=banking072413
CHRG-113shrg86260,2013-07-24,sssb00,smbiz,https://www.senate.gov/isvp/?comm=smbiz&filename=smbiz072413
CHRG-113shrg86349,2013-07-24,ssfr00,foreign,https://www.senate.gov/isvp/?comm=foreign&filename=foreign072413
CHRG-113shrg86666,2013-07-24,sscm00,commerce,https://www.senate.gov/isvp/?comm=commerce&filename=commerce072413
CHRG-113shrg88063,2013-07-24,ssfi00,finance,https://www.senate.gov/isvp/?comm=finance&filename=finance072413
CHRG-113shrg91170,2013-07-24,spag00,aging,https://www.senate.gov/isvp/?comm=aging&filename=aging072413
CHRG-113shrg94526,2013-07-24,sscm00,commerce,https://www.senate.gov/isvp/?comm=commerce&filename=commerce072413
CHRG-113shrg95878,2013-07-24,ssev00,epw,https://www.senate.gov/isvp/?comm=epw&filename=epw072413
CHRG-113shrg96017,2013-07-24,ssev00,epw,https://www.senate.gov/isvp/?comm=epw&filename=epw072413
CHRG-113shrg82745,2013-07-25,ssga00,govtaff,https://www.senate.gov/isvp/?comm=govtaff&filename=govtaff072513
CHRG-113shrg82796,2013-07-25,sseg00,energy,https://www.senate.gov/isvp/?comm=energy&filename=energy072513
CHRG-113shrg87360,2013-07-25,sseg00,energy,https://www.senate.gov/isvp/?comm=energy&filename=energy072513
CHRG-113shrg87817,2013-07-25,sscm00,commerce,https://www.senate.gov/isvp/?comm=commerce&filename=commerce072513
CHRG-113shrg88081,2013-07-25,sscm00,commerce,https://www.senate.gov/isvp/?comm=commerce&filename=commerce072513
CHRG-113shrg90798,2013-07-25,ssfr00,foreign,https://www.senate.gov/isvp/?comm=foreign&filename=foreign072513
CHRG-113shrg82823,2013-07-30,ssbk00,banking,https://www.senate.gov/isvp/?comm=banking&filename=banking073013
CHRG-113shrg82863,2013-07-30,sseg00,energy,https://www.senate.gov/isvp/?comm=energy&filename=energy073013
CHRG-113shrg85875,2013-07-30,sseg00,energy,https://www.senate.gov/isvp/?comm=energy&filename=energy073013
CHRG-113shrg88369,2013-07-30,ssju00,judiciary,https://www.senate.gov/isvp/?comm=judiciary&filename=judiciary073013
CHRG-113jhrg95487,2013-07-31,jcse00,csce,
CHRG-113shrg82715,2013-07-31,ssva00,vetaff,https://www.senate.gov/isvp/?comm=vetaff&filename=vetaff073113
CHRG-113shrg82746,2013-07-31,ssga00,govtaff,https://www.senate.gov/isvp/?comm=govtaff&filename=govtaff073113
CHRG-113shrg85179,2013-07-31,sseg00,energy,https://www.senate.gov/isvp/?comm=energy&filename=energy073113
CHRG-113shrg85897,2013-07-31,slia00,indian,https://www.senate.gov/isvp/?comm=indian&filename=indian073113
CHRG-113shrg86350,2013-07-31,ssfr00,foreign,https://www.senate.gov/isvp/?comm=foreign&filename=foreign073113
CHRG-113shrg88062,2013-07-31,ssfi00,finance,https://www.senate.gov/isvp/?comm=finance&filename=finance073113
CHRG-113shrg88671,2013-07-31,ssju00,judiciary,https://www.senate.gov/isvp/?comm=judiciary&filename=judiciary073113
CHRG-113shrg88760,2013-07-31,sscm00,commerce,https://www.senate.gov/isvp/?comm=commerce&filename=commerce073113
CHRG-113shrg96018,2013-07-31,ssev00,epw,https://www.senate.gov/isvp/?comm=epw&filename=epw073113
CHRG-113shrg82747,2013-08-01,ssga00,govtaff,https://www.senate.gov/isvp/?comm=govtaff&filename=govtaff080113
CHRG-113shrg88895,2013-08-01,ssju00,judiciary,https://www.senate.gov/isvp/?comm=judiciary&filename=judiciary080113
CHRG-113shrg97796,2013-08-13,sscm00,commerce,
CHRG-113shrg86259,2013-08-19,sssb00,smbiz,
CHRG-113shrg86794,2013-08-19,sscm00,commerce,
CHRG-113shrg91222,2013-09-03,ssfr00,foreign,https://www.senate.gov/isvp/?comm=foreign&filename=foreign090313
CHRG-113shrg96019,2013-09-03,ssev00,epw,
CHRG-113shrg96020,2013-09-04,ssev00,epw,
CHRG-113shrg85117,2013-09-10,ssbk00,banking,https://www.senate.gov/isvp/?comm=banking&filename=banking091013
CHRG-113shrg86263,2013-09-10,slia00,indian,https://www.senate.gov/isvp/?comm=indian&filename=indian091013
CHRG-113shrg88957,2013-09-10,ssju00,judiciary,https://www.senate.gov/isvp/?comm=judiciary&filename=judiciary091013
CHRG-113shrg93426,2013-09-10,ssju00,judiciary,https://www.senate.gov/isvp/?comm=judiciary&filename=judiciary091013
CHRG-113shrg39104564,2013-09-11,ssap00,approps,https://www.senate.gov/isvp/?comm=approps&filename=appropsA091113
CHRG-113shrg20708,2013-09-12,sshr00,help,https://www.senate.gov/isvp/?comm=help&filename=help091213
CHRG-113shrg85236,2013-09-12,ssbk00,banking,https://www.senate.gov/isvp/?comm=banking&filename=banking091213
CHRG-113shrg85508,2013-09-13,ssga00,govtaff,https://www.senate.gov/isvp/?comm=govtaff&filename=govtaff091313
CHRG-113shrg85348,2013-09-17,sseg00,energy,https://www.senate.gov/isvp/?comm=energy&filename=energy091713
CHRG-114jhrg97748,2013-09-17,jcse00,csce,https://www.senate.gov/isvp/?comm=csce&filename=csce091713
CHRG-113jhrg85219,2013-09-18,jsec00,jec,https://www.senate.gov/isvp/?comm=jec&filename=jec091813
CHRG-113shrg25450,2013-09-18,spag00,aging,https://www.senate.gov/isvp/?comm=aging&filename=aging091813
CHRG-113shrg26660,2013-09-18,spag00,aging,https://www.senate.gov/isvp/?comm=aging&filename=aging091813
CHRG-113shrg85390,2013-09-18,ssbk00,banking,https://www.senate.gov/isvp/?comm=banking&filename=banking091813
CHRG-113shrg85507,2013-09-18,ssga00,govtaff,https://www.senate.gov/isvp/?comm=govtaff&filename=govtaff091813
CHRG-113shrg85570,2013-09-18,ssbk00,banking,https://www.senate.gov/isvp/?comm=banking&filename=banking091813
CHRG-113shrg88039,2013-09-18,sssb00,smbiz,https://www.senate.gov/isvp/?comm=smbiz&filename=smbiz091813
CHRG-113shrg88998,2013-09-18,ssju00,judiciary,https://www.senate.gov/isvp/?comm=judiciary&filename=judiciary091813
CHRG-113shrg93949,2013-09-18,sscm00,commerce,https://www.senate.gov/isvp/?comm=commerce&filename=commerce091813
CHRG-113shrg96021,2013-09-18,ssev00,epw,https://www.senate.gov/isvp/?comm=epw&filename=epw091813
CHRG-113shrg21435,2013-09-19,sshr00,help,https://www.senate.gov/isvp/?comm=help&filename=help091913
CHRG-113shrg85506,2013-09-19,ssga00,govtaff,https://www.senate.gov/isvp/?comm=govtaff&filename=govtaff091913
CHRG-113shrg85769,2013-09-19,sseg00,energy,https://www.senate.gov/isvp/?comm=energy&filename=energy091913
CHRG-113shrg89894,2013-09-19,sscm00,commerce,https://www.senate.gov/isvp/?comm=commerce&filename=commerce091913
CHRG-113shrg85505,2013-09-23,ssga00,govtaff,https://www.senate.gov/isvp/?comm=govtaff&filename=govtaff092313
CHRG-113shrg20866,2013-09-24,sshr00,help,https://www.senate.gov/isvp/?comm=help&filename=help092413
CHRG-113shrg87537,2013-09-24,sscm00,commerce,https://www.senate.gov/isvp/?comm=commerce&filename=commerce092413
CHRG-113shrg87853,2013-09-24,sscm00,commerce,https://www.senate.gov/isvp/?comm=commerce&filename=commerce092413
CHRG-113shrg96022,2013-09-24,ssev00,epw,https://www.senate.gov/isvp/?comm=epw&filename=epw092413
CHRG-113shrg24006,2013-09-25,ssju00,judiciary,https://www.senate.gov/isvp/?comm=judiciary&filename=judiciary092513
CHRG-113shrg85504,2013-09-25,ssga00,govtaff,https://www.senate.gov/isvp/?comm=govtaff&filename=govtaff092513
CHRG-113shrg85985,2013-09-25,ssbk00,banking,https://www.senate.gov/isvp/?comm=banking&filename=banking092513
CHRG-113shrg85986,2013-09-25,ssbk00,banking,https://www.senate.gov/isvp/?comm=banking&filename=banking092513
CHRG-113shrg91173,2013-09-25,spag00,aging,https://www.senate.gov/isvp/?comm=aging&filename=aging092513
CHRG-113shrg96023,2013-09-25,ssev00,epw,https://www.senate.gov/isvp/?comm=epw&filename=epw092513
CHRG-113shrg85119,2013-09-26,sshr00,help,https://www.senate.gov/isvp/?comm=help&filename=help092613
CHRG-113shrg85407,2013-10-01,sseg00,energy,https://www.senate.gov/isvp/?comm=energy&filename=energy100113
CHRG-113shrg86292,2013-10-01,ssbk00,banking,https://www.senate.gov/isvp/?comm=banking&filename=banking100113
CHRG-113shrg28112,2013-10-02,ssju00,judiciary,https://www.senate.gov/isvp/?comm=judiciary&filename=judiciary100213
CHRG-113shrg85502,2013-10-02,ssga00,govtaff,https://www.senate.gov/isvp/?comm=govtaff&filename=govtaff100213
CHRG-113shrg85503,2013-10-02,ssga00,govtaff,https://www.senate.gov/isvp/?comm=govtaff&filename=govtaff100213
CHRG-113shrg86351,2013-10-03,ssfr00,foreign,https://www.senate.gov/isvp/?comm=foreign&filename=foreign100313
CHRG-113shrg85499,2013-10-07,ssga00,govtaff,https://www.senate.gov/isvp/?comm=govtaff&filename=govtaff100713
CHRG-113shrg85501,2013-10-08,ssga00,govtaff,https://www.senate.gov/isvp/?comm=govtaff&filename=govtaff100813
CHRG-113shrg86352,2013-10-08,ssfr00,foreign,https://www.senate.gov/isvp/?comm=foreign&filename=foreign100813
CHRG-113shrg86401,2013-10-09,ssbk00,banking,https://www.senate.gov/isvp/?comm=banking&filename=banking100913
CHRG-113shrg86878,2013-10-10,ssbk00,banking,https://www.senate.gov/isvp/?comm=banking&filename=banking101013
CHRG-113shrg88306,2013-10-10,ssfi00,finance,https://www.senate.gov/isvp/?comm=finance&filename=finance101013
CHRG-113jhrg85408,2013-10-11,jsec00,jec,https://www.senate.gov/isvp/?comm=jec&filename=jec101113
CHRG-113shrg93946,2013-10-11,sscm00,commerce,https://www.senate.gov/isvp/?comm=commerce&filename=commerce101113
CHRG-113shrg87989,2013-10-15,sssb00,smbiz,https://www.senate.gov/isvp/?comm=smbiz&filename=smbiz101513
CHRG-113shrg29104522,2013-10-21,ssap00,approps,
CHRG-113shrg87089,2013-10-28,sscm00,commerce,
CHRG-113shrg86275,2013-10-29,ssbk00,banking,https://www.senate.gov/isvp/?comm=banking&filename=banking102913
CHRG-113shrg88384,2013-10-29,sscm00,commerce,https://www.senate.gov/isvp/?comm=commerce&filename=commerce102913
CHRG-113shrg91175,2013-10-29,spag00,aging,https://www.senate.gov/isvp/?comm=aging&filename=aging102913
CHRG-113shrg94124,2013-10-29,ssju00,judiciary,https://www.senate.gov/isvp/?comm=judiciary&filename=judiciary102913
CHRG-113shrg85415,2013-10-30,ssva00,vetaff,https://www.senate.gov/isvp/?comm=vetaff&filename=vetaff103013
CHRG-113shrg86760,2013-10-30,ssbk00,banking,https://www.senate.gov/isvp/?comm=banking&filename=banking103013
CHRG-113shrg87270,2013-10-30,slia00,indian,https://www.senate.gov/isvp/?comm=indian&filename=indian103013
CHRG-113shrg88432,2013-10-30,ssfi00,finance,https://www.senate.gov/isvp/?comm=finance&filename=finance103013
CHRG-113shrg21537,2013-10-31,sshr00,help,https://www.senate.gov/isvp/?comm=help&filename=help103113
CHRG-113shrg85500,2013-10-31,ssga00,govtaff,https://www.senate.gov/isvp/?comm=govtaff&filename=govtaff103113
CHRG-113shrg86598,2013-10-31,ssbk00,banking,https://www.senate.gov/isvp/?comm=banking&filename=banking103113
CHRG-113shrg86865,2013-10-31,ssfr00,foreign,https://www.senate.gov/isvp/?comm=foreign&filename=foreign103113
CHRG-113shrg21630,2013-11-05,sshr00,help,https://www.senate.gov/isvp/?comm=help&filename=help110513
CHRG-113shrg86647,2013-11-05,ssbk00,banking,https://www.senate.gov/isvp/?comm=banking&filename=banking110513
CHRG-113shrg87568,2013-11-05,ssaf00,ag,https://www.senate.gov/isvp/?comm=ag&filename=ag110513
CHRG-113shrg89395,2013-11-05,ssju00,judiciary,https://www.senate.gov/isvp/?comm=judiciary&filename=judiciary110513
CHRG-113shrg96024,2013-11-05,ssev00,epw,https://www.senate.gov/isvp/?comm=epw&filename=epw110513
CHRG-113shrg25451,2013-11-06,spag00,aging,https://www.senate.gov/isvp/?comm=aging&filename=aging110613
CHRG-113shrg26149,2013-11-06,ssju00,judiciary,https://www.senate.gov/isvp/?comm=judiciary&filename=judiciary110613
CHRG-113shrg85416,2013-11-06,ssva00,vetaff,https://www.senate.gov/isvp/?comm=vetaff&filename=vetaff110613
CHRG-113shrg86633,2013-11-06,ssga00,govtaff,https://www.senate.gov/isvp/?comm=govtaff&filename=govtaff110613
CHRG-113shrg93625,2013-11-06,ssfi00,finance,https://www.senate.gov/isvp/?comm=finance&filename=finance110613
CHRG-113shrg94535,2013-11-06,sscm00,commerce,https://www.senate.gov/isvp/?comm=commerce&filename=commerce110613
CHRG-113shrg86711,2013-11-07,ssbk00,banking,https://www.senate.gov/isvp/?comm=banking&filename=banking110713
CHRG-113shrg86955,2013-11-07,sscm00,commerce,https://www.senate.gov/isvp/?comm=commerce&filename=commerce110713
CHRG-113shrg87345,2013-11-07,sseg00,energy,
CHRG-113shrg88640,2013-11-07,ssas00,armed,https://www.senate.gov/isvp/?comm=armed&filename=armed110713
CHRG-113shrg89428,2013-11-07,ssju00,judiciary,https://www.senate.gov/isvp/?comm=judiciary&filename=judiciary110713
CHRG-113shrg86305,2013-11-08,sssb00,smbiz,
CHRG-113shrg22265,2013-11-12,sshr00,help,https://www.senate.gov/isvp/?comm=help&filename=help111213
CHRG-113shrg86879,2013-11-12,ssbk00,banking,https://www.senate.gov/isvp/?comm=banking&filename=banking111213
CHRG-113shrg90879,2013-11-12,ssbk00,banking,https://www.senate.gov/isvp/?comm=banking&filename=banking111213
CHRG-113jhrg85691,2013-11-13,jsec00,jec,https://www.senate.gov/isvp/?comm=jec&filename=jec111313
CHRG-113shrg24007,2013-11-13,ssju00,judiciary,https://www.senate.gov/isvp/?comm=judiciary&filename=judiciary111313
CHRG-113shrg86306,2013-11-13,sssb00,smbiz,https://www.senate.gov/isvp/?comm=smbiz&filename=smbiz111313
CHRG-113shrg86634,2013-11-13,ssga00,govtaff,https://www.senate.gov/isvp/?comm=govtaff&filename=govtaff111313
CHRG-113shrg89466,2013-11-13,ssju00,judiciary,https://www.senate.gov/isvp/?comm=judiciary&filename=judiciary111313
CHRG-113shrg95215,2013-11-13,sscm00,commerce,https://www.senate.gov/isvp/?comm=commerce&filename=commerce111313
CHRG-113shrg22266,2013-11-14,sshr00,help,https://www.senate.gov/isvp/?comm=help&filename=help111413
CHRG-113shrg85910,2013-11-14,ssbk00,banking,https://www.senate.gov/isvp/?comm=banking&filename=banking111413
CHRG-113shrg86167,2013-11-14,sseg00,energy,
CHRG-113shrg86353,2013-11-14,ssfr00,foreign,https://www.senate.gov/isvp/?comm=foreign&filename=foreign111413
CHRG-113shrg86635,2013-11-14,ssga00,govtaff,https://www.senate.gov/isvp/?comm=govtaff&filename=govtaff111413
CHRG-113shrg89367,2013-11-14,slia00,indian,https://www.senate.gov/isvp/?comm=indian&filename=indian111413
CHRG-113shrg89503,2013-11-14,ssju00,judiciary,https://www.senate.gov/isvp/?comm=judiciary&filename=judiciary111413
CHRG-113shrg95418,2013-11-14,sscm00,commerce,https://www.senate.gov/isvp/?comm=commerce&filename=commerce111413
CHRG-113shrg86636,2013-11-18,ssga00,govtaff,https://www.senate.gov/isvp/?comm=govtaff&filename=govtaff111813
CHRG-113jhrg95485,2013-11-19,jcse00,csce,https://www.senate.gov/isvp/?comm=csce&filename=csce111913
CHRG-113shrg86354,2013-11-19,ssfr00,foreign,https://www.senate.gov/isvp/?comm=foreign&filename=foreign111913
CHRG-113shrg86637,2013-11-19,ssga00,govtaff,https://www.senate.gov/isvp/?comm=govtaff&filename=govtaff111913
CHRG-113shrg87095,2013-11-19,ssbk00,banking,https://www.senate.gov/isvp/?comm=banking&filename=banking111913
CHRG-113shrg22267,2013-11-20,sshr00,help,https://www.senate.gov/isvp/?comm=help&filename=help112013
CHRG-113shrg86638,2013-11-20,ssga00,govtaff,https://www.senate.gov/isvp/?comm=govtaff&filename=govtaff112013
CHRG-113shrg87133,2013-11-20,slia00,indian,https://www.senate.gov/isvp/?comm=indian&filename=indian112013
CHRG-113shrg88463,2013-11-20,sssb00,smbiz,https://www.senate.gov/isvp/?comm=smbiz&filename=smbiz112013
CHRG-113shrg88886,2013-11-20,sseg00,energy,
CHRG-113shrg89464,2013-11-20,sscm00,commerce,https://www.senate.gov/isvp/?comm=commerce&filename=commerce112013
CHRG-113shrg89659,2013-11-20,ssfi00,finance,https://www.senate.gov/isvp/?comm=finance&filename=finance112013
CHRG-113jhrg86657,2013-11-21,jcpk00,cecc,https://www.senate.gov/isvp/?comm=cecc&filename=cecc112113
CHRG-113shrg86355,2013-11-21,ssfr00,foreign,https://www.senate.gov/isvp/?comm=foreign&filename=foreign112113
CHRG-113shrg86803,2013-11-21,ssbk00,banking,https://www.senate.gov/isvp/?comm=banking&filename=banking112113
CHRG-113shrg89822,2013-11-21,sscm00,commerce,https://www.senate.gov/isvp/?comm=commerce&filename=commerce112113
CHRG-113shrg22268,2013-11-22,sshr00,help,
CHRG-113shrg86866,2013-11-22,ssbk00,banking,https://www.senate.gov/isvp/?comm=banking&filename=banking112213
CHRG-113shrg22278,2013-12-10,sshr00,help,https://www.senate.gov/isvp/?comm=help&filename=help121013
CHRG-113shrg49104580,2013-12-10,ssap00,approps,https://www.senate.gov/isvp/?comm=approps&filename=appropsA121013
CHRG-113shrg87318,2013-12-10,ssbk00,banking,https://www.senate.gov/isvp/?comm=banking&filename=banking121013
CHRG-113shrg88868,2013-12-10,sscm00,commerce,https://www.senate.gov/isvp/?comm=commerce&filename=commerce121013
CHRG-113shrg89660,2013-12-10,ssfi00,finance,https://www.senate.gov/isvp/?comm=finance&filename=finance121013
CHRG-113shrg90799,2013-12-10,ssfr00,foreign,https://www.senate.gov/isvp/?comm=foreign&filename=foreign121013
CHRG-113jhrg86658,2013-12-11,jcpk00,cecc,https://www.senate.gov/isvp/?comm=cecc&filename=cecc121113
CHRG-113jhrg95402,2013-12-11,jcse00,csce,https://www.senate.gov/isvp/?comm=csce&filename=csce121113
CHRG-113shrg25452,2013-12-11,spag00,aging,https://www.senate.gov/isvp/?comm=aging&filename=aging121113
CHRG-113shrg28113,2013-12-11,ssju00,judiciary,https://www.senate.gov/isvp/?comm=judiciary&filename=judiciary121113
CHRG-113shrg86132,2013-12-11,ssva00,vetaff,https://www.senate.gov/isvp/?comm=vetaff&filename=vetaff121113
CHRG-113shrg86639,2013-12-11,ssga00,govtaff,https://www.senate.gov/isvp/?comm=govtaff&filename=govtaff121113
CHRG-113shrg87132,2013-12-11,slia00,indian,https://www.senate.gov/isvp/?comm=indian&filename=indian121113
CHRG-113shrg87798,2013-12-11,ssbk00,banking,https://www.senate.gov/isvp/?comm=banking&filename=banking121113
CHRG-113shrg89368,2013-12-11,slia00,indian,https://www.senate.gov/isvp/?comm=indian&filename=indian121113
CHRG-113shrg96025,2013-12-11,ssev00,epw,https://www.senate.gov/isvp/?comm=epw&filename=epw121113
CHRG-113shrg22269,2013-12-12,sshr00,help,https://www.senate.gov/isvp/?comm=help&filename=help121213
CHRG-113shrg86264,2013-12-12,sseg00,energy,
CHRG-113shrg87828,2013-12-12,ssbk00,banking,https://www.senate.gov/isvp/?comm=banking&filename=banking121213
CHRG-113shrg93659,2013-12-12,sscm00,commerce,https://www.senate.gov/isvp/?comm=commerce&filename=commerce121213
CHRG-113shrg86425,2013-12-17,sseg00,energy,https://www.senate.gov/isvp/?comm=energy&filename=energy121713
CHRG-113shrg86778,2013-12-17,ssfr00,foreign,https://www.senate.gov/isvp/?comm=foreign&filename=foreign121713
CHRG-113shrg89563,2013-12-17,ssju00,judiciary,https://www.senate.gov/isvp/?comm=judiciary&filename=judiciary121713
CHRG-113shrg94151,2013-12-17,ssju00,judiciary,https://www.senate.gov/isvp/?comm=judiciary&filename=judiciary121713
CHRG-113shrg96026,2013-12-17,ssev00,epw,https://www.senate.gov/isvp/?comm=epw&filename=epw121713
CHRG-113shrg25453,2013-12-18,spag00,aging,https://www.senate.gov/isvp/?comm=aging&filename=aging121813
CHRG-113shrg86779,2013-12-18,ssfr00,foreign,https://www.senate.gov/isvp/?comm=foreign&filename=foreign121813
CHRG-113shrg88820,2013-12-18,ssfi00,finance,https://www.senate.gov/isvp/?comm=finance&filename=finance121813
CHRG-113shrg89804,2013-12-18,sssb00,smbiz,https://www.senate.gov/isvp/?comm=smbiz&filename=smbiz121813
CHRG-113shrg95838,2013-12-18,sscm00,commerce,https://www.senate.gov/isvp/?comm=commerce&filename=commerce121813
CHRG-113shrg28392,2014-01-07,ssju00,judiciary,https://www.senate.gov/isvp/?comm=judiciary&filename=judiciary010714
CHRG-113shrg24284,2014-01-08,ssju00,judiciary,https://www.senate.gov/isvp/?comm=judiciary&filename=judiciary010814
CHRG-113shrg88269,2014-01-08,ssga00,govtaff,https://www.senate.gov/isvp/?comm=govtaff&filename=govtaff010814
CHRG-113shrg89479,2014-01-08,ssbk00,banking,https://www.senate.gov/isvp/?comm=banking&filename=banking010814
CHRG-113shrg93484,2014-01-09,ssfr00,foreign,https://www.senate.gov/isvp/?comm=foreign&filename=foreign010914
CHRG-113jhrg86840,2014-01-10,jsec00,jec,https://www.senate.gov/isvp/?comm=jec&filename=jec011014
CHRG-113shrg88270,2014-01-14,ssga00,govtaff,https://www.senate.gov/isvp/?comm=govtaff&filename=govtaff011414
CHRG-113shrg88271,2014-01-14,ssga00,govtaff,https://www.senate.gov/isvp/?comm=govtaff&filename=govtaff011414
CHRG-113shrg94477,2014-01-14,ssju00,judiciary,https://www.senate.gov/isvp/?comm=judiciary&filename=judiciary011414
CHRG-113jhrg86659,2014-01-15,jcpk00,cecc,https://www.senate.gov/isvp/?comm=cecc&filename=cecc011514
CHRG-113shrg26050,2014-01-15,spag00,aging,https://www.senate.gov/isvp/?comm=aging&filename=aging011514
CHRG-113shrg89605,2014-01-15,ssbk00,banking,https://www.senate.gov/isvp/?comm=banking&filename=banking011514
CHRG-113shrg89640,2014-01-15,ssfi00,finance,https://www.senate.gov/isvp/?comm=finance&filename=finance011514
CHRG-113shrg91859,2014-01-15,ssfr00,foreign,https://www.senate.gov/isvp/?comm=foreign&filename=foreign011514
CHRG-113shrg95865,2014-01-15,sscm00,commerce,https://www.senate.gov/isvp/?comm=commerce&filename=commerce011514
CHRG-113jhrg86524,2014-01-16,jsec00,jec,https://www.senate.gov/isvp/?comm=jec&filename=jec011614
CHRG-113shrg49104586,2014-01-16,ssap00,approps,
CHRG-113shrg86400,2014-01-16,sshr00,help,https://www.senate.gov/isvp/?comm=help&filename=help011614
CHRG-113shrg89425,2014-01-16,ssfi00,finance,https://www.senate.gov/isvp/?comm=finance&filename=finance011614
CHRG-113shrg89544,2014-01-16,ssbk00,banking,https://www.senate.gov/isvp/?comm=banking&filename=banking011614
CHRG-113shrg91524,2014-01-16,sscm00,commerce,https://www.senate.gov/isvp/?comm=commerce&filename=commerce011614
CHRG-113shrg93919,2014-01-16,ssas00,armed,https://www.senate.gov/isvp/?comm=armed&filename=armedA011614
CHRG-113shrg96040,2014-01-16,ssfr00,foreign,https://www.senate.gov/isvp/?comm=foreign&filename=foreign011614
CHRG-113shrg97581,2014-01-16,ssev00,epw,https://www.senate.gov/isvp/?comm=epw&filename=epw011614
CHRG-113shrg88417,2014-01-21,sssb00,smbiz,
CHRG-113shrg46922,2014-01-22,spag00,aging,
CHRG-113shrg86877,2014-01-28,sseg00,energy,https://www.senate.gov/isvp/?comm=energy&filename=energy012814
CHRG-113shrg88272,2014-01-28,ssga00,govtaff,https://www.senate.gov/isvp/?comm=govtaff&filename=govtaff012814
CHRG-113shrg89641,2014-01-28,ssbk00,banking,https://www.senate.gov/isvp/?comm=banking&filename=banking012814
CHRG-113shrg91223,2014-01-28,ssas00,armed,https://www.senate.gov/isvp/?comm=armed&filename=armedA012814
CHRG-113shrg28393,2014-01-29,ssju00,judiciary,https://www.senate.gov/isvp/?comm=judiciary&filename=judiciary012914
CHRG-113shrg88302,2014-01-29,slia00,indian,https://www.senate.gov/isvp/?comm=indian&filename=indian012914
CHRG-113shrg89717,2014-01-29,ssbk00,banking,https://www.senate.gov/isvp/?comm=banking&filename=banking012914
CHRG-113shrg93211,2014-01-29,slin00,intel,https://www.senate.gov/isvp/?comm=intel&filename=intel012914
CHRG-113shrg88273,2014-01-30,ssga00,govtaff,https://www.senate.gov/isvp/?comm=govtaff&filename=govtaff013014
CHRG-113shrg89383,2014-01-30,sseg00,energy,https://www.senate.gov/isvp/?comm=energy&filename=energy013014
CHRG-113shrg89639,2014-01-30,ssfi00,finance,https://www.senate.gov/isvp/?comm=finance&filename=finance013014
CHRG-113shrg93467,2014-01-30,ssfr00,foreign,https://www.senate.gov/isvp/?comm=foreign&filename=foreign013014
CHRG-113shrg96038,2014-01-30,sscm00,commerce,https://www.senate.gov/isvp/?comm=commerce&filename=commerce013014
CHRG-113shrg97582,2014-01-30,ssev00,epw,https://www.senate.gov/isvp/?comm=epw&filename=epw013014
CHRG-113shrg39104541,2014-01-31,ssap00,approps,
CHRG-113shrg88374,2014-02-03,ssbk00,banking,https://www.senate.gov/isvp/?comm=banking&filename=banking020314
CHRG-113shrg86664,2014-02-04,sshr00,help,https://www.senate.gov/isvp/?comm=help&filename=help020414
CHRG-113shrg86876,2014-02-04,sseg00,energy,https://www.senate.gov/isvp/?comm=energy&filename=energy020414
CHRG-113shrg88274,2014-02-04,ssga00,govtaff,https://www.senate.gov/isvp/?comm=govtaff&filename=govtaff020414
CHRG-113shrg90875,2014-02-04,ssbu00,budget,https://www.senate.gov/isvp/?comm=budget&filename=budget020414
CHRG-113shrg92937,2014-02-04,ssfr00,foreign,https://www.senate.gov/isvp/?comm=foreign&filename=foreign020414
CHRG-113shrg94640,2014-02-04,ssju00,judiciary,https://www.senate.gov/isvp/?comm=judiciary&filename=judiciary020414
CHRG-113shrg97583,2014-02-04,ssev00,epw,https://www.senate.gov/isvp/?comm=epw&filename=epw020414
CHRG-113shrg86706,2014-02-06,sshr00,help,https://www.senate.gov/isvp/?comm=help&filename=help020614
CHRG-113shrg88375,2014-02-06,ssbk00,banking,https://www.senate.gov/isvp/?comm=banking&filename=banking020614
CHRG-113shrg88999,2014-02-06,sseg00,energy,https://www.senate.gov/isvp/?comm=energy&filename=energy020614
CHRG-113shrg86729,2014-02-11,sshr00,help,https://www.senate.gov/isvp/?comm=help&filename=help021114
CHRG-113shrg93412,2014-02-11,ssas00,armed,https://www.senate.gov/isvp/?comm=armed&filename=armedA021114
CHRG-113shrg93686,2014-02-11,ssfr00,foreign,https://www.senate.gov/isvp/?comm=foreign&filename=foreign021114
CHRG-113shrg46910,2014-02-12,spag00,aging,https://www.senate.gov/isvp/?comm=aging&filename=aging021214
CHRG-113shrg87339,2014-02-12,sseg00,energy,https://www.senate.gov/isvp/?comm=energy&filename=energy021214
CHRG-113shrg88275,2014-02-12,ssga00,govtaff,https://www.senate.gov/isvp/?comm=govtaff&filename=govtaff021214
CHRG-113shrg90933,2014-02-12,slia00,indian,https://www.senate.gov/isvp/?comm=indian&filename=indian021214
CHRG-113shrg91389,2014-02-12,ssfr00,foreign,https://www.senate.gov/isvp/?comm=foreign&filename=foreign021214
CHRG-113shrg95461,2014-02-12,ssju00,judiciary,https://www.senate.gov/isvp/?comm=judiciary&filename=judiciary021214
CHRG-113shrg97584,2014-02-12,ssev00,epw,https://www.senate.gov/isvp/?comm=epw&filename=epw021214
CHRG-113jhrg95597,2014-02-20,jcse00,csce,
CHRG-113jhrg95596,2014-02-25,jcse00,csce,https://www.senate.gov/isvp/?comm=csce&filename=csce022514
CHRG-113shrg28394,2014-02-25,ssju00,judiciary,https://www.senate.gov/isvp/?comm=judiciary&filename=judiciary022514
CHRG-113shrg86957,2014-02-25,sshr00,help,https://www.senate.gov/isvp/?comm=help&filename=help022514
CHRG-113shrg88745,2014-02-25,ssbk00,banking,https://www.senate.gov/isvp/?comm=banking&filename=banking022514
CHRG-113shrg91137,2014-02-25,ssfr00,foreign,https://www.senate.gov/isvp/?comm=foreign&filename=foreign022514
CHRG-113shrg93212,2014-02-25,slin00,intel,https://www.senate.gov/isvp/?comm=intel&filename=intel022514
CHRG-113shrg97585,2014-02-25,ssev00,epw,https://www.senate.gov/isvp/?comm=epw&filename=epw022514
CHRG-113shrg88276,2014-02-26,ssga00,govtaff,https://www.senate.gov/isvp/?comm=govtaff&filename=govtaff022614
CHRG-113shrg88307,2014-02-26,slia00,indian,https://www.senate.gov/isvp/?comm=indian&filename=indian022614
CHRG-113shrg89751,2014-02-26,ssga00,govtaff,https://www.senate.gov/isvp/?comm=govtaff&filename=govtaff022614
CHRG-113shrg89779,2014-02-26,ssfi00,finance,https://www.senate.gov/isvp/?comm=finance&filename=finance022614
CHRG-113shrg91188,2014-02-26,ssas00,armed,https://www.senate.gov/isvp/?comm=armed&filename=armedA022614 https://www.senate.gov/isvp/?comm=armed&filename=armedB022614
CHRG-113shrg91318,2014-02-26,ssas00,armed,https://www.senate.gov/isvp/?comm=armed&filename=armedA022614 https://www.senate.gov/isvp/?comm=armed&filename=armedB022614
CHRG-113shrg91479,2014-02-26,ssap00,approps,https://www.senate.gov/isvp/?comm=approps&filename=appropsA022614
CHRG-113shrg92601,2014-02-26,ssfr00,foreign,https://www.senate.gov/isvp/?comm=foreign&filename=foreign022614
CHRG-113shrg95528,2014-02-26,ssju00,judiciary,https://www.senate.gov/isvp/?comm=judiciary&filename=judiciary022614
CHRG-113shrg87033,2014-02-27,sshr00,help,https://www.senate.gov/isvp/?comm=help&filename=help022714
CHRG-113shrg88043,2014-02-27,sseg00,energy,https://www.senate.gov/isvp/?comm=energy&filename=energy022714
CHRG-113shrg88277,2014-02-27,ssga00,govtaff,https://www.senate.gov/isvp/?comm=govtaff&filename=govtaff022714
CHRG-113shrg88746,2014-02-27,ssbk00,banking,https://www.senate.gov/isvp/?comm=banking&filename=banking022714
CHRG-113shrg91186,2014-02-27,ssas00,armed,https://www.senate.gov/isvp/?comm=armed&filename=armedA022714
CHRG-113shrg93424,2014-02-27,ssfr00,foreign,https://www.senate.gov/isvp/?comm=foreign&filename=foreign022714
CHRG-113shrg93687,2014-02-27,sscm00,commerce,https://www.senate.gov/isvp/?comm=commerce&filename=commerce022714
CHRG-113shrg91296,2014-03-04,ssfr00,foreign,https://www.senate.gov/isvp/?comm=foreign&filename=foreign030414
CHRG-113jhrg92427,2014-03-05,jcse00,csce,https://www.senate.gov/isvp/?comm=csce&filename=csce030514
CHRG-113shrg46911,2014-03-05,spag00,aging,https://www.senate.gov/isvp/?comm=aging&filename=aging030514
CHRG-113shrg49104594,2014-03-05,ssap00,approps,https://www.senate.gov/isvp/?comm=approps&filename=appropsA030514
CHRG-113shrg88278,2014-03-05,ssga00,govtaff,https://www.senate.gov/isvp/?comm=govtaff&filename=govtaff030514
CHRG-113shrg90914,2014-03-05,ssfi00,finance,https://www.senate.gov/isvp/?comm=finance&filename=finance030514
CHRG-113shrg91192,2014-03-05,ssas00,armed,https://www.senate.gov/isvp/?comm=armed&filename=armedA030514
CHRG-113shrg88279,2014-03-06,ssga00,govtaff,https://www.senate.gov/isvp/?comm=govtaff&filename=govtaff030614
CHRG-113shrg89623,2014-03-06,sscm00,commerce,https://www.senate.gov/isvp/?comm=commerce&filename=commerce030614
CHRG-113shrg89767,2014-03-06,ssbk00,banking,https://www.senate.gov/isvp/?comm=banking&filename=banking030614
CHRG-113shrg93026,2014-03-06,ssaf00,ag,https://www.senate.gov/isvp/?comm=ag&filename=ag030614
CHRG-113shrg93842,2014-03-06,ssfr00,foreign,https://www.senate.gov/isvp/?comm=foreign&filename=foreign030614
CHRG-113shrg97586,2014-03-06,ssev00,epw,https://www.senate.gov/isvp/?comm=epw&filename=epw030614
CHRG-113shrg87131,2014-03-10,sshr00,help,
CHRG-113shrg28395,2014-03-11,ssju00,judiciary,https://www.senate.gov/isvp/?comm=judiciary&filename=judiciary031114
CHRG-113shrg49104583,2014-03-11,ssap00,approps,https://www.senate.gov/isvp/?comm=approps&filename=appropsA031114
CHRG-113shrg87177,2014-03-11,sshr00,help,https://www.senate.gov/isvp/?comm=help&filename=help031114
CHRG-113shrg88280,2014-03-11,ssga00,govtaff,https://www.senate.gov/isvp/?comm=govtaff&filename=govtaff031114
CHRG-113shrg88281,2014-03-11,ssga00,govtaff,https://www.senate.gov/isvp/?comm=govtaff&filename=govtaff031114
CHRG-113shrg89351,2014-03-11,ssbk00,banking,https://www.senate.gov/isvp/?comm=banking&filename=banking031114
CHRG-113shrg91190,2014-03-11,ssas00,armed,https://www.senate.gov/isvp/?comm=armed&filename=armedA031114
CHRG-113shrg24285,2014-03-12,ssju00,judiciary,https://www.senate.gov/isvp/?comm=judiciary&filename=judiciary031214
CHRG-113shrg59104647,2014-03-12,ssap00,approps,https://www.senate.gov/isvp/?comm=approps&filename=appropsA031214
CHRG-113shrg87178,2014-03-12,sshr00,help,https://www.senate.gov/isvp/?comm=help&filename=help031214
CHRG-113shrg87249,2014-03-12,ssap00,approps,https://www.senate.gov/isvp/?comm=approps&filename=appropsA031214
CHRG-113shrg88282,2014-03-12,ssga00,govtaff,https://www.senate.gov/isvp/?comm=govtaff&filename=govtaff031214
CHRG-113shrg88404,2014-03-12,ssva00,vetaff,https://www.senate.gov/isvp/?comm=vetaff&filename=vetaff031214
CHRG-113shrg89352,2014-03-12,ssbk00,banking,https://www.senate.gov/isvp/?comm=banking&filename=banking031214
CHRG-113shrg89649,2014-03-12,ssbk00,banking,https://www.senate.gov/isvp/?comm=banking&filename=banking031214
CHRG-113shrg93176,2014-03-12,ssas00,armed,https://www.senate.gov/isvp/?comm=armed&filename=armedA031214
CHRG-113jhrg87344,2014-03-13,jsec00,jec,https://www.senate.gov/isvp/?comm=jec&filename=jec031314
CHRG-113shrg39104551,2014-03-13,ssap00,approps,https://www.senate.gov/isvp/?comm=approps&filename=appropsA031314 https://www.senate.gov/isvp/?comm=approps&filename=appropsB031314
CHRG-113shrg49104609,2014-03-13,ssap00,approps,https://www.senate.gov/isvp/?comm=approps&filename=appropsA031314 https://www.senate.gov/isvp/?comm=approps&filename=appropsB031314
CHRG-113shrg69104685,2014-03-13,ssap00,approps,https://www.senate.gov/isvp/?comm=approps&filename=appropsA031314 https://www.senate.gov/isvp/?comm=approps&filename=appropsB031314
CHRG-113shrg87254,2014-03-13,ssap00,approps,https://www.senate.gov/isvp/?comm=approps&filename=appropsA031314 https://www.senate.gov/isvp/?comm=approps&filename=appropsB031314
CHRG-113shrg88283,2014-03-13,ssga00,govtaff,https://www.senate.gov/isvp/?comm=govtaff&filename=govtaff031314
CHRG-113shrg88284,2014-03-13,ssga00,govtaff,https://www.senate.gov/isvp/?comm=govtaff&filename=govtaff031314
CHRG-113shrg89859,2014-03-13,slia00,indian,https://www.senate.gov/isvp/?comm=indian&filename=indian031314
CHRG-113shrg89892,2014-03-13,ssfi00,finance,https://www.senate.gov/isvp/?comm=finance&filename=finance031314
CHRG-113shrg90995,2014-03-13,ssbk00,banking,https://www.senate.gov/isvp/?comm=banking&filename=banking031314
CHRG-113shrg93175,2014-03-13,ssfr00,foreign,https://www.senate.gov/isvp/?comm=foreign&filename=foreign031314
CHRG-113shrg93355,2014-03-13,sscm00,commerce,https://www.senate.gov/isvp/?comm=commerce&filename=commerce031314
CHRG-113shrg99679,2014-03-13,sshr00,help,https://www.senate.gov/isvp/?comm=help&filename=help031314
CHRG-113shrg95645,2014-03-17,ssju00,judiciary,
CHRG-113shrg22606,2014-03-25,sshr00,help,https://www.senate.gov/isvp/?comm=help&filename=help032514
CHRG-113shrg69104695,2014-03-25,ssap00,approps,https://www.senate.gov/isvp/?comm=approps&filename=appropsA032514
CHRG-113shrg87803,2014-03-25,sseg00,energy,https://www.senate.gov/isvp/?comm=energy&filename=energy032514
CHRG-113shrg88285,2014-03-25,ssga00,govtaff,https://www.senate.gov/isvp/?comm=govtaff&filename=govtaff032514
CHRG-113jhrg87583,2014-03-26,jsec00,jec,https://www.senate.gov/isvp/?comm=jec&filename=jec032614
CHRG-113shrg24504,2014-03-26,ssap00,approps,https://www.senate.gov/isvp/?comm=approps&filename=appropsA032614 https://www.senate.gov/isvp/?comm=approps&filename=appropsB032614
CHRG-113shrg49104577,2014-03-26,ssap00,approps,https://www.senate.gov/isvp/?comm=approps&filename=appropsA032614 https://www.senate.gov/isvp/?comm=approps&filename=appropsB032614
CHRG-113shrg50294,2014-03-26,spag00,aging,https://www.senate.gov/isvp/?comm=aging&filename=aging032614
CHRG-113shrg59104622,2014-03-26,ssap00,approps,https://www.senate.gov/isvp/?comm=approps&filename=appropsA032614 https://www.senate.gov/isvp/?comm=approps&filename=appropsB032614
CHRG-113shrg69104725,2014-03-26,ssap00,approps,https://www.senate.gov/isvp/?comm=approps&filename=appropsA032614 https://www.senate.gov/isvp/?comm=approps&filename=appropsB032614
CHRG-113shrg87250,2014-03-26,ssap00,approps,https://www.senate.gov/isvp/?comm=approps&filename=appropsA032614 https://www.senate.gov/isvp/?comm=approps&filename=appropsB032614
CHRG-113shrg88726,2014-03-26,slia00,indian,https://www.senate.gov/isvp/?comm=indian&filename=indian032614
CHRG-113shrg89521,2014-03-26,ssga00,govtaff,https://www.senate.gov/isvp/?comm=govtaff&filename=govtaff032614
CHRG-113shrg91136,2014-03-26,ssbk00,banking,https://www.senate.gov/isvp/?comm=banking&filename=banking032614
CHRG-113shrg91191,2014-03-26,ssas00,armed,https://www.senate.gov/isvp/?comm=armed&filename=armedA032614
CHRG-113shrg92594,2014-03-26,sscm00,commerce,https://www.senate.gov/isvp/?comm=commerce&filename=commerce032614
CHRG-113shrg94280,2014-03-26,ssfr00,foreign,https://www.senate.gov/isvp/?comm=foreign&filename=foreign032614
CHRG-113shrg95760,2014-03-26,ssju00,judiciary,https://www.senate.gov/isvp/?comm=judiciary&filename=judiciary032614
CHRG-113shrg97797,2014-03-26,ssev00,epw,https://www.senate.gov/isvp/?comm=epw&filename=epw032614
CHRG-113jhrg95595,2014-03-27,jcse00,csce,
CHRG-113shrg22607,2014-03-27,sshr00,help,https://www.senate.gov/isvp/?comm=help&filename=help032714
CHRG-113shrg28396,2014-03-27,ssju00,judiciary,https://www.senate.gov/isvp/?comm=judiciary&filename=judiciary032714
CHRG-113shrg49104585,2014-03-27,ssap00,approps,https://www.senate.gov/isvp/?comm=approps&filename=appropsA032714 https://www.senate.gov/isvp/?comm=approps&filename=appropsB032714
CHRG-113shrg59104638,2014-03-27,ssap00,approps,https://www.senate.gov/isvp/?comm=approps&filename=appropsA032714 https://www.senate.gov/isvp/?comm=approps&filename=appropsB032714
CHRG-113shrg87212,2014-03-27,ssap00,approps,https://www.senate.gov/isvp/?comm=approps&filename=appropsA032714 https://www.senate.gov/isvp/?comm=approps&filename=appropsB032714
CHRG-113shrg87215,2014-03-27,ssap00,approps,https://www.senate.gov/isvp/?comm=approps&filename=appropsA032714 https://www.senate.gov/isvp/?comm=approps&filename=appropsB032714
CHRG-113shrg89522,2014-03-27,ssga00,govtaff,https://www.senate.gov/isvp/?comm=govtaff&filename=govtaff032714
CHRG-113shrg94125,2014-03-27,ssfr00,foreign,https://www.senate.gov/isvp/?comm=foreign&filename=foreign032714
CHRG-113shrg97798,2014-03-27,ssev00,epw,https://www.senate.gov/isvp/?comm=epw&filename=epw032714
CHRG-113shrg69104727,2014-03-28,ssap00,approps,
CHRG-113shrg22608,2014-04-01,sshr00,help,https://www.senate.gov/isvp/?comm=help&filename=help040114
CHRG-113shrg89523,2014-04-01,ssga00,govtaff,https://www.senate.gov/isvp/?comm=govtaff&filename=govtaff040114
CHRG-113shrg90876,2014-04-01,ssbu00,budget,https://www.senate.gov/isvp/?comm=budget&filename=budget040114
CHRG-113shrg93480,2014-04-01,sscm00,commerce,https://www.senate.gov/isvp/?comm=commerce&filename=commerce040114
CHRG-113shrg49104581,2014-04-02,ssap00,approps,https://www.senate.gov/isvp/?comm=approps&filename=appropsA040214 https://www.senate.gov/isvp/?comm=approps&filename=appropsB040214
CHRG-113shrg49104595,2014-04-02,ssap00,approps,https://www.senate.gov/isvp/?comm=approps&filename=appropsA040214 https://www.senate.gov/isvp/?comm=approps&filename=appropsB040214
CHRG-113shrg49104600,2014-04-02,ssap00,approps,https://www.senate.gov/isvp/?comm=approps&filename=appropsA040214 https://www.senate.gov/isvp/?comm=approps&filename=appropsB040214
CHRG-113shrg49104607,2014-04-02,ssap00,approps,https://www.senate.gov/isvp/?comm=approps&filename=appropsA040214 https://www.senate.gov/isvp/?comm=approps&filename=appropsB040214
CHRG-113shrg69104686,2014-04-02,ssap00,approps,https://www.senate.gov/isvp/?comm=approps&filename=appropsA040214 https://www.senate.gov/isvp/?comm=approps&filename=appropsB040214
CHRG-113shrg69104696,2014-04-02,ssap00,approps,https://www.senate.gov/isvp/?comm=approps&filename=appropsA040214 https://www.senate.gov/isvp/?comm=approps&filename=appropsB040214
CHRG-113shrg87251,2014-04-02,ssap00,approps,https://www.senate.gov/isvp/?comm=approps&filename=appropsA040214 https://www.senate.gov/isvp/?comm=approps&filename=appropsB040214
CHRG-113shrg88668,2014-04-02,slia00,indian,https://www.senate.gov/isvp/?comm=indian&filename=indian040214
CHRG-113shrg91187,2014-04-02,ssas00,armed,https://www.senate.gov/isvp/?comm=armed&filename=armedA040214
CHRG-113shrg95155,2014-04-02,sscm00,commerce,https://www.senate.gov/isvp/?comm=commerce&filename=commerce040214
CHRG-113jhrg87704,2014-04-03,jcpk00,cecc,https://www.senate.gov/isvp/?comm=cecc&filename=cecc040314
CHRG-113shrg49104602,2014-04-03,ssap00,approps,https://www.senate.gov/isvp/?comm=approps&filename=appropsA040314 https://www.senate.gov/isvp/?comm=approps&filename=appropsB040314
CHRG-113shrg69104726,2014-04-03,ssap00,approps,https://www.senate.gov/isvp/?comm=approps&filename=appropsA040314 https://www.senate.gov/isvp/?comm=approps&filename=appropsB040314
CHRG-113shrg91138,2014-04-03,ssfr00,foreign,https://www.senate.gov/isvp/?comm=foreign&filename=foreign040314
CHRG-113jhrg88243,2014-04-04,jsec00,jec,https://www.senate.gov/isvp/?comm=jec&filename=jec040414
CHRG-113shrg89525,2014-04-04,ssga00,govtaff,https://www.senate.gov/isvp/?comm=govtaff&filename=govtaff040414
CHRG-113jhrg87705,2014-04-08,jcpk00,cecc,https://www.senate.gov/isvp/?comm=cecc&filename=cecc040814
CHRG-113shrg49104578,2014-04-08,ssap00,approps,https://www.senate.gov/isvp/?comm=approps&filename=appropsA040814 https://www.senate.gov/isvp/?comm=approps&filename=appropsB040814
CHRG-113shrg59104616,2014-04-08,ssap00,approps,https://www.senate.gov/isvp/?comm=approps&filename=appropsA040814 https://www.senate.gov/isvp/?comm=approps&filename=appropsB040814
CHRG-113shrg90922,2014-04-08,ssfi00,finance,https://www.senate.gov/isvp/?comm=finance&filename=finance040814
CHRG-113shrg91164,2014-04-08,ssbk00,banking,https://www.senate.gov/isvp/?comm=banking&filename=banking040814
CHRG-113shrg91189,2014-04-08,ssas00,armed,https://www.senate.gov/isvp/?comm=armed&filename=armedA040814
CHRG-113shrg93027,2014-04-08,ssaf00,ag,https://www.senate.gov/isvp/?comm=ag&filename=ag040814
CHRG-113shrg93615,2014-04-08,ssfr00,foreign,https://www.senate.gov/isvp/?comm=foreign&filename=foreign040814
CHRG-113shrg94057,2014-04-08,sscm00,commerce,https://www.senate.gov/isvp/?comm=commerce&filename=commerce040814
CHRG-113shrg97799,2014-04-08,ssev00,epw,https://www.senate.gov/isvp/?comm=epw&filename=epw040814
CHRG-113jhrg95594,2014-04-09,jcse00,csce,https://www.senate.gov/isvp/?comm=csce&filename=csce040914
CHRG-113shrg22609,2014-04-09,sshr00,help,https://www.senate.gov/isvp/?comm=help&filename=help040914
CHRG-113shrg49104589,2014-04-09,ssap00,approps,https://www.senate.gov/isvp/?comm=approps&filename=appropsA040914 https://www.senate.gov/isvp/?comm=approps&filename=appropsB040914
CHRG-113shrg49104593,2014-04-09,ssap00,approps,https://www.senate.gov/isvp/?comm=approps&filename=appropsA040914 https://www.senate.gov/isvp/?comm=approps&filename=appropsB040914
CHRG-113shrg49104596,2014-04-09,ssap00,approps,https://www.senate.gov/isvp/?comm=approps&filename=appropsA040914 https://www.senate.gov/isvp/?comm=approps&filename=appropsB040914
CHRG-113shrg49104608,2014-04-09,ssap00,approps,https://www.senate.gov/isvp/?comm=approps&filename=appropsA040914 https://www.senate.gov/isvp/?comm=approps&filename=appropsB040914
CHRG-113shrg69104688,2014-04-09,ssap00,approps,https://www.senate.gov/isvp/?comm=approps&filename=appropsA040914 https://www.senate.gov/isvp/?comm=approps&filename=appropsB040914
CHRG-113shrg69104697,2014-04-09,ssap00,approps,https://www.senate.gov/isvp/?comm=approps&filename=appropsA040914 https://www.senate.gov/isvp/?comm=approps&filename=appropsB040914
CHRG-113shrg89678,2014-04-09,slia00,indian,https://www.senate.gov/isvp/?comm=indian&filename=indian040914
CHRG-113shrg95816,2014-04-09,ssju00,judiciary,https://www.senate.gov/isvp/?comm=judiciary&filename=judiciary040914
CHRG-113shrg95839,2014-04-09,sscm00,commerce,https://www.senate.gov/isvp/?comm=commerce&filename=commerce040914
CHRG-113shrg22610,2014-04-10,sshr00,help,https://www.senate.gov/isvp/?comm=help&filename=help041014
CHRG-113shrg49104603,2014-04-10,ssap00,approps,https://www.senate.gov/isvp/?comm=approps&filename=appropsA041014
CHRG-113shrg87851,2014-04-10,sseg00,energy,https://www.senate.gov/isvp/?comm=energy&filename=energy041014
CHRG-113shrg89526,2014-04-10,ssga00,govtaff,https://www.senate.gov/isvp/?comm=govtaff&filename=govtaff041014
CHRG-113shrg91297,2014-04-10,ssfr00,foreign,https://www.senate.gov/isvp/?comm=foreign&filename=foreign041014
CHRG-113shrg92457,2014-04-10,ssfr00,foreign,https://www.senate.gov/isvp/?comm=foreign&filename=foreign041014
CHRG-113shrg93936,2014-04-10,ssfi00,finance,https://www.senate.gov/isvp/?comm=finance&filename=finance041014
CHRG-113shrg69104687,2014-04-16,ssap00,approps,
CHRG-113shrg88082,2014-04-16,sseg00,energy,
CHRG-113shrg88619,2014-04-16,sssb00,smbiz,
CHRG-113shrg49104587,2014-04-22,ssap00,approps,
CHRG-113shrg94339,2014-04-22,sscm00,commerce,
CHRG-113shrg89442,2014-04-24,sssb00,smbiz,
CHRG-113shrg22611,2014-04-29,sshr00,help,https://www.senate.gov/isvp/?comm=help&filename=help042914
CHRG-113shrg28397,2014-04-29,ssju00,judiciary,https://www.senate.gov/isvp/?comm=judiciary&filename=judiciary042914
CHRG-113shrg89527,2014-04-29,ssga00,govtaff,https://www.senate.gov/isvp/?comm=govtaff&filename=govtaff042914
CHRG-113jhrg88291,2014-04-30,jsec00,jec,https://www.senate.gov/isvp/?comm=jec&filename=jec043014
CHRG-113shrg28398,2014-04-30,ssju00,judiciary,https://www.senate.gov/isvp/?comm=judiciary&filename=judiciary043014
CHRG-113shrg46912,2014-04-30,spag00,aging,https://www.senate.gov/isvp/?comm=aging&filename=aging043014
CHRG-113shrg49104576,2014-04-30,ssap00,approps,https://www.senate.gov/isvp/?comm=approps&filename=appropsA043014 https://www.senate.gov/isvp/?comm=approps&filename=appropsB043014
CHRG-113shrg49104590,2014-04-30,ssap00,approps,https://www.senate.gov/isvp/?comm=approps&filename=appropsA043014 https://www.senate.gov/isvp/?comm=approps&filename=appropsB043014
CHRG-113shrg49104591,2014-04-30,ssap00,approps,https://www.senate.gov/isvp/?comm=approps&filename=appropsA043014 https://www.senate.gov/isvp/?comm=approps&filename=appropsB043014
CHRG-113shrg49104597,2014-04-30,ssap00,approps,https://www.senate.gov/isvp/?comm=approps&filename=appropsA043014 https://www.senate.gov/isvp/?comm=approps&filename=appropsB043014
CHRG-113shrg49104610,2014-04-30,ssap00,approps,https://www.senate.gov/isvp/?comm=approps&filename=appropsA043014 https://www.senate.gov/isvp/?comm=approps&filename=appropsB043014
CHRG-113shrg88308,2014-04-30,ssva00,vetaff,
CHRG-113shrg88821,2014-04-30,slia00,indian,https://www.senate.gov/isvp/?comm=indian&filename=indian043014
CHRG-113shrg89528,2014-04-30,ssga00,govtaff,https://www.senate.gov/isvp/?comm=govtaff&filename=govtaff043014
CHRG-113shrg91298,2014-04-30,ssfr00,foreign,https://www.senate.gov/isvp/?comm=foreign&filename=foreign043014
CHRG-113shrg95840,2014-04-30,sscm00,commerce,https://www.senate.gov/isvp/?comm=commerce&filename=commerce043014
CHRG-113shrg49104604,2014-05-01,ssap00,approps,https://www.senate.gov/isvp/?comm=approps&filename=appropsA050114
CHRG-113shrg90949,2014-05-01,ssfi00,finance,https://www.senate.gov/isvp/?comm=finance&filename=finance050114
CHRG-113shrg91556,2014-05-01,sseg00,energy,https://www.senate.gov/isvp/?comm=energy&filename=energy050114
CHRG-113shrg93028,2014-05-01,ssaf00,ag,https://www.senate.gov/isvp/?comm=ag&filename=ag050114
CHRG-113shrg97800,2014-05-05,ssev00,epw,
CHRG-113jhrg95593,2014-05-06,jcse00,csce,
CHRG-113shrg89529,2014-05-06,ssga00,govtaff,https://www.senate.gov/isvp/?comm=govtaff&filename=govtaff050614
CHRG-113shrg93413,2014-05-06,ssas00,armed,https://www.senate.gov/isvp/?comm=armed&filename=armedA050614
CHRG-113shrg93657,2014-05-06,ssfi00,finance,https://www.senate.gov/isvp/?comm=finance&filename=finance050614
CHRG-113shrg93841,2014-05-06,ssfr00,foreign,https://www.senate.gov/isvp/?comm=foreign&filename=foreign050614
CHRG-113jhrg88497,2014-05-07,jsec00,jec,https://www.senate.gov/isvp/?comm=jec&filename=jec050714
CHRG-113shrg46913,2014-05-07,spag00,aging,https://www.senate.gov/isvp/?comm=aging&filename=aging050714
CHRG-113shrg49104588,2014-05-07,ssap00,approps,https://www.senate.gov/isvp/?comm=approps&filename=appropsA050714 https://www.senate.gov/isvp/?comm=approps&filename=appropsB050714
CHRG-113shrg59104639,2014-05-07,ssap00,approps,https://www.senate.gov/isvp/?comm=approps&filename=appropsA050714 https://www.senate.gov/isvp/?comm=approps&filename=appropsB050714
CHRG-113shrg69104689,2014-05-07,ssap00,approps,https://www.senate.gov/isvp/?comm=approps&filename=appropsA050714 https://www.senate.gov/isvp/?comm=approps&filename=appropsB050714
CHRG-113shrg91193,2014-05-07,ssbk00,banking,https://www.senate.gov/isvp/?comm=banking&filename=banking050714
CHRG-113shrg91817,2014-05-07,slia00,indian,https://www.senate.gov/isvp/?comm=indian&filename=indian050714
CHRG-113shrg93029,2014-05-07,ssaf00,ag,https://www.senate.gov/isvp/?comm=ag&filename=ag050714
CHRG-113shrg93415,2014-05-07,sscm00,commerce,https://www.senate.gov/isvp/?comm=commerce&filename=commerce050714
CHRG-113shrg22612,2014-05-08,sshr00,help,https://www.senate.gov/isvp/?comm=help&filename=help050814
CHRG-113shrg89681,2014-05-08,ssga00,govtaff,https://www.senate.gov/isvp/?comm=govtaff&filename=govtaff050814
CHRG-113shrg89682,2014-05-08,ssga00,govtaff,https://www.senate.gov/isvp/?comm=govtaff&filename=govtaff050814
CHRG-113shrg92748,2014-05-08,ssfi00,finance,https://www.senate.gov/isvp/?comm=finance&filename=finance050814
CHRG-113shrg93275,2014-05-08,sscm00,commerce,https://www.senate.gov/isvp/?comm=commerce&filename=commerce050814
CHRG-113shrg94361,2014-05-08,ssfr00,foreign,https://www.senate.gov/isvp/?comm=foreign&filename=foreign050814
CHRG-113shrg22613,2014-05-13,sshr00,help,https://www.senate.gov/isvp/?comm=help&filename=help051314
CHRG-113shrg88083,2014-05-13,sseg00,energy,https://www.senate.gov/isvp/?comm=energy&filename=energy051314
CHRG-113shrg89683,2014-05-13,ssga00,govtaff,https://www.senate.gov/isvp/?comm=govtaff&filename=govtaff051314
CHRG-113shrg93030,2014-05-13,ssaf00,ag,https://www.senate.gov/isvp/?comm=ag&filename=ag051314
CHRG-113shrg96009,2014-05-13,ssju00,judiciary,https://www.senate.gov/isvp/?comm=judiciary&filename=judiciary051314
CHRG-113shrg97801,2014-05-13,ssev00,epw,https://www.senate.gov/isvp/?comm=epw&filename=epw051314
CHRG-113shrg28399,2014-05-14,ssju00,judiciary,https://www.senate.gov/isvp/?comm=judiciary&filename=judiciary051414
CHRG-113shrg49104598,2014-05-14,ssap00,approps,https://www.senate.gov/isvp/?comm=approps&filename=appropsA051414 https://www.senate.gov/isvp/?comm=approps&filename=appropsB051414
CHRG-113shrg49104601,2014-05-14,ssap00,approps,https://www.senate.gov/isvp/?comm=approps&filename=appropsA051414 https://www.senate.gov/isvp/?comm=approps&filename=appropsB051414
CHRG-113shrg89363,2014-05-14,slia00,indian,https://www.senate.gov/isvp/?comm=indian&filename=indian051414
CHRG-113shrg89684,2014-05-14,ssga00,govtaff,https://www.senate.gov/isvp/?comm=govtaff&filename=govtaff051414
CHRG-113shrg89685,2014-05-14,ssga00,govtaff,https://www.senate.gov/isvp/?comm=govtaff&filename=govtaff051414
CHRG-113shrg93658,2014-05-14,ssfi00,finance,https://www.senate.gov/isvp/?comm=finance&filename=finance051414
CHRG-113shrg97802,2014-05-14,ssev00,epw,https://www.senate.gov/isvp/?comm=epw&filename=epw051414
CHRG-113shrg22614,2014-05-15,sshr00,help,https://www.senate.gov/isvp/?comm=help&filename=help051514
CHRG-113shrg88349,2014-05-15,ssva00,vetaff,https://www.senate.gov/isvp/?comm=vetaff&filename=vetaff051514
CHRG-113shrg89686,2014-05-15,ssga00,govtaff,https://www.senate.gov/isvp/?comm=govtaff&filename=govtaff051514
CHRG-113shrg89805,2014-05-15,sscm00,commerce,https://www.senate.gov/isvp/?comm=commerce&filename=commerce051514
CHRG-113shrg94293,2014-05-15,ssfr00,foreign,https://www.senate.gov/isvp/?comm=foreign&filename=foreign051514
CHRG-113shrg88122,2014-05-17,sseg00,energy,
CHRG-113shrg49104599,2014-05-19,ssap00,approps,https://www.senate.gov/isvp/?comm=approps&filename=appropsA051914
CHRG-113jhrg88495,2014-05-20,jcpk00,cecc,https://www.senate.gov/isvp/?comm=cecc&filename=cecc052014
CHRG-113shrg22615,2014-05-20,sshr00,help,https://www.senate.gov/isvp/?comm=help&filename=help052014
CHRG-113shrg88084,2014-05-20,sseg00,energy,https://www.senate.gov/isvp/?comm=energy&filename=energy052014
CHRG-113jhrg88948,2014-05-21,jsec00,jec,https://www.senate.gov/isvp/?comm=jec&filename=jec052114
CHRG-113shrg28400,2014-05-21,ssju00,judiciary,https://www.senate.gov/isvp/?comm=judiciary&filename=judiciary052114
CHRG-113shrg49104592,2014-05-21,ssap00,approps,https://www.senate.gov/isvp/?comm=approps&filename=appropsA052114 https://www.senate.gov/isvp/?comm=approps&filename=appropsB052114
CHRG-113shrg49104606,2014-05-21,ssap00,approps,https://www.senate.gov/isvp/?comm=approps&filename=appropsA052114 https://www.senate.gov/isvp/?comm=approps&filename=appropsB052114
CHRG-113shrg91139,2014-05-21,ssfr00,foreign,https://www.senate.gov/isvp/?comm=foreign&filename=foreign052114
CHRG-113shrg91534,2014-05-21,ssfi00,finance,https://www.senate.gov/isvp/?comm=finance&filename=finance052114
CHRG-113shrg91652,2014-05-21,sscm00,commerce,https://www.senate.gov/isvp/?comm=commerce&filename=commerce052114
CHRG-113shrg91934,2014-05-21,ssfr00,foreign,https://www.senate.gov/isvp/?comm=foreign&filename=foreign052114
CHRG-113shrg92271,2014-05-21,slia00,indian,https://www.senate.gov/isvp/?comm=indian&filename=indian052114
CHRG-113shrg22616,2014-05-22,sshr00,help,https://www.senate.gov/isvp/?comm=help&filename=help052214
CHRG-113shrg91224,2014-05-22,ssbk00,banking,https://www.senate.gov/isvp/?comm=banking&filename=banking052214
CHRG-113shrg90731,2014-05-27,slia00,indian,
CHRG-113shrg28401,2014-06-03,ssju00,judiciary,https://www.senate.gov/isvp/?comm=judiciary&filename=judiciary060314
CHRG-113shrg91114,2014-06-03,sseg00,energy,https://www.senate.gov/isvp/?comm=energy&filename=energy060314
CHRG-113shrg91647,2014-06-03,sscm00,commerce,https://www.senate.gov/isvp/?comm=commerce&filename=commerce060314
CHRG-113shrg97803,2014-06-03,ssev00,epw,https://www.senate.gov/isvp/?comm=epw&filename=epw060314
CHRG-113shrg24286,2014-06-04,ssju00,judiciary,https://www.senate.gov/isvp/?comm=judiciary&filename=judiciary060414
CHRG-113shrg90915,2014-06-04,ssga00,govtaff,https://www.senate.gov/isvp/?comm=govtaff&filename=govtaff060414
CHRG-113shrg90950,2014-06-04,ssbk00,banking,https://www.senate.gov/isvp/?comm=banking&filename=banking060414
CHRG-113shrg97739,2014-06-04,ssju00,judiciary,https://www.senate.gov/isvp/?comm=judiciary&filename=judiciary060414
CHRG-113shrg97804,2014-06-04,ssev00,epw,https://www.senate.gov/isvp/?comm=epw&filename=epw060414
CHRG-113shrg90916,2014-06-05,ssga00,govtaff,https://www.senate.gov/isvp/?comm=govtaff&filename=govtaff060514
CHRG-113shrg92458,2014-06-05,ssfr00,foreign,https://www.senate.gov/isvp/?comm=foreign&filename=foreign060514
CHRG-113shrg93481,2014-06-05,sscm00,commerce,https://www.senate.gov/isvp/?comm=commerce&filename=commerce060514
CHRG-113shrg90917,2014-06-09,ssga00,govtaff,https://www.senate.gov/isvp/?comm=govtaff&filename=govtaff060914
CHRG-113shrg98756,2014-06-09,ssju00,judiciary,
CHRG-113shrg90918,2014-06-10,ssga00,govtaff,https://www.senate.gov/isvp/?comm=govtaff&filename=govtaff061014
CHRG-113shrg90951,2014-06-10,ssbk00,banking,https://www.senate.gov/isvp/?comm=banking&filename=banking061014
CHRG-113shrg98180,2014-06-10,ssev00,epw,https://www.senate.gov/isvp/?comm=epw&filename=epw061014
CHRG-113jhrg95592,2014-06-11,jcse00,csce,https://www.senate.gov/isvp/?comm=csce&filename=csce061114
CHRG-113shrg28402,2014-06-11,ssju00,judiciary,https://www.senate.gov/isvp/?comm=judiciary&filename=judiciary061114
CHRG-113shrg59104623,2014-06-11,ssap00,approps,https://www.senate.gov/isvp/?comm=approps&filename=appropsA061114
CHRG-113shrg90919,2014-06-11,ssga00,govtaff,https://www.senate.gov/isvp/?comm=govtaff&filename=govtaff061114
CHRG-113shrg91487,2014-06-11,slia00,indian,https://www.senate.gov/isvp/?comm=indian&filename=indian061114
CHRG-113shrg92510,2014-06-11,sscm00,commerce,https://www.senate.gov/isvp/?comm=commerce&filename=commerce061114
CHRG-113shrg95185,2014-06-11,ssbu00,budget,https://www.senate.gov/isvp/?comm=budget&filename=budget061114
CHRG-113shrg90920,2014-06-12,ssga00,govtaff,https://www.senate.gov/isvp/?comm=govtaff&filename=govtaff061214
CHRG-113shrg93031,2014-06-12,ssaf00,ag,https://www.senate.gov/isvp/?comm=ag&filename=ag061214
CHRG-113shrg94340,2014-06-12,ssfr00,foreign,https://www.senate.gov/isvp/?comm=foreign&filename=foreign061214
CHRG-113jhrg88496,2014-06-17,jcpk00,cecc,https://www.senate.gov/isvp/?comm=cecc&filename=cecc061714
CHRG-113shrg89752,2014-06-17,ssga00,govtaff,https://www.senate.gov/isvp/?comm=govtaff&filename=govtaff061714
CHRG-113shrg91243,2014-06-17,ssbk00,banking,https://www.senate.gov/isvp/?comm=banking&filename=banking061714
CHRG-113shrg92998,2014-06-17,sscm00,commerce,https://www.senate.gov/isvp/?comm=commerce&filename=commerce061714
CHRG-113shrg93032,2014-06-17,ssaf00,ag,https://www.senate.gov/isvp/?comm=ag&filename=ag061714
CHRG-113jhrg88592,2014-06-18,jsec00,jec,https://www.senate.gov/isvp/?comm=jec&filename=jec061814
CHRG-113shrg46914,2014-06-18,spag00,aging,https://www.senate.gov/isvp/?comm=aging&filename=aging061814
CHRG-113shrg49104605,2014-06-18,ssap00,approps,https://www.senate.gov/isvp/?comm=approps&filename=appropsA061814
CHRG-113shrg90921,2014-06-18,ssga00,govtaff,https://www.senate.gov/isvp/?comm=govtaff&filename=govtaff061814
CHRG-113shrg91299,2014-06-18,ssbk00,banking,https://www.senate.gov/isvp/?comm=banking&filename=banking061814
CHRG-113shrg91818,2014-06-18,slia00,indian,https://www.senate.gov/isvp/?comm=indian&filename=indian061814
CHRG-113shrg94350,2014-06-18,ssfr00,foreign,https://www.senate.gov/isvp/?comm=foreign&filename=foreign061814
CHRG-113shrg97626,2014-06-18,sscm00,commerce,https://www.senate.gov/isvp/?comm=commerce&filename=commerce061814
CHRG-113shrg98181,2014-06-18,ssev00,epw,https://www.senate.gov/isvp/?comm=epw&filename=epw061814
CHRG-113shrg90894,2014-06-19,sseg00,energy,https://www.senate.gov/isvp/?comm=energy&filename=energy061914
CHRG-113jhrg89677,2014-06-24,jsec00,jec,https://www.senate.gov/isvp/?comm=jec&filename=jec062414
CHRG-113shrg22617,2014-06-24,sshr00,help,https://www.senate.gov/isvp/?comm=help&filename=help062414
CHRG-113shrg92909,2014-06-24,ssfi00,finance,https://www.senate.gov/isvp/?comm=finance&filename=finance062414
CHRG-113shrg93138,2014-06-24,ssfr00,foreign,https://www.senate.gov/isvp/?comm=foreign&filename=foreign062414
CHRG-113shrg99971,2014-06-24,ssju00,judiciary,https://www.senate.gov/isvp/?comm=judiciary&filename=judiciary062414
CHRG-113shrg46915,2014-06-25,spag00,aging,https://www.senate.gov/isvp/?comm=aging&filename=aging062514
CHRG-113shrg90862,2014-06-25,sseg00,energy,https://www.senate.gov/isvp/?comm=energy&filename=energy062514
CHRG-113shrg90934,2014-06-25,slia00,indian,https://www.senate.gov/isvp/?comm=indian&filename=indian062514
CHRG-113shrg91140,2014-06-25,ssfr00,foreign,https://www.senate.gov/isvp/?comm=foreign&filename=foreign062514
CHRG-113shrg91244,2014-06-25,ssbk00,banking,https://www.senate.gov/isvp/?comm=banking&filename=banking062514
CHRG-113shrg91270,2014-06-25,ssbk00,banking,https://www.senate.gov/isvp/?comm=banking&filename=banking062514
CHRG-113shrg92444,2014-06-25,ssfi00,finance,https://www.senate.gov/isvp/?comm=finance&filename=finance062514
CHRG-113shrg92749,2014-06-25,ssfi00,finance,https://www.senate.gov/isvp/?comm=finance&filename=finance062514
CHRG-113shrg95362,2014-06-25,sscm00,commerce,https://www.senate.gov/isvp/?comm=commerce&filename=commerce062514
CHRG-113shrg99960,2014-06-25,ssju00,judiciary,https://www.senate.gov/isvp/?comm=judiciary&filename=judiciary062514
CHRG-113shrg22618,2014-06-26,sshr00,help,https://www.senate.gov/isvp/?comm=help&filename=help062614
CHRG-113shrg96039,2014-06-26,sscm00,commerce,https://www.senate.gov/isvp/?comm=commerce&filename=commerce062614
CHRG-113shrg50652,2014-06-30,spag00,aging,
CHRG-113shrg99961,2014-07-01,ssju00,judiciary,
CHRG-113shrg89687,2014-07-07,sseg00,energy,
CHRG-113shrg22619,2014-07-08,sshr00,help,https://www.senate.gov/isvp/?comm=help&filename=help070814
CHRG-113shrg91141,2014-07-08,ssfr00,foreign,https://www.senate.gov/isvp/?comm=foreign&filename=foreign070814
CHRG-113shrg91142,2014-07-08,ssfr00,foreign,https://www.senate.gov/isvp/?comm=foreign&filename=foreign070814
CHRG-113shrg91300,2014-07-08,ssbk00,banking,https://www.senate.gov/isvp/?comm=banking&filename=banking070814
CHRG-113shrg90791,2014-07-09,slia00,indian,https://www.senate.gov/isvp/?comm=indian&filename=indian070914
CHRG-113shrg91171,2014-07-09,ssga00,govtaff,https://www.senate.gov/isvp/?comm=govtaff&filename=govtaff070914
CHRG-113shrg93035,2014-07-09,ssfr00,foreign,https://www.senate.gov/isvp/?comm=foreign&filename=foreign070914
CHRG-113shrg96246,2014-07-09,sscm00,commerce,https://www.senate.gov/isvp/?comm=commerce&filename=commerce070914
CHRG-113shrg24808,2014-07-10,ssap00,approps,https://www.senate.gov/isvp/?comm=approps&filename=appropsA071014
CHRG-113shrg91172,2014-07-14,ssga00,govtaff,https://www.senate.gov/isvp/?comm=govtaff&filename=govtaff071414
CHRG-113jhrg22136,2014-07-15,jsec00,jec,https://www.senate.gov/isvp/?comm=jec&filename=jec071514
CHRG-113jhrg89403,2014-07-15,jsec00,jec,https://www.senate.gov/isvp/?comm=jec&filename=jec071514
CHRG-113shrg28403,2014-07-15,ssju00,judiciary,https://www.senate.gov/isvp/?comm=judiciary&filename=judiciary071514
CHRG-113shrg91275,2014-07-15,ssbk00,banking,https://www.senate.gov/isvp/?comm=banking&filename=banking071514
CHRG-113shrg91554,2014-07-15,sseg00,energy,https://www.senate.gov/isvp/?comm=energy&filename=energy071514
CHRG-113shrg92256,2014-07-15,ssbk00,banking,https://www.senate.gov/isvp/?comm=banking&filename=banking071514
CHRG-113shrg94614,2014-07-15,ssfi00,finance,https://www.senate.gov/isvp/?comm=finance&filename=finance071514
CHRG-113shrg99962,2014-07-15,ssju00,judiciary,https://www.senate.gov/isvp/?comm=judiciary&filename=judiciary071514
CHRG-113jhrg95576,2014-07-16,jcse00,csce,
CHRG-113shrg46916,2014-07-16,spag00,aging,https://www.senate.gov/isvp/?comm=aging&filename=aging071614
CHRG-113shrg69104720,2014-07-16,ssap00,approps,https://www.senate.gov/isvp/?comm=approps&filename=appropsA071614
CHRG-113shrg88888,2014-07-16,ssva00,vetaff,https://www.senate.gov/isvp/?comm=vetaff&filename=vetaff071614
CHRG-113shrg90865,2014-07-16,slia00,indian,https://www.senate.gov/isvp/?comm=indian&filename=indian071614
CHRG-113shrg91143,2014-07-16,ssfr00,foreign,
CHRG-113shrg91384,2014-07-16,ssbk00,banking,https://www.senate.gov/isvp/?comm=banking&filename=banking071614
CHRG-113shrg93277,2014-07-16,ssfi00,finance,https://www.senate.gov/isvp/?comm=finance&filename=finance071614
CHRG-113shrg93719,2014-07-16,ssas00,armed,https://www.senate.gov/isvp/?comm=armed&filename=armedA071614
CHRG-113shrg95652,2014-07-16,sscm00,commerce,https://www.senate.gov/isvp/?comm=commerce&filename=commerce071614
CHRG-113shrg98182,2014-07-16,ssev00,epw,https://www.senate.gov/isvp/?comm=epw&filename=epw071614
CHRG-113shrg88894,2014-07-17,sshr00,help,https://www.senate.gov/isvp/?comm=help&filename=help071714
CHRG-113shrg93516,2014-07-17,ssfi00,finance,https://www.senate.gov/isvp/?comm=finance&filename=finance071714
CHRG-113shrg94466,2014-07-17,ssfr00,foreign,https://www.senate.gov/isvp/?comm=foreign&filename=foreign071714
CHRG-113shrg95795,2014-07-17,sscm00,commerce,https://www.senate.gov/isvp/?comm=commerce&filename=commerce071714
CHRG-113shrg95995,2014-07-17,sscm00,commerce,https://www.senate.gov/isvp/?comm=commerce&filename=commerce071714
CHRG-113jhrg95575,2014-07-22,jcse00,csce,https://www.senate.gov/isvp/?comm=csce&filename=csce072214
CHRG-113shrg24452,2014-07-22,sshr00,help,https://www.senate.gov/isvp/?comm=help&filename=help072214
CHRG-113shrg89711,2014-07-22,sseg00,energy,https://www.senate.gov/isvp/?comm=energy&filename=energy072214
CHRG-113shrg89882,2014-07-22,ssga00,govtaff,https://www.senate.gov/isvp/?comm=govtaff&filename=govtaff072214
CHRG-113shrg91804,2014-07-22,ssva00,vetaff,https://www.senate.gov/isvp/?comm=vetaff&filename=vetaff072214
CHRG-113shrg91865,2014-07-22,ssbk00,banking,https://www.senate.gov/isvp/?comm=banking&filename=banking072214
CHRG-113shrg93597,2014-07-22,ssfi00,finance,https://www.senate.gov/isvp/?comm=finance&filename=finance072214
CHRG-113shrg94134,2014-07-22,ssfr00,foreign,https://www.senate.gov/isvp/?comm=foreign&filename=foreign072214
CHRG-113shrg69104721,2014-07-23,ssap00,approps,https://www.senate.gov/isvp/?comm=approps&filename=appropsA072314
CHRG-113shrg89520,2014-07-23,ssaf00,ag,https://www.senate.gov/isvp/?comm=ag&filename=ag072314
CHRG-113shrg91174,2014-07-23,ssga00,govtaff,https://www.senate.gov/isvp/?comm=govtaff&filename=govtaff072314
CHRG-113shrg91521,2014-07-23,sscm00,commerce,https://www.senate.gov/isvp/?comm=commerce&filename=commerce072314
CHRG-113shrg91555,2014-07-23,sseg00,energy,https://www.senate.gov/isvp/?comm=energy&filename=energy072314
CHRG-113shrg91664,2014-07-23,slia00,indian,https://www.senate.gov/isvp/?comm=indian&filename=indian072314
CHRG-113shrg93772,2014-07-23,ssfi00,finance,https://www.senate.gov/isvp/?comm=finance&filename=finance072314
CHRG-113shrg98183,2014-07-23,ssev00,epw,https://www.senate.gov/isvp/?comm=epw&filename=epw072314
CHRG-113shrg24453,2014-07-24,sshr00,help,https://www.senate.gov/isvp/?comm=help&filename=help072414
CHRG-113shrg89786,2014-07-24,sseg00,energy,https://www.senate.gov/isvp/?comm=energy&filename=energy072414
CHRG-113shrg91176,2014-07-24,ssga00,govtaff,https://www.senate.gov/isvp/?comm=govtaff&filename=govtaff072414
CHRG-113shrg91178,2014-07-24,ssga00,govtaff,https://www.senate.gov/isvp/?comm=govtaff&filename=govtaff072414
CHRG-113shrg91180,2014-07-24,ssga00,govtaff,https://www.senate.gov/isvp/?comm=govtaff&filename=govtaff072414
CHRG-113shrg92646,2014-07-24,ssfi00,finance,https://www.senate.gov/isvp/?comm=finance&filename=finance072414
CHRG-113shrg94805,2014-07-24,ssfr00,foreign,https://www.senate.gov/isvp/?comm=foreign&filename=foreign072414
CHRG-113jhrg89574,2014-07-29,jsec00,jec,https://www.senate.gov/isvp/?comm=jec&filename=jec072914
CHRG-113shrg91553,2014-07-29,sseg00,energy,https://www.senate.gov/isvp/?comm=energy&filename=energy072914
CHRG-113shrg93521,2014-07-29,ssfr00,foreign,https://www.senate.gov/isvp/?comm=foreign&filename=foreign072914
CHRG-113shrg94044,2014-07-29,ssfi00,finance,https://www.senate.gov/isvp/?comm=finance&filename=finance072914
CHRG-113shrg94253,2014-07-29,sscm00,commerce,https://www.senate.gov/isvp/?comm=commerce&filename=commerce072914
CHRG-113shrg94638,2014-07-29,ssfi00,finance,https://www.senate.gov/isvp/?comm=finance&filename=finance072914
CHRG-113shrg95549,2014-07-29,sscm00,commerce,https://www.senate.gov/isvp/?comm=commerce&filename=commerce072914
CHRG-113shrg24454,2014-07-30,sshr00,help,https://www.senate.gov/isvp/?comm=help&filename=help073014
CHRG-113shrg28425,2014-07-30,ssju00,judiciary,https://www.senate.gov/isvp/?comm=judiciary&filename=judiciary073014
CHRG-113shrg28447,2014-07-30,ssju00,judiciary,https://www.senate.gov/isvp/?comm=judiciary&filename=judiciary073014
CHRG-113shrg46917,2014-07-30,spag00,aging,https://www.senate.gov/isvp/?comm=aging&filename=aging073014
CHRG-113shrg90895,2014-07-30,sseg00,energy,https://www.senate.gov/isvp/?comm=energy&filename=energy073014
CHRG-113shrg91460,2014-07-30,ssbk00,banking,https://www.senate.gov/isvp/?comm=banking&filename=banking073014
CHRG-113shrg92272,2014-07-30,slia00,indian,https://www.senate.gov/isvp/?comm=indian&filename=indian073014
CHRG-113shrg94133,2014-07-30,ssfi00,finance,https://www.senate.gov/isvp/?comm=finance&filename=finance073014
CHRG-113shrg95539,2014-07-30,sscm00,commerce,https://www.senate.gov/isvp/?comm=commerce&filename=commerce073014
CHRG-113shrg93024,2014-07-31,ssbk00,banking,https://www.senate.gov/isvp/?comm=banking&filename=banking073114
CHRG-113shrg93180,2014-07-31,ssbk00,banking,https://www.senate.gov/isvp/?comm=banking&filename=banking073114
CHRG-113shrg95437,2014-07-31,sscm00,commerce,https://www.senate.gov/isvp/?comm=commerce&filename=commerce073114
CHRG-113shrg95582,2014-07-31,ssfi00,finance,https://www.senate.gov/isvp/?comm=finance&filename=finance073114
CHRG-113shrg47033,2014-08-05,spag00,aging,
CHRG-113shrg47032,2014-08-13,spag00,aging,
CHRG-113shrg98185,2014-09-08,ssev00,epw,
CHRG-113shrg24276,2014-09-09,ssju00,judiciary,https://www.senate.gov/isvp/?comm=judiciary&filename=judiciary090914
CHRG-113shrg24455,2014-09-09,sshr00,help,https://www.senate.gov/isvp/?comm=help&filename=help090914
CHRG-113shrg92902,2014-09-09,ssga00,govtaff,https://www.senate.gov/isvp/?comm=govtaff&filename=govtaff090914
CHRG-113shrg93323,2014-09-09,ssbk00,banking,https://www.senate.gov/isvp/?comm=banking&filename=banking090914
CHRG-113shrg93894,2014-09-09,ssva00,vetaff,https://www.senate.gov/isvp/?comm=vetaff&filename=vetaff090914
CHRG-113shrg98199,2014-09-09,ssev00,epw,https://www.senate.gov/isvp/?comm=epw&filename=epw090914
CHRG-113shrg46918,2014-09-10,spag00,aging,https://www.senate.gov/isvp/?comm=aging&filename=aging091014
CHRG-113shrg91750,2014-09-10,slia00,indian,https://www.senate.gov/isvp/?comm=indian&filename=indian091014
CHRG-113shrg92903,2014-09-10,ssga00,govtaff,https://www.senate.gov/isvp/?comm=govtaff&filename=govtaff091014
CHRG-113shrg93033,2014-09-10,ssaf00,ag,https://www.senate.gov/isvp/?comm=ag&filename=ag091014
CHRG-113shrg93974,2014-09-10,sscm00,commerce,https://www.senate.gov/isvp/?comm=commerce&filename=commerce091014
CHRG-113shrg92904,2014-09-15,ssga00,govtaff,https://www.senate.gov/isvp/?comm=govtaff&filename=govtaff091514
CHRG-113shrg24456,2014-09-16,ssap00,approps,https://www.senate.gov/isvp/?comm=approps&filename=appropsA091614
CHRG-113shrg92717,2014-09-16,ssbk00,banking,https://www.senate.gov/isvp/?comm=banking&filename=banking091614
CHRG-113shrg93641,2014-09-16,ssas00,armed,https://www.senate.gov/isvp/?comm=armed&filename=armedA091614
CHRG-113shrg94479,2014-09-16,ssfi00,finance,https://www.senate.gov/isvp/?comm=finance&filename=finance091614
CHRG-113shrg95895,2014-09-16,sscm00,commerce,https://www.senate.gov/isvp/?comm=commerce&filename=commerce091614
CHRG-113shrg96091,2014-09-16,ssfi00,finance,https://www.senate.gov/isvp/?comm=finance&filename=finance091614
CHRG-113shrg21221,2014-09-17,ssju00,judiciary,https://www.senate.gov/isvp/?comm=judiciary&filename=judiciary091714
CHRG-113shrg91740,2014-09-17,slia00,indian,https://www.senate.gov/isvp/?comm=indian&filename=indian091714
CHRG-113shrg92718,2014-09-17,ssbk00,banking,https://www.senate.gov/isvp/?comm=banking&filename=banking091714
CHRG-113shrg92905,2014-09-17,ssga00,govtaff,https://www.senate.gov/isvp/?comm=govtaff&filename=govtaff091714
CHRG-113shrg94550,2014-09-17,ssfi00,finance,https://www.senate.gov/isvp/?comm=finance&filename=finance091714
CHRG-113shrg95102,2014-09-17,ssfr00,foreign,https://www.senate.gov/isvp/?comm=foreign&filename=foreign091714
CHRG-113shrg24457,2014-09-18,sshr00,help,https://www.senate.gov/isvp/?comm=help&filename=help091814
CHRG-113shrg93420,2014-09-18,ssbk00,banking,https://www.senate.gov/isvp/?comm=banking&filename=banking091814
CHRG-113shrg92906,2014-09-26,ssga00,govtaff,
CHRG-114shrg20948,2014-10-15,ssbk00,banking,
CHRG-113shrg21222,2014-10-16,ssju00,judiciary,
CHRG-113jhrg95574,2014-10-28,jcse00,csce,
CHRG-113shrg92196,2014-11-12,slia00,indian,https://www.senate.gov/isvp/?comm=indian&filename=indian111214
CHRG-113shrg24458,2014-11-13,sshr00,help,https://www.senate.gov/isvp/?comm=help&filename=help111314
CHRG-113shrg91486,2014-11-13,ssbk00,banking,https://www.senate.gov/isvp/?comm=banking&filename=banking111314
CHRG-113shrg98200,2014-11-13,ssev00,epw,https://www.senate.gov/isvp/?comm=epw&filename=epw111314
CHRG-113jhrg95573,2014-11-14,jcse00,csce,https://www.senate.gov/isvp/?comm=csce&filename=csce111414
CHRG-113shrg92907,2014-11-18,ssga00,govtaff,https://www.senate.gov/isvp/?comm=govtaff&filename=govtaff111814
CHRG-113shrg94658,2014-11-18,ssfi00,finance,https://www.senate.gov/isvp/?comm=finance&filename=finance111814
CHRG-113jhrg95572,2014-11-19,jcse00,csce,https://www.senate.gov/isvp/?comm=csce&filename=csce111914
CHRG-113shrg46919,2014-11-19,spag00,aging,https://www.senate.gov/isvp/?comm=aging&filename=aging111914
CHRG-113shrg91819,2014-11-19,ssva00,vetaff,https://www.senate.gov/isvp/?comm=vetaff&filename=vetaff111914
CHRG-113shrg92529,2014-11-19,slia00,indian,https://www.senate.gov/isvp/?comm=indian&filename=indian111914
CHRG-113shrg92908,2014-11-19,ssga00,govtaff,https://www.senate.gov/isvp/?comm=govtaff&filename=govtaff111914
CHRG-113shrg93421,2014-11-19,ssbk00,banking,https://www.senate.gov/isvp/?comm=banking&filename=banking111914
CHRG-113jhrg92631,2014-11-20,jcpk00,cecc,https://www.senate.gov/isvp/?comm=cecc&filename=cecc112014
CHRG-113shrg24459,2014-11-20,sshr00,help,https://www.senate.gov/isvp/?comm=help&filename=help112014
CHRG-113shrg24460,2014-11-20,sshr00,help,https://www.senate.gov/isvp/?comm=help&filename=help112014
CHRG-113shrg29497,2014-11-20,slin00,intel,https://www.senate.gov/isvp/?comm=intel&filename=intel112014
CHRG-113shrg91522,2014-11-20,ssga00,govtaff,https://www.senate.gov/isvp/?comm=govtaff&filename=govtaff112014
CHRG-113shrg91653,2014-11-20,ssga00,govtaff,https://www.senate.gov/isvp/?comm=govtaff&filename=govtaff112014
CHRG-113shrg95291,2014-11-20,sscm00,commerce,https://www.senate.gov/isvp/?comm=commerce&filename=commerce112014
CHRG-113shrg93411,2014-11-21,ssbk00,banking,https://www.senate.gov/isvp/?comm=banking&filename=banking112114
CHRG-113shrg96245,2014-12-02,sscm00,commerce,https://www.senate.gov/isvp/?comm=commerce&filename=commerce120214
CHRG-113shrg98201,2014-12-02,ssev00,epw,https://www.senate.gov/isvp/?comm=epw&filename=epw120214
CHRG-113shrg98202,2014-12-02,ssev00,epw,https://www.senate.gov/isvp/?comm=epw&filename=epw120214
CHRG-113shrg91803,2014-12-03,ssva00,vetaff,https://www.senate.gov/isvp/?comm=vetaff&filename=vetaff120314
CHRG-113shrg92750,2014-12-03,ssfr00,foreign,https://www.senate.gov/isvp/?comm=foreign&filename=foreign120314
CHRG-113shrg94365,2014-12-03,ssaf00,ag,https://www.senate.gov/isvp/?comm=ag&filename=ag120314
CHRG-113shrg94819,2014-12-03,ssfi00,finance,https://www.senate.gov/isvp/?comm=finance&filename=finance120314
CHRG-113shrg95460,2014-12-03,ssfr00,foreign,https://www.senate.gov/isvp/?comm=foreign&filename=foreign120314
CHRG-113shrg95743,2014-12-03,sscm00,commerce,https://www.senate.gov/isvp/?comm=commerce&filename=commerce120314
CHRG-113shrg98203,2014-12-03,ssev00,epw,https://www.senate.gov/isvp/?comm=epw&filename=epw120314
CHRG-113shrg21223,2014-12-04,ssju00,judiciary,https://www.senate.gov/isvp/?comm=judiciary&filename=judiciary120414
CHRG-113shrg91860,2014-12-04,sseg00,energy,
CHRG-113shrg28426,2014-12-09,ssju00,judiciary,https://www.senate.gov/isvp/?comm=judiciary&filename=judiciary120914
CHRG-113shrg28427,2014-12-09,ssju00,judiciary,https://www.senate.gov/isvp/?comm=judiciary&filename=judiciary120914
CHRG-113shrg93482,2014-12-09,ssbk00,banking,https://www.senate.gov/isvp/?comm=banking&filename=banking120914
CHRG-113shrg95123,2014-12-09,ssfi00,finance,https://www.senate.gov/isvp/?comm=finance&filename=finance120914
CHRG-113shrg95891,2014-12-09,ssfr00,foreign,https://www.senate.gov/isvp/?comm=foreign&filename=foreign120914
CHRG-113shrg28428,2014-12-10,ssju00,judiciary,https://www.senate.gov/isvp/?comm=judiciary&filename=judiciary121014
CHRG-113shrg93566,2014-12-10,ssbk00,banking,https://www.senate.gov/isvp/?comm=banking&filename=banking121014
CHRG-113shrg94193,2014-12-10,ssfr00,foreign,https://www.senate.gov/isvp/?comm=foreign&filename=foreign121014
CHRG-113shrg94366,2014-12-10,ssaf00,ag,https://www.senate.gov/isvp/?comm=ag&filename=ag121014
CHRG-113shrg94570,2014-12-10,sscm00,commerce,https://www.senate.gov/isvp/?comm=commerce&filename=commerce121014
CHRG-113jhrg92632,2014-12-11,jcpk00,cecc,https://www.senate.gov/isvp/?comm=cecc&filename=cecc121114
CHRG-113shrg20361,2014-12-11,ssev00,epw,https://www.senate.gov/isvp/?comm=epw&filename=epw121114
CHRG-113jhrg95571,2014-12-17,jcse00,csce,
CHRG-113shrg20362,2014-12-17,ssev00,epw,https://www.senate.gov/isvp/?comm=epw&filename=epw121714
CHRG-113shrg49104584,2014-12-24,ssap00,approps,
CHRG-114shrg97433,2015-01-15,sssb00,smbiz,
CHRG-114shrg22944,2015-01-21,ssas00,armed,https://www.senate.gov/isvp/?comm=armed&filename=armedA012115
CHRG-114shrg26590,2015-01-21,ssfr00,foreign,https://www.senate.gov/isvp/?comm=foreign&filename=foreign012115
CHRG-114shrg27131,2015-01-21,ssju00,judiciary,https://www.senate.gov/isvp/?comm=judiciary&filename=judiciary012115
CHRG-114shrg93025,2015-01-21,sshr00,help,https://www.senate.gov/isvp/?comm=help&filename=help012115
CHRG-114shrg97532,2015-01-21,ssfr00,foreign,https://www.senate.gov/isvp/?comm=foreign&filename=foreign012115
CHRG-114shrg98593,2015-01-21,sscm00,commerce,https://www.senate.gov/isvp/?comm=commerce&filename=commerce012115
CHRG-114shrg99927,2015-01-21,ssev00,epw,https://www.senate.gov/isvp/?comm=epw&filename=epw012115
CHRG-114shrg92973,2015-01-22,sshr00,help,https://www.senate.gov/isvp/?comm=help&filename=help012215
CHRG-114shrg98338,2015-01-22,ssfi00,finance,https://www.senate.gov/isvp/?comm=finance&filename=finance012215
CHRG-114shrg93078,2015-01-27,sshr00,help,https://www.senate.gov/isvp/?comm=help&filename=help012715
CHRG-114shrg94013,2015-01-27,ssbk00,banking,https://www.senate.gov/isvp/?comm=banking&filename=banking012715
CHRG-114shrg98343,2015-01-27,ssfi00,finance,https://www.senate.gov/isvp/?comm=finance&filename=finance012715
CHRG-114shrg20323,2015-01-28,slia00,indian,https://www.senate.gov/isvp/?comm=indian&filename=indian012815
CHRG-114shrg25638,2015-01-28,ssju00,judiciary,https://www.senate.gov/isvp/?comm=judiciary&filename=judiciary012815
CHRG-114shrg94272,2015-01-28,ssga00,govtaff,https://www.senate.gov/isvp/?comm=govtaff&filename=govtaff012815
CHRG-114shrg94977,2015-01-28,ssev00,epw,https://www.senate.gov/isvp/?comm=epw&filename=epw012815
CHRG-114shrg95387,2015-01-28,ssbu00,budget,https://www.senate.gov/isvp/?comm=budget&filename=budget012815
CHRG-114shrg95604,2015-01-28,ssas00,armed,https://www.senate.gov/isvp/?comm=armed&filename=armedA012815
CHRG-114shrg99549,2015-01-28,sscm00,commerce,https://www.senate.gov/isvp/?comm=commerce&filename=commerce012815
CHRG-114shrg24073,2015-01-29,ssra00,rules,
CHRG-114shrg93179,2015-01-29,sseg00,energy,https://www.senate.gov/isvp/?comm=energy&filename=energy012915
CHRG-114shrg93181,2015-01-29,sshr00,help,https://www.senate.gov/isvp/?comm=help&filename=help012915
CHRG-114shrg97248,2015-01-29,sscm00,commerce,https://www.senate.gov/isvp/?comm=commerce&filename=commerce012915
CHRG-114shrg93235,2015-02-03,sshr00,help,https://www.senate.gov/isvp/?comm=help&filename=help020315
CHRG-114shrg94844,2015-02-03,ssas00,armed,https://www.senate.gov/isvp/?comm=armed&filename=armedA020315
CHRG-114shrg96108,2015-02-03,ssfr00,foreign,https://www.senate.gov/isvp/?comm=foreign&filename=foreign020315
CHRG-114shrg96252,2015-02-03,ssfi00,finance,https://www.senate.gov/isvp/?comm=finance&filename=finance020315
CHRG-114shrg24274,2015-02-04,ssas00,armed,https://www.senate.gov/isvp/?comm=armed&filename=armedA020415
CHRG-114shrg49533,2015-02-04,spag00,aging,https://www.senate.gov/isvp/?comm=aging&filename=aging020415
CHRG-114shrg93567,2015-02-04,slia00,indian,https://www.senate.gov/isvp/?comm=indian&filename=indian020415
CHRG-114shrg94899,2015-02-04,ssga00,govtaff,https://www.senate.gov/isvp/?comm=govtaff&filename=govtaff020415
CHRG-114shrg96256,2015-02-04,ssfr00,foreign,https://www.senate.gov/isvp/?comm=foreign&filename=foreign020415
CHRG-114shrg96958,2015-02-04,sscm00,commerce,https://www.senate.gov/isvp/?comm=commerce&filename=commerce020415
CHRG-114shrg97448,2015-02-04,sscm00,commerce,https://www.senate.gov/isvp/?comm=commerce&filename=commerce020415
CHRG-114shrg98325,2015-02-04,ssfi00,finance,https://www.senate.gov/isvp/?comm=finance&filename=finance020415
CHRG-114shrg22223,2015-02-05,ssas00,armed,https://www.senate.gov/isvp/?comm=armed&filename=armedA020515
CHRG-114shrg93358,2015-02-05,sshr00,help,https://www.senate.gov/isvp/?comm=help&filename=help020515
CHRG-114shrg96062,2015-02-05,ssfi00,finance,https://www.senate.gov/isvp/?comm=finance&filename=finance020515
CHRG-114shrg96892,2015-02-05,sscm00,commerce,https://www.senate.gov/isvp/?comm=commerce&filename=commerce020515
CHRG-114shrg93357,2015-02-10,sshr00,help,https://www.senate.gov/isvp/?comm=help&filename=help021015
CHRG-114shrg93830,2015-02-10,ssbk00,banking,https://www.senate.gov/isvp/?comm=banking&filename=banking021015
CHRG-114shrg96248,2015-02-10,ssas00,armed,https://www.senate.gov/isvp/?comm=armed&filename=armedA021015
CHRG-114shrg98012,2015-02-10,sscm00,commerce,https://www.senate.gov/isvp/?comm=commerce&filename=commerce021015
CHRG-114shrg98328,2015-02-10,ssfi00,finance,https://www.senate.gov/isvp/?comm=finance&filename=finance021015
CHRG-114shrg21436,2015-02-11,ssas00,armed,https://www.senate.gov/isvp/?comm=armed&filename=armedA021115
CHRG-114shrg69104691,2015-02-11,ssap00,approps,https://www.senate.gov/isvp/?comm=approps&filename=appropsA021115
CHRG-114shrg93112,2015-02-11,ssap00,approps,https://www.senate.gov/isvp/?comm=approps&filename=appropsA021115
CHRG-114shrg93356,2015-02-11,sshr00,help,https://www.senate.gov/isvp/?comm=help&filename=help021115
CHRG-114shrg94274,2015-02-11,ssga00,govtaff,https://www.senate.gov/isvp/?comm=govtaff&filename=govtaff021115
CHRG-114shrg94978,2015-02-11,ssev00,epw,https://www.senate.gov/isvp/?comm=epw&filename=epw021115
CHRG-114shrg99818,2015-02-11,sscm00,commerce,https://www.senate.gov/isvp/?comm=commerce&filename=commerce021115
CHRG-114shrg24074,2015-02-12,ssra00,rules,https://www.senate.gov/isvp/?comm=rules&filename=rules021215
CHRG-114shrg24733,2015-02-12,slin00,intel,https://www.senate.gov/isvp/?comm=intel&filename=intel021215
CHRG-114shrg94014,2015-02-12,ssbk00,banking,https://www.senate.gov/isvp/?comm=banking&filename=banking021215
CHRG-114shrg94045,2015-02-12,sseg00,energy,https://www.senate.gov/isvp/?comm=energy&filename=energy021215
CHRG-114shrg97434,2015-02-19,sssb00,smbiz,
CHRG-114shrg97515,2015-02-20,sssb00,smbiz,
CHRG-114shrg47437,2015-02-24,ssju00,judiciary,https://www.senate.gov/isvp/?comm=judiciary&filename=judiciary022415
CHRG-114shrg59104620,2015-02-24,ssap00,approps,https://www.senate.gov/isvp/?comm=approps&filename=appropsA022415
CHRG-114shrg93616,2015-02-24,sshr00,help,https://www.senate.gov/isvp/?comm=help&filename=help022415
CHRG-114shrg93836,2015-02-24,ssbk00,banking,https://www.senate.gov/isvp/?comm=banking&filename=banking022415
CHRG-114shrg94046,2015-02-24,sseg00,energy,https://www.senate.gov/isvp/?comm=energy&filename=energy022415
CHRG-114shrg94275,2015-02-24,ssga00,govtaff,https://www.senate.gov/isvp/?comm=govtaff&filename=govtaff022415
CHRG-114shrg96173,2015-02-24,ssaf00,ag,https://www.senate.gov/isvp/?comm=ag&filename=ag022415
CHRG-114shrg97233,2015-02-24,ssfi00,finance,https://www.senate.gov/isvp/?comm=finance&filename=finance022415
CHRG-114shrg97531,2015-02-24,sscm00,commerce,https://www.senate.gov/isvp/?comm=commerce&filename=commerce022415
CHRG-114shrg97627,2015-02-24,ssfr00,foreign,https://www.senate.gov/isvp/?comm=foreign&filename=foreign022415
CHRG-114jhrg94130,2015-02-25,jcse00,csce,https://www.senate.gov/isvp/?comm=csce&filename=csce022515
CHRG-114shrg22491,2015-02-25,ssas00,armed,https://www.senate.gov/isvp/?comm=armed&filename=armedA022515
CHRG-114shrg59104640,2015-02-25,ssap00,approps,https://www.senate.gov/isvp/?comm=approps&filename=appropsA022515
CHRG-114shrg94276,2015-02-25,ssga00,govtaff,https://www.senate.gov/isvp/?comm=govtaff&filename=govtaff022515
CHRG-114shrg94979,2015-02-25,ssev00,epw,https://www.senate.gov/isvp/?comm=epw&filename=epw022515
CHRG-114shrg98129,2015-02-25,sscm00,commerce,https://www.senate.gov/isvp/?comm=commerce&filename=commerce022515
CHRG-114shrg98990,2015-02-25,slia00,indian,https://www.senate.gov/isvp/?comm=indian&filename=indian022515
CHRG-114shrg99368,2015-02-25,ssfr00,foreign,https://www.senate.gov/isvp/?comm=foreign&filename=foreign022515
CHRG-114shrg20720,2015-02-26,ssas00,armed,https://www.senate.gov/isvp/?comm=armed&filename=armedA022615
CHRG-114shrg59104649,2015-02-26,ssap00,approps,https://www.senate.gov/isvp/?comm=approps&filename=appropsA022615
CHRG-114shrg93106,2015-02-26,ssap00,approps,https://www.senate.gov/isvp/?comm=approps&filename=appropsA022615
CHRG-114shrg93617,2015-02-26,sshr00,help,https://www.senate.gov/isvp/?comm=help&filename=help022615
CHRG-114shrg94047,2015-02-26,sseg00,energy,https://www.senate.gov/isvp/?comm=energy&filename=energy022615
CHRG-114shrg94132,2015-02-26,ssva00,vetaff,https://www.senate.gov/isvp/?comm=vetaff&filename=vetaff022615
CHRG-114shrg20055,2015-03-02,sssb00,smbiz,
CHRG-114shrg23397,2015-03-03,ssas00,armed,https://www.senate.gov/isvp/?comm=armed&filename=armedA030315
CHRG-114shrg47426,2015-03-03,ssju00,judiciary,https://www.senate.gov/isvp/?comm=judiciary&filename=judiciary030315
CHRG-114shrg59104651,2015-03-03,ssap00,approps,https://www.senate.gov/isvp/?comm=approps&filename=appropsA030315
CHRG-114shrg93893,2015-03-03,ssbk00,banking,https://www.senate.gov/isvp/?comm=banking&filename=banking030315
CHRG-114shrg98212,2015-03-03,sscm00,commerce,https://www.senate.gov/isvp/?comm=commerce&filename=commerce030315
CHRG-114shrg99455,2015-03-03,ssfi00,finance,https://www.senate.gov/isvp/?comm=finance&filename=finance030315
CHRG-114shrg22950,2015-03-04,ssas00,armed,https://www.senate.gov/isvp/?comm=armed&filename=armedB030415
CHRG-114shrg42756,2015-03-04,ssju00,judiciary,https://www.senate.gov/isvp/?comm=judiciary&filename=judiciary030415
CHRG-114shrg59104619,2015-03-04,ssap00,approps,https://www.senate.gov/isvp/?comm=approps&filename=appropsA030415 https://www.senate.gov/isvp/?comm=approps&filename=appropsB030415
CHRG-114shrg59104621,2015-03-04,ssap00,approps,https://www.senate.gov/isvp/?comm=approps&filename=appropsA030415 https://www.senate.gov/isvp/?comm=approps&filename=appropsB030415
CHRG-114shrg59104657,2015-03-04,ssap00,approps,https://www.senate.gov/isvp/?comm=approps&filename=appropsA030415 https://www.senate.gov/isvp/?comm=approps&filename=appropsB030415
CHRG-114shrg69104692,2015-03-04,ssap00,approps,https://www.senate.gov/isvp/?comm=approps&filename=appropsA030415 https://www.senate.gov/isvp/?comm=approps&filename=appropsB030415
CHRG-114shrg94556,2015-03-04,slia00,indian,https://www.senate.gov/isvp/?comm=indian&filename=indian030415
CHRG-114shrg94980,2015-03-04,ssev00,epw,https://www.senate.gov/isvp/?comm=epw&filename=epw030415
CHRG-114shrg97249,2015-03-04,sscm00,commerce,https://www.senate.gov/isvp/?comm=commerce&filename=commerce030415
CHRG-114shrg97882,2015-03-04,ssfr00,foreign,https://www.senate.gov/isvp/?comm=foreign&filename=foreign030415
CHRG-114shrg94048,2015-03-05,sseg00,energy,https://www.senate.gov/isvp/?comm=energy&filename=energy030515
CHRG-114shrg21581,2015-03-10,ssfr00,foreign,https://www.senate.gov/isvp/?comm=foreign&filename=foreign031015
CHRG-114shrg42757,2015-03-10,ssju00,judiciary,https://www.senate.gov/isvp/?comm=judiciary&filename=judiciary031015
CHRG-114shrg59104628,2015-03-10,ssap00,approps,https://www.senate.gov/isvp/?comm=approps&filename=appropsA031015 https://www.senate.gov/isvp/?comm=approps&filename=appropsB031015
CHRG-114shrg69104732,2015-03-10,ssap00,approps,https://www.senate.gov/isvp/?comm=approps&filename=appropsA031015 https://www.senate.gov/isvp/?comm=approps&filename=appropsB031015
CHRG-114shrg93127,2015-03-10,ssap00,approps,https://www.senate.gov/isvp/?comm=approps&filename=appropsA031015 https://www.senate.gov/isvp/?comm=approps&filename=appropsB031015
CHRG-114shrg93802,2015-03-10,sshr00,help,https://www.senate.gov/isvp/?comm=help&filename=help031015
CHRG-114shrg94374,2015-03-10,ssbk00,banking,https://www.senate.gov/isvp/?comm=banking&filename=banking031015
CHRG-114shrg96831,2015-03-10,ssfr00,foreign,https://www.senate.gov/isvp/?comm=foreign&filename=foreign031015
CHRG-114shrg98400,2015-03-10,ssfi00,finance,https://www.senate.gov/isvp/?comm=finance&filename=finance031015
CHRG-114shrg20642,2015-03-11,ssas00,armed,https://www.senate.gov/isvp/?comm=armed&filename=armedA031115 https://www.senate.gov/isvp/?comm=armed&filename=armedB031115
CHRG-114shrg21447,2015-03-11,ssas00,armed,https://www.senate.gov/isvp/?comm=armed&filename=armedA031115 https://www.senate.gov/isvp/?comm=armed&filename=armedB031115
CHRG-114shrg22603,2015-03-11,ssas00,armed,https://www.senate.gov/isvp/?comm=armed&filename=armedA031115 https://www.senate.gov/isvp/?comm=armed&filename=armedB031115
CHRG-114shrg59104612,2015-03-11,ssap00,approps,https://www.senate.gov/isvp/?comm=approps&filename=appropsA031115 https://www.senate.gov/isvp/?comm=approps&filename=appropsB031115
CHRG-114shrg59104632,2015-03-11,ssap00,approps,https://www.senate.gov/isvp/?comm=approps&filename=appropsA031115 https://www.senate.gov/isvp/?comm=approps&filename=appropsB031115
CHRG-114shrg59104658,2015-03-11,ssap00,approps,https://www.senate.gov/isvp/?comm=approps&filename=appropsA031115 https://www.senate.gov/isvp/?comm=approps&filename=appropsB031115
CHRG-114shrg69104693,2015-03-11,ssap00,approps,https://www.senate.gov/isvp/?comm=approps&filename=appropsA031115 https://www.senate.gov/isvp/?comm=approps&filename=appropsB031115
CHRG-114shrg69104698,2015-03-11,ssap00,approps,https://www.senate.gov/isvp/?comm=approps&filename=appropsA031115 https://www.senate.gov/isvp/?comm=approps&filename=appropsB031115
CHRG-114shrg94555,2015-03-11,slia00,indian,https://www.senate.gov/isvp/?comm=indian&filename=indian031115
CHRG-114shrg94981,2015-03-11,ssev00,epw,https://www.senate.gov/isvp/?comm=epw&filename=epw031115
CHRG-114shrg96801,2015-03-11,ssfr00,foreign,https://www.senate.gov/isvp/?comm=foreign&filename=foreign031115
CHRG-114shrg97368,2015-03-11,sscm00,commerce,https://www.senate.gov/isvp/?comm=commerce&filename=commerce031115
CHRG-114shrg99481,2015-03-11,ssas00,armed,https://www.senate.gov/isvp/?comm=armed&filename=armedA031115 https://www.senate.gov/isvp/?comm=armed&filename=armedB031115
CHRG-114shrg20033,2015-03-12,ssfi00,finance,https://www.senate.gov/isvp/?comm=finance&filename=finance031215
CHRG-114shrg24506,2015-03-12,ssap00,approps,https://www.senate.gov/isvp/?comm=approps&filename=appropsA031215 https://www.senate.gov/isvp/?comm=approps&filename=appropsB031215
CHRG-114shrg49532,2015-03-12,spag00,aging,https://www.senate.gov/isvp/?comm=aging&filename=aging031215
CHRG-114shrg59104644,2015-03-12,ssap00,approps,https://www.senate.gov/isvp/?comm=approps&filename=appropsA031215 https://www.senate.gov/isvp/?comm=approps&filename=appropsB031215
CHRG-114shrg59104648,2015-03-12,ssap00,approps,https://www.senate.gov/isvp/?comm=approps&filename=appropsA031215 https://www.senate.gov/isvp/?comm=approps&filename=appropsB031215
CHRG-114shrg69104668,2015-03-12,ssap00,approps,https://www.senate.gov/isvp/?comm=approps&filename=appropsA031215 https://www.senate.gov/isvp/?comm=approps&filename=appropsB031215
CHRG-114shrg94049,2015-03-12,sseg00,energy,https://www.senate.gov/isvp/?comm=energy&filename=energy031215
CHRG-114shrg98478,2015-03-12,sscm00,commerce,https://www.senate.gov/isvp/?comm=commerce&filename=commerce031215
CHRG-114shrg94983,2015-03-14,ssev00,epw,
CHRG-114shrg21337,2015-03-16,sssb00,smbiz,
CHRG-114shrg94278,2015-03-16,ssga00,govtaff,https://www.senate.gov/isvp/?comm=govtaff&filename=govtaff031615
CHRG-114shrg47421,2015-03-17,ssju00,judiciary,https://www.senate.gov/isvp/?comm=judiciary&filename=judiciary031715
CHRG-114shrg59104629,2015-03-17,ssap00,approps,https://www.senate.gov/isvp/?comm=approps&filename=appropsA031715 https://www.senate.gov/isvp/?comm=approps&filename=appropsB031715
CHRG-114shrg69104722,2015-03-17,ssap00,approps,https://www.senate.gov/isvp/?comm=approps&filename=appropsA031715 https://www.senate.gov/isvp/?comm=approps&filename=appropsB031715
CHRG-114shrg69104733,2015-03-17,ssap00,approps,https://www.senate.gov/isvp/?comm=approps&filename=appropsA031715 https://www.senate.gov/isvp/?comm=approps&filename=appropsB031715
CHRG-114shrg93864,2015-03-17,sshr00,help,https://www.senate.gov/isvp/?comm=help&filename=help031715
CHRG-114shrg94050,2015-03-17,sseg00,energy,https://www.senate.gov/isvp/?comm=energy&filename=energy031715
CHRG-114shrg94984,2015-03-17,ssev00,epw,https://www.senate.gov/isvp/?comm=epw&filename=epw031715
CHRG-114shrg96257,2015-03-17,ssfr00,foreign,https://www.senate.gov/isvp/?comm=foreign&filename=foreign031715
CHRG-114shrg96893,2015-03-17,sscm00,commerce,https://www.senate.gov/isvp/?comm=commerce&filename=commerce031715
CHRG-114shrg99718,2015-03-17,ssfi00,finance,https://www.senate.gov/isvp/?comm=finance&filename=finance031715
CHRG-114jhrg94241,2015-03-18,jcse00,csce,https://www.senate.gov/isvp/?comm=csce&filename=csce031815
CHRG-114shrg47422,2015-03-18,ssju00,judiciary,https://www.senate.gov/isvp/?comm=judiciary&filename=judiciary031815
CHRG-114shrg59104611,2015-03-18,ssap00,approps,https://www.senate.gov/isvp/?comm=approps&filename=appropsA031815
CHRG-114shrg59104637,2015-03-18,ssap00,approps,https://www.senate.gov/isvp/?comm=approps&filename=appropsA031815
CHRG-114shrg59104659,2015-03-18,ssap00,approps,https://www.senate.gov/isvp/?comm=approps&filename=appropsA031815
CHRG-114shrg94225,2015-03-18,ssas00,armed,https://www.senate.gov/isvp/?comm=armed&filename=armedA031815
CHRG-114shrg94985,2015-03-18,ssev00,epw,https://www.senate.gov/isvp/?comm=epw&filename=epw031815
CHRG-114shrg95957,2015-03-18,slia00,indian,https://www.senate.gov/isvp/?comm=indian&filename=indian031815
CHRG-114shrg98498,2015-03-18,sscm00,commerce,https://www.senate.gov/isvp/?comm=commerce&filename=commerce031815
CHRG-114shrg20034,2015-03-19,ssfi00,finance,https://www.senate.gov/isvp/?comm=finance&filename=finance031915
CHRG-114shrg54420,2015-03-19,ssju00,judiciary,https://www.senate.gov/isvp/?comm=judiciary&filename=judiciary031915
CHRG-114shrg69104734,2015-03-19,ssap00,approps,https://www.senate.gov/isvp/?comm=approps&filename=appropsA031915 https://www.senate.gov/isvp/?comm=approps&filename=appropsB031915
CHRG-114shrg79104763,2015-03-19,ssap00,approps,https://www.senate.gov/isvp/?comm=approps&filename=appropsA031915 https://www.senate.gov/isvp/?comm=approps&filename=appropsB031915
CHRG-114shrg93950,2015-03-19,ssbk00,banking,https://www.senate.gov/isvp/?comm=banking&filename=banking031915
CHRG-114shrg94051,2015-03-19,sseg00,energy,https://www.senate.gov/isvp/?comm=energy&filename=energy031915
CHRG-114shrg94900,2015-03-19,ssga00,govtaff,https://www.senate.gov/isvp/?comm=govtaff&filename=govtaff031915
CHRG-114shrg97416,2015-03-19,sssb00,smbiz,https://www.senate.gov/isvp/?comm=smbiz&filename=smbiz031915
CHRG-114shrg98475,2015-03-19,sscm00,commerce,https://www.senate.gov/isvp/?comm=commerce&filename=commerce031915
CHRG-114shrg99546,2015-03-19,ssfr00,foreign,https://www.senate.gov/isvp/?comm=foreign&filename=foreign031915
CHRG-114shrg99656,2015-03-19,ssas00,armed,https://www.senate.gov/isvp/?comm=armed&filename=armedA031915 https://www.senate.gov/isvp/?comm=armed&filename=armedB031915
CHRG-114shrg99936,2015-03-19,ssas00,armed,https://www.senate.gov/isvp/?comm=armed&filename=armedA031915 https://www.senate.gov/isvp/?comm=armed&filename=armedB031915
CHRG-114shrg22201,2015-03-23,sssb00,smbiz,
CHRG-114shrg94986,2015-03-23,ssev00,epw,
CHRG-114shrg21401,2015-03-24,ssas00,armed,https://www.senate.gov/isvp/?comm=armed&filename=armedA032415
CHRG-114shrg38216,2015-03-24,ssju00,judiciary,https://www.senate.gov/isvp/?comm=judiciary&filename=judiciary032415
CHRG-114shrg59104652,2015-03-24,ssap00,approps,https://www.senate.gov/isvp/?comm=approps&filename=appropsA032415
CHRG-114shrg93991,2015-03-24,sshr00,help,https://www.senate.gov/isvp/?comm=help&filename=help032415
CHRG-114shrg94052,2015-03-24,sseg00,energy,https://www.senate.gov/isvp/?comm=energy&filename=energy032415
CHRG-114shrg94131,2015-03-24,ssva00,vetaff,https://www.senate.gov/isvp/?comm=vetaff&filename=vetaff032415
CHRG-114shrg94375,2015-03-24,ssbk00,banking,https://www.senate.gov/isvp/?comm=banking&filename=banking032415
CHRG-114shrg94757,2015-03-24,ssbk00,banking,https://www.senate.gov/isvp/?comm=banking&filename=banking032415
CHRG-114shrg96174,2015-03-24,ssaf00,ag,https://www.senate.gov/isvp/?comm=ag&filename=ag032415
CHRG-114shrg99424,2015-03-24,sscm00,commerce,https://www.senate.gov/isvp/?comm=commerce&filename=commerce032415
CHRG-114shrg99914,2015-03-24,sscm00,commerce,https://www.senate.gov/isvp/?comm=commerce&filename=commerce032415
CHRG-114shrg49470,2015-03-25,spag00,aging,https://www.senate.gov/isvp/?comm=aging&filename=aging032515
CHRG-114shrg59104613,2015-03-25,ssap00,approps,https://www.senate.gov/isvp/?comm=approps&filename=appropsA032515 https://www.senate.gov/isvp/?comm=approps&filename=appropsB032515
CHRG-114shrg69104694,2015-03-25,ssap00,approps,https://www.senate.gov/isvp/?comm=approps&filename=appropsA032515 https://www.senate.gov/isvp/?comm=approps&filename=appropsB032515
CHRG-114shrg95892,2015-03-25,ssbk00,banking,https://www.senate.gov/isvp/?comm=banking&filename=banking032515
CHRG-114shrg96067,2015-03-25,ssas00,armed,https://www.senate.gov/isvp/?comm=armed&filename=armedA032515
CHRG-114shrg59104624,2015-03-26,ssap00,approps,https://www.senate.gov/isvp/?comm=approps&filename=appropsA032615 https://www.senate.gov/isvp/?comm=approps&filename=appropsB032615
CHRG-114shrg59104631,2015-03-26,ssap00,approps,https://www.senate.gov/isvp/?comm=approps&filename=appropsA032615 https://www.senate.gov/isvp/?comm=approps&filename=appropsB032615
CHRG-114shrg94295,2015-03-26,ssva00,vetaff,https://www.senate.gov/isvp/?comm=vetaff&filename=vetaff032615
CHRG-114shrg22202,2015-03-30,sssb00,smbiz,
CHRG-114shrg23225,2015-03-30,ssga00,govtaff,https://www.senate.gov/isvp/?comm=govtaff&filename=govtaff033015
CHRG-114shrg95501,2015-03-31,slia00,indian,https://www.senate.gov/isvp/?comm=indian&filename=indian033115
CHRG-114shrg23873,2015-04-02,sssb00,smbiz,
CHRG-114shrg95764,2015-04-06,ssev00,epw,
CHRG-114shrg95500,2015-04-08,slia00,indian,https://www.senate.gov/isvp/?comm=indian&filename=indian040815
CHRG-114shrg95818,2015-04-08,ssev00,epw,
CHRG-114shrg23874,2015-04-09,sssb00,smbiz,
CHRG-114shrg24522,2015-04-14,ssas00,armed,https://www.senate.gov/isvp/?comm=armed&filename=armedA041415 https://www.senate.gov/isvp/?comm=armed&filename=armedB041415
CHRG-114shrg94903,2015-04-14,ssga00,govtaff,https://www.senate.gov/isvp/?comm=govtaff&filename=govtaff041415
CHRG-114shrg94991,2015-04-14,ssev00,epw,https://www.senate.gov/isvp/?comm=epw&filename=epw041415
CHRG-114shrg98476,2015-04-14,sscm00,commerce,https://www.senate.gov/isvp/?comm=commerce&filename=commerce041415
CHRG-114shrg99665,2015-04-14,ssas00,armed,https://www.senate.gov/isvp/?comm=armed&filename=armedA041415 https://www.senate.gov/isvp/?comm=armed&filename=armedB041415
CHRG-114shrg47423,2015-04-15,ssju00,judiciary,https://www.senate.gov/isvp/?comm=judiciary&filename=judiciary041515
CHRG-114shrg49469,2015-04-15,spag00,aging,https://www.senate.gov/isvp/?comm=aging&filename=aging041515
CHRG-114shrg69104735,2015-04-15,ssap00,approps,https://www.senate.gov/isvp/?comm=approps&filename=appropsA041515 https://www.senate.gov/isvp/?comm=approps&filename=appropsB041515
CHRG-114shrg79104764,2015-04-15,ssap00,approps,https://www.senate.gov/isvp/?comm=approps&filename=appropsA041515 https://www.senate.gov/isvp/?comm=approps&filename=appropsB041515
CHRG-114shrg94904,2015-04-15,ssga00,govtaff,https://www.senate.gov/isvp/?comm=govtaff&filename=govtaff041515
CHRG-114shrg94992,2015-04-15,ssev00,epw,https://www.senate.gov/isvp/?comm=epw&filename=epw041515
CHRG-114shrg96849,2015-04-15,ssfr00,foreign,https://www.senate.gov/isvp/?comm=foreign&filename=foreign041515
CHRG-114shrg59104643,2015-04-16,ssap00,approps,https://www.senate.gov/isvp/?comm=approps&filename=appropsA041615 https://www.senate.gov/isvp/?comm=approps&filename=appropsB041615
CHRG-114shrg59104646,2015-04-16,ssap00,approps,https://www.senate.gov/isvp/?comm=approps&filename=appropsA041615 https://www.senate.gov/isvp/?comm=approps&filename=appropsB041615
CHRG-114shrg95270,2015-04-16,sseg00,energy,https://www.senate.gov/isvp/?comm=energy&filename=energy041615
CHRG-114shrg95735,2015-04-16,ssbk00,banking,https://www.senate.gov/isvp/?comm=banking&filename=banking041615
CHRG-114shrg99678,2015-04-16,ssfi00,finance,https://www.senate.gov/isvp/?comm=finance&filename=finance041615
CHRG-114shrg94905,2015-04-20,ssga00,govtaff,https://www.senate.gov/isvp/?comm=govtaff&filename=govtaff042015
CHRG-114shrg20084,2015-04-21,ssfr00,foreign,https://www.senate.gov/isvp/?comm=foreign&filename=foreign042115
CHRG-114shrg24523,2015-04-21,ssas00,armed,https://www.senate.gov/isvp/?comm=armed&filename=armedA042115
CHRG-114shrg47425,2015-04-21,ssju00,judiciary,https://www.senate.gov/isvp/?comm=judiciary&filename=judiciary042115
CHRG-114shrg69104736,2015-04-21,ssap00,approps,https://www.senate.gov/isvp/?comm=approps&filename=appropsA042115
CHRG-114shrg94318,2015-04-21,ssva00,vetaff,https://www.senate.gov/isvp/?comm=vetaff&filename=vetaff042115
CHRG-114shrg96175,2015-04-21,ssaf00,ag,https://www.senate.gov/isvp/?comm=ag&filename=ag042115
CHRG-114shrg96833,2015-04-21,ssbk00,banking,https://www.senate.gov/isvp/?comm=banking&filename=banking042115
CHRG-114shrg97451,2015-04-21,sscm00,commerce,https://www.senate.gov/isvp/?comm=commerce&filename=commerce042115
CHRG-114shrg99805,2015-04-21,sscm00,commerce,https://www.senate.gov/isvp/?comm=commerce&filename=commerce042115
CHRG-114shrg20569,2015-04-22,ssfr00,foreign,https://www.senate.gov/isvp/?comm=foreign&filename=foreign042215
CHRG-114shrg59104645,2015-04-22,ssap00,approps,https://www.senate.gov/isvp/?comm=approps&filename=appropsA042215 https://www.senate.gov/isvp/?comm=approps&filename=appropsB042215
CHRG-114shrg69104699,2015-04-22,ssap00,approps,https://www.senate.gov/isvp/?comm=approps&filename=appropsA042215 https://www.senate.gov/isvp/?comm=approps&filename=appropsB042215
CHRG-114shrg79104765,2015-04-22,ssap00,approps,https://www.senate.gov/isvp/?comm=approps&filename=appropsA042215 https://www.senate.gov/isvp/?comm=approps&filename=appropsB042215
CHRG-114shrg94901,2015-04-22,ssga00,govtaff,https://www.senate.gov/isvp/?comm=govtaff&filename=govtaff042215
CHRG-114shrg94993,2015-04-22,ssev00,epw,https://www.senate.gov/isvp/?comm=epw&filename=epw042215
CHRG-114shrg95271,2015-04-22,sseg00,energy,https://www.senate.gov/isvp/?comm=energy&filename=energy042215
CHRG-114shrg95499,2015-04-22,slia00,indian,https://www.senate.gov/isvp/?comm=indian&filename=indian042215
CHRG-114shrg97369,2015-04-22,sscm00,commerce,https://www.senate.gov/isvp/?comm=commerce&filename=commerce042215
CHRG-114shrg20687,2015-04-23,ssfr00,foreign,https://www.senate.gov/isvp/?comm=foreign&filename=foreign042315
CHRG-114shrg47428,2015-04-23,ssju00,judiciary,https://www.senate.gov/isvp/?comm=judiciary&filename=judiciary042315
CHRG-114shrg59104656,2015-04-23,ssap00,approps,https://www.senate.gov/isvp/?comm=approps&filename=appropsA042315
CHRG-114shrg97307,2015-04-23,ssbk00,banking,https://www.senate.gov/isvp/?comm=banking&filename=banking042315
CHRG-114shrg99433,2015-04-23,sscm00,commerce,https://www.senate.gov/isvp/?comm=commerce&filename=commerce042315
CHRG-114shrg99689,2015-04-23,ssfi00,finance,https://www.senate.gov/isvp/?comm=finance&filename=finance042315
CHRG-114shrg99713,2015-04-23,ssfi00,finance,https://www.senate.gov/isvp/?comm=finance&filename=finance042315
CHRG-114shrg94462,2015-04-24,ssva00,vetaff,
CHRG-114shrg20035,2015-04-28,ssfi00,finance,https://www.senate.gov/isvp/?comm=finance&filename=finance042815
CHRG-114shrg47429,2015-04-28,ssju00,judiciary,https://www.senate.gov/isvp/?comm=judiciary&filename=judiciary042815
CHRG-114shrg94476,2015-04-28,sshr00,help,https://www.senate.gov/isvp/?comm=help&filename=help042815
CHRG-114shrg94906,2015-04-28,ssga00,govtaff,https://www.senate.gov/isvp/?comm=govtaff&filename=govtaff042815
CHRG-114shrg95272,2015-04-28,sseg00,energy,https://www.senate.gov/isvp/?comm=energy&filename=energy042815
CHRG-114shrg97250,2015-04-28,sscm00,commerce,https://www.senate.gov/isvp/?comm=commerce&filename=commerce042815
CHRG-114shrg97357,2015-04-28,ssbk00,banking,https://www.senate.gov/isvp/?comm=banking&filename=banking042815
CHRG-114shrg99668,2015-04-28,ssas00,armed,https://www.senate.gov/isvp/?comm=armed&filename=armedA042815
CHRG-114shrg99690,2015-04-28,ssev00,epw,https://www.senate.gov/isvp/?comm=epw&filename=epw042815
CHRG-114shrg99710,2015-04-28,sscm00,commerce,https://www.senate.gov/isvp/?comm=commerce&filename=commerce042815
CHRG-114shrg59104617,2015-04-29,ssap00,approps,https://www.senate.gov/isvp/?comm=approps&filename=appropsA042915 https://www.senate.gov/isvp/?comm=approps&filename=appropsB042915
CHRG-114shrg59104660,2015-04-29,ssap00,approps,https://www.senate.gov/isvp/?comm=approps&filename=appropsA042915 https://www.senate.gov/isvp/?comm=approps&filename=appropsB042915
CHRG-114shrg69104700,2015-04-29,ssap00,approps,https://www.senate.gov/isvp/?comm=approps&filename=appropsA042915 https://www.senate.gov/isvp/?comm=approps&filename=appropsB042915
CHRG-114shrg79104766,2015-04-29,ssap00,approps,https://www.senate.gov/isvp/?comm=approps&filename=appropsA042915 https://www.senate.gov/isvp/?comm=approps&filename=appropsB042915
CHRG-114shrg94463,2015-04-29,ssva00,vetaff,https://www.senate.gov/isvp/?comm=vetaff&filename=vetaff042915
CHRG-114shrg94907,2015-04-29,ssga00,govtaff,https://www.senate.gov/isvp/?comm=govtaff&filename=govtaff042915
CHRG-114shrg95736,2015-04-29,ssbk00,banking,https://www.senate.gov/isvp/?comm=banking&filename=banking042915
CHRG-114shrg97405,2015-04-29,slia00,indian,https://www.senate.gov/isvp/?comm=indian&filename=indian042915
CHRG-114shrg97534,2015-04-29,sscm00,commerce,https://www.senate.gov/isvp/?comm=commerce&filename=commerce042915
CHRG-114shrg98667,2015-04-29,sssb00,smbiz,https://www.senate.gov/isvp/?comm=smbiz&filename=smbiz042915
CHRG-114jhrg94474,2015-04-30,jcpk00,cecc,
CHRG-114shrg59104662,2015-04-30,ssap00,approps,https://www.senate.gov/isvp/?comm=approps&filename=appropsA043015
CHRG-114shrg95273,2015-04-30,sseg00,energy,https://www.senate.gov/isvp/?comm=energy&filename=energy043015
CHRG-114shrg95274,2015-04-30,sseg00,energy,https://www.senate.gov/isvp/?comm=energy&filename=energy043015
CHRG-114shrg97304,2015-04-30,ssbk00,banking,https://www.senate.gov/isvp/?comm=banking&filename=banking043015
CHRG-114shrg23875,2015-05-01,sssb00,smbiz,
CHRG-114shrg25886,2015-05-04,sssb00,smbiz,
CHRG-114shrg97504,2015-05-04,sscm00,commerce,
CHRG-114shrg26835,2015-05-05,ssfr00,foreign,https://www.senate.gov/isvp/?comm=foreign&filename=foreign050515
CHRG-114shrg59104653,2015-05-05,ssap00,approps,https://www.senate.gov/isvp/?comm=approps&filename=appropsA050515
CHRG-114shrg94601,2015-05-05,sshr00,help,https://www.senate.gov/isvp/?comm=help&filename=help050515
CHRG-114shrg94994,2015-05-05,ssev00,epw,https://www.senate.gov/isvp/?comm=epw&filename=epw050515
CHRG-114shrg95275,2015-05-05,sseg00,energy,https://www.senate.gov/isvp/?comm=energy&filename=energy050515
CHRG-114shrg96176,2015-05-05,ssaf00,ag,https://www.senate.gov/isvp/?comm=ag&filename=ag050515
CHRG-114shrg96929,2015-05-05,ssva00,vetaff,https://www.senate.gov/isvp/?comm=vetaff&filename=vetaff050515
CHRG-114shrg99568,2015-05-05,sscm00,commerce,https://www.senate.gov/isvp/?comm=commerce&filename=commerce050515
CHRG-114shrg47430,2015-05-06,ssju00,judiciary,https://www.senate.gov/isvp/?comm=judiciary&filename=judiciary050615
CHRG-114shrg49523,2015-05-06,spag00,aging,https://www.senate.gov/isvp/?comm=aging&filename=aging050615
CHRG-114shrg59104630,2015-05-06,ssap00,approps,https://www.senate.gov/isvp/?comm=approps&filename=appropsA050615 https://www.senate.gov/isvp/?comm=approps&filename=appropsB050615
CHRG-114shrg59104641,2015-05-06,ssap00,approps,https://www.senate.gov/isvp/?comm=approps&filename=appropsA050615 https://www.senate.gov/isvp/?comm=approps&filename=appropsB050615
CHRG-114shrg94613,2015-05-06,sshr00,help,https://www.senate.gov/isvp/?comm=help&filename=help050615
CHRG-114shrg94995,2015-05-06,ssev00,epw,https://www.senate.gov/isvp/?comm=epw&filename=epw050615
CHRG-114shrg98151,2015-05-06,ssfr00,foreign,https://www.senate.gov/isvp/?comm=foreign&filename=foreign050615
CHRG-114shrg99457,2015-05-06,sssb00,smbiz,https://www.senate.gov/isvp/?comm=smbiz&filename=smbiz050615
CHRG-114shrg99550,2015-05-06,sscm00,commerce,https://www.senate.gov/isvp/?comm=commerce&filename=commerce050615
CHRG-114shrg52845,2015-05-07,ssju00,judiciary,https://www.senate.gov/isvp/?comm=judiciary&filename=judiciary050715
CHRG-114shrg59104636,2015-05-07,ssap00,approps,https://www.senate.gov/isvp/?comm=approps&filename=appropsA050715 https://www.senate.gov/isvp/?comm=approps&filename=appropsB050715
CHRG-114shrg59104650,2015-05-07,ssap00,approps,https://www.senate.gov/isvp/?comm=approps&filename=appropsA050715 https://www.senate.gov/isvp/?comm=approps&filename=appropsB050715
CHRG-114shrg95653,2015-05-07,ssga00,govtaff,https://www.senate.gov/isvp/?comm=govtaff&filename=govtaff050715
CHRG-114shrg96177,2015-05-07,ssaf00,ag,https://www.senate.gov/isvp/?comm=ag&filename=ag050715
CHRG-114shrg28950,2015-05-12,ssfr00,foreign,https://www.senate.gov/isvp/?comm=foreign&filename=foreign051215
CHRG-114shrg59104654,2015-05-12,ssap00,approps,https://www.senate.gov/isvp/?comm=approps&filename=appropsA051215
CHRG-114shrg94770,2015-05-12,ssva00,vetaff,https://www.senate.gov/isvp/?comm=vetaff&filename=vetaff051215
CHRG-114shrg95276,2015-05-12,sseg00,energy,https://www.senate.gov/isvp/?comm=energy&filename=energy051215
CHRG-114shrg52846,2015-05-13,ssju00,judiciary,https://www.senate.gov/isvp/?comm=judiciary&filename=judiciary051315
CHRG-114shrg59104661,2015-05-13,ssap00,approps,https://www.senate.gov/isvp/?comm=approps&filename=appropsA051315
CHRG-114shrg94845,2015-05-13,ssva00,vetaff,https://www.senate.gov/isvp/?comm=vetaff&filename=vetaff051315
CHRG-114shrg96850,2015-05-13,ssfr00,foreign,https://www.senate.gov/isvp/?comm=foreign&filename=foreign051315
CHRG-114shrg98435,2015-05-13,slia00,indian,https://www.senate.gov/isvp/?comm=indian&filename=indian051315
CHRG-114shrg59104664,2015-05-14,ssap00,approps,https://www.senate.gov/isvp/?comm=approps&filename=appropsA051415
CHRG-114shrg95277,2015-05-14,sseg00,energy,https://www.senate.gov/isvp/?comm=energy&filename=energy051415
CHRG-114shrg96178,2015-05-14,ssaf00,ag,https://www.senate.gov/isvp/?comm=ag&filename=ag051415
CHRG-114shrg96851,2015-05-14,ssfr00,foreign,https://www.senate.gov/isvp/?comm=foreign&filename=foreign051415
CHRG-114shrg99934,2015-05-14,ssfi00,finance,https://www.senate.gov/isvp/?comm=finance&filename=finance051415
CHRG-114shrg94996,2015-05-15,ssev00,epw,
CHRG-114shrg20209,2015-05-19,ssfi00,finance,https://www.senate.gov/isvp/?comm=finance&filename=finance051915
CHRG-114shrg20671,2015-05-19,sscm00,commerce,https://www.senate.gov/isvp/?comm=commerce&filename=commerce051915
CHRG-114shrg52847,2015-05-19,ssju00,judiciary,https://www.senate.gov/isvp/?comm=judiciary&filename=judiciary051915
CHRG-114shrg94782,2015-05-19,sshr00,help,https://www.senate.gov/isvp/?comm=help&filename=help051915
CHRG-114shrg94997,2015-05-19,ssev00,epw,https://www.senate.gov/isvp/?comm=epw&filename=epw051915
CHRG-114shrg95278,2015-05-19,sseg00,energy,https://www.senate.gov/isvp/?comm=energy&filename=energy051915
CHRG-114shrg97728,2015-05-19,ssbu00,budget,https://www.senate.gov/isvp/?comm=budget&filename=budget051915
CHRG-114shrg99734,2015-05-19,sssb00,smbiz,https://www.senate.gov/isvp/?comm=smbiz&filename=smbiz051915
CHRG-114shrg20443,2015-05-20,ssev00,epw,https://www.senate.gov/isvp/?comm=epw&filename=epw052015
CHRG-114shrg49417,2015-05-20,spag00,aging,https://www.senate.gov/isvp/?comm=aging&filename=aging052015
CHRG-114shrg52978,2015-05-20,ssju00,judiciary,https://www.senate.gov/isvp/?comm=judiciary&filename=judiciary052015
CHRG-114shrg94783,2015-05-20,sshr00,help,https://www.senate.gov/isvp/?comm=help&filename=help052015
CHRG-114shrg94998,2015-05-20,ssev00,epw,https://www.senate.gov/isvp/?comm=epw&filename=epw052015
CHRG-114shrg95654,2015-05-20,ssga00,govtaff,https://www.senate.gov/isvp/?comm=govtaff&filename=govtaff052015
CHRG-114shrg96066,2015-05-20,slia00,indian,https://www.senate.gov/isvp/?comm=indian&filename=indian052015
CHRG-114shrg97547,2015-05-20,sscm00,commerce,https://www.senate.gov/isvp/?comm=commerce&filename=commerce052015
CHRG-114shrg20553,2015-05-21,sscm00,commerce,https://www.senate.gov/isvp/?comm=commerce&filename=commerce052115
CHRG-114shrg21326,2015-05-21,ssas00,armed,https://www.senate.gov/isvp/?comm=armed&filename=armedA052115
CHRG-114shrg95279,2015-05-21,sseg00,energy,https://www.senate.gov/isvp/?comm=energy&filename=energy052115
CHRG-114shrg96179,2015-05-21,ssaf00,ag,https://www.senate.gov/isvp/?comm=ag&filename=ag052115
CHRG-114shrg97352,2015-05-27,slia00,indian,
CHRG-114shrg94999,2015-06-01,ssev00,epw,
CHRG-114shrg20958,2015-06-02,ssfi00,finance,https://www.senate.gov/isvp/?comm=finance&filename=finance060215
CHRG-114shrg95280,2015-06-02,sseg00,energy,https://www.senate.gov/isvp/?comm=energy&filename=energy060215
CHRG-114shrg95655,2015-06-02,ssga00,govtaff,https://www.senate.gov/isvp/?comm=govtaff&filename=govtaff060215
CHRG-114shrg97415,2015-06-02,ssbk00,banking,https://www.senate.gov/isvp/?comm=banking&filename=banking060215
CHRG-114shrg98163,2015-06-02,sscm00,commerce,https://www.senate.gov/isvp/?comm=commerce&filename=commerce060215
CHRG-114jhrg95041,2015-06-03,jcpk00,cecc,
CHRG-114shrg94970,2015-06-03,sshr00,help,https://www.senate.gov/isvp/?comm=help&filename=help060315
CHRG-114shrg95001,2015-06-03,ssev00,epw,https://www.senate.gov/isvp/?comm=epw&filename=epw060315
CHRG-114shrg95656,2015-06-03,ssga00,govtaff,https://www.senate.gov/isvp/?comm=govtaff&filename=govtaff060315
CHRG-114shrg96109,2015-06-03,ssva00,vetaff,https://www.senate.gov/isvp/?comm=vetaff&filename=vetaff060315
CHRG-114shrg28951,2015-06-04,ssfr00,foreign,https://www.senate.gov/isvp/?comm=foreign&filename=foreign060415
CHRG-114shrg52979,2015-06-04,ssju00,judiciary,https://www.senate.gov/isvp/?comm=judiciary&filename=judiciary060415
CHRG-114shrg97305,2015-06-04,ssbk00,banking,https://www.senate.gov/isvp/?comm=banking&filename=banking060415
CHRG-114shrg97729,2015-06-08,ssbu00,budget,
CHRG-114shrg95281,2015-06-09,sseg00,energy,https://www.senate.gov/isvp/?comm=energy&filename=energy060915
CHRG-114shrg97353,2015-06-09,ssga00,govtaff,https://www.senate.gov/isvp/?comm=govtaff&filename=govtaff060915
CHRG-114jhrg95333,2015-06-10,jcse00,csce,https://www.senate.gov/isvp/?comm=csce&filename=csce061015
CHRG-114shrg25971,2015-06-10,sshr00,help,https://www.senate.gov/isvp/?comm=help&filename=help061015
CHRG-114shrg49416,2015-06-10,spag00,aging,https://www.senate.gov/isvp/?comm=aging&filename=aging061015
CHRG-114shrg52980,2015-06-10,ssju00,judiciary,https://www.senate.gov/isvp/?comm=judiciary&filename=judiciary061015
CHRG-114shrg95282,2015-06-10,sseg00,energy,https://www.senate.gov/isvp/?comm=energy&filename=energy061015
CHRG-114shrg95798,2015-06-10,ssga00,govtaff,https://www.senate.gov/isvp/?comm=govtaff&filename=govtaff061015
CHRG-114shrg96925,2015-06-10,slia00,indian,https://www.senate.gov/isvp/?comm=indian&filename=indian061015
CHRG-114shrg97354,2015-06-10,ssga00,govtaff,https://www.senate.gov/isvp/?comm=govtaff&filename=govtaff061015
CHRG-114shrg97741,2015-06-10,sscm00,commerce,https://www.senate.gov/isvp/?comm=commerce&filename=commerce061015
CHRG-114shrg99913,2015-06-10,ssev00,epw,https://www.senate.gov/isvp/?comm=epw&filename=epw061015
CHRG-114shrg95005,2015-06-11,ssev00,epw,https://www.senate.gov/isvp/?comm=epw&filename=epw061115
CHRG-114shrg97355,2015-06-11,ssga00,govtaff,https://www.senate.gov/isvp/?comm=govtaff&filename=govtaff061115
CHRG-114shrg28952,2015-06-16,ssfr00,foreign,https://www.senate.gov/isvp/?comm=foreign&filename=foreign061615
CHRG-114shrg95269,2015-06-16,sshr00,help,https://www.senate.gov/isvp/?comm=help&filename=help061615
CHRG-114shrg95283,2015-06-16,sseg00,energy,https://www.senate.gov/isvp/?comm=energy&filename=energy061615
CHRG-114shrg97356,2015-06-16,ssga00,govtaff,https://www.senate.gov/isvp/?comm=govtaff&filename=govtaff061615
CHRG-114shrg20563,2015-06-17,ssga00,govtaff,https://www.senate.gov/isvp/?comm=govtaff&filename=govtaff061715
CHRG-114shrg25885,2015-06-17,sshr00,help,https://www.senate.gov/isvp/?comm=help&filename=help061715
CHRG-114shrg95006,2015-06-17,ssev00,epw,https://www.senate.gov/isvp/?comm=epw&filename=epw061715
CHRG-114shrg97306,2015-06-17,slia00,indian,https://www.senate.gov/isvp/?comm=indian&filename=indian061715
CHRG-114shrg98757,2015-06-17,sscm00,commerce,https://www.senate.gov/isvp/?comm=commerce&filename=commerce061715
CHRG-114shrg98881,2015-06-17,ssga00,govtaff,https://www.senate.gov/isvp/?comm=govtaff&filename=govtaff061715
CHRG-114shrg20336,2015-06-18,ssfi00,finance,https://www.senate.gov/isvp/?comm=finance&filename=finance061815
CHRG-114shrg95284,2015-06-18,sseg00,energy,https://www.senate.gov/isvp/?comm=energy&filename=energy061815
CHRG-114shrg96193,2015-06-18,ssga00,govtaff,https://www.senate.gov/isvp/?comm=govtaff&filename=govtaff061815
CHRG-114shrg20564,2015-06-23,ssbu00,budget,https://www.senate.gov/isvp/?comm=budget&filename=budget062315
CHRG-114shrg25637,2015-06-23,ssva00,vetaff,
CHRG-114shrg28953,2015-06-23,ssfr00,foreign,https://www.senate.gov/isvp/?comm=foreign&filename=foreign062315
CHRG-114shrg59104655,2015-06-23,ssap00,approps,https://www.senate.gov/isvp/?comm=approps&filename=appropsA062315
CHRG-114shrg95744,2015-06-23,ssev00,epw,https://www.senate.gov/isvp/?comm=epw&filename=epw062315
CHRG-114shrg98644,2015-06-23,ssva00,vetaff,
CHRG-114shrg99955,2015-06-23,sscm00,commerce,https://www.senate.gov/isvp/?comm=commerce&filename=commerce062315
CHRG-114shrg49411,2015-06-24,spag00,aging,https://www.senate.gov/isvp/?comm=aging&filename=aging062415
CHRG-114shrg96261,2015-06-24,ssva00,vetaff,https://www.senate.gov/isvp/?comm=vetaff&filename=vetaff062415
CHRG-114shrg97503,2015-06-24,slia00,indian,https://www.senate.gov/isvp/?comm=indian&filename=indian062415
CHRG-114shrg99792,2015-06-24,ssev00,epw,https://www.senate.gov/isvp/?comm=epw&filename=epw062415
CHRG-114shrg20056,2015-06-25,sssb00,smbiz,https://www.senate.gov/isvp/?comm=smbiz&filename=smbiz062515
CHRG-114shrg20445,2015-06-25,ssfi00,finance,https://www.senate.gov/isvp/?comm=finance&filename=finance062515
CHRG-114shrg20565,2015-06-25,ssga00,govtaff,https://www.senate.gov/isvp/?comm=govtaff&filename=govtaff062515
CHRG-114shrg96180,2015-06-25,ssaf00,ag,https://www.senate.gov/isvp/?comm=ag&filename=ag062515
CHRG-114shrg97475,2015-06-25,ssbk00,banking,https://www.senate.gov/isvp/?comm=banking&filename=banking062515
CHRG-114shrg95296,2015-07-07,sseg00,energy,https://www.senate.gov/isvp/?comm=energy&filename=energy070715
CHRG-114shrg95491,2015-07-07,sshr00,help,https://www.senate.gov/isvp/?comm=help&filename=help070715
CHRG-114shrg96181,2015-07-07,ssaf00,ag,https://www.senate.gov/isvp/?comm=ag&filename=ag070715
CHRG-114shrg99958,2015-07-07,sscm00,commerce,https://www.senate.gov/isvp/?comm=commerce&filename=commerce070715
CHRG-114shrg21257,2015-07-08,ssga00,govtaff,https://www.senate.gov/isvp/?comm=govtaff&filename=govtaff070815
CHRG-114shrg27896,2015-07-08,slin00,intel,https://www.senate.gov/isvp/?comm=intel&filename=intel070815
CHRG-114shrg53117,2015-07-08,ssju00,judiciary,https://www.senate.gov/isvp/?comm=judiciary&filename=judiciary070815
CHRG-114shrg53118,2015-07-08,ssju00,judiciary,https://www.senate.gov/isvp/?comm=judiciary&filename=judiciary070815
CHRG-114shrg97398,2015-07-08,ssbk00,banking,https://www.senate.gov/isvp/?comm=banking&filename=banking070815
CHRG-114shrg97557,2015-07-08,ssev00,epw,https://www.senate.gov/isvp/?comm=epw&filename=epw070815
CHRG-114shrg98153,2015-07-08,slia00,indian,https://www.senate.gov/isvp/?comm=indian&filename=indian070815
CHRG-114shrg21258,2015-07-09,ssga00,govtaff,https://www.senate.gov/isvp/?comm=govtaff&filename=govtaff070915
CHRG-114shrg20337,2015-07-14,sssb00,smbiz,https://www.senate.gov/isvp/?comm=smbiz&filename=smbiz071415
CHRG-114shrg95298,2015-07-14,sseg00,energy,https://www.senate.gov/isvp/?comm=energy&filename=energy071415
CHRG-114shrg97384,2015-07-14,sscm00,commerce,https://www.senate.gov/isvp/?comm=commerce&filename=commerce071415
CHRG-114shrg29841,2015-07-15,ssfr00,foreign,https://www.senate.gov/isvp/?comm=foreign&filename=foreign071515
CHRG-114shrg49410,2015-07-15,spag00,aging,https://www.senate.gov/isvp/?comm=aging&filename=aging071515
CHRG-114shrg95734,2015-07-15,ssev00,epw,https://www.senate.gov/isvp/?comm=epw&filename=epw071515
CHRG-114shrg97399,2015-07-15,ssbk00,banking,https://www.senate.gov/isvp/?comm=banking&filename=banking071515
CHRG-114shrg98132,2015-07-15,slia00,indian,https://www.senate.gov/isvp/?comm=indian&filename=indian071515
CHRG-114shrg98423,2015-07-15,sscm00,commerce,https://www.senate.gov/isvp/?comm=commerce&filename=commerce071515
CHRG-114shrg20377,2015-07-16,ssfi00,finance,https://www.senate.gov/isvp/?comm=finance&filename=finance071615
CHRG-114shrg29842,2015-07-16,ssfr00,foreign,https://www.senate.gov/isvp/?comm=foreign&filename=foreign071615
CHRG-114shrg29843,2015-07-16,ssfr00,foreign,https://www.senate.gov/isvp/?comm=foreign&filename=foreign071615
CHRG-114shrg96182,2015-07-16,ssaf00,ag,https://www.senate.gov/isvp/?comm=ag&filename=ag071615
CHRG-114shrg96251,2015-07-16,ssga00,govtaff,https://www.senate.gov/isvp/?comm=govtaff&filename=govtaff071615
CHRG-114shrg97176,2015-07-16,ssbk00,banking,https://www.senate.gov/isvp/?comm=banking&filename=banking071615
CHRG-114shrg98906,2015-07-16,sseg00,energy,https://www.senate.gov/isvp/?comm=energy&filename=energy071615
CHRG-114shrg21259,2015-07-20,ssga00,govtaff,
CHRG-114shrg53119,2015-07-21,ssju00,judiciary,https://www.senate.gov/isvp/?comm=judiciary&filename=judiciary072115
CHRG-114shrg95692,2015-07-21,sshr00,help,https://www.senate.gov/isvp/?comm=help&filename=help072115
CHRG-114shrg20338,2015-07-22,sssb00,smbiz,https://www.senate.gov/isvp/?comm=smbiz&filename=smbiz072215
CHRG-114shrg22225,2015-07-22,ssga00,govtaff,https://www.senate.gov/isvp/?comm=govtaff&filename=govtaff072215
CHRG-114shrg48875,2015-07-22,spag00,aging,https://www.senate.gov/isvp/?comm=aging&filename=aging072215
CHRG-114shrg53396,2015-07-22,ssju00,judiciary,https://www.senate.gov/isvp/?comm=judiciary&filename=judiciary072215
CHRG-114shrg53738,2015-07-22,ssju00,judiciary,https://www.senate.gov/isvp/?comm=judiciary&filename=judiciary072215
CHRG-114shrg95712,2015-07-22,sshr00,help,https://www.senate.gov/isvp/?comm=help&filename=help072215
CHRG-114shrg97517,2015-07-22,ssbk00,banking,https://www.senate.gov/isvp/?comm=banking&filename=banking072215
CHRG-114shrg97740,2015-07-22,sscm00,commerce,https://www.senate.gov/isvp/?comm=commerce&filename=commerce072215
CHRG-114shrg98862,2015-07-22,slia00,indian,https://www.senate.gov/isvp/?comm=indian&filename=indian072215
CHRG-114shrg20446,2015-07-23,ssfi00,finance,https://www.senate.gov/isvp/?comm=finance&filename=finance072315
CHRG-114shrg53397,2015-07-23,ssju00,judiciary,https://www.senate.gov/isvp/?comm=judiciary&filename=judiciary072315
CHRG-114shrg95737,2015-07-23,sshr00,help,https://www.senate.gov/isvp/?comm=help&filename=help072315
CHRG-114shrg97533,2015-07-23,ssbk00,banking,https://www.senate.gov/isvp/?comm=banking&filename=banking072315
CHRG-114shrg98882,2015-07-23,ssga00,govtaff,https://www.senate.gov/isvp/?comm=govtaff&filename=govtaff072315
CHRG-114shrg22226,2015-07-28,ssga00,govtaff,https://www.senate.gov/isvp/?comm=govtaff&filename=govtaff072815
CHRG-114shrg97607,2015-07-28,ssbk00,banking,https://www.senate.gov/isvp/?comm=banking&filename=banking072815
CHRG-114shrg21483,2015-07-29,ssas00,armed,https://www.senate.gov/isvp/?comm=armed&filename=armedA072915 https://www.senate.gov/isvp/?comm=armed&filename=armedB072915
CHRG-114shrg34920,2015-07-29,ssfr00,foreign,https://www.senate.gov/isvp/?comm=foreign&filename=foreign072915
CHRG-114shrg53398,2015-07-29,ssju00,judiciary,https://www.senate.gov/isvp/?comm=judiciary&filename=judiciary072915
CHRG-114shrg95801,2015-07-29,sshr00,help,https://www.senate.gov/isvp/?comm=help&filename=help072915
CHRG-114shrg96247,2015-07-29,ssva00,vetaff,https://www.senate.gov/isvp/?comm=vetaff&filename=vetaff072915
CHRG-114shrg97650,2015-07-29,ssbk00,banking,https://www.senate.gov/isvp/?comm=banking&filename=banking072915
CHRG-114shrg98424,2015-07-29,sscm00,commerce,https://www.senate.gov/isvp/?comm=commerce&filename=commerce072915
CHRG-114shrg99569,2015-07-29,ssas00,armed,https://www.senate.gov/isvp/?comm=armed&filename=armedA072915 https://www.senate.gov/isvp/?comm=armed&filename=armedB072915
CHRG-114shrg99990,2015-07-29,slia00,indian,https://www.senate.gov/isvp/?comm=indian&filename=indian072915
CHRG-114shrg69104737,2015-07-30,ssap00,approps,https://www.senate.gov/isvp/?comm=approps&filename=appropsA073015
CHRG-114shrg96194,2015-07-30,ssga00,govtaff,https://www.senate.gov/isvp/?comm=govtaff&filename=govtaff073015
CHRG-114shrg48877,2015-07-31,spag00,aging,
CHRG-114shrg20779,2015-08-04,ssfi00,finance,https://www.senate.gov/isvp/?comm=finance&filename=finance080415
CHRG-114shrg22227,2015-08-04,ssga00,govtaff,https://www.senate.gov/isvp/?comm=govtaff&filename=govtaff080415
CHRG-114shrg96844,2015-08-04,ssev00,epw,https://www.senate.gov/isvp/?comm=epw&filename=epw080415
CHRG-114shrg22724,2015-08-05,ssfi00,finance,https://www.senate.gov/isvp/?comm=finance&filename=finance080515
CHRG-114shrg47448,2015-08-05,ssju00,judiciary,https://www.senate.gov/isvp/?comm=judiciary&filename=judiciary080515
CHRG-114shrg95849,2015-08-05,sshr00,help,https://www.senate.gov/isvp/?comm=help&filename=help080515
CHRG-114shrg97883,2015-08-05,ssbk00,banking,https://www.senate.gov/isvp/?comm=banking&filename=banking080515
CHRG-114shrg99902,2015-08-05,ssev00,epw,https://www.senate.gov/isvp/?comm=epw&filename=epw080515
CHRG-114shrg34921,2015-08-06,ssfr00,foreign,https://www.senate.gov/isvp/?comm=foreign&filename=foreign080615
CHRG-114shrg24426,2015-08-17,sseg00,energy,
CHRG-114shrg98880,2015-08-20,slia00,indian,
CHRG-114shrg96265,2015-08-21,ssva00,vetaff,https://www.senate.gov/isvp/?comm=vetaff&filename=vetaff082115
CHRG-114shrg96250,2015-08-25,ssva00,vetaff,
CHRG-114shrg98908,2015-08-27,sseg00,energy,
CHRG-114shrg96922,2015-09-01,ssev00,epw,
CHRG-114shrg48874,2015-09-02,spag00,aging,
CHRG-114shrg99806,2015-09-03,sscm00,commerce,
CHRG-114shrg22377,2015-09-16,ssga00,govtaff,https://www.senate.gov/isvp/?comm=govtaff&filename=govtaff091615
CHRG-114shrg34922,2015-09-16,ssfr00,foreign,https://www.senate.gov/isvp/?comm=foreign&filename=foreign091615
CHRG-114shrg53623,2015-09-16,ssju00,judiciary,https://www.senate.gov/isvp/?comm=judiciary&filename=judiciary091615
CHRG-114shrg69104723,2015-09-16,ssap00,approps,https://www.senate.gov/isvp/?comm=approps&filename=appropsA091615
CHRG-114shrg96259,2015-09-16,sshr00,help,https://www.senate.gov/isvp/?comm=help&filename=help091615
CHRG-114shrg96832,2015-09-16,ssva00,vetaff,https://www.senate.gov/isvp/?comm=vetaff&filename=vetaff091615
CHRG-114shrg98709,2015-09-16,ssev00,epw,https://www.senate.gov/isvp/?comm=epw&filename=epw091615
CHRG-114shrg98848,2015-09-16,slia00,indian,https://www.senate.gov/isvp/?comm=indian&filename=indian091615
CHRG-114shrg96258,2015-09-17,sshr00,help,https://www.senate.gov/isvp/?comm=help&filename=help091715
CHRG-114shrg97884,2015-09-17,ssbk00,banking,https://www.senate.gov/isvp/?comm=banking&filename=banking091715
CHRG-114shrg98909,2015-09-17,sseg00,energy,https://www.senate.gov/isvp/?comm=energy&filename=energy091715
CHRG-114shrg99603,2015-09-17,ssas00,armed,https://www.senate.gov/isvp/?comm=armed&filename=armedA091715
CHRG-114shrg99711,2015-09-17,sscm00,commerce,https://www.senate.gov/isvp/?comm=commerce&filename=commerce091715
CHRG-114shrg22378,2015-09-22,ssga00,govtaff,https://www.senate.gov/isvp/?comm=govtaff&filename=govtaff092215
CHRG-114shrg53624,2015-09-22,ssju00,judiciary,https://www.senate.gov/isvp/?comm=judiciary&filename=judiciary092215
CHRG-114shrg98269,2015-09-23,ssga00,govtaff,https://www.senate.gov/isvp/?comm=govtaff&filename=govtaff092315
CHRG-114shrg29493,2015-09-24,slin00,intel,https://www.senate.gov/isvp/?comm=intel&filename=intel092415
CHRG-114shrg20867,2015-09-29,ssfi00,finance,https://www.senate.gov/isvp/?comm=finance&filename=finance092915
CHRG-114shrg22270,2015-09-29,ssas00,armed,https://www.senate.gov/isvp/?comm=armed&filename=armedA092915
CHRG-114shrg34923,2015-09-29,ssfr00,foreign,https://www.senate.gov/isvp/?comm=foreign&filename=foreign092915
CHRG-114shrg35991,2015-09-29,ssfr00,foreign,https://www.senate.gov/isvp/?comm=foreign&filename=foreign092915
CHRG-114shrg79104767,2015-09-29,ssap00,approps,https://www.senate.gov/isvp/?comm=approps&filename=appropsA092915
CHRG-114shrg96834,2015-09-29,ssva00,vetaff,https://www.senate.gov/isvp/?comm=vetaff&filename=vetaff092915
CHRG-114shrg98386,2015-09-29,ssbk00,banking,https://www.senate.gov/isvp/?comm=banking&filename=banking092915
CHRG-114shrg98669,2015-09-29,ssev00,epw,https://www.senate.gov/isvp/?comm=epw&filename=epw092915
CHRG-114shrg99516,2015-09-29,ssev00,epw,https://www.senate.gov/isvp/?comm=epw&filename=epw092915
CHRG-114shrg99959,2015-09-29,sscm00,commerce,https://www.senate.gov/isvp/?comm=commerce&filename=commerce092915
CHRG-114shrg22379,2015-09-30,ssga00,govtaff,https://www.senate.gov/isvp/?comm=govtaff&filename=govtaff093015
CHRG-114shrg48679,2015-09-30,spag00,aging,https://www.senate.gov/isvp/?comm=aging&filename=aging093015
CHRG-114shrg53712,2015-09-30,ssju00,judiciary,https://www.senate.gov/isvp/?comm=judiciary&filename=judiciary093015
CHRG-114shrg97666,2015-09-30,ssga00,govtaff,https://www.senate.gov/isvp/?comm=govtaff&filename=govtaff093015
CHRG-114shrg98387,2015-09-30,ssbk00,banking,https://www.senate.gov/isvp/?comm=banking&filename=banking093015
CHRG-114shrg99458,2015-09-30,ssev00,epw,https://www.senate.gov/isvp/?comm=epw&filename=epw093015
CHRG-114shrg20725,2015-10-01,ssas00,armed,https://www.senate.gov/isvp/?comm=armed&filename=armedA100115
CHRG-114shrg20936,2015-10-01,ssfi00,finance,https://www.senate.gov/isvp/?comm=finance&filename=finance100115
CHRG-114shrg31167,2015-10-01,sshr00,help,https://www.senate.gov/isvp/?comm=help&filename=help100115
CHRG-114shrg34924,2015-10-01,ssfr00,foreign,https://www.senate.gov/isvp/?comm=foreign&filename=foreign100115
CHRG-114shrg45323,2015-10-01,sssb00,smbiz,https://www.senate.gov/isvp/?comm=smbiz&filename=smbiz100115
CHRG-114shrg53713,2015-10-01,ssju00,judiciary,https://www.senate.gov/isvp/?comm=judiciary&filename=judiciary100115
CHRG-114shrg98910,2015-10-01,sseg00,energy,https://www.senate.gov/isvp/?comm=energy&filename=energy100115
CHRG-114shrg34925,2015-10-06,ssfr00,foreign,https://www.senate.gov/isvp/?comm=foreign&filename=foreign100615
CHRG-114shrg53714,2015-10-06,ssju00,judiciary,https://www.senate.gov/isvp/?comm=judiciary&filename=judiciary100615
CHRG-114shrg96928,2015-10-06,ssva00,vetaff,https://www.senate.gov/isvp/?comm=vetaff&filename=vetaff100615
CHRG-114shrg96983,2015-10-06,sshr00,help,https://www.senate.gov/isvp/?comm=help&filename=help100615
CHRG-114shrg98911,2015-10-06,sseg00,energy,https://www.senate.gov/isvp/?comm=energy&filename=energy100615
CHRG-114shrg20036,2015-10-07,slia00,indian,https://www.senate.gov/isvp/?comm=indian&filename=indian100715
CHRG-114shrg20043,2015-10-07,sscm00,commerce,https://www.senate.gov/isvp/?comm=commerce&filename=commerce100715
CHRG-114shrg20721,2015-10-07,ssas00,armed,https://www.senate.gov/isvp/?comm=armed&filename=armedA100715
CHRG-114shrg35992,2015-10-07,ssfr00,foreign,https://www.senate.gov/isvp/?comm=foreign&filename=foreign100715
CHRG-114shrg48680,2015-10-07,spag00,aging,https://www.senate.gov/isvp/?comm=aging&filename=aging100715
CHRG-114shrg53824,2015-10-07,ssju00,judiciary,https://www.senate.gov/isvp/?comm=judiciary&filename=judiciary100715
CHRG-114shrg59104663,2015-10-07,ssap00,approps,https://www.senate.gov/isvp/?comm=approps&filename=appropsA100715
CHRG-114shrg98268,2015-10-07,ssev00,epw,https://www.senate.gov/isvp/?comm=epw&filename=epw100715
CHRG-114jhrg98306,2015-10-08,jcpk00,cecc,
CHRG-114jhrg98307,2015-10-08,jcpk00,cecc,
CHRG-114shrg20922,2015-10-08,ssas00,armed,https://www.senate.gov/isvp/?comm=armed&filename=armedA100815
CHRG-114shrg22380,2015-10-08,ssga00,govtaff,https://www.senate.gov/isvp/?comm=govtaff&filename=govtaff100815
CHRG-114shrg35960,2015-10-08,ssfr00,foreign,https://www.senate.gov/isvp/?comm=foreign&filename=foreign100815
CHRG-114shrg35993,2015-10-08,ssfr00,foreign,https://www.senate.gov/isvp/?comm=foreign&filename=foreign100815
CHRG-114shrg53825,2015-10-08,ssju00,judiciary,https://www.senate.gov/isvp/?comm=judiciary&filename=judiciary100815
CHRG-114shrg98941,2015-10-08,sseg00,energy,https://www.senate.gov/isvp/?comm=energy&filename=energy100815
CHRG-114shrg98942,2015-10-08,sseg00,energy,https://www.senate.gov/isvp/?comm=energy&filename=energy100815
CHRG-114shrg99677,2015-10-08,sscm00,commerce,https://www.senate.gov/isvp/?comm=commerce&filename=commerce100815
CHRG-114shrg53826,2015-10-13,ssju00,judiciary,https://www.senate.gov/isvp/?comm=judiciary&filename=judiciary101315
CHRG-114shrg97273,2015-10-13,sshr00,help,
CHRG-114shrg97274,2015-10-13,sshr00,help,
CHRG-114shrg21277,2015-10-15,ssfi00,finance,https://www.senate.gov/isvp/?comm=finance&filename=finance101515
CHRG-114shrg35961,2015-10-20,ssfr00,foreign,https://www.senate.gov/isvp/?comm=foreign&filename=foreign102015
CHRG-114shrg35994,2015-10-20,ssfr00,foreign,https://www.senate.gov/isvp/?comm=foreign&filename=foreign102015
CHRG-114shrg98943,2015-10-20,sseg00,energy,https://www.senate.gov/isvp/?comm=energy&filename=energy102015
CHRG-114shrg20444,2015-10-21,ssev00,epw,https://www.senate.gov/isvp/?comm=epw&filename=epw102115
CHRG-114shrg20923,2015-10-21,ssas00,armed,https://www.senate.gov/isvp/?comm=armed&filename=armedA102115
CHRG-114shrg48532,2015-10-21,spag00,aging,https://www.senate.gov/isvp/?comm=aging&filename=aging102115
CHRG-114shrg69104724,2015-10-21,ssap00,approps,https://www.senate.gov/isvp/?comm=approps&filename=appropsA102115
CHRG-114shrg98668,2015-10-21,ssev00,epw,https://www.senate.gov/isvp/?comm=epw&filename=epw102115
CHRG-114shrg98991,2015-10-21,ssaf00,ag,https://www.senate.gov/isvp/?comm=ag&filename=ag102115
CHRG-114shrg99901,2015-10-21,slia00,indian,https://www.senate.gov/isvp/?comm=indian&filename=indian102115
CHRG-114shrg97881,2015-10-22,ssga00,govtaff,https://www.senate.gov/isvp/?comm=govtaff&filename=govtaff102215
CHRG-114shrg98944,2015-10-22,sseg00,energy,https://www.senate.gov/isvp/?comm=energy&filename=energy102215
CHRG-114shrg59104618,2015-10-26,ssap00,approps,
CHRG-114shrg98945,2015-10-27,sseg00,energy,https://www.senate.gov/isvp/?comm=energy&filename=energy102715
CHRG-114shrg22381,2015-10-28,ssga00,govtaff,https://www.senate.gov/isvp/?comm=govtaff&filename=govtaff102815
CHRG-114shrg35962,2015-10-28,ssfr00,foreign,https://www.senate.gov/isvp/?comm=foreign&filename=foreign102815
CHRG-114shrg69104690,2015-10-28,ssap00,approps,https://www.senate.gov/isvp/?comm=approps&filename=appropsA102815 https://www.senate.gov/isvp/?comm=approps&filename=appropsB102815
CHRG-114shrg69104701,2015-10-28,ssap00,approps,https://www.senate.gov/isvp/?comm=approps&filename=appropsA102815 https://www.senate.gov/isvp/?comm=approps&filename=appropsB102815
CHRG-114shrg97483,2015-10-28,sshr00,help,https://www.senate.gov/isvp/?comm=help&filename=help102815
CHRG-114shrg97934,2015-10-28,ssva00,vetaff,https://www.senate.gov/isvp/?comm=vetaff&filename=vetaff102815
CHRG-114shrg98013,2015-10-28,ssbk00,banking,https://www.senate.gov/isvp/?comm=banking&filename=banking102815
CHRG-114shrg99712,2015-10-28,sscm00,commerce,https://www.senate.gov/isvp/?comm=commerce&filename=commerce102815
CHRG-114shrg21409,2015-10-29,ssfi00,finance,https://www.senate.gov/isvp/?comm=finance&filename=finance102915
CHRG-114shrg97548,2015-10-29,sshr00,help,https://www.senate.gov/isvp/?comm=help&filename=help102915
CHRG-114shrg99538,2015-10-29,ssas00,armed,https://www.senate.gov/isvp/?comm=armed&filename=armedA102915
CHRG-114shrg21968,2015-11-03,sseg00,energy,
CHRG-114shrg35995,2015-11-03,ssfr00,foreign,https://www.senate.gov/isvp/?comm=foreign&filename=foreign110315
CHRG-114shrg99570,2015-11-03,ssas00,armed,https://www.senate.gov/isvp/?comm=armed&filename=armedA110315
CHRG-114jhrg97902,2015-11-04,jsec00,jec,https://www.senate.gov/isvp/?comm=jec&filename=jec110415
CHRG-114shrg20128,2015-11-04,sscm00,commerce,https://www.senate.gov/isvp/?comm=commerce&filename=commerce110415
CHRG-114shrg22473,2015-11-04,ssga00,govtaff,https://www.senate.gov/isvp/?comm=govtaff&filename=govtaff110415
CHRG-114shrg38542,2015-11-04,ssfr00,foreign,https://www.senate.gov/isvp/?comm=foreign&filename=foreign110415
CHRG-114jhrg98259,2015-11-05,jcse00,csce,
CHRG-114shrg23252,2015-11-05,ssas00,armed,https://www.senate.gov/isvp/?comm=armed&filename=armedA110515
CHRG-114shrg98996,2015-11-05,ssaf00,ag,https://www.senate.gov/isvp/?comm=ag&filename=ag110515
CHRG-114shrg99688,2015-11-05,ssga00,govtaff,https://www.senate.gov/isvp/?comm=govtaff&filename=govtaff110515
CHRG-114shrg69104738,2015-11-06,ssap00,approps,https://www.senate.gov/isvp/?comm=approps&filename=appropsA110615
CHRG-114shrg20924,2015-11-10,ssas00,armed,https://www.senate.gov/isvp/?comm=armed&filename=armedA111015
CHRG-114shrg22474,2015-11-13,ssga00,govtaff,
CHRG-114shrg21472,2015-11-17,ssfi00,finance,https://www.senate.gov/isvp/?comm=finance&filename=finance111715
CHRG-114shrg22191,2015-11-17,ssas00,armed,https://www.senate.gov/isvp/?comm=armed&filename=armedA111715
CHRG-114shrg38556,2015-11-17,ssfr00,foreign,https://www.senate.gov/isvp/?comm=foreign&filename=foreign111715
CHRG-114shrg52542,2015-11-17,,,
CHRG-114shrg97694,2015-11-17,sshr00,help,https://www.senate.gov/isvp/?comm=help&filename=help111715
CHRG-114shrg98946,2015-11-17,sseg00,energy,
CHRG-114shrg52544,2015-11-18,,,
CHRG-114shrg98065,2015-11-18,ssva00,vetaff,https://www.senate.gov/isvp/?comm=vetaff&filename=vetaff111815
CHRG-114shrg98708,2015-11-18,ssev00,epw,https://www.senate.gov/isvp/?comm=epw&filename=epw111815
CHRG-114shrg98984,2015-11-18,slia00,indian,https://www.senate.gov/isvp/?comm=indian&filename=indian111815
CHRG-114shrg22475,2015-11-19,ssga00,govtaff,https://www.senate.gov/isvp/?comm=govtaff&filename=govtaff111915
CHRG-114shrg35996,2015-11-19,ssfr00,foreign,https://www.senate.gov/isvp/?comm=foreign&filename=foreign111915
CHRG-114shrg98445,2015-11-19,ssga00,govtaff,https://www.senate.gov/isvp/?comm=govtaff&filename=govtaff111915
CHRG-114shrg59104625,2015-11-24,ssap00,approps,
CHRG-114shrg22145,2015-12-01,ssfi00,finance,https://www.senate.gov/isvp/?comm=finance&filename=finance120115
CHRG-114shrg22200,2015-12-01,ssas00,armed,https://www.senate.gov/isvp/?comm=armed&filename=armedA120115
CHRG-114shrg22348,2015-12-01,sseg00,energy,
CHRG-114shrg52553,2015-12-01,,,
CHRG-114shrg20957,2015-12-02,ssas00,armed,https://www.senate.gov/isvp/?comm=armed&filename=armedA120215
CHRG-114shrg22171,2015-12-02,slia00,indian,https://www.senate.gov/isvp/?comm=indian&filename=indian120215
CHRG-114shrg52543,2015-12-02,,,
CHRG-114shrg52555,2015-12-02,,,
CHRG-114shrg98066,2015-12-02,ssva00,vetaff,
CHRG-114shrg98997,2015-12-02,ssaf00,ag,https://www.senate.gov/isvp/?comm=ag&filename=ag120215
CHRG-114shrg98964,2015-12-03,sseg00,energy,
CHRG-114shrg98987,2015-12-03,ssga00,govtaff,https://www.senate.gov/isvp/?comm=govtaff&filename=govtaff120315
CHRG-114shrg99664,2015-12-03,ssas00,armed,https://www.senate.gov/isvp/?comm=armed&filename=armedA120315
CHRG-114shrg21644,2015-12-08,sscm00,commerce,https://www.senate.gov/isvp/?comm=commerce&filename=commerce120815
CHRG-114shrg22222,2015-12-08,ssas00,armed,https://www.senate.gov/isvp/?comm=armed&filename=armedA120815
CHRG-114shrg22414,2015-12-08,ssfr00,foreign,https://www.senate.gov/isvp/?comm=foreign&filename=foreign120815
CHRG-114shrg52545,2015-12-08,,,
CHRG-114shrg97955,2015-12-08,sshr00,help,https://www.senate.gov/isvp/?comm=help&filename=help120815
CHRG-114shrg98965,2015-12-08,sseg00,energy,
CHRG-114shrg21369,2015-12-09,ssfr00,foreign,https://www.senate.gov/isvp/?comm=foreign&filename=foreign120915
CHRG-114shrg23034,2015-12-09,ssfr00,foreign,https://www.senate.gov/isvp/?comm=foreign&filename=foreign120915
CHRG-114shrg48531,2015-12-09,spag00,aging,https://www.senate.gov/isvp/?comm=aging&filename=aging120915
CHRG-114shrg52546,2015-12-09,ssju00,judiciary,https://www.senate.gov/isvp/?comm=judiciary&filename=judiciary120915
CHRG-114shrg59104626,2015-12-09,ssap00,approps,
CHRG-114shrg59104627,2015-12-09,ssap00,approps,
CHRG-114shrg21183,2015-12-10,ssfr00,foreign,https://www.senate.gov/isvp/?comm=foreign&filename=foreign121015
CHRG-114shrg23251,2015-12-10,sseg00,energy,
CHRG-114shrg23575,2015-12-10,ssas00,armed,https://www.senate.gov/isvp/?comm=armed&filename=armedA121015
CHRG-114shrg99903,2015-12-10,ssga00,govtaff,https://www.senate.gov/isvp/?comm=govtaff&filename=govtaff121015
CHRG-114jhrg98261,2015-12-11,jcse00,csce,
CHRG-114shrg23617,2015-12-14,ssva00,vetaff,
CHRG-114shrg26537,2015-12-15,ssva00,vetaff,
CHRG-114shrg20949,2015-12-16,ssfr00,foreign,https://www.senate.gov/isvp/?comm=foreign&filename=foreign121615
CHRG-114shrg98988,2016-01-12,ssga00,govtaff,https://www.senate.gov/isvp/?comm=govtaff&filename=govtaff011216
CHRG-114shrg48361,2016-01-19,spag00,aging,
CHRG-114shrg48712,2016-01-19,spag00,aging,
CHRG-114shrg98966,2016-01-19,sseg00,energy,https://www.senate.gov/isvp/?comm=energy&filename=energy011916
CHRG-114shrg22714,2016-01-20,ssga00,govtaff,https://www.senate.gov/isvp/?comm=govtaff&filename=govtaff012016
CHRG-114shrg22725,2016-01-20,sscm00,commerce,https://www.senate.gov/isvp/?comm=commerce&filename=commerce012016
CHRG-114shrg24849,2016-01-20,ssas00,armed,https://www.senate.gov/isvp/?comm=armed&filename=armedA012016 https://www.senate.gov/isvp/?comm=armed&filename=armedB012016
CHRG-114shrg25364,2016-01-20,ssas00,armed,https://www.senate.gov/isvp/?comm=armed&filename=armedA012016 https://www.senate.gov/isvp/?comm=armed&filename=armedB012016
CHRG-114shrg69104669,2016-01-20,ssap00,approps,https://www.senate.gov/isvp/?comm=approps&filename=appropsA012016
CHRG-114shrg98398,2016-01-20,sshr00,help,https://www.senate.gov/isvp/?comm=help&filename=help012016
CHRG-114shrg99691,2016-01-20,ssev00,epw,https://www.senate.gov/isvp/?comm=epw&filename=epw012016
CHRG-114shrg20447,2016-01-21,ssva00,vetaff,https://www.senate.gov/isvp/?comm=vetaff&filename=vetaff012116
CHRG-114shrg22715,2016-01-21,ssga00,govtaff,https://www.senate.gov/isvp/?comm=govtaff&filename=govtaff012116
CHRG-114shrg23629,2016-01-21,ssfi00,finance,https://www.senate.gov/isvp/?comm=finance&filename=finance012116
CHRG-114shrg25359,2016-01-21,sseg00,energy,https://www.senate.gov/isvp/?comm=energy&filename=energy012116
CHRG-114shrg31181,2016-01-21,ssfr00,foreign,https://www.senate.gov/isvp/?comm=foreign&filename=foreign012116
CHRG-114shrg58002,2016-01-21,ssas00,armed,https://www.senate.gov/isvp/?comm=armed&filename=armedA012116
CHRG-114shrg59104635,2016-01-21,ssap00,approps,
CHRG-114shrg98967,2016-01-21,sseg00,energy,https://www.senate.gov/isvp/?comm=energy&filename=energy012116
CHRG-114shrg24800,2016-01-27,ssas00,armed,https://www.senate.gov/isvp/?comm=armed&filename=armedA012716 https://www.senate.gov/isvp/?comm=armed&filename=armedB012716
CHRG-114shrg25116,2016-01-27,ssas00,armed,https://www.senate.gov/isvp/?comm=armed&filename=armedA012716 https://www.senate.gov/isvp/?comm=armed&filename=armedB012716
CHRG-114shrg20085,2016-01-28,ssga00,govtaff,https://www.senate.gov/isvp/?comm=govtaff&filename=govtaff012816
CHRG-114shrg22396,2016-01-28,ssfi00,finance,https://www.senate.gov/isvp/?comm=finance&filename=finance012816
CHRG-114shrg24386,2016-01-28,sssb00,smbiz,https://www.senate.gov/isvp/?comm=smbiz&filename=smbiz012816
CHRG-114shrg98472,2016-01-28,sshr00,help,https://www.senate.gov/isvp/?comm=help&filename=help012816
CHRG-114shrg48286,2016-02-01,spag00,aging,
CHRG-114shrg48711,2016-02-01,spag00,aging,
CHRG-114shrg22716,2016-02-02,ssga00,govtaff,https://www.senate.gov/isvp/?comm=govtaff&filename=govtaff020216
CHRG-114shrg24850,2016-02-02,ssas00,armed,https://www.senate.gov/isvp/?comm=armed&filename=armedA020216
CHRG-114shrg21333,2016-02-03,ssbu00,budget,https://www.senate.gov/isvp/?comm=budget&filename=budget020316
CHRG-114shrg21662,2016-02-03,slia00,indian,https://www.senate.gov/isvp/?comm=indian&filename=indian020316
CHRG-114shrg22717,2016-02-03,ssga00,govtaff,https://www.senate.gov/isvp/?comm=govtaff&filename=govtaff020316
CHRG-114shrg24931,2016-02-03,ssas00,armed,https://www.senate.gov/isvp/?comm=armed&filename=armedA020316
CHRG-114shrg31168,2016-02-03,ssfr00,foreign,https://www.senate.gov/isvp/?comm=foreign&filename=foreign020316
CHRG-114shrg99405,2016-02-03,ssev00,epw,https://www.senate.gov/isvp/?comm=epw&filename=epw020316
CHRG-114shrg22427,2016-02-04,ssfi00,finance,https://www.senate.gov/isvp/?comm=finance&filename=finance020416
CHRG-114shrg24144,2016-02-04,sscm00,commerce,https://www.senate.gov/isvp/?comm=commerce&filename=commerce020416
CHRG-114shrg24956,2016-02-04,ssas00,armed,https://www.senate.gov/isvp/?comm=armed&filename=armedA020416
CHRG-114shrg98883,2016-02-04,ssga00,govtaff,https://www.senate.gov/isvp/?comm=govtaff&filename=govtaff020416
CHRG-114shrg20544,2016-02-09,slin00,intel,https://www.senate.gov/isvp/?comm=intel&filename=intel020916
CHRG-114shrg25336,2016-02-09,ssas00,armed,https://www.senate.gov/isvp/?comm=armed&filename=armedA020916 https://www.senate.gov/isvp/?comm=armed&filename=armedB020916
CHRG-114shrg27093,2016-02-09,ssas00,armed,https://www.senate.gov/isvp/?comm=armed&filename=armedA020916 https://www.senate.gov/isvp/?comm=armed&filename=armedB020916
CHRG-114shrg99406,2016-02-09,ssev00,epw,https://www.senate.gov/isvp/?comm=epw&filename=epw020916
CHRG-114shrg22922,2016-02-10,ssfi00,finance,https://www.senate.gov/isvp/?comm=finance&filename=finance021016
CHRG-114shrg22978,2016-02-10,ssfi00,finance,https://www.senate.gov/isvp/?comm=finance&filename=finance021016
CHRG-114shrg48285,2016-02-10,spag00,aging,https://www.senate.gov/isvp/?comm=aging&filename=aging021016
CHRG-114shrg48710,2016-02-10,spag00,aging,https://www.senate.gov/isvp/?comm=aging&filename=aging021016
CHRG-114shrg69104702,2016-02-10,ssap00,approps,https://www.senate.gov/isvp/?comm=approps&filename=appropsA021016
CHRG-114shrg99407,2016-02-10,ssev00,epw,https://www.senate.gov/isvp/?comm=epw&filename=epw021016
CHRG-114shrg20376,2016-02-11,ssga00,govtaff,https://www.senate.gov/isvp/?comm=govtaff&filename=govtaff021116
CHRG-114shrg23486,2016-02-11,ssfi00,finance,https://www.senate.gov/isvp/?comm=finance&filename=finance021116
CHRG-114shrg26098,2016-02-11,ssas00,armed,https://www.senate.gov/isvp/?comm=armed&filename=armedA021116
CHRG-114shrg69104710,2016-02-11,ssap00,approps,https://www.senate.gov/isvp/?comm=approps&filename=appropsA021116
CHRG-114shrg99726,2016-02-11,ssbk00,banking,https://www.senate.gov/isvp/?comm=banking&filename=banking021116
CHRG-114shrg20470,2016-02-23,ssva00,vetaff,https://www.senate.gov/isvp/?comm=vetaff&filename=vetaff022316
CHRG-114shrg22128,2016-02-23,sscm00,commerce,https://www.senate.gov/isvp/?comm=commerce&filename=commerce022316
CHRG-114shrg23227,2016-02-23,sscm00,commerce,https://www.senate.gov/isvp/?comm=commerce&filename=commerce022316
CHRG-114shrg23291,2016-02-23,ssfi00,finance,https://www.senate.gov/isvp/?comm=finance&filename=finance022316
CHRG-114shrg30927,2016-02-23,ssfr00,foreign,https://www.senate.gov/isvp/?comm=foreign&filename=foreign022316
CHRG-114shrg34011,2016-02-23,ssas00,armed,https://www.senate.gov/isvp/?comm=armed&filename=armedA022316
CHRG-114shrg98931,2016-02-23,sshr00,help,https://www.senate.gov/isvp/?comm=help&filename=help022316
CHRG-114shrg98968,2016-02-23,sseg00,energy,https://www.senate.gov/isvp/?comm=energy&filename=energy022316
CHRG-114shrg20509,2016-02-24,ssev00,epw,https://www.senate.gov/isvp/?comm=epw&filename=epw022416
CHRG-114shrg30864,2016-02-24,ssfr00,foreign,https://www.senate.gov/isvp/?comm=foreign&filename=foreign022416
CHRG-114shrg31304,2016-02-24,ssap00,approps,https://www.senate.gov/isvp/?comm=approps&filename=appropsA022416 https://www.senate.gov/isvp/?comm=approps&filename=appropsB022416
CHRG-114shrg48242,2016-02-24,spag00,aging,https://www.senate.gov/isvp/?comm=aging&filename=aging022416
CHRG-114shrg48709,2016-02-24,spag00,aging,https://www.senate.gov/isvp/?comm=aging&filename=aging022416
CHRG-114shrg51750,2016-02-24,spag00,aging,https://www.senate.gov/isvp/?comm=aging&filename=aging022416
CHRG-114shrg69104678,2016-02-24,ssap00,approps,https://www.senate.gov/isvp/?comm=approps&filename=appropsA022416 https://www.senate.gov/isvp/?comm=approps&filename=appropsB022416
CHRG-114shrg69104681,2016-02-24,ssap00,approps,https://www.senate.gov/isvp/?comm=approps&filename=appropsA022416 https://www.senate.gov/isvp/?comm=approps&filename=appropsB022416
CHRG-114shrg69104703,2016-02-24,ssap00,approps,https://www.senate.gov/isvp/?comm=approps&filename=appropsA022416 https://www.senate.gov/isvp/?comm=approps&filename=appropsB022416
CHRG-114shrg79104795,2016-02-24,ssap00,approps,https://www.senate.gov/isvp/?comm=approps&filename=appropsA022416 https://www.senate.gov/isvp/?comm=approps&filename=appropsB022416
CHRG-114shrg98947,2016-02-24,sshr00,help,https://www.senate.gov/isvp/?comm=help&filename=help022416
CHRG-114shrg99989,2016-02-24,ssga00,govtaff,https://www.senate.gov/isvp/?comm=govtaff&filename=govtaff022416
CHRG-114shrg22718,2016-02-25,ssga00,govtaff,https://www.senate.gov/isvp/?comm=govtaff&filename=govtaff022516
CHRG-114shrg24387,2016-02-25,sssb00,smbiz,https://www.senate.gov/isvp/?comm=smbiz&filename=smbiz022516
CHRG-114shrg29727,2016-02-25,sshr00,help,https://www.senate.gov/isvp/?comm=help&filename=help022516
CHRG-114shrg69104670,2016-02-25,ssap00,approps,https://www.senate.gov/isvp/?comm=approps&filename=appropsA022516
CHRG-114shrg23589,2016-03-01,ssfi00,finance,https://www.senate.gov/isvp/?comm=finance&filename=finance030116
CHRG-114shrg25644,2016-03-01,ssas00,armed,https://www.senate.gov/isvp/?comm=armed&filename=armedA030116
CHRG-114shrg30664,2016-03-01,ssfr00,foreign,https://www.senate.gov/isvp/?comm=foreign&filename=foreign030116
CHRG-114shrg59104665,2016-03-01,ssap00,approps,https://www.senate.gov/isvp/?comm=approps&filename=appropsA030116 https://www.senate.gov/isvp/?comm=approps&filename=appropsB030116
CHRG-114shrg69104674,2016-03-01,ssap00,approps,https://www.senate.gov/isvp/?comm=approps&filename=appropsA030116 https://www.senate.gov/isvp/?comm=approps&filename=appropsB030116
CHRG-114shrg69104675,2016-03-01,ssap00,approps,https://www.senate.gov/isvp/?comm=approps&filename=appropsA030116 https://www.senate.gov/isvp/?comm=approps&filename=appropsB030116
CHRG-114shrg69104743,2016-03-01,ssap00,approps,https://www.senate.gov/isvp/?comm=approps&filename=appropsA030116 https://www.senate.gov/isvp/?comm=approps&filename=appropsB030116
CHRG-114shrg20939,2016-03-02,ssev00,epw,https://www.senate.gov/isvp/?comm=epw&filename=epw030216
CHRG-114shrg25081,2016-03-02,sscm00,commerce,https://www.senate.gov/isvp/?comm=commerce&filename=commerce030216
CHRG-114shrg30634,2016-03-02,ssfr00,foreign,https://www.senate.gov/isvp/?comm=foreign&filename=foreign030216
CHRG-114shrg69104704,2016-03-02,ssap00,approps,https://www.senate.gov/isvp/?comm=approps&filename=appropsA030216 https://www.senate.gov/isvp/?comm=approps&filename=appropsB030216
CHRG-114shrg69104728,2016-03-02,ssap00,approps,https://www.senate.gov/isvp/?comm=approps&filename=appropsA030216 https://www.senate.gov/isvp/?comm=approps&filename=appropsB030216
CHRG-114shrg69104744,2016-03-02,ssap00,approps,https://www.senate.gov/isvp/?comm=approps&filename=appropsA030216 https://www.senate.gov/isvp/?comm=approps&filename=appropsB030216
CHRG-114shrg79104796,2016-03-02,ssap00,approps,https://www.senate.gov/isvp/?comm=approps&filename=appropsA030216 https://www.senate.gov/isvp/?comm=approps&filename=appropsB030216
CHRG-114shrg98759,2016-03-02,ssap00,approps,https://www.senate.gov/isvp/?comm=approps&filename=appropsA030216 https://www.senate.gov/isvp/?comm=approps&filename=appropsB030216
CHRG-114shrg98989,2016-03-02,ssga00,govtaff,https://www.senate.gov/isvp/?comm=govtaff&filename=govtaff030216
CHRG-114jhrg99387,2016-03-03,jcse00,csce,
CHRG-114shrg21966,2016-03-03,sseg00,energy,https://www.senate.gov/isvp/?comm=energy&filename=energy030316
CHRG-114shrg22766,2016-03-03,ssga00,govtaff,https://www.senate.gov/isvp/?comm=govtaff&filename=govtaff030316
CHRG-114shrg23976,2016-03-03,ssfi00,finance,https://www.senate.gov/isvp/?comm=finance&filename=finance030316
CHRG-114shrg24388,2016-03-03,sssb00,smbiz,https://www.senate.gov/isvp/?comm=smbiz&filename=smbiz030316
CHRG-114shrg30552,2016-03-03,ssfr00,foreign,https://www.senate.gov/isvp/?comm=foreign&filename=foreign030316
CHRG-114shrg69104671,2016-03-03,ssap00,approps,https://www.senate.gov/isvp/?comm=approps&filename=appropsA030316 https://www.senate.gov/isvp/?comm=approps&filename=appropsB030316
CHRG-114shrg69104711,2016-03-03,ssap00,approps,https://www.senate.gov/isvp/?comm=approps&filename=appropsA030316 https://www.senate.gov/isvp/?comm=approps&filename=appropsB030316
CHRG-114shrg79104784,2016-03-03,ssap00,approps,https://www.senate.gov/isvp/?comm=approps&filename=appropsA030316 https://www.senate.gov/isvp/?comm=approps&filename=appropsB030316
CHRG-114shrg98769,2016-03-03,ssap00,approps,https://www.senate.gov/isvp/?comm=approps&filename=appropsA030316 https://www.senate.gov/isvp/?comm=approps&filename=appropsB030316
CHRG-114shrg99832,2016-03-03,ssbk00,banking,https://www.senate.gov/isvp/?comm=banking&filename=banking030316
CHRG-114shrg21967,2016-03-08,sseg00,energy,https://www.senate.gov/isvp/?comm=energy&filename=energy030816
CHRG-114shrg22767,2016-03-08,ssga00,govtaff,https://www.senate.gov/isvp/?comm=govtaff&filename=govtaff030816
CHRG-114shrg25360,2016-03-08,sscm00,commerce,https://www.senate.gov/isvp/?comm=commerce&filename=commerce030816
CHRG-114shrg25682,2016-03-08,ssas00,armed,https://www.senate.gov/isvp/?comm=armed&filename=armedA030816 https://www.senate.gov/isvp/?comm=armed&filename=armedB030816
CHRG-114shrg26824,2016-03-08,ssas00,armed,https://www.senate.gov/isvp/?comm=armed&filename=armedA030816 https://www.senate.gov/isvp/?comm=armed&filename=armedB030816
CHRG-114shrg26938,2016-03-08,ssas00,armed,https://www.senate.gov/isvp/?comm=armed&filename=armedA030816 https://www.senate.gov/isvp/?comm=armed&filename=armedB030816
CHRG-114shrg30576,2016-03-08,ssfr00,foreign,https://www.senate.gov/isvp/?comm=foreign&filename=foreign030816
CHRG-114shrg69104676,2016-03-08,ssap00,approps,https://www.senate.gov/isvp/?comm=approps&filename=appropsA030816 https://www.senate.gov/isvp/?comm=approps&filename=appropsB030816
CHRG-114shrg69104682,2016-03-08,ssap00,approps,https://www.senate.gov/isvp/?comm=approps&filename=appropsA030816 https://www.senate.gov/isvp/?comm=approps&filename=appropsB030816
CHRG-114shrg79104776,2016-03-08,ssap00,approps,https://www.senate.gov/isvp/?comm=approps&filename=appropsA030816 https://www.senate.gov/isvp/?comm=approps&filename=appropsB030816
CHRG-114shrg20940,2016-03-09,ssev00,epw,https://www.senate.gov/isvp/?comm=epw&filename=epw030916
CHRG-114shrg23253,2016-03-09,slia00,indian,https://www.senate.gov/isvp/?comm=indian&filename=indian030916
CHRG-114shrg25808,2016-03-09,ssas00,armed,https://www.senate.gov/isvp/?comm=armed&filename=armedA030916
CHRG-114shrg69104705,2016-03-09,ssap00,approps,https://www.senate.gov/isvp/?comm=approps&filename=appropsA030916 https://www.senate.gov/isvp/?comm=approps&filename=appropsB030916
CHRG-114shrg69104729,2016-03-09,ssap00,approps,https://www.senate.gov/isvp/?comm=approps&filename=appropsA030916 https://www.senate.gov/isvp/?comm=approps&filename=appropsB030916
CHRG-114shrg69104745,2016-03-09,ssap00,approps,https://www.senate.gov/isvp/?comm=approps&filename=appropsA030916 https://www.senate.gov/isvp/?comm=approps&filename=appropsB030916
CHRG-114shrg79104797,2016-03-09,ssap00,approps,https://www.senate.gov/isvp/?comm=approps&filename=appropsA030916 https://www.senate.gov/isvp/?comm=approps&filename=appropsB030916
CHRG-114shrg21400,2016-03-10,ssga00,govtaff,https://www.senate.gov/isvp/?comm=govtaff&filename=govtaff031016
CHRG-114shrg24851,2016-03-10,sssb00,smbiz,https://www.senate.gov/isvp/?comm=smbiz&filename=smbiz031016
CHRG-114shrg69104672,2016-03-10,ssap00,approps,https://www.senate.gov/isvp/?comm=approps&filename=appropsA031016 https://www.senate.gov/isvp/?comm=approps&filename=appropsB031016
CHRG-114shrg69104712,2016-03-10,ssap00,approps,https://www.senate.gov/isvp/?comm=approps&filename=appropsA031016 https://www.senate.gov/isvp/?comm=approps&filename=appropsB031016
CHRG-114shrg69104718,2016-03-10,ssap00,approps,https://www.senate.gov/isvp/?comm=approps&filename=appropsA031016 https://www.senate.gov/isvp/?comm=approps&filename=appropsB031016
CHRG-114shrg79104783,2016-03-10,ssap00,approps,https://www.senate.gov/isvp/?comm=approps&filename=appropsA031016 https://www.senate.gov/isvp/?comm=approps&filename=appropsB031016
CHRG-114shrg98771,2016-03-10,ssap00,approps,https://www.senate.gov/isvp/?comm=approps&filename=appropsA031016 https://www.senate.gov/isvp/?comm=approps&filename=appropsB031016
CHRG-114shrg20428,2016-03-15,ssva00,vetaff,https://www.senate.gov/isvp/?comm=vetaff&filename=vetaff031516
CHRG-114shrg22428,2016-03-15,sscm00,commerce,https://www.senate.gov/isvp/?comm=commerce&filename=commerce031516
CHRG-114shrg22768,2016-03-15,ssga00,govtaff,https://www.senate.gov/isvp/?comm=govtaff&filename=govtaff031516
CHRG-114shrg25122,2016-03-15,ssva00,vetaff,https://www.senate.gov/isvp/?comm=vetaff&filename=vetaff031516
CHRG-114shrg26717,2016-03-15,ssas00,armed,https://www.senate.gov/isvp/?comm=armed&filename=armedA031516
CHRG-114shrg30526,2016-03-15,ssfr00,foreign,https://www.senate.gov/isvp/?comm=foreign&filename=foreign031516
CHRG-114shrg52554,2016-03-15,ssju00,judiciary,https://www.senate.gov/isvp/?comm=judiciary&filename=judiciary031516
CHRG-114shrg69104677,2016-03-15,ssap00,approps,https://www.senate.gov/isvp/?comm=approps&filename=appropsA031516 https://www.senate.gov/isvp/?comm=approps&filename=appropsB031516
CHRG-114shrg69104679,2016-03-15,ssap00,approps,https://www.senate.gov/isvp/?comm=approps&filename=appropsA031516 https://www.senate.gov/isvp/?comm=approps&filename=appropsB031516
CHRG-114shrg99694,2016-03-15,ssbk00,banking,https://www.senate.gov/isvp/?comm=banking&filename=banking031516
CHRG-114shrg20941,2016-03-16,ssev00,epw,https://www.senate.gov/isvp/?comm=epw&filename=epw031616
CHRG-114shrg22769,2016-03-16,ssga00,govtaff,https://www.senate.gov/isvp/?comm=govtaff&filename=govtaff031616
CHRG-114shrg69104706,2016-03-16,ssap00,approps,https://www.senate.gov/isvp/?comm=approps&filename=appropsA031616 https://www.senate.gov/isvp/?comm=approps&filename=appropsB031616
CHRG-114shrg69104716,2016-03-16,ssap00,approps,https://www.senate.gov/isvp/?comm=approps&filename=appropsA031616 https://www.senate.gov/isvp/?comm=approps&filename=appropsB031616
CHRG-114shrg79104798,2016-03-16,ssap00,approps,https://www.senate.gov/isvp/?comm=approps&filename=appropsA031616 https://www.senate.gov/isvp/?comm=approps&filename=appropsB031616
CHRG-114shrg20358,2016-03-17,ssga00,govtaff,https://www.senate.gov/isvp/?comm=govtaff&filename=govtaff031716
CHRG-114shrg21969,2016-03-17,sseg00,energy,https://www.senate.gov/isvp/?comm=energy&filename=energy031716
CHRG-114shrg24057,2016-03-17,ssfi00,finance,https://www.senate.gov/isvp/?comm=finance&filename=finance031716
CHRG-114shrg30462,2016-03-17,ssfr00,foreign,https://www.senate.gov/isvp/?comm=foreign&filename=foreign031716
CHRG-114shrg48226,2016-03-17,spag00,aging,https://www.senate.gov/isvp/?comm=aging&filename=aging031716
CHRG-114shrg48708,2016-03-17,spag00,aging,https://www.senate.gov/isvp/?comm=aging&filename=aging031716
CHRG-114shrg69104713,2016-03-17,ssap00,approps,https://www.senate.gov/isvp/?comm=approps&filename=appropsA031716
CHRG-114shrg59104666,2016-03-18,ssap00,approps,
CHRG-114shrg48229,2016-03-21,spag00,aging,
CHRG-114shrg48707,2016-03-21,spag00,aging,
CHRG-114shrg21970,2016-03-28,sseg00,energy,
CHRG-114shrg21391,2016-03-31,ssev00,epw,
CHRG-114shrg20947,2016-04-05,ssbk00,banking,https://www.senate.gov/isvp/?comm=banking&filename=banking040516
CHRG-114shrg21971,2016-04-05,sseg00,energy,https://www.senate.gov/isvp/?comm=energy&filename=energy040516
CHRG-114shrg22770,2016-04-05,ssga00,govtaff,https://www.senate.gov/isvp/?comm=govtaff&filename=govtaff040516
CHRG-114shrg27171,2016-04-05,ssap00,approps,https://www.senate.gov/isvp/?comm=approps&filename=appropsA040516 https://www.senate.gov/isvp/?comm=approps&filename=appropsB040516
CHRG-114shrg69104683,2016-04-05,ssap00,approps,https://www.senate.gov/isvp/?comm=approps&filename=appropsA040516 https://www.senate.gov/isvp/?comm=approps&filename=appropsB040516
CHRG-114shrg69104746,2016-04-05,ssap00,approps,https://www.senate.gov/isvp/?comm=approps&filename=appropsA040516 https://www.senate.gov/isvp/?comm=approps&filename=appropsB040516
CHRG-114shrg20548,2016-04-06,slia00,indian,https://www.senate.gov/isvp/?comm=indian&filename=indian040616
CHRG-114shrg20942,2016-04-06,ssev00,epw,https://www.senate.gov/isvp/?comm=epw&filename=epw040616
CHRG-114shrg22357,2016-04-06,sscm00,commerce,https://www.senate.gov/isvp/?comm=commerce&filename=commerce040616
CHRG-114shrg23590,2016-04-06,ssaf00,ag,https://www.senate.gov/isvp/?comm=ag&filename=ag040616
CHRG-114shrg24852,2016-04-06,sssb00,smbiz,https://www.senate.gov/isvp/?comm=smbiz&filename=smbiz040616
CHRG-114shrg25897,2016-04-06,ssas00,armed,https://www.senate.gov/isvp/?comm=armed&filename=armedA040616
CHRG-114shrg30414,2016-04-06,ssfr00,foreign,https://www.senate.gov/isvp/?comm=foreign&filename=foreign040616
CHRG-114shrg48177,2016-04-06,spag00,aging,https://www.senate.gov/isvp/?comm=aging&filename=aging040616
CHRG-114shrg48706,2016-04-06,spag00,aging,https://www.senate.gov/isvp/?comm=aging&filename=aging040616
CHRG-114shrg69104730,2016-04-06,ssap00,approps,https://www.senate.gov/isvp/?comm=approps&filename=appropsA040616 https://www.senate.gov/isvp/?comm=approps&filename=appropsB040616
CHRG-114shrg79104777,2016-04-06,ssap00,approps,https://www.senate.gov/isvp/?comm=approps&filename=appropsA040616 https://www.senate.gov/isvp/?comm=approps&filename=appropsB040616
CHRG-114shrg20943,2016-04-07,ssev00,epw,https://www.senate.gov/isvp/?comm=epw&filename=epw040716
CHRG-114shrg21972,2016-04-07,sseg00,energy,https://www.senate.gov/isvp/?comm=energy&filename=energy040716
CHRG-114shrg23056,2016-04-07,ssbk00,banking,https://www.senate.gov/isvp/?comm=banking&filename=banking040716
CHRG-114shrg30396,2016-04-07,ssfr00,foreign,https://www.senate.gov/isvp/?comm=foreign&filename=foreign040716
CHRG-114shrg69104714,2016-04-07,ssap00,approps,https://www.senate.gov/isvp/?comm=approps&filename=appropsA040716 https://www.senate.gov/isvp/?comm=approps&filename=appropsB040716
CHRG-114shrg79104785,2016-04-07,ssap00,approps,https://www.senate.gov/isvp/?comm=approps&filename=appropsA040716 https://www.senate.gov/isvp/?comm=approps&filename=appropsB040716
CHRG-114shrg21181,2016-04-12,ssga00,govtaff,https://www.senate.gov/isvp/?comm=govtaff&filename=govtaff041216
CHRG-114shrg21408,2016-04-12,ssev00,epw,https://www.senate.gov/isvp/?comm=epw&filename=epw041216
CHRG-114shrg21973,2016-04-12,sseg00,energy,https://www.senate.gov/isvp/?comm=energy&filename=energy041216
CHRG-114shrg24730,2016-04-12,ssfi00,finance,https://www.senate.gov/isvp/?comm=finance&filename=finance041216
CHRG-114shrg25921,2016-04-12,ssas00,armed,https://www.senate.gov/isvp/?comm=armed&filename=armedA041216
CHRG-114shrg29728,2016-04-12,sshr00,help,https://www.senate.gov/isvp/?comm=help&filename=help041216
CHRG-114shrg30358,2016-04-12,ssfr00,foreign,https://www.senate.gov/isvp/?comm=foreign&filename=foreign041216
CHRG-114shrg69104680,2016-04-12,ssap00,approps,https://www.senate.gov/isvp/?comm=approps&filename=appropsA041216 https://www.senate.gov/isvp/?comm=approps&filename=appropsB041216
CHRG-114shrg69104684,2016-04-12,ssap00,approps,https://www.senate.gov/isvp/?comm=approps&filename=appropsA041216 https://www.senate.gov/isvp/?comm=approps&filename=appropsB041216
CHRG-114shrg20944,2016-04-13,ssev00,epw,https://www.senate.gov/isvp/?comm=epw&filename=epw041316
CHRG-114shrg21180,2016-04-13,slia00,indian,https://www.senate.gov/isvp/?comm=indian&filename=indian041316
CHRG-114shrg22771,2016-04-13,ssga00,govtaff,https://www.senate.gov/isvp/?comm=govtaff&filename=govtaff041316
CHRG-114shrg30299,2016-04-13,ssfr00,foreign,https://www.senate.gov/isvp/?comm=foreign&filename=foreign041316
CHRG-114shrg69104707,2016-04-13,ssap00,approps,https://www.senate.gov/isvp/?comm=approps&filename=appropsA041316
CHRG-114shrg21974,2016-04-14,sseg00,energy,https://www.senate.gov/isvp/?comm=energy&filename=energy041416
CHRG-114shrg21975,2016-04-14,sseg00,energy,https://www.senate.gov/isvp/?comm=energy&filename=energy041416
CHRG-114shrg22772,2016-04-14,ssga00,govtaff,https://www.senate.gov/isvp/?comm=govtaff&filename=govtaff041416
CHRG-114shrg25126,2016-04-14,ssva00,vetaff,
CHRG-114shrg22773,2016-04-15,ssga00,govtaff,
CHRG-114shrg21265,2016-04-19,ssev00,epw,https://www.senate.gov/isvp/?comm=epw&filename=epw041916
CHRG-114shrg30258,2016-04-19,ssfr00,foreign,https://www.senate.gov/isvp/?comm=foreign&filename=foreign041916
CHRG-114shrg20359,2016-04-20,ssra00,rules,https://www.senate.gov/isvp/?comm=rules&filename=rules042016
CHRG-114shrg20688,2016-04-20,ssev00,epw,https://www.senate.gov/isvp/?comm=epw&filename=epw042016
CHRG-114shrg22129,2016-04-20,sscm00,commerce,https://www.senate.gov/isvp/?comm=commerce&filename=commerce042016
CHRG-114shrg23705,2016-04-20,ssga00,govtaff,https://www.senate.gov/isvp/?comm=govtaff&filename=govtaff042016
CHRG-114shrg25235,2016-04-20,ssas00,armed,https://www.senate.gov/isvp/?comm=armed&filename=armedA042016
CHRG-114shrg69104708,2016-04-20,ssap00,approps,https://www.senate.gov/isvp/?comm=approps&filename=appropsA042016 https://www.senate.gov/isvp/?comm=approps&filename=appropsB042016
CHRG-114shrg69104731,2016-04-20,ssap00,approps,https://www.senate.gov/isvp/?comm=approps&filename=appropsA042016 https://www.senate.gov/isvp/?comm=approps&filename=appropsB042016
CHRG-114shrg20692,2016-04-21,ssev00,epw,https://www.senate.gov/isvp/?comm=epw&filename=epw042116
CHRG-114shrg21976,2016-04-21,sseg00,energy,https://www.senate.gov/isvp/?comm=energy&filename=energy042116
CHRG-114shrg22337,2016-04-21,ssga00,govtaff,https://www.senate.gov/isvp/?comm=govtaff&filename=govtaff042116
CHRG-114shrg20899,2016-04-22,slia00,indian,https://www.senate.gov/isvp/?comm=indian&filename=indian042216
CHRG-114shrg21977,2016-04-26,sseg00,energy,https://www.senate.gov/isvp/?comm=energy&filename=energy042616
CHRG-114shrg24574,2016-04-26,ssfi00,finance,https://www.senate.gov/isvp/?comm=finance&filename=finance042616
CHRG-114shrg30219,2016-04-26,ssfr00,foreign,https://www.senate.gov/isvp/?comm=foreign&filename=foreign042616
CHRG-114shrg21661,2016-04-27,slia00,indian,https://www.senate.gov/isvp/?comm=indian&filename=indian042716
CHRG-114shrg23707,2016-04-27,ssga00,govtaff,https://www.senate.gov/isvp/?comm=govtaff&filename=govtaff042716
CHRG-114shrg24853,2016-04-27,sssb00,smbiz,https://www.senate.gov/isvp/?comm=smbiz&filename=smbiz042716
CHRG-114shrg30070,2016-04-27,ssfr00,foreign,https://www.senate.gov/isvp/?comm=foreign&filename=foreign042716
CHRG-114shrg48176,2016-04-27,spag00,aging,https://www.senate.gov/isvp/?comm=aging&filename=aging042716
CHRG-114shrg48705,2016-04-27,spag00,aging,https://www.senate.gov/isvp/?comm=aging&filename=aging042716
CHRG-114shrg69104709,2016-04-27,ssap00,approps,https://www.senate.gov/isvp/?comm=approps&filename=appropsA042716
CHRG-114shrg20950,2016-04-28,ssev00,epw,https://www.senate.gov/isvp/?comm=epw&filename=epw042816
CHRG-114shrg21978,2016-04-28,sseg00,energy,https://www.senate.gov/isvp/?comm=energy&filename=energy042816
CHRG-114shrg24731,2016-04-28,ssfi00,finance,https://www.senate.gov/isvp/?comm=finance&filename=finance042816
CHRG-114shrg25619,2016-04-28,ssas00,armed,https://www.senate.gov/isvp/?comm=armed&filename=armedA042816
CHRG-114shrg22130,2016-05-02,sscm00,commerce,
CHRG-114shrg24519,2016-05-10,sscm00,commerce,https://www.senate.gov/isvp/?comm=commerce&filename=commerce051016
CHRG-114shrg25244,2016-05-10,ssfi00,finance,https://www.senate.gov/isvp/?comm=finance&filename=finance051016
CHRG-114shrg29581,2016-05-10,ssfr00,foreign,https://www.senate.gov/isvp/?comm=foreign&filename=foreign051016
CHRG-114shrg29729,2016-05-10,sshr00,help,https://www.senate.gov/isvp/?comm=help&filename=help051016
CHRG-114shrg23556,2016-05-11,slia00,indian,https://www.senate.gov/isvp/?comm=indian&filename=indian051116
CHRG-114shrg24788,2016-05-11,sscm00,commerce,https://www.senate.gov/isvp/?comm=commerce&filename=commerce051116
CHRG-114shrg25314,2016-05-11,ssfi00,finance,https://www.senate.gov/isvp/?comm=finance&filename=finance051116
CHRG-114shrg25643,2016-05-11,ssfi00,finance,https://www.senate.gov/isvp/?comm=finance&filename=finance051116
CHRG-114shrg25679,2016-05-11,sssb00,smbiz,https://www.senate.gov/isvp/?comm=smbiz&filename=smbiz051116
CHRG-114shrg21182,2016-05-12,ssga00,govtaff,https://www.senate.gov/isvp/?comm=govtaff&filename=govtaff051216
CHRG-114shrg22126,2016-05-12,sseg00,energy,https://www.senate.gov/isvp/?comm=energy&filename=energy051216
CHRG-114shrg29501,2016-05-12,ssfr00,foreign,https://www.senate.gov/isvp/?comm=foreign&filename=foreign051216
CHRG-114shrg21987,2016-05-17,sseg00,energy,https://www.senate.gov/isvp/?comm=energy&filename=energy051716
CHRG-114shrg22127,2016-05-17,sseg00,energy,https://www.senate.gov/isvp/?comm=energy&filename=energy051716
CHRG-114shrg22168,2016-05-17,ssev00,epw,https://www.senate.gov/isvp/?comm=epw&filename=epw051716
CHRG-114shrg25795,2016-05-17,ssfi00,finance,https://www.senate.gov/isvp/?comm=finance&filename=finance051716
CHRG-114shrg29447,2016-05-17,ssfr00,foreign,https://www.senate.gov/isvp/?comm=foreign&filename=foreign051716
CHRG-114shrg21325,2016-05-18,ssev00,epw,https://www.senate.gov/isvp/?comm=epw&filename=epw051816
CHRG-114shrg21390,2016-05-18,slia00,indian,https://www.senate.gov/isvp/?comm=indian&filename=indian051816
CHRG-114shrg23709,2016-05-18,ssga00,govtaff,https://www.senate.gov/isvp/?comm=govtaff&filename=govtaff051816
CHRG-114shrg24146,2016-05-18,sscm00,commerce,https://www.senate.gov/isvp/?comm=commerce&filename=commerce051816
CHRG-114shrg25678,2016-05-18,sssb00,smbiz,https://www.senate.gov/isvp/?comm=smbiz&filename=smbiz051816
CHRG-114shrg30069,2016-05-18,sshr00,help,https://www.senate.gov/isvp/?comm=help&filename=help051816
CHRG-114shrg20973,2016-05-19,ssfr00,foreign,https://www.senate.gov/isvp/?comm=foreign&filename=foreign051916
CHRG-114shrg21988,2016-05-19,sseg00,energy,https://www.senate.gov/isvp/?comm=energy&filename=energy051916
CHRG-114shrg22172,2016-05-19,ssbk00,banking,https://www.senate.gov/isvp/?comm=banking&filename=banking051916
CHRG-114shrg23591,2016-05-19,ssaf00,ag,https://www.senate.gov/isvp/?comm=ag&filename=ag051916
CHRG-114shrg20604,2016-05-24,ssev00,epw,https://www.senate.gov/isvp/?comm=epw&filename=epw052416
CHRG-114shrg21348,2016-05-24,ssva00,vetaff,https://www.senate.gov/isvp/?comm=vetaff&filename=vetaff052416
CHRG-114shrg22429,2016-05-24,ssbk00,banking,https://www.senate.gov/isvp/?comm=banking&filename=banking052416
CHRG-114shrg23872,2016-05-24,sscm00,commerce,https://www.senate.gov/isvp/?comm=commerce&filename=commerce052416
CHRG-114shrg25851,2016-05-24,ssfi00,finance,https://www.senate.gov/isvp/?comm=finance&filename=finance052416
CHRG-114shrg28984,2016-05-24,ssfr00,foreign,https://www.senate.gov/isvp/?comm=foreign&filename=foreign052416
CHRG-114shrg22556,2016-05-25,ssbk00,banking,https://www.senate.gov/isvp/?comm=banking&filename=banking052516
CHRG-114shrg24174,2016-05-25,sscm00,commerce,https://www.senate.gov/isvp/?comm=commerce&filename=commerce052516
CHRG-114shrg28828,2016-05-25,ssfr00,foreign,https://www.senate.gov/isvp/?comm=foreign&filename=foreign052516
CHRG-114shrg28853,2016-05-25,ssfr00,foreign,https://www.senate.gov/isvp/?comm=foreign&filename=foreign052516
CHRG-114shrg20792,2016-05-26,ssas00,armed,
CHRG-114shrg23592,2016-05-26,ssaf00,ag,https://www.senate.gov/isvp/?comm=ag&filename=ag052616
CHRG-114shrg23710,2016-05-26,ssga00,govtaff,https://www.senate.gov/isvp/?comm=govtaff&filename=govtaff052616
CHRG-114shrg28797,2016-05-26,ssfr00,foreign,https://www.senate.gov/isvp/?comm=foreign&filename=foreign052616
CHRG-114shrg21989,2016-05-31,sseg00,energy,
CHRG-114shrg24127,2016-05-31,ssga00,govtaff,
CHRG-114shrg20726,2016-06-07,ssev00,epw,https://www.senate.gov/isvp/?comm=epw&filename=epw060716
CHRG-114shrg21603,2016-06-07,ssbk00,banking,https://www.senate.gov/isvp/?comm=banking&filename=banking060716
CHRG-114shrg22967,2016-06-07,slin00,intel,https://www.senate.gov/isvp/?comm=intel&filename=intel060716
CHRG-114shrg24128,2016-06-07,ssga00,govtaff,https://www.senate.gov/isvp/?comm=govtaff&filename=govtaff060716
CHRG-114shrg28077,2016-06-07,ssfr00,foreign,https://www.senate.gov/isvp/?comm=foreign&filename=foreign060716
CHRG-114shrg21508,2016-06-08,slia00,indian,https://www.senate.gov/isvp/?comm=indian&filename=indian060816
CHRG-114shrg24520,2016-06-08,sscm00,commerce,https://www.senate.gov/isvp/?comm=commerce&filename=commerce060816
CHRG-114shrg28431,2016-06-08,ssfr00,foreign,https://www.senate.gov/isvp/?comm=foreign&filename=foreign060816
CHRG-114shrg21268,2016-06-09,ssev00,epw,https://www.senate.gov/isvp/?comm=epw&filename=epw060916
CHRG-114shrg20773,2016-06-14,ssev00,epw,https://www.senate.gov/isvp/?comm=epw&filename=epw061416
CHRG-114shrg21990,2016-06-14,sseg00,energy,https://www.senate.gov/isvp/?comm=energy&filename=energy061416
CHRG-114shrg22695,2016-06-14,ssbk00,banking,https://www.senate.gov/isvp/?comm=banking&filename=banking061416
CHRG-114shrg26196,2016-06-14,ssfi00,finance,https://www.senate.gov/isvp/?comm=finance&filename=finance061416
CHRG-114shrg69104739,2016-06-14,ssap00,approps,https://www.senate.gov/isvp/?comm=approps&filename=appropsA061416
CHRG-114shrg20525,2016-06-15,sshr00,help,https://www.senate.gov/isvp/?comm=help&filename=help061516
CHRG-114shrg21991,2016-06-15,sseg00,energy,https://www.senate.gov/isvp/?comm=energy&filename=energy061516
CHRG-114shrg22726,2016-06-15,sscm00,commerce,https://www.senate.gov/isvp/?comm=commerce&filename=commerce061516
CHRG-114shrg26247,2016-06-15,ssfi00,finance,https://www.senate.gov/isvp/?comm=finance&filename=finance061516
CHRG-114shrg28480,2016-06-15,ssfr00,foreign,https://www.senate.gov/isvp/?comm=foreign&filename=foreign061516
CHRG-114shrg28537,2016-06-15,ssfr00,foreign,https://www.senate.gov/isvp/?comm=foreign&filename=foreign061516
CHRG-114shrg48080,2016-06-15,spag00,aging,https://www.senate.gov/isvp/?comm=aging&filename=aging061516
CHRG-114shrg22968,2016-06-16,slin00,intel,https://www.senate.gov/isvp/?comm=intel&filename=intel061616
CHRG-114shrg28584,2016-06-16,ssfr00,foreign,https://www.senate.gov/isvp/?comm=foreign&filename=foreign061616
CHRG-114shrg23226,2016-06-17,slia00,indian,https://www.senate.gov/isvp/?comm=indian&filename=indian061716
CHRG-114shrg20586,2016-06-21,sshr00,help,https://www.senate.gov/isvp/?comm=help&filename=help062116
CHRG-114shrg21992,2016-06-21,sseg00,energy,https://www.senate.gov/isvp/?comm=energy&filename=energy062116
CHRG-114shrg22224,2016-06-21,ssbk00,banking,https://www.senate.gov/isvp/?comm=banking&filename=banking062116
CHRG-114shrg22358,2016-06-21,sscm00,commerce,https://www.senate.gov/isvp/?comm=commerce&filename=commerce062116
CHRG-114shrg24130,2016-06-21,ssga00,govtaff,https://www.senate.gov/isvp/?comm=govtaff&filename=govtaff062116
CHRG-114shrg26819,2016-06-21,ssva00,vetaff,https://www.senate.gov/isvp/?comm=vetaff&filename=vetaff062116
CHRG-114shrg21264,2016-06-22,ssev00,epw,https://www.senate.gov/isvp/?comm=epw&filename=epw062216
CHRG-114shrg24131,2016-06-22,ssga00,govtaff,https://www.senate.gov/isvp/?comm=govtaff&filename=govtaff062216
CHRG-114shrg25363,2016-06-22,ssva00,vetaff,https://www.senate.gov/isvp/?comm=vetaff&filename=vetaff062216
CHRG-114jhrg20596,2016-06-23,jcse00,csce,
CHRG-114shrg21423,2016-06-23,ssga00,govtaff,https://www.senate.gov/isvp/?comm=govtaff&filename=govtaff062316
CHRG-114shrg21604,2016-06-23,ssbk00,banking,https://www.senate.gov/isvp/?comm=banking&filename=banking062316
CHRG-114shrg21993,2016-06-23,sseg00,energy,https://www.senate.gov/isvp/?comm=energy&filename=energy062316
CHRG-114shrg28603,2016-06-23,ssfr00,foreign,https://www.senate.gov/isvp/?comm=foreign&filename=foreign062316
CHRG-114shrg48079,2016-06-23,spag00,aging,https://www.senate.gov/isvp/?comm=aging&filename=aging062316
CHRG-114shrg20670,2016-06-28,sshr00,help,https://www.senate.gov/isvp/?comm=help&filename=help062816
CHRG-114shrg21994,2016-06-28,sseg00,energy,https://www.senate.gov/isvp/?comm=energy&filename=energy062816
CHRG-114shrg22338,2016-06-28,ssga00,govtaff,https://www.senate.gov/isvp/?comm=govtaff&filename=govtaff062816
CHRG-114shrg22359,2016-06-28,sscm00,commerce,https://www.senate.gov/isvp/?comm=commerce&filename=commerce062816
CHRG-114shrg26393,2016-06-28,ssfi00,finance,https://www.senate.gov/isvp/?comm=finance&filename=finance062816
CHRG-114shrg27874,2016-06-28,ssas00,armed,https://www.senate.gov/isvp/?comm=armed&filename=armedA062816
CHRG-114shrg28676,2016-06-28,ssfr00,foreign,https://www.senate.gov/isvp/?comm=foreign&filename=foreign062816
CHRG-114shrg20675,2016-06-29,sshr00,help,https://www.senate.gov/isvp/?comm=help&filename=help062916
CHRG-114shrg22167,2016-06-29,ssev00,epw,https://www.senate.gov/isvp/?comm=epw&filename=epw062916
CHRG-114shrg22272,2016-06-29,ssva00,vetaff,https://www.senate.gov/isvp/?comm=vetaff&filename=vetaff062916
CHRG-114shrg22291,2016-06-29,slia00,indian,https://www.senate.gov/isvp/?comm=indian&filename=indian062916
CHRG-114shrg21562,2016-06-30,ssga00,govtaff,https://www.senate.gov/isvp/?comm=govtaff&filename=govtaff063016
CHRG-114shrg27955,2016-06-30,ssfr00,foreign,https://www.senate.gov/isvp/?comm=foreign&filename=foreign063016
CHRG-114shrg22476,2016-07-06,ssga00,govtaff,https://www.senate.gov/isvp/?comm=govtaff&filename=govtaff070616
CHRG-114shrg20818,2016-07-07,ssas00,armed,https://www.senate.gov/isvp/?comm=armed&filename=armedA070716
CHRG-114shrg27770,2016-07-07,ssas00,armed,https://www.senate.gov/isvp/?comm=armed&filename=armedA070716
CHRG-114shrg27873,2016-07-07,ssfr00,foreign,https://www.senate.gov/isvp/?comm=foreign&filename=foreign070716
CHRG-114shrg21940,2016-07-12,sscm00,commerce,https://www.senate.gov/isvp/?comm=commerce&filename=commerce071216
CHRG-114shrg21995,2016-07-12,sseg00,energy,
CHRG-114shrg24204,2016-07-12,sscm00,commerce,https://www.senate.gov/isvp/?comm=commerce&filename=commerce071216
CHRG-114shrg25358,2016-07-12,sseg00,energy,
CHRG-114shrg26440,2016-07-12,ssfi00,finance,https://www.senate.gov/isvp/?comm=finance&filename=finance071216
CHRG-114shrg27230,2016-07-12,ssfr00,foreign,https://www.senate.gov/isvp/?comm=foreign&filename=foreign071216
CHRG-114shrg20892,2016-07-13,sshr00,help,https://www.senate.gov/isvp/?comm=help&filename=help071316
CHRG-114shrg25172,2016-07-13,sscm00,commerce,https://www.senate.gov/isvp/?comm=commerce&filename=commerce071316
CHRG-114shrg26671,2016-07-13,ssfi00,finance,https://www.senate.gov/isvp/?comm=finance&filename=finance071316
CHRG-114shrg26718,2016-07-13,ssfi00,finance,https://www.senate.gov/isvp/?comm=finance&filename=finance071316
CHRG-114shrg27231,2016-07-13,ssfr00,foreign,https://www.senate.gov/isvp/?comm=foreign&filename=foreign071316
CHRG-114shrg27830,2016-07-13,ssfr00,foreign,https://www.senate.gov/isvp/?comm=foreign&filename=foreign071316
CHRG-114shrg79104786,2016-07-13,ssap00,approps,https://www.senate.gov/isvp/?comm=approps&filename=appropsA071316
CHRG-114shrg20893,2016-07-14,sshr00,help,https://www.senate.gov/isvp/?comm=help&filename=help071416
CHRG-114shrg26536,2016-07-14,ssas00,armed,https://www.senate.gov/isvp/?comm=armed&filename=armedA071416
CHRG-114shrg45417,2016-07-14,ssbk00,banking,https://www.senate.gov/isvp/?comm=banking&filename=banking071416
CHRG-114shrg21996,2016-07-27,sseg00,energy,
CHRG-114shrg21997,2016-08-15,sseg00,energy,
CHRG-114shrg22689,2016-08-17,slia00,indian,https://www.senate.gov/isvp/?comm=indian&filename=indian081716
CHRG-114shrg25158,2016-08-17,ssga00,govtaff,
CHRG-114shrg21998,2016-08-29,sseg00,energy,
CHRG-114shrg22170,2016-08-30,ssev00,epw,
CHRG-114shrg23557,2016-09-07,slia00,indian,https://www.senate.gov/isvp/?comm=indian&filename=indian090716
CHRG-114shrg26818,2016-09-07,ssva00,vetaff,https://www.senate.gov/isvp/?comm=vetaff&filename=vetaff090716
CHRG-114shrg27232,2016-09-07,ssfr00,foreign,https://www.senate.gov/isvp/?comm=foreign&filename=foreign090716
CHRG-114shrg47694,2016-09-07,spag00,aging,https://www.senate.gov/isvp/?comm=aging&filename=aging090716
CHRG-114shrg22477,2016-09-08,ssga00,govtaff,https://www.senate.gov/isvp/?comm=govtaff&filename=govtaff090816
CHRG-114shrg27233,2016-09-08,ssfr00,foreign,https://www.senate.gov/isvp/?comm=foreign&filename=foreign090816
CHRG-114shrg22703,2016-09-13,ssbk00,banking,https://www.senate.gov/isvp/?comm=banking&filename=banking091316
CHRG-114shrg25173,2016-09-13,sscm00,commerce,https://www.senate.gov/isvp/?comm=commerce&filename=commerce091316
CHRG-114shrg23558,2016-09-14,slia00,indian,https://www.senate.gov/isvp/?comm=indian&filename=indian091416
CHRG-114shrg27080,2016-09-14,ssfr00,foreign,https://www.senate.gov/isvp/?comm=foreign&filename=foreign091416
CHRG-114shrg28034,2016-09-14,ssva00,vetaff,https://www.senate.gov/isvp/?comm=vetaff&filename=vetaff091416
CHRG-114shrg39435,2016-09-14,ssfr00,foreign,https://www.senate.gov/isvp/?comm=foreign&filename=foreign091416
CHRG-114shrg47693,2016-09-14,spag00,aging,https://www.senate.gov/isvp/?comm=aging&filename=aging091416
CHRG-114shrg79104799,2016-09-14,ssap00,approps,https://www.senate.gov/isvp/?comm=approps&filename=appropsA091416
CHRG-114shrg23593,2016-09-15,ssaf00,ag,https://www.senate.gov/isvp/?comm=ag&filename=ag091516
CHRG-114shrg24521,2016-09-15,sscm00,commerce,https://www.senate.gov/isvp/?comm=commerce&filename=commerce091516
CHRG-114shrg25159,2016-09-15,ssga00,govtaff,https://www.senate.gov/isvp/?comm=govtaff&filename=govtaff091516
CHRG-114shrg27081,2016-09-15,ssfr00,foreign,https://www.senate.gov/isvp/?comm=foreign&filename=foreign091516
CHRG-114shrg27082,2016-09-15,ssfr00,foreign,https://www.senate.gov/isvp/?comm=foreign&filename=foreign091516
CHRG-114shrg29881,2016-09-15,ssas00,armed,https://www.senate.gov/isvp/?comm=armed&filename=armedA091516
CHRG-114shrg21906,2016-09-20,sshr00,help,https://www.senate.gov/isvp/?comm=help&filename=help092016
CHRG-114shrg23001,2016-09-20,ssbk00,banking,https://www.senate.gov/isvp/?comm=banking&filename=banking092016
CHRG-114shrg27083,2016-09-20,ssfr00,foreign,https://www.senate.gov/isvp/?comm=foreign&filename=foreign092016
CHRG-114shrg23400,2016-09-21,ssev00,epw,https://www.senate.gov/isvp/?comm=epw&filename=epw092116
CHRG-114shrg23439,2016-09-21,ssbk00,banking,https://www.senate.gov/isvp/?comm=banking&filename=banking092116
CHRG-114shrg23594,2016-09-21,ssaf00,ag,https://www.senate.gov/isvp/?comm=ag&filename=ag092116
CHRG-114shrg69104717,2016-09-21,ssap00,approps,https://www.senate.gov/isvp/?comm=approps&filename=appropsA092116 https://www.senate.gov/isvp/?comm=approps&filename=appropsB092116
CHRG-114shrg69104747,2016-09-21,ssap00,approps,https://www.senate.gov/isvp/?comm=approps&filename=appropsA092116 https://www.senate.gov/isvp/?comm=approps&filename=appropsB092116
CHRG-114jhrg21917,2016-09-22,jcse00,csce,https://www.senate.gov/isvp/?comm=csce&filename=csce092216
CHRG-114shrg21905,2016-09-22,sshr00,help,https://www.senate.gov/isvp/?comm=help&filename=help092216
CHRG-114shrg22000,2016-09-22,sseg00,energy,https://www.senate.gov/isvp/?comm=energy&filename=energy092216
CHRG-114shrg23011,2016-09-22,ssbk00,banking,https://www.senate.gov/isvp/?comm=banking&filename=banking092216
CHRG-114shrg23559,2016-09-22,ssga00,govtaff,https://www.senate.gov/isvp/?comm=govtaff&filename=govtaff092216
CHRG-114shrg26841,2016-09-22,ssas00,armed,https://www.senate.gov/isvp/?comm=armed&filename=armedA092216
CHRG-114shrg22966,2016-09-27,slin00,intel,https://www.senate.gov/isvp/?comm=intel&filename=intel092716
CHRG-114shrg25160,2016-09-27,ssga00,govtaff,https://www.senate.gov/isvp/?comm=govtaff&filename=govtaff092716
CHRG-114shrg25376,2016-09-27,sscm00,commerce,https://www.senate.gov/isvp/?comm=commerce&filename=commerce092716
CHRG-114shrg27084,2016-09-28,ssfr00,foreign,https://www.senate.gov/isvp/?comm=foreign&filename=foreign092816
CHRG-114shrg23786,2016-09-29,ssga00,govtaff,https://www.senate.gov/isvp/?comm=govtaff&filename=govtaff092916
CHRG-114shrg26911,2016-09-29,ssfr00,foreign,https://www.senate.gov/isvp/?comm=foreign&filename=foreign092916
CHRG-114shrg22579,2016-10-05,ssev00,epw,
CHRG-114shrg22221,2016-10-07,sshr00,help,https://www.senate.gov/isvp/?comm=help&filename=help100716
CHRG-114shrg69104667,2016-10-12,ssap00,approps,
CHRG-114shrg22849,2016-10-18,sseg00,energy,
CHRG-114shrg23535,2016-10-18,slia00,indian,
CHRG-114shrg22605,2016-10-20,ssev00,epw,
CHRG-114jhrg22555,2016-11-10,jcse00,csce,
CHRG-114jhrg22860,2016-11-15,jcse00,csce,
CHRG-114shrg24801,2016-11-15,ssga00,govtaff,https://www.senate.gov/isvp/?comm=govtaff&filename=govtaff111516
CHRG-114shrg25407,2016-11-16,sscm00,commerce,https://www.senate.gov/isvp/?comm=commerce&filename=commerce111616
CHRG-114shrg69104719,2016-11-16,ssap00,approps,https://www.senate.gov/isvp/?comm=approps&filename=appropsA111616
CHRG-114shrg25189,2016-11-29,ssas00,armed,https://www.senate.gov/isvp/?comm=armed&filename=armedA112916
CHRG-114shrg24175,2016-11-30,sscm00,commerce,https://www.senate.gov/isvp/?comm=commerce&filename=commerce113016
CHRG-114shrg25161,2016-11-30,ssga00,govtaff,https://www.senate.gov/isvp/?comm=govtaff&filename=govtaff113016
CHRG-114shrg47692,2016-11-30,spag00,aging,https://www.senate.gov/isvp/?comm=aging&filename=aging113016
CHRG-114shrg23956,2016-12-01,ssga00,govtaff,https://www.senate.gov/isvp/?comm=govtaff&filename=govtaff120116
CHRG-114shrg26727,2016-12-01,ssfr00,foreign,https://www.senate.gov/isvp/?comm=foreign&filename=foreign120116
CHRG-114shrg28323,2016-12-01,ssas00,armed,https://www.senate.gov/isvp/?comm=armed&filename=armedA120116
CHRG-114shrg69104673,2016-12-02,ssap00,approps,
CHRG-114jhrg22942,2016-12-07,jcse00,csce,
CHRG-114shrg23536,2016-12-07,slia00,indian,https://www.senate.gov/isvp/?comm=indian&filename=indian120716
CHRG-114shrg24732,2016-12-07,sscm00,commerce,https://www.senate.gov/isvp/?comm=commerce&filename=commerce120716
CHRG-114shrg26844,2016-12-08,ssfr00,foreign,https://www.senate.gov/isvp/?comm=foreign&filename=foreign120816
CHRG-114jhrg23374,2016-12-09,jcse00,csce,
CHRG-115shrg33623,2017-01-03,ssfr00,foreign,
CHRG-115shrg33940,2017-01-05,ssas00,armed,https://www.senate.gov/isvp/?comm=armed&filename=armedA010517
CHRG-115shrg24401,2017-01-10,ssga00,govtaff,https://www.senate.gov/isvp/?comm=govtaff&filename=govtaff011017
CHRG-115shrg24930,2017-01-10,ssga00,govtaff,https://www.senate.gov/isvp/?comm=govtaff&filename=govtaff011017
CHRG-115shrg26766,2017-01-10,ssga00,govtaff,https://www.senate.gov/isvp/?comm=govtaff&filename=govtaff011017
CHRG-115shrg28637,2017-01-10,ssju00,judiciary,https://www.senate.gov/isvp/?comm=judiciary&filename=judiciary011017
CHRG-115shrg28836,2017-01-10,ssas00,armed,https://www.senate.gov/isvp/?comm=armed&filename=armedA011017
CHRG-115shrg29830,2017-01-10,slin00,intel,https://www.senate.gov/isvp/?comm=intel&filename=intel011017
CHRG-115shrg24573,2017-01-11,ssfr00,foreign,https://www.senate.gov/isvp/?comm=foreign&filename=foreign011117
CHRG-115shrg25973,2017-01-11,sscm00,commerce,https://www.senate.gov/isvp/?comm=commerce&filename=commerce011117
CHRG-115shrg24428,2017-01-12,ssbk00,banking,https://www.senate.gov/isvp/?comm=banking&filename=banking011217
CHRG-115shrg24744,2017-01-12,slin00,intel,https://www.senate.gov/isvp/?comm=intel&filename=intel011217
CHRG-115shrg23615,2017-01-17,sseg00,energy,https://www.senate.gov/isvp/?comm=energy&filename=energy011717
CHRG-115shrg23667,2017-01-17,sshr00,help,https://www.senate.gov/isvp/?comm=help&filename=help011717
CHRG-115shrg23749,2017-01-18,sshr00,help,https://www.senate.gov/isvp/?comm=help&filename=help011817
CHRG-115shrg24034,2017-01-18,ssev00,epw,https://www.senate.gov/isvp/?comm=epw&filename=epw011817
CHRG-115shrg25974,2017-01-18,sscm00,commerce,https://www.senate.gov/isvp/?comm=commerce&filename=commerce011817
CHRG-115shrg31612,2017-01-18,ssfr00,foreign,https://www.senate.gov/isvp/?comm=foreign&filename=foreign011817
CHRG-115shrg23616,2017-01-19,sseg00,energy,https://www.senate.gov/isvp/?comm=energy&filename=energy011917
CHRG-115shrg26783,2017-01-19,ssga00,govtaff,https://www.senate.gov/isvp/?comm=govtaff&filename=govtaff011917
CHRG-115shrg29928,2017-01-19,ssfi00,finance,https://www.senate.gov/isvp/?comm=finance&filename=finance011917
CHRG-115shrg25345,2017-01-24,sssb00,smbiz,https://www.senate.gov/isvp/?comm=smbiz&filename=smbiz012417
CHRG-115shrg26024,2017-01-24,ssbu00,budget,https://www.senate.gov/isvp/?comm=budget&filename=budget012417
CHRG-115shrg26767,2017-01-24,ssga00,govtaff,https://www.senate.gov/isvp/?comm=govtaff&filename=govtaff012417
CHRG-115shrg26935,2017-01-24,ssbu00,budget,https://www.senate.gov/isvp/?comm=budget&filename=budget012417
CHRG-115shrg28837,2017-01-24,ssas00,armed,https://www.senate.gov/isvp/?comm=armed&filename=armedA012417
CHRG-115shrg30005,2017-01-24,ssfi00,finance,https://www.senate.gov/isvp/?comm=finance&filename=finance012417
CHRG-115jhrg28316,2017-01-31,jcse00,csce,
CHRG-115shrg39600,2017-01-31,ssfr00,foreign,https://www.senate.gov/isvp/?comm=foreign&filename=foreign013117
CHRG-115shrg24145,2017-02-01,sshr00,help,https://www.senate.gov/isvp/?comm=help&filename=help020117
CHRG-115shrg24586,2017-02-01,ssva00,vetaff,https://www.senate.gov/isvp/?comm=vetaff&filename=vetaff020117
CHRG-115shrg26822,2017-02-01,ssev00,epw,https://www.senate.gov/isvp/?comm=epw&filename=epw020117
CHRG-115shrg26915,2017-02-01,ssbu00,budget,https://www.senate.gov/isvp/?comm=budget&filename=budget020117
CHRG-115shrg27464,2017-02-01,sscm00,commerce,https://www.senate.gov/isvp/?comm=commerce&filename=commerce020117
CHRG-115shrg39614,2017-02-07,ssfr00,foreign,https://www.senate.gov/isvp/?comm=foreign&filename=foreign020717
CHRG-115shrg24729,2017-02-08,ssev00,epw,https://www.senate.gov/isvp/?comm=epw&filename=epw020817
CHRG-115shrg26164,2017-02-08,slia00,indian,https://www.senate.gov/isvp/?comm=indian&filename=indian020817
CHRG-115shrg26591,2017-02-08,sscm00,commerce,https://www.senate.gov/isvp/?comm=commerce&filename=commerce020817
CHRG-115shrg28600,2017-02-08,sscm00,commerce,https://www.senate.gov/isvp/?comm=commerce&filename=commerce020817
CHRG-115shrg34389,2017-02-08,ssas00,armed,https://www.senate.gov/isvp/?comm=armed&filename=armedA020817
CHRG-115shrg25020,2017-02-09,ssga00,govtaff,https://www.senate.gov/isvp/?comm=govtaff&filename=govtaff020917
CHRG-115shrg39736,2017-02-09,ssfr00,foreign,https://www.senate.gov/isvp/?comm=foreign&filename=foreign020917
CHRG-115shrg25433,2017-02-14,ssbk00,banking,https://www.senate.gov/isvp/?comm=banking&filename=banking021417
CHRG-115shrg38874,2017-02-14,ssas00,armed,https://www.senate.gov/isvp/?comm=armed&filename=armedA021417
CHRG-115shrg24598,2017-02-15,ssev00,epw,https://www.senate.gov/isvp/?comm=epw&filename=epw021517
CHRG-115shrg25999,2017-02-15,sscm00,commerce,https://www.senate.gov/isvp/?comm=commerce&filename=commerce021517
CHRG-115shrg26768,2017-02-15,ssga00,govtaff,https://www.senate.gov/isvp/?comm=govtaff&filename=govtaff021517
CHRG-115shrg26817,2017-02-15,spag00,aging,https://www.senate.gov/isvp/?comm=aging&filename=aging021517
CHRG-115shrg39667,2017-02-15,ssfr00,foreign,https://www.senate.gov/isvp/?comm=foreign&filename=foreign021517
CHRG-115shrg79104749,2017-02-15,ssap00,approps,https://www.senate.gov/isvp/?comm=approps&filename=appropsA021517
CHRG-115shrg26000,2017-02-16,sscm00,commerce,https://www.senate.gov/isvp/?comm=commerce&filename=commerce021617
CHRG-115shrg30058,2017-02-16,ssfi00,finance,https://www.senate.gov/isvp/?comm=finance&filename=finance021617
CHRG-115shrg40671,2017-02-16,ssfr00,foreign,https://www.senate.gov/isvp/?comm=foreign&filename=foreign021617
CHRG-115shrg41967,2017-02-16,ssas00,armed,https://www.senate.gov/isvp/?comm=armed&filename=armedA021617
CHRG-115shrg28496,2017-02-23,ssaf00,ag,https://www.senate.gov/isvp/?comm=ag&filename=ag022317
CHRG-115shrg24745,2017-02-28,slin00,intel,https://www.senate.gov/isvp/?comm=intel&filename=intel022817
CHRG-115shrg40419,2017-02-28,ssfr00,foreign,https://www.senate.gov/isvp/?comm=foreign&filename=foreign022817
CHRG-115shrg25784,2017-03-01,ssev00,epw,https://www.senate.gov/isvp/?comm=epw&filename=epw030117
CHRG-115shrg26592,2017-03-01,sscm00,commerce,https://www.senate.gov/isvp/?comm=commerce&filename=commerce030117
CHRG-115shrg26769,2017-03-01,ssga00,govtaff,https://www.senate.gov/isvp/?comm=govtaff&filename=govtaff030117
CHRG-115shrg27651,2017-03-02,sscm00,commerce,https://www.senate.gov/isvp/?comm=commerce&filename=commerce030217
CHRG-115shrg28907,2017-03-02,ssas00,armed,https://www.senate.gov/isvp/?comm=armed&filename=armedA030217
CHRG-115shrg40290,2017-03-02,ssfr00,foreign,https://www.senate.gov/isvp/?comm=foreign&filename=foreign030217
CHRG-115shrg79104755,2017-03-07,ssap00,approps,https://www.senate.gov/isvp/?comm=approps&filename=appropsA030717
CHRG-115shrg26151,2017-03-08,ssev00,epw,https://www.senate.gov/isvp/?comm=epw&filename=epw030817
CHRG-115shrg26770,2017-03-08,ssga00,govtaff,https://www.senate.gov/isvp/?comm=govtaff&filename=govtaff030817
CHRG-115shrg28358,2017-03-08,slia00,indian,https://www.senate.gov/isvp/?comm=indian&filename=indian030817
CHRG-115shrg28380,2017-03-08,sscm00,commerce,https://www.senate.gov/isvp/?comm=commerce&filename=commerce030817
CHRG-115shrg28965,2017-03-08,ssas00,armed,https://www.senate.gov/isvp/?comm=armed&filename=armedA030817
CHRG-115shrg79104750,2017-03-08,ssap00,approps,https://www.senate.gov/isvp/?comm=approps&filename=appropsA030817 https://www.senate.gov/isvp/?comm=approps&filename=appropsB030817
CHRG-115shrg89104806,2017-03-08,ssap00,approps,https://www.senate.gov/isvp/?comm=approps&filename=appropsA030817 https://www.senate.gov/isvp/?comm=approps&filename=appropsB030817
CHRG-115shrg25313,2017-03-09,ssga00,govtaff,https://www.senate.gov/isvp/?comm=govtaff&filename=govtaff030917
CHRG-115shrg39567,2017-03-09,ssas00,armed,https://www.senate.gov/isvp/?comm=armed&filename=armedA030917
CHRG-115shrg40291,2017-03-09,ssfr00,foreign,https://www.senate.gov/isvp/?comm=foreign&filename=foreign030917
CHRG-115shrg24974,2017-03-14,sseg00,energy,https://www.senate.gov/isvp/?comm=energy&filename=energy031417
CHRG-115shrg25484,2017-03-14,ssbk00,banking,https://www.senate.gov/isvp/?comm=banking&filename=banking031417
CHRG-115shrg26593,2017-03-14,sscm00,commerce,https://www.senate.gov/isvp/?comm=commerce&filename=commerce031417
CHRG-115shrg28798,2017-03-14,ssfi00,finance,https://www.senate.gov/isvp/?comm=finance&filename=finance031417
CHRG-115shrg37566,2017-03-14,ssas00,armed,https://www.senate.gov/isvp/?comm=armed&filename=armedA031417
CHRG-115shrg25361,2017-03-15,ssev00,epw,https://www.senate.gov/isvp/?comm=epw&filename=epw031517
CHRG-115shrg25434,2017-03-15,ssbk00,banking,https://www.senate.gov/isvp/?comm=banking&filename=banking031517
CHRG-115shrg26594,2017-03-15,sscm00,commerce,https://www.senate.gov/isvp/?comm=commerce&filename=commerce031517
CHRG-115shrg31207,2017-03-15,ssva00,vetaff,https://www.senate.gov/isvp/?comm=vetaff&filename=vetaff031517
CHRG-115shrg34430,2017-03-15,ssas00,armed,https://www.senate.gov/isvp/?comm=armed&filename=armedA031517
CHRG-115shrg40436,2017-03-15,ssfr00,foreign,https://www.senate.gov/isvp/?comm=foreign&filename=foreign031517
CHRG-115shrg79104751,2017-03-15,ssap00,approps,https://www.senate.gov/isvp/?comm=approps&filename=appropsA031517
CHRG-115shrg28638,2017-03-20,ssju00,judiciary,https://www.senate.gov/isvp/?comm=judiciary&filename=judiciary032017
CHRG-115shrg24847,2017-03-21,sshr00,help,https://www.senate.gov/isvp/?comm=help&filename=help032117
CHRG-115shrg24975,2017-03-21,sseg00,energy,https://www.senate.gov/isvp/?comm=energy&filename=energy032117
CHRG-115shrg28381,2017-03-21,sscm00,commerce,https://www.senate.gov/isvp/?comm=commerce&filename=commerce032117
CHRG-115shrg28601,2017-03-21,spag00,aging,https://www.senate.gov/isvp/?comm=aging&filename=aging032117
CHRG-115shrg29655,2017-03-21,ssas00,armed,https://www.senate.gov/isvp/?comm=armed&filename=armedA032117
CHRG-115shrg24848,2017-03-22,sshr00,help,https://www.senate.gov/isvp/?comm=help&filename=help032217
CHRG-115shrg26595,2017-03-22,sscm00,commerce,https://www.senate.gov/isvp/?comm=commerce&filename=commerce032217
CHRG-115shrg27014,2017-03-22,ssga00,govtaff,https://www.senate.gov/isvp/?comm=govtaff&filename=govtaff032217
CHRG-115shrg27024,2017-03-22,ssev00,epw,https://www.senate.gov/isvp/?comm=epw&filename=epw032217
CHRG-115shrg28382,2017-03-22,sscm00,commerce,https://www.senate.gov/isvp/?comm=commerce&filename=commerce032217
CHRG-115shrg38241,2017-03-22,ssas00,armed,https://www.senate.gov/isvp/?comm=armed&filename=armedA032217
CHRG-115shrg39856,2017-03-22,ssfr00,foreign,https://www.senate.gov/isvp/?comm=foreign&filename=foreign032217
CHRG-115shrg89104802,2017-03-22,ssap00,approps,https://www.senate.gov/isvp/?comm=approps&filename=appropsA032217
CHRG-115shrg24998,2017-03-23,ssbk00,banking,https://www.senate.gov/isvp/?comm=banking&filename=banking032317
CHRG-115shrg26596,2017-03-23,sscm00,commerce,https://www.senate.gov/isvp/?comm=commerce&filename=commerce032317
CHRG-115shrg28497,2017-03-23,ssaf00,ag,https://www.senate.gov/isvp/?comm=ag&filename=ag032317
CHRG-115shrg29481,2017-03-23,ssas00,armed,https://www.senate.gov/isvp/?comm=armed&filename=armedA032317
CHRG-115shrg69104742,2017-03-23,ssap00,approps,
CHRG-115shrg24976,2017-03-28,sseg00,energy,https://www.senate.gov/isvp/?comm=energy&filename=energy032817
CHRG-115shrg24977,2017-03-28,sseg00,energy,https://www.senate.gov/isvp/?comm=energy&filename=energy032817
CHRG-115shrg25243,2017-03-28,ssev00,epw,https://www.senate.gov/isvp/?comm=epw&filename=epw032817
CHRG-115shrg25497,2017-03-28,ssbk00,banking,https://www.senate.gov/isvp/?comm=banking&filename=banking032817
CHRG-115shrg39919,2017-03-28,ssfr00,foreign,https://www.senate.gov/isvp/?comm=foreign&filename=foreign032817
CHRG-115shrg25082,2017-03-29,ssga00,govtaff,https://www.senate.gov/isvp/?comm=govtaff&filename=govtaff032917
CHRG-115shrg25346,2017-03-29,sssb00,smbiz,https://www.senate.gov/isvp/?comm=smbiz&filename=smbiz032917
CHRG-115shrg26197,2017-03-29,slia00,indian,https://www.senate.gov/isvp/?comm=indian&filename=indian032917
CHRG-115shrg26243,2017-03-29,ssev00,epw,https://www.senate.gov/isvp/?comm=epw&filename=epw032917
CHRG-115shrg26890,2017-03-29,spag00,aging,https://www.senate.gov/isvp/?comm=aging&filename=aging032917
CHRG-115shrg28639,2017-03-29,sscm00,commerce,https://www.senate.gov/isvp/?comm=commerce&filename=commerce032917
CHRG-115shrg28945,2017-03-29,ssas00,armed,https://www.senate.gov/isvp/?comm=armed&filename=armedA032917
CHRG-115shrg29972,2017-03-29,sscm00,commerce,https://www.senate.gov/isvp/?comm=commerce&filename=commerce032917
CHRG-115shrg36854,2017-03-29,ssfr00,foreign,https://www.senate.gov/isvp/?comm=foreign&filename=foreign032917
CHRG-115shrg39933,2017-03-29,ssfr00,foreign,https://www.senate.gov/isvp/?comm=foreign&filename=foreign032917
CHRG-115shrg79104756,2017-03-29,ssap00,approps,https://www.senate.gov/isvp/?comm=approps&filename=appropsA032917 https://www.senate.gov/isvp/?comm=approps&filename=appropsB032917
CHRG-115shrg89104803,2017-03-29,ssap00,approps,https://www.senate.gov/isvp/?comm=approps&filename=appropsA032917 https://www.senate.gov/isvp/?comm=approps&filename=appropsB032917
CHRG-115shrg24978,2017-03-30,sseg00,energy,https://www.senate.gov/isvp/?comm=energy&filename=energy033017
CHRG-115shrg25362,2017-03-30,slin00,intel,https://www.senate.gov/isvp/?comm=intel&filename=intel033017
CHRG-115shrg25998,2017-03-30,slin00,intel,https://www.senate.gov/isvp/?comm=intel&filename=intel033017
CHRG-115shrg39943,2017-03-30,ssfr00,foreign,https://www.senate.gov/isvp/?comm=foreign&filename=foreign033017
CHRG-115shrg63156,2017-03-30,ssas00,armed,https://www.senate.gov/isvp/?comm=armed&filename=armedA033017
CHRG-115shrg24979,2017-04-04,sseg00,energy,https://www.senate.gov/isvp/?comm=energy&filename=energy040417
CHRG-115shrg24997,2017-04-04,sshr00,help,https://www.senate.gov/isvp/?comm=help&filename=help040417
CHRG-115shrg26597,2017-04-04,sscm00,commerce,https://www.senate.gov/isvp/?comm=commerce&filename=commerce040417
CHRG-115shrg27015,2017-04-04,ssga00,govtaff,https://www.senate.gov/isvp/?comm=govtaff&filename=govtaff040417
CHRG-115shrg40444,2017-04-04,ssfr00,foreign,https://www.senate.gov/isvp/?comm=foreign&filename=foreign040417
CHRG-115shrg79104772,2017-04-04,ssap00,approps,https://www.senate.gov/isvp/?comm=approps&filename=appropsA040417
CHRG-115shrg25027,2017-04-05,sshr00,help,https://www.senate.gov/isvp/?comm=help&filename=help040517
CHRG-115shrg25680,2017-04-05,ssbk00,banking,https://www.senate.gov/isvp/?comm=banking&filename=banking040517
CHRG-115shrg28494,2017-04-05,ssev00,epw,https://www.senate.gov/isvp/?comm=epw&filename=epw040517
CHRG-115shrg40430,2017-04-05,ssfr00,foreign,https://www.senate.gov/isvp/?comm=foreign&filename=foreign040517
CHRG-115shrg89104807,2017-04-05,ssap00,approps,https://www.senate.gov/isvp/?comm=approps&filename=appropsA040517
CHRG-114shrg69104715,2017-04-06,ssap00,approps,
CHRG-115shrg26598,2017-04-06,sscm00,commerce,https://www.senate.gov/isvp/?comm=commerce&filename=commerce040617
CHRG-115shrg30194,2017-04-06,ssfi00,finance,https://www.senate.gov/isvp/?comm=finance&filename=finance040617
CHRG-115shrg26599,2017-04-10,sscm00,commerce,
CHRG-115shrg28892,2017-04-21,slia00,indian,
CHRG-115shrg34036,2017-04-25,ssas00,armed,https://www.senate.gov/isvp/?comm=armed&filename=armed042517
CHRG-115shrg40164,2017-04-25,ssfr00,foreign,https://www.senate.gov/isvp/?comm=foreign&filename=foreign042517
CHRG-115shrg79104757,2017-04-25,ssap00,approps,https://www.senate.gov/isvp/?comm=approps&filename=appropsA042517
CHRG-115shrg25855,2017-04-26,sssb00,smbiz,https://www.senate.gov/isvp/?comm=smbiz&filename=smbiz042617
CHRG-115shrg25887,2017-04-26,slin00,intel,https://www.senate.gov/isvp/?comm=intel&filename=intel042617
CHRG-115shrg26600,2017-04-26,sscm00,commerce,https://www.senate.gov/isvp/?comm=commerce&filename=commerce042617
CHRG-115shrg27016,2017-04-26,ssga00,govtaff,https://www.senate.gov/isvp/?comm=govtaff&filename=govtaff042617
CHRG-115shrg63351,2017-04-26,ssev00,epw,https://www.senate.gov/isvp/?comm=epw&filename=epw042617
CHRG-115shrg89104801,2017-04-26,ssap00,approps,https://www.senate.gov/isvp/?comm=approps&filename=appropsA042617
CHRG-115jhrg26681,2017-04-27,jcse00,csce,
CHRG-115shrg26070,2017-04-27,sseg00,energy,https://www.senate.gov/isvp/?comm=energy&filename=energy042717
CHRG-115shrg26520,2017-04-27,ssbk00,banking,https://www.senate.gov/isvp/?comm=banking&filename=banking042717
CHRG-115shrg28602,2017-04-27,spag00,aging,https://www.senate.gov/isvp/?comm=aging&filename=aging042717
CHRG-115shrg34175,2017-04-27,ssas00,armed,https://www.senate.gov/isvp/?comm=armed&filename=armedA042717
CHRG-115shrg89104830,2017-04-27,ssap00,approps,https://www.senate.gov/isvp/?comm=approps&filename=appropsA042717
CHRG-115jhrg25604,2017-05-02,jcse00,csce,
CHRG-115shrg25593,2017-05-02,ssbk00,banking,https://www.senate.gov/isvp/?comm=banking&filename=banking050217
CHRG-115shrg26071,2017-05-02,sseg00,energy,https://www.senate.gov/isvp/?comm=energy&filename=energy050217
CHRG-115shrg69104741,2017-05-02,ssap00,approps,https://www.senate.gov/isvp/?comm=approps&filename=appropsA050217
CHRG-115shrg25783,2017-05-03,ssev00,epw,https://www.senate.gov/isvp/?comm=epw&filename=epw050317
CHRG-115shrg28640,2017-05-03,sscm00,commerce,https://www.senate.gov/isvp/?comm=commerce&filename=commerce050317
CHRG-115shrg36204,2017-05-03,ssas00,armed,https://www.senate.gov/isvp/?comm=armed&filename=armedA050317 https://www.senate.gov/isvp/?comm=armed&filename=armedB050317
CHRG-115shrg38452,2017-05-03,ssas00,armed,https://www.senate.gov/isvp/?comm=armed&filename=armedA050317 https://www.senate.gov/isvp/?comm=armed&filename=armedB050317
CHRG-115shrg39880,2017-05-03,ssfr00,foreign,https://www.senate.gov/isvp/?comm=foreign&filename=foreign050317
CHRG-115shrg89104804,2017-05-03,ssap00,approps,https://www.senate.gov/isvp/?comm=approps&filename=appropsA050317
CHRG-115shrg26072,2017-05-04,sseg00,energy,https://www.senate.gov/isvp/?comm=energy&filename=energy050417
CHRG-115shrg28641,2017-05-04,sscm00,commerce,https://www.senate.gov/isvp/?comm=commerce&filename=commerce050417
CHRG-115shrg39762,2017-05-04,ssfr00,foreign,https://www.senate.gov/isvp/?comm=foreign&filename=foreign050417
CHRG-115shrg89104831,2017-05-04,ssap00,approps,https://www.senate.gov/isvp/?comm=approps&filename=appropsA050417
CHRG-115shrg28498,2017-05-06,ssaf00,ag,https://www.senate.gov/isvp/?comm=ag&filename=ag050617
CHRG-115shrg26291,2017-05-09,ssev00,epw,https://www.senate.gov/isvp/?comm=epw&filename=epw050917
CHRG-115shrg28642,2017-05-09,sscm00,commerce,https://www.senate.gov/isvp/?comm=commerce&filename=commerce050917
CHRG-115shrg62890,2017-05-09,ssas00,armed,https://www.senate.gov/isvp/?comm=armed&filename=armedA050917
CHRG-115shrg79104758,2017-05-09,ssap00,approps,https://www.senate.gov/isvp/?comm=approps&filename=appropsA050917
CHRG-115shrg26242,2017-05-10,ssbk00,banking,https://www.senate.gov/isvp/?comm=banking&filename=banking051017
CHRG-115shrg26936,2017-05-10,ssev00,epw,https://www.senate.gov/isvp/?comm=epw&filename=epw051017
CHRG-115shrg27390,2017-05-10,ssga00,govtaff,https://www.senate.gov/isvp/?comm=govtaff&filename=govtaff051017
CHRG-115shrg40276,2017-05-10,ssfr00,foreign,https://www.senate.gov/isvp/?comm=foreign&filename=foreign051017
CHRG-115shrg25888,2017-05-11,slin00,intel,https://www.senate.gov/isvp/?comm=intel&filename=intel051117
CHRG-115shrg26346,2017-05-11,sssb00,smbiz,https://www.senate.gov/isvp/?comm=smbiz&filename=smbiz051117
CHRG-115shrg26521,2017-05-11,ssbk00,banking,https://www.senate.gov/isvp/?comm=banking&filename=banking051117
CHRG-115shrg28499,2017-05-11,ssaf00,ag,https://www.senate.gov/isvp/?comm=ag&filename=ag051117
CHRG-115shrg89104832,2017-05-11,ssap00,approps,https://www.senate.gov/isvp/?comm=approps&filename=appropsA051117
CHRG-115shrg79104768,2017-05-12,ssap00,approps,
CHRG-115shrg25925,2017-05-16,ssbk00,banking,https://www.senate.gov/isvp/?comm=banking&filename=banking051617
CHRG-115shrg27297,2017-05-16,ssev00,epw,https://www.senate.gov/isvp/?comm=epw&filename=epw051617
CHRG-115shrg30207,2017-05-16,ssfi00,finance,https://www.senate.gov/isvp/?comm=finance&filename=finance051617
CHRG-115shrg25981,2017-05-17,ssva00,vetaff,https://www.senate.gov/isvp/?comm=vetaff&filename=vetaff051717
CHRG-115shrg26349,2017-05-17,ssev00,epw,https://www.senate.gov/isvp/?comm=epw&filename=epw051717
CHRG-115shrg27649,2017-05-17,spag00,aging,https://www.senate.gov/isvp/?comm=aging&filename=aging051717
CHRG-115shrg29354,2017-05-17,slia00,indian,https://www.senate.gov/isvp/?comm=indian&filename=indian051717
CHRG-115shrg29997,2017-05-17,sscm00,commerce,https://www.senate.gov/isvp/?comm=commerce&filename=commerce051717
CHRG-115shrg34118,2017-05-17,ssas00,armed,https://www.senate.gov/isvp/?comm=armed&filename=armedA051717 https://www.senate.gov/isvp/?comm=armed&filename=armedB051717
CHRG-115shrg35942,2017-05-17,ssas00,armed,https://www.senate.gov/isvp/?comm=armed&filename=armedA051717 https://www.senate.gov/isvp/?comm=armed&filename=armedB051717
CHRG-115shrg26073,2017-05-18,sseg00,energy,https://www.senate.gov/isvp/?comm=energy&filename=energy051817
CHRG-115shrg26522,2017-05-18,ssbk00,banking,https://www.senate.gov/isvp/?comm=banking&filename=banking051817
CHRG-115shrg35755,2017-05-18,sseg00,energy,https://www.senate.gov/isvp/?comm=energy&filename=energy051817
CHRG-115shrg62892,2017-05-18,ssas00,armed,https://www.senate.gov/isvp/?comm=armed&filename=armed051817
CHRG-115shrg27298,2017-05-23,ssev00,epw,https://www.senate.gov/isvp/?comm=epw&filename=epw052317
CHRG-115shrg29998,2017-05-23,sscm00,commerce,https://www.senate.gov/isvp/?comm=commerce&filename=commerce052317
CHRG-115shrg34013,2017-05-23,ssas00,armed,https://www.senate.gov/isvp/?comm=armed&filename=armed052317 https://www.senate.gov/isvp/?comm=armed&filename=armedA052317 https://www.senate.gov/isvp/?comm=armed&filename=armedB052317
CHRG-115shrg35762,2017-05-23,ssas00,armed,https://www.senate.gov/isvp/?comm=armed&filename=armed052317 https://www.senate.gov/isvp/?comm=armed&filename=armedA052317 https://www.senate.gov/isvp/?comm=armed&filename=armedB052317
CHRG-115shrg79104759,2017-05-23,ssap00,approps,https://www.senate.gov/isvp/?comm=approps&filename=appropsA052317
CHRG-115shrg29973,2017-05-24,sscm00,commerce,https://www.senate.gov/isvp/?comm=commerce&filename=commerce052417
CHRG-115shrg41882,2017-05-24,ssas00,armed,https://www.senate.gov/isvp/?comm=armed&filename=armed052417
CHRG-115shrg79104787,2017-05-24,ssap00,approps,https://www.senate.gov/isvp/?comm=approps&filename=appropsA052417
CHRG-115shrg26074,2017-05-25,sseg00,energy,https://www.senate.gov/isvp/?comm=energy&filename=energy052517
CHRG-115shrg27391,2017-05-25,ssga00,govtaff,https://www.senate.gov/isvp/?comm=govtaff&filename=govtaff052517
CHRG-115shrg28500,2017-05-25,ssaf00,ag,https://www.senate.gov/isvp/?comm=ag&filename=ag052517
CHRG-115shrg30208,2017-05-25,ssfi00,finance,https://www.senate.gov/isvp/?comm=finance&filename=finance052517
CHRG-115shrg39978,2017-05-25,ssfr00,foreign,https://www.senate.gov/isvp/?comm=foreign&filename=foreign052517
CHRG-115shrg79104794,2017-05-25,ssap00,approps,https://www.senate.gov/isvp/?comm=approps&filename=appropsA052517
CHRG-115jhrg25791,2017-06-01,jcse00,csce,
CHRG-115shrg26198,2017-06-06,ssbk00,banking,https://www.senate.gov/isvp/?comm=banking&filename=banking060617
CHRG-115shrg27392,2017-06-06,ssga00,govtaff,https://www.senate.gov/isvp/?comm=govtaff&filename=govtaff060617
CHRG-115shrg37503,2017-06-06,ssas00,armed,https://www.senate.gov/isvp/?comm=armed&filename=armedA060617
CHRG-115shrg79104754,2017-06-06,ssap00,approps,https://www.senate.gov/isvp/?comm=approps&filename=appropsA060617 https://www.senate.gov/isvp/?comm=approps&filename=appropsB060617
CHRG-115shrg89104833,2017-06-06,ssap00,approps,https://www.senate.gov/isvp/?comm=approps&filename=appropsA060617 https://www.senate.gov/isvp/?comm=approps&filename=appropsB060617
CHRG-115shrg24085,2017-06-07,ssap00,approps,https://www.senate.gov/isvp/?comm=approps&filename=appropsA060717 https://www.senate.gov/isvp/?comm=approps&filename=appropsB060717
CHRG-115shrg25889,2017-06-07,slin00,intel,https://www.senate.gov/isvp/?comm=intel&filename=intel060717
CHRG-115shrg25976,2017-06-07,sseg00,energy,https://www.senate.gov/isvp/?comm=energy&filename=energy060717
CHRG-115shrg26919,2017-06-07,ssbu00,budget,https://www.senate.gov/isvp/?comm=budget&filename=budget060717
CHRG-115shrg27017,2017-06-07,ssga00,govtaff,https://www.senate.gov/isvp/?comm=govtaff&filename=govtaff060717
CHRG-115shrg29974,2017-06-07,sscm00,commerce,https://www.senate.gov/isvp/?comm=commerce&filename=commerce060717
CHRG-115shrg30209,2017-06-07,ssfi00,finance,https://www.senate.gov/isvp/?comm=finance&filename=finance060717
CHRG-115shrg31231,2017-06-07,ssva00,vetaff,https://www.senate.gov/isvp/?comm=vetaff&filename=vetaff060717
CHRG-115shrg79104769,2017-06-07,ssap00,approps,https://www.senate.gov/isvp/?comm=approps&filename=appropsA060717 https://www.senate.gov/isvp/?comm=approps&filename=appropsB060717
CHRG-115shrg79104788,2017-06-07,ssap00,approps,https://www.senate.gov/isvp/?comm=approps&filename=appropsA060717 https://www.senate.gov/isvp/?comm=approps&filename=appropsB060717
CHRG-115shrg89104800,2017-06-07,ssap00,approps,https://www.senate.gov/isvp/?comm=approps&filename=appropsA060717 https://www.senate.gov/isvp/?comm=approps&filename=appropsB060717
CHRG-115shrg89104808,2017-06-07,ssap00,approps,https://www.senate.gov/isvp/?comm=approps&filename=appropsA060717 https://www.senate.gov/isvp/?comm=approps&filename=appropsB060717
CHRG-115shrg89104810,2017-06-07,ssap00,approps,https://www.senate.gov/isvp/?comm=approps&filename=appropsA060717 https://www.senate.gov/isvp/?comm=approps&filename=appropsB060717
CHRG-115shrg25890,2017-06-08,slin00,intel,https://www.senate.gov/isvp/?comm=intel&filename=intel060817
CHRG-115shrg25977,2017-06-08,sseg00,energy,https://www.senate.gov/isvp/?comm=energy&filename=energy060817
CHRG-115shrg26900,2017-06-08,ssbk00,banking,https://www.senate.gov/isvp/?comm=banking&filename=banking060817
CHRG-115shrg29975,2017-06-08,sscm00,commerce,https://www.senate.gov/isvp/?comm=commerce&filename=commerce060817
CHRG-115shrg30210,2017-06-08,ssfi00,finance,https://www.senate.gov/isvp/?comm=finance&filename=finance060817
CHRG-115shrg39765,2017-06-08,ssfr00,foreign,https://www.senate.gov/isvp/?comm=foreign&filename=foreign060817
CHRG-115shrg79104773,2017-06-08,ssap00,approps,https://www.senate.gov/isvp/?comm=approps&filename=appropsA060817
CHRG-115shrg25978,2017-06-10,sseg00,energy,
CHRG-115shrg25891,2017-06-13,slin00,intel,https://www.senate.gov/isvp/?comm=intel&filename=intel061317
CHRG-115shrg25920,2017-06-13,sshr00,help,https://www.senate.gov/isvp/?comm=help&filename=help061317
CHRG-115shrg26002,2017-06-13,ssev00,epw,https://www.senate.gov/isvp/?comm=epw&filename=epw061317
CHRG-115shrg27650,2017-06-13,slia00,indian,https://www.senate.gov/isvp/?comm=indian&filename=indian061317
CHRG-115shrg38379,2017-06-13,ssfr00,foreign,https://www.senate.gov/isvp/?comm=foreign&filename=foreign061317
CHRG-115shrg38614,2017-06-13,ssfr00,foreign,https://www.senate.gov/isvp/?comm=foreign&filename=foreign061317
CHRG-115shrg79104760,2017-06-13,ssap00,approps,https://www.senate.gov/isvp/?comm=approps&filename=appropsA061317 https://www.senate.gov/isvp/?comm=approps&filename=appropsB061317
CHRG-115shrg79104774,2017-06-13,ssap00,approps,https://www.senate.gov/isvp/?comm=approps&filename=appropsA061317 https://www.senate.gov/isvp/?comm=approps&filename=appropsB061317
CHRG-115shrg79104792,2017-06-13,ssap00,approps,https://www.senate.gov/isvp/?comm=approps&filename=appropsA061317 https://www.senate.gov/isvp/?comm=approps&filename=appropsB061317
CHRG-115shrg25979,2017-06-14,sseg00,energy,https://www.senate.gov/isvp/?comm=energy&filename=energy061417
CHRG-115shrg26285,2017-06-14,ssva00,vetaff,https://www.senate.gov/isvp/?comm=vetaff&filename=vetaff061417
CHRG-115shrg26348,2017-06-14,sssb00,smbiz,https://www.senate.gov/isvp/?comm=smbiz&filename=smbiz061417
CHRG-115shrg26464,2017-06-14,ssev00,epw,https://www.senate.gov/isvp/?comm=epw&filename=epw061417
CHRG-115shrg27393,2017-06-14,ssga00,govtaff,https://www.senate.gov/isvp/?comm=govtaff&filename=govtaff061417
CHRG-115shrg30021,2017-06-14,spag00,aging,https://www.senate.gov/isvp/?comm=aging&filename=aging061417
CHRG-115shrg30767,2017-06-14,sscm00,commerce,https://www.senate.gov/isvp/?comm=commerce&filename=commerce061417
CHRG-115shrg38365,2017-06-14,ssfr00,foreign,https://www.senate.gov/isvp/?comm=foreign&filename=foreign061417
CHRG-115shrg89104805,2017-06-14,ssap00,approps,https://www.senate.gov/isvp/?comm=approps&filename=appropsA061417
CHRG-115shrg89104821,2017-06-14,ssap00,approps,https://www.senate.gov/isvp/?comm=approps&filename=appropsA061417
CHRG-115shrg25980,2017-06-15,sseg00,energy,https://www.senate.gov/isvp/?comm=energy&filename=energy061517
CHRG-115shrg27394,2017-06-15,ssga00,govtaff,https://www.senate.gov/isvp/?comm=govtaff&filename=govtaff061517
CHRG-115shrg27425,2017-06-15,ssbk00,banking,https://www.senate.gov/isvp/?comm=banking&filename=banking061517
CHRG-115shrg28501,2017-06-15,ssaf00,ag,https://www.senate.gov/isvp/?comm=ag&filename=ag061517
CHRG-115shrg29500,2017-06-15,ssva00,vetaff,https://www.senate.gov/isvp/?comm=vetaff&filename=vetaff061517
CHRG-115shrg36116,2017-06-15,ssev00,epw,https://www.senate.gov/isvp/?comm=epw&filename=epw061517
CHRG-115shrg79104761,2017-06-15,ssap00,approps,https://www.senate.gov/isvp/?comm=approps&filename=appropsA061517
CHRG-115shrg26075,2017-06-20,sseg00,energy,https://www.senate.gov/isvp/?comm=energy&filename=energy062017
CHRG-115shrg30768,2017-06-20,sscm00,commerce,https://www.senate.gov/isvp/?comm=commerce&filename=commerce062017
CHRG-115shrg38321,2017-06-20,ssfr00,foreign,https://www.senate.gov/isvp/?comm=foreign&filename=foreign062017
CHRG-115shrg62894,2017-06-20,ssas00,armed,https://www.senate.gov/isvp/?comm=armed&filename=armedA062017
CHRG-115shrg79104778,2017-06-20,ssap00,approps,https://www.senate.gov/isvp/?comm=approps&filename=appropsA062017 https://www.senate.gov/isvp/?comm=approps&filename=appropsB062017
CHRG-115shrg79104793,2017-06-20,ssap00,approps,https://www.senate.gov/isvp/?comm=approps&filename=appropsA062017 https://www.senate.gov/isvp/?comm=approps&filename=appropsB062017
CHRG-115shrg26076,2017-06-21,sseg00,energy,https://www.senate.gov/isvp/?comm=energy&filename=energy062117
CHRG-115shrg26125,2017-06-21,slin00,intel,https://www.senate.gov/isvp/?comm=intel&filename=intel062117
CHRG-115shrg27395,2017-06-21,ssga00,govtaff,https://www.senate.gov/isvp/?comm=govtaff&filename=govtaff062117
CHRG-115shrg29976,2017-06-21,sscm00,commerce,https://www.senate.gov/isvp/?comm=commerce&filename=commerce062117
CHRG-115shrg30211,2017-06-21,ssfi00,finance,https://www.senate.gov/isvp/?comm=finance&filename=finance062117
CHRG-115shrg79104770,2017-06-21,ssap00,approps,https://www.senate.gov/isvp/?comm=approps&filename=appropsA062117 https://www.senate.gov/isvp/?comm=approps&filename=appropsB062117
CHRG-115shrg79104789,2017-06-21,ssap00,approps,https://www.senate.gov/isvp/?comm=approps&filename=appropsA062117 https://www.senate.gov/isvp/?comm=approps&filename=appropsB062117
CHRG-115shrg89104816,2017-06-21,ssap00,approps,https://www.senate.gov/isvp/?comm=approps&filename=appropsA062117 https://www.senate.gov/isvp/?comm=approps&filename=appropsB062117
CHRG-115shrg89104834,2017-06-21,ssap00,approps,https://www.senate.gov/isvp/?comm=approps&filename=appropsA062117 https://www.senate.gov/isvp/?comm=approps&filename=appropsB062117
CHRG-115shrg89104849,2017-06-21,ssap00,approps,https://www.senate.gov/isvp/?comm=approps&filename=appropsA062117 https://www.senate.gov/isvp/?comm=approps&filename=appropsB062117
CHRG-115shrg26077,2017-06-22,sseg00,energy,https://www.senate.gov/isvp/?comm=energy&filename=energy062217
CHRG-115shrg26901,2017-06-22,ssbk00,banking,https://www.senate.gov/isvp/?comm=banking&filename=banking062217
CHRG-115shrg29637,2017-06-22,ssaf00,ag,https://www.senate.gov/isvp/?comm=ag&filename=ag062217
CHRG-115shrg79104762,2017-06-22,ssap00,approps,https://www.senate.gov/isvp/?comm=approps&filename=appropsA062217
CHRG-115shrg29977,2017-06-27,sscm00,commerce,https://www.senate.gov/isvp/?comm=commerce&filename=commerce062717
CHRG-115shrg79104753,2017-06-27,ssap00,approps,https://www.senate.gov/isvp/?comm=approps&filename=appropsA062717 https://www.senate.gov/isvp/?comm=approps&filename=appropsB062717
CHRG-115shrg79104779,2017-06-27,ssap00,approps,https://www.senate.gov/isvp/?comm=approps&filename=appropsA062717 https://www.senate.gov/isvp/?comm=approps&filename=appropsB062717
CHRG-115shrg79104790,2017-06-27,ssap00,approps,https://www.senate.gov/isvp/?comm=approps&filename=appropsA062717 https://www.senate.gov/isvp/?comm=approps&filename=appropsB062717
CHRG-115shrg26126,2017-06-28,slin00,intel,https://www.senate.gov/isvp/?comm=intel&filename=intel062817
CHRG-115shrg26127,2017-06-28,slin00,intel,https://www.senate.gov/isvp/?comm=intel&filename=intel062817
CHRG-115shrg27018,2017-06-28,ssga00,govtaff,https://www.senate.gov/isvp/?comm=govtaff&filename=govtaff062817
CHRG-115shrg30769,2017-06-28,sscm00,commerce,https://www.senate.gov/isvp/?comm=commerce&filename=commerce062817
CHRG-115shrg34014,2017-06-28,ssga00,govtaff,https://www.senate.gov/isvp/?comm=govtaff&filename=govtaff062817
CHRG-115shrg89104811,2017-06-28,ssap00,approps,https://www.senate.gov/isvp/?comm=approps&filename=appropsA062817
CHRG-115shrg27426,2017-06-29,ssbk00,banking,https://www.senate.gov/isvp/?comm=banking&filename=banking062917
CHRG-115shrg29638,2017-06-29,ssaf00,ag,https://www.senate.gov/isvp/?comm=ag&filename=ag062917
CHRG-115shrg79104771,2017-06-29,ssap00,approps,https://www.senate.gov/isvp/?comm=approps&filename=appropsA062917 https://www.senate.gov/isvp/?comm=approps&filename=appropsB062917
CHRG-115shrg79104775,2017-06-29,ssap00,approps,https://www.senate.gov/isvp/?comm=approps&filename=appropsA062917 https://www.senate.gov/isvp/?comm=approps&filename=appropsB062917
CHRG-115shrg26821,2017-07-07,slia00,indian,https://www.senate.gov/isvp/?comm=indian&filename=indian070717
CHRG-115shrg27019,2017-07-11,ssga00,govtaff,https://www.senate.gov/isvp/?comm=govtaff&filename=govtaff071117
CHRG-115shrg28513,2017-07-11,ssva00,vetaff,https://www.senate.gov/isvp/?comm=vetaff&filename=vetaff071117
CHRG-115shrg62918,2017-07-11,ssas00,armed,https://www.senate.gov/isvp/?comm=armed&filename=armedA071117
CHRG-115shrg26726,2017-07-12,ssev00,epw,https://www.senate.gov/isvp/?comm=epw&filename=epw071217
CHRG-115shrg26823,2017-07-12,slia00,indian,https://www.senate.gov/isvp/?comm=indian&filename=indian071217
CHRG-115shrg27803,2017-07-12,spag00,aging,https://www.senate.gov/isvp/?comm=aging&filename=aging071217
CHRG-115shrg28536,2017-07-12,ssev00,epw,https://www.senate.gov/isvp/?comm=epw&filename=epw071217
CHRG-115shrg30786,2017-07-12,sscm00,commerce,https://www.senate.gov/isvp/?comm=commerce&filename=commerce071217
CHRG-115shrg38138,2017-07-12,ssfr00,foreign,https://www.senate.gov/isvp/?comm=foreign&filename=foreign071217
CHRG-115shrg79104791,2017-07-12,ssap00,approps,https://www.senate.gov/isvp/?comm=approps&filename=appropsA071217
CHRG-115jhrg26485,2017-07-13,jcse00,csce,
CHRG-115shrg26334,2017-07-13,sshr00,help,https://www.senate.gov/isvp/?comm=help&filename=help071317
CHRG-115shrg27427,2017-07-13,ssbk00,banking,https://www.senate.gov/isvp/?comm=banking&filename=banking071317
CHRG-115shrg29639,2017-07-13,ssaf00,ag,https://www.senate.gov/isvp/?comm=ag&filename=ag071317
CHRG-115shrg30770,2017-07-13,sscm00,commerce,https://www.senate.gov/isvp/?comm=commerce&filename=commerce071317
CHRG-115shrg34738,2017-07-13,ssas00,armed,https://www.senate.gov/isvp/?comm=armed&filename=armedA071317
CHRG-115shrg38116,2017-07-13,ssfr00,foreign,https://www.senate.gov/isvp/?comm=foreign&filename=foreign071317
CHRG-115shrg89104809,2017-07-13,ssap00,approps,https://www.senate.gov/isvp/?comm=approps&filename=appropsA071317
CHRG-115shrg38105,2017-07-17,ssfr00,foreign,https://www.senate.gov/isvp/?comm=foreign&filename=foreign071717
CHRG-115shrg26867,2017-07-18,sseg00,energy,https://www.senate.gov/isvp/?comm=energy&filename=energy071817
CHRG-115shrg27854,2017-07-18,ssbk00,banking,https://www.senate.gov/isvp/?comm=banking&filename=banking071817
CHRG-115shrg30827,2017-07-18,ssfi00,finance,https://www.senate.gov/isvp/?comm=finance&filename=finance071817
CHRG-115shrg30840,2017-07-18,ssfi00,finance,https://www.senate.gov/isvp/?comm=finance&filename=finance071817
CHRG-115shrg34496,2017-07-18,ssas00,armed,https://www.senate.gov/isvp/?comm=armed&filename=armedA071817 https://www.senate.gov/isvp/?comm=armed&filename=armedB071817
CHRG-115shrg38062,2017-07-18,ssfr00,foreign,https://www.senate.gov/isvp/?comm=foreign&filename=foreign071817
CHRG-115shrg62954,2017-07-18,ssas00,armed,https://www.senate.gov/isvp/?comm=armed&filename=armedA071817 https://www.senate.gov/isvp/?comm=armed&filename=armedB071817
CHRG-115shrg26418,2017-07-19,slin00,intel,https://www.senate.gov/isvp/?comm=intel&filename=intel071917
CHRG-115shrg26784,2017-07-19,ssev00,epw,https://www.senate.gov/isvp/?comm=epw&filename=epw071917
CHRG-115shrg26868,2017-07-19,sseg00,energy,https://www.senate.gov/isvp/?comm=energy&filename=energy071917
CHRG-115shrg29442,2017-07-19,ssga00,govtaff,https://www.senate.gov/isvp/?comm=govtaff&filename=govtaff071917
CHRG-115shrg32986,2017-07-19,ssva00,vetaff,https://www.senate.gov/isvp/?comm=vetaff&filename=vetaff071917
CHRG-115shrg35161,2017-07-19,sscm00,commerce,https://www.senate.gov/isvp/?comm=commerce&filename=commerce071917
CHRG-115shrg37908,2017-07-19,ssfr00,foreign,https://www.senate.gov/isvp/?comm=foreign&filename=foreign071917
CHRG-115jhrg26489,2017-07-20,jcse00,csce,
CHRG-115shrg26869,2017-07-20,sseg00,energy,https://www.senate.gov/isvp/?comm=energy&filename=energy072017
CHRG-115shrg27094,2017-07-20,ssev00,epw,https://www.senate.gov/isvp/?comm=epw&filename=epw072017
CHRG-115shrg27428,2017-07-20,ssbk00,banking,https://www.senate.gov/isvp/?comm=banking&filename=banking072017
CHRG-115shrg35165,2017-07-20,sscm00,commerce,https://www.senate.gov/isvp/?comm=commerce&filename=commerce072017
CHRG-115jhrg26490,2017-07-21,jcse00,csce,
CHRG-115shrg27301,2017-07-25,ssev00,epw,https://www.senate.gov/isvp/?comm=epw&filename=epw072517
CHRG-115shrg29640,2017-07-25,ssaf00,ag,https://www.senate.gov/isvp/?comm=ag&filename=ag072517
CHRG-115shrg29978,2017-07-25,sscm00,commerce,https://www.senate.gov/isvp/?comm=commerce&filename=commerce072517
CHRG-115shrg40415,2017-07-25,ssfr00,foreign,https://www.senate.gov/isvp/?comm=foreign&filename=foreign072517
CHRG-115jhrg26491,2017-07-26,jcse00,csce,
CHRG-115jhrg26492,2017-07-26,jcse00,csce,
CHRG-115shrg26870,2017-07-26,sseg00,energy,https://www.senate.gov/isvp/?comm=energy&filename=energy072617
CHRG-115shrg27315,2017-07-26,ssev00,epw,https://www.senate.gov/isvp/?comm=epw&filename=epw072617
CHRG-115shrg31485,2017-07-26,spag00,aging,https://www.senate.gov/isvp/?comm=aging&filename=aging072617
CHRG-115shrg37782,2017-07-26,ssfr00,foreign,https://www.senate.gov/isvp/?comm=foreign&filename=foreign072617
CHRG-115shrg55169,2017-07-26,sscm00,commerce,https://www.senate.gov/isvp/?comm=commerce&filename=commerce072617
CHRG-115shrg79104780,2017-07-26,ssap00,approps,https://www.senate.gov/isvp/?comm=approps&filename=appropsA072617
CHRG-115shrg28282,2017-07-27,ssbk00,banking,https://www.senate.gov/isvp/?comm=banking&filename=banking072717
CHRG-115shrg29641,2017-07-27,ssaf00,ag,https://www.senate.gov/isvp/?comm=ag&filename=ag072717
CHRG-115shrg26535,2017-08-01,sshr00,help,https://www.senate.gov/isvp/?comm=help&filename=help080117
CHRG-115shrg26891,2017-08-01,ssev00,epw,https://www.senate.gov/isvp/?comm=epw&filename=epw080117
CHRG-115shrg30902,2017-08-01,ssfi00,finance,https://www.senate.gov/isvp/?comm=finance&filename=finance080117
CHRG-115shrg35339,2017-08-01,sscm00,commerce,https://www.senate.gov/isvp/?comm=commerce&filename=commerce080117
CHRG-115shrg26871,2017-08-02,sseg00,energy,https://www.senate.gov/isvp/?comm=energy&filename=energy080217
CHRG-115shrg27509,2017-08-02,ssev00,epw,https://www.senate.gov/isvp/?comm=epw&filename=epw080217
CHRG-115shrg37610,2017-08-02,ssfr00,foreign,https://www.senate.gov/isvp/?comm=foreign&filename=foreign080217
CHRG-115shrg37710,2017-08-02,ssfr00,foreign,https://www.senate.gov/isvp/?comm=foreign&filename=foreign080217
CHRG-115shrg26872,2017-08-03,sseg00,energy,https://www.senate.gov/isvp/?comm=energy&filename=energy080317
CHRG-115shrg30926,2017-08-03,ssfi00,finance,https://www.senate.gov/isvp/?comm=finance&filename=finance080317
CHRG-115shrg34303,2017-08-03,sscm00,commerce,https://www.senate.gov/isvp/?comm=commerce&filename=commerce080317
CHRG-115shrg29979,2017-08-10,sscm00,commerce,
CHRG-115shrg27188,2017-08-22,sssb00,smbiz,
CHRG-115shrg27317,2017-08-22,ssev00,epw,
CHRG-115shrg34304,2017-08-23,sscm00,commerce,
CHRG-115shrg27189,2017-08-24,sssb00,smbiz,
CHRG-115shrg26840,2017-09-06,sshr00,help,https://www.senate.gov/isvp/?comm=help&filename=help090617
CHRG-115shrg29443,2017-09-06,ssga00,govtaff,https://www.senate.gov/isvp/?comm=govtaff&filename=govtaff090617
CHRG-115shrg35458,2017-09-06,sscm00,commerce,https://www.senate.gov/isvp/?comm=commerce&filename=commerce090617
CHRG-115shrg37546,2017-09-06,ssfr00,foreign,https://www.senate.gov/isvp/?comm=foreign&filename=foreign090617
CHRG-115shrg26834,2017-09-07,sshr00,help,https://www.senate.gov/isvp/?comm=help&filename=help090717
CHRG-115shrg26873,2017-09-07,sseg00,energy,https://www.senate.gov/isvp/?comm=energy&filename=energy090717
CHRG-115shrg27569,2017-09-07,ssbk00,banking,https://www.senate.gov/isvp/?comm=banking&filename=banking090717
CHRG-115shrg28027,2017-09-07,ssga00,govtaff,https://www.senate.gov/isvp/?comm=govtaff&filename=govtaff090717
CHRG-115shrg31255,2017-09-07,ssfi00,finance,https://www.senate.gov/isvp/?comm=finance&filename=finance090717
CHRG-115shrg26874,2017-09-12,sseg00,energy,https://www.senate.gov/isvp/?comm=energy&filename=energy091217
CHRG-115shrg26912,2017-09-12,sshr00,help,https://www.senate.gov/isvp/?comm=help&filename=help091217
CHRG-115shrg27749,2017-09-12,ssbk00,banking,https://www.senate.gov/isvp/?comm=banking&filename=banking091217
CHRG-115shrg28202,2017-09-12,ssga00,govtaff,https://www.senate.gov/isvp/?comm=govtaff&filename=govtaff091217
CHRG-115shrg31267,2017-09-12,ssfi00,finance,https://www.senate.gov/isvp/?comm=finance&filename=finance091217
CHRG-115shrg34305,2017-09-12,sscm00,commerce,https://www.senate.gov/isvp/?comm=commerce&filename=commerce091217
CHRG-115shrg27318,2017-09-13,ssev00,epw,https://www.senate.gov/isvp/?comm=epw&filename=epw091317
CHRG-115shrg28405,2017-09-13,ssga00,govtaff,https://www.senate.gov/isvp/?comm=govtaff&filename=govtaff091317
CHRG-115shrg29757,2017-09-13,ssga00,govtaff,https://www.senate.gov/isvp/?comm=govtaff&filename=govtaff091317
CHRG-115shrg30089,2017-09-13,slia00,indian,https://www.senate.gov/isvp/?comm=indian&filename=indian091317
CHRG-115shrg34306,2017-09-13,sscm00,commerce,https://www.senate.gov/isvp/?comm=commerce&filename=commerce091317
CHRG-115shrg26932,2017-09-14,sshr00,help,https://www.senate.gov/isvp/?comm=help&filename=help091417
CHRG-115shrg28033,2017-09-14,ssbk00,banking,https://www.senate.gov/isvp/?comm=banking&filename=banking091417
CHRG-115shrg29656,2017-09-14,ssga00,govtaff,https://www.senate.gov/isvp/?comm=govtaff&filename=govtaff091417
CHRG-115shrg30986,2017-09-14,ssaf00,ag,https://www.senate.gov/isvp/?comm=ag&filename=ag091417
CHRG-115shrg31548,2017-09-14,ssfi00,finance,https://www.senate.gov/isvp/?comm=finance&filename=finance091417
CHRG-115shrg26875,2017-09-19,sseg00,energy,https://www.senate.gov/isvp/?comm=energy&filename=energy091917
CHRG-115shrg31156,2017-09-19,ssaf00,ag,https://www.senate.gov/isvp/?comm=ag&filename=ag091917
CHRG-115shrg31595,2017-09-19,ssfi00,finance,https://www.senate.gov/isvp/?comm=finance&filename=finance091917
CHRG-115shrg31637,2017-09-19,sshr00,help,https://www.senate.gov/isvp/?comm=help&filename=help091917
CHRG-115shrg36159,2017-09-19,sscm00,commerce,https://www.senate.gov/isvp/?comm=commerce&filename=commerce091917
CHRG-115shrg38896,2017-09-19,ssas00,armed,https://www.senate.gov/isvp/?comm=armed&filename=armedA091917
CHRG-115shrg29444,2017-09-20,ssga00,govtaff,https://www.senate.gov/isvp/?comm=govtaff&filename=govtaff092017
CHRG-115shrg30022,2017-09-20,spag00,aging,https://www.senate.gov/isvp/?comm=aging&filename=aging092017
CHRG-115shrg32664,2017-09-25,ssfi00,finance,https://www.senate.gov/isvp/?comm=finance&filename=finance092517
CHRG-115jhrg27342,2017-09-26,jcse00,csce,
CHRG-115shrg27429,2017-09-26,sseg00,energy,https://www.senate.gov/isvp/?comm=energy&filename=energy092617
CHRG-115shrg28283,2017-09-26,ssbk00,banking,https://www.senate.gov/isvp/?comm=banking&filename=banking092617
CHRG-115shrg35459,2017-09-26,sscm00,commerce,https://www.senate.gov/isvp/?comm=commerce&filename=commerce092617
CHRG-115shrg37504,2017-09-26,ssfr00,foreign,https://www.senate.gov/isvp/?comm=foreign&filename=foreign092617
CHRG-115shrg27319,2017-09-27,ssev00,epw,https://www.senate.gov/isvp/?comm=epw&filename=epw092717
CHRG-115shrg27430,2017-09-27,sseg00,energy,https://www.senate.gov/isvp/?comm=energy&filename=energy092717
CHRG-115shrg28246,2017-09-27,sssb00,smbiz,https://www.senate.gov/isvp/?comm=smbiz&filename=smbiz092717
CHRG-115shrg29657,2017-09-27,ssga00,govtaff,https://www.senate.gov/isvp/?comm=govtaff&filename=govtaff092717
CHRG-115shrg31534,2017-09-27,slia00,indian,https://www.senate.gov/isvp/?comm=indian&filename=indian092717
CHRG-115shrg31567,2017-09-27,ssva00,vetaff,https://www.senate.gov/isvp/?comm=vetaff&filename=vetaff092717
CHRG-115shrg37225,2017-09-27,sscm00,commerce,https://www.senate.gov/isvp/?comm=commerce&filename=commerce092717
CHRG-115jhrg27343,2017-09-28,jcse00,csce,
CHRG-115shrg28660,2017-09-28,ssbk00,banking,https://www.senate.gov/isvp/?comm=banking&filename=banking092817
CHRG-115shrg32301,2017-09-28,ssaf00,ag,https://www.senate.gov/isvp/?comm=ag&filename=ag092817
CHRG-115shrg34309,2017-09-28,sscm00,commerce,https://www.senate.gov/isvp/?comm=commerce&filename=commerce092817
CHRG-115shrg69104748,2017-09-28,ssap00,approps,
CHRG-115jhrg27348,2017-10-01,jcse00,csce,
CHRG-115shrg27106,2017-10-03,sshr00,help,https://www.senate.gov/isvp/?comm=help&filename=help100317
CHRG-115shrg27431,2017-10-03,sseg00,energy,https://www.senate.gov/isvp/?comm=energy&filename=energy100317
CHRG-115shrg27432,2017-10-03,sseg00,energy,https://www.senate.gov/isvp/?comm=energy&filename=energy100317
CHRG-115shrg28111,2017-10-03,ssbk00,banking,https://www.senate.gov/isvp/?comm=banking&filename=banking100317
CHRG-115shrg28203,2017-10-03,ssga00,govtaff,https://www.senate.gov/isvp/?comm=govtaff&filename=govtaff100317
CHRG-115shrg32785,2017-10-03,ssfi00,finance,https://www.senate.gov/isvp/?comm=finance&filename=finance100317
CHRG-115jhrg27156,2017-10-04,jcse00,csce,
CHRG-115shrg27120,2017-10-04,sshr00,help,https://www.senate.gov/isvp/?comm=help&filename=help100417
CHRG-115shrg27172,2017-10-04,ssev00,epw,https://www.senate.gov/isvp/?comm=epw&filename=epw100417
CHRG-115shrg28123,2017-10-04,ssbk00,banking,https://www.senate.gov/isvp/?comm=banking&filename=banking100417
CHRG-115shrg28581,2017-10-04,slia00,indian,https://www.senate.gov/isvp/?comm=indian&filename=indian100417
CHRG-115shrg31486,2017-10-04,spag00,aging,https://www.senate.gov/isvp/?comm=aging&filename=aging100417
CHRG-115shrg37486,2017-10-04,ssfr00,foreign,https://www.senate.gov/isvp/?comm=foreign&filename=foreign100417
CHRG-115jhrg27154,2017-10-05,jcse00,csce,
CHRG-115shrg27121,2017-10-05,sshr00,help,https://www.senate.gov/isvp/?comm=help&filename=help100517
CHRG-115shrg27320,2017-10-05,ssev00,epw,https://www.senate.gov/isvp/?comm=epw&filename=epw100517
CHRG-115shrg32624,2017-10-05,ssaf00,ag,https://www.senate.gov/isvp/?comm=ag&filename=ag100517
CHRG-115shrg32958,2017-10-05,ssfi00,finance,https://www.senate.gov/isvp/?comm=finance&filename=finance100517
CHRG-115shrg27433,2017-10-06,sseg00,energy,
CHRG-115shrg79104752,2017-10-07,ssap00,approps,
CHRG-115jhrg27155,2017-10-10,jcse00,csce,
CHRG-115jhrg27344,2017-10-13,jcse00,csce,
CHRG-115shrg35751,2017-10-13,sscm00,commerce,
CHRG-115shrg27277,2017-10-17,sshr00,help,https://www.senate.gov/isvp/?comm=help&filename=help101717
CHRG-115shrg27396,2017-10-17,slin00,intel,https://www.senate.gov/isvp/?comm=intel&filename=intel101717
CHRG-115shrg28249,2017-10-17,ssbk00,banking,https://www.senate.gov/isvp/?comm=banking&filename=banking101717
CHRG-115jhrg27345,2017-10-18,jcse00,csce,
CHRG-115shrg29445,2017-10-18,ssga00,govtaff,https://www.senate.gov/isvp/?comm=govtaff&filename=govtaff101817
CHRG-115shrg30097,2017-10-18,ssga00,govtaff,https://www.senate.gov/isvp/?comm=govtaff&filename=govtaff101817
CHRG-115shrg35072,2017-10-18,ssga00,govtaff,https://www.senate.gov/isvp/?comm=govtaff&filename=govtaff101817
CHRG-115shrg27278,2017-10-19,sshr00,help,https://www.senate.gov/isvp/?comm=help&filename=help101917
CHRG-115shrg36192,2017-10-19,ssas00,armed,https://www.senate.gov/isvp/?comm=armed&filename=armed101917
CHRG-115shrg27588,2017-10-24,ssbk00,banking,https://www.senate.gov/isvp/?comm=banking&filename=banking102417
CHRG-115shrg33483,2017-10-24,ssfi00,finance,https://www.senate.gov/isvp/?comm=finance&filename=finance102417
CHRG-115shrg35752,2017-10-24,sscm00,commerce,https://www.senate.gov/isvp/?comm=commerce&filename=commerce102417
CHRG-115shrg37332,2017-10-24,ssfr00,foreign,https://www.senate.gov/isvp/?comm=foreign&filename=foreign102417
CHRG-115shrg28204,2017-10-25,spag00,aging,https://www.senate.gov/isvp/?comm=aging&filename=aging102517
CHRG-115shrg29804,2017-10-25,ssev00,epw,https://www.senate.gov/isvp/?comm=epw&filename=epw102517
CHRG-115shrg29916,2017-10-25,ssev00,epw,https://www.senate.gov/isvp/?comm=epw&filename=epw102517
CHRG-115shrg31535,2017-10-25,slia00,indian,https://www.senate.gov/isvp/?comm=indian&filename=indian102517
CHRG-115shrg35753,2017-10-25,sscm00,commerce,https://www.senate.gov/isvp/?comm=commerce&filename=commerce102517
CHRG-115jhrg27346,2017-10-26,jcse00,csce,
CHRG-115shrg27434,2017-10-26,sseg00,energy,https://www.senate.gov/isvp/?comm=energy&filename=energy102617
CHRG-115shrg27450,2017-10-26,sshr00,help,https://www.senate.gov/isvp/?comm=help&filename=help102617
CHRG-115shrg27794,2017-10-26,ssbk00,banking,https://www.senate.gov/isvp/?comm=banking&filename=banking102617
CHRG-115shrg28248,2017-10-26,sssb00,smbiz,https://www.senate.gov/isvp/?comm=smbiz&filename=smbiz102617
CHRG-115shrg28406,2017-10-26,ssga00,govtaff,https://www.senate.gov/isvp/?comm=govtaff&filename=govtaff102617
CHRG-115shrg37142,2017-10-30,ssfr00,foreign,https://www.senate.gov/isvp/?comm=foreign&filename=foreign103017
CHRG-115shrg27397,2017-10-31,slin00,intel,https://www.senate.gov/isvp/?comm=intel&filename=intel103117
CHRG-115shrg27435,2017-10-31,sseg00,energy,
CHRG-115shrg27492,2017-10-31,sshr00,help,https://www.senate.gov/isvp/?comm=help&filename=help103117
CHRG-115shrg29658,2017-10-31,ssga00,govtaff,https://www.senate.gov/isvp/?comm=govtaff&filename=govtaff103117
CHRG-115shrg29659,2017-10-31,ssga00,govtaff,https://www.senate.gov/isvp/?comm=govtaff&filename=govtaff103117
CHRG-115shrg35754,2017-10-31,sscm00,commerce,https://www.senate.gov/isvp/?comm=commerce&filename=commerce103117
CHRG-115shrg36042,2017-10-31,sscm00,commerce,https://www.senate.gov/isvp/?comm=commerce&filename=commerce103117
CHRG-115jhrg27637,2017-11-01,jcse00,csce,
CHRG-115shrg27398,2017-11-01,slin00,intel,https://www.senate.gov/isvp/?comm=intel&filename=intel110117
CHRG-115shrg28519,2017-11-01,ssbk00,banking,https://www.senate.gov/isvp/?comm=banking&filename=banking110117
CHRG-115shrg30362,2017-11-01,slia00,indian,https://www.senate.gov/isvp/?comm=indian&filename=indian110117
CHRG-115shrg37105,2017-11-01,ssfr00,foreign,https://www.senate.gov/isvp/?comm=foreign&filename=foreign110117
CHRG-115shrg37226,2017-11-01,sscm00,commerce,https://www.senate.gov/isvp/?comm=commerce&filename=commerce110117
CHRG-115shrg27436,2017-11-02,sseg00,energy,https://www.senate.gov/isvp/?comm=energy&filename=energy110217
CHRG-115shrg62950,2017-11-02,ssas00,armed,https://www.senate.gov/isvp/?comm=armed&filename=armed110217
CHRG-115jhrg27642,2017-11-07,jcse00,csce,
CHRG-115shrg30098,2017-11-07,ssga00,govtaff,https://www.senate.gov/isvp/?comm=govtaff&filename=govtaff110717
CHRG-115shrg37227,2017-11-07,sscm00,commerce,https://www.senate.gov/isvp/?comm=commerce&filename=commerce110717
CHRG-115shrg27600,2017-11-08,ssev00,epw,https://www.senate.gov/isvp/?comm=epw&filename=epw110817
CHRG-115shrg30099,2017-11-08,ssga00,govtaff,https://www.senate.gov/isvp/?comm=govtaff&filename=govtaff110817
CHRG-115shrg30106,2017-11-08,slia00,indian,https://www.senate.gov/isvp/?comm=indian&filename=indian110817
CHRG-115shrg33395,2017-11-08,sscm00,commerce,https://www.senate.gov/isvp/?comm=commerce&filename=commerce110817
CHRG-115shrg32647,2017-11-09,ssaf00,ag,https://www.senate.gov/isvp/?comm=ag&filename=ag110917
CHRG-115jhrg27641,2017-11-14,jcse00,csce,
CHRG-115shrg27682,2017-11-14,sshr00,help,https://www.senate.gov/isvp/?comm=help&filename=help111417
CHRG-115shrg27895,2017-11-14,ssev00,epw,https://www.senate.gov/isvp/?comm=epw&filename=epw111417
CHRG-115shrg28093,2017-11-14,sseg00,energy,
CHRG-115shrg34311,2017-11-14,ssfr00,foreign,https://www.senate.gov/isvp/?comm=foreign&filename=foreign111417
CHRG-115shrg37228,2017-11-14,sscm00,commerce,https://www.senate.gov/isvp/?comm=commerce&filename=commerce111417
CHRG-115jhrg27638,2017-11-15,jcse00,csce,https://www.senate.gov/isvp/?comm=csce&filename=csce111517
CHRG-115shrg27683,2017-11-15,sshr00,help,https://www.senate.gov/isvp/?comm=help&filename=help111517
CHRG-115shrg27684,2017-11-15,sshr00,help,https://www.senate.gov/isvp/?comm=help&filename=help111517
CHRG-115shrg28078,2017-11-15,ssev00,epw,https://www.senate.gov/isvp/?comm=epw&filename=epw111517
CHRG-115shrg36845,2017-11-15,ssap00,approps,https://www.senate.gov/isvp/?comm=approps&filename=appropsA111517
CHRG-115shrg89104835,2017-11-15,ssap00,approps,https://www.senate.gov/isvp/?comm=approps&filename=appropsA111517
CHRG-115shrg37229,2017-11-16,sscm00,commerce,https://www.senate.gov/isvp/?comm=commerce&filename=commerce111617
CHRG-115shrg33622,2017-11-20,ssfi00,finance,
CHRG-115shrg30304,2017-11-21,ssva00,vetaff,
CHRG-115shrg27728,2017-11-28,sshr00,help,https://www.senate.gov/isvp/?comm=help&filename=help112817
CHRG-115shrg27748,2017-11-28,ssev00,epw,https://www.senate.gov/isvp/?comm=epw&filename=epw112817
CHRG-115shrg28661,2017-11-28,ssbk00,banking,https://www.senate.gov/isvp/?comm=banking&filename=banking112817
CHRG-115shrg27767,2017-11-29,sshr00,help,https://www.senate.gov/isvp/?comm=help&filename=help112917
CHRG-115shrg29855,2017-11-29,ssev00,epw,https://www.senate.gov/isvp/?comm=epw&filename=epw112917
CHRG-115shrg37230,2017-11-29,sscm00,commerce,https://www.senate.gov/isvp/?comm=commerce&filename=commerce112917
CHRG-115jhrg28315,2017-11-30,jcse00,csce,
CHRG-115shrg30020,2017-11-30,ssas00,armed,https://www.senate.gov/isvp/?comm=armed&filename=armedA113017
CHRG-115shrg48380,2017-11-30,sshr00,help,https://www.senate.gov/isvp/?comm=help&filename=help113017
CHRG-115shrg27829,2017-12-05,sshr00,help,https://www.senate.gov/isvp/?comm=help&filename=help120517
CHRG-115shrg28094,2017-12-05,sseg00,energy,
CHRG-115shrg28095,2017-12-05,sseg00,energy,
CHRG-115shrg36756,2017-12-05,ssfr00,foreign,https://www.senate.gov/isvp/?comm=foreign&filename=foreign120517
CHRG-115shrg79104781,2017-12-05,ssap00,approps,https://www.senate.gov/isvp/?comm=approps&filename=appropsA120517
CHRG-115shrg28250,2017-12-06,ssev00,epw,https://www.senate.gov/isvp/?comm=epw&filename=epw120617
CHRG-115shrg28407,2017-12-06,ssev00,epw,https://www.senate.gov/isvp/?comm=epw&filename=epw120617
CHRG-115shrg28891,2017-12-06,slia00,indian,https://www.senate.gov/isvp/?comm=indian&filename=indian120617
CHRG-115shrg31263,2017-12-06,ssga00,govtaff,https://www.senate.gov/isvp/?comm=govtaff&filename=govtaff120617
CHRG-115shrg31487,2017-12-06,spag00,aging,https://www.senate.gov/isvp/?comm=aging&filename=aging120617
CHRG-115shrg36687,2017-12-06,ssfr00,foreign,https://www.senate.gov/isvp/?comm=foreign&filename=foreign120617
CHRG-115shrg27828,2017-12-07,sshr00,help,https://www.senate.gov/isvp/?comm=help&filename=help120717
CHRG-115shrg30987,2017-12-07,ssas00,armed,https://www.senate.gov/isvp/?comm=armed&filename=armed120717
CHRG-115jhrg28317,2017-12-12,jcse00,csce,
CHRG-115shrg28096,2017-12-12,sseg00,energy,https://www.senate.gov/isvp/?comm=energy&filename=energy121217
CHRG-115shrg36644,2017-12-12,ssfr00,foreign,https://www.senate.gov/isvp/?comm=foreign&filename=foreign121217
CHRG-115shrg36646,2017-12-12,ssfr00,foreign,https://www.senate.gov/isvp/?comm=foreign&filename=foreign121217
CHRG-115shrg37295,2017-12-12,sscm00,commerce,https://www.senate.gov/isvp/?comm=commerce&filename=commerce121217
CHRG-115shrg37296,2017-12-12,sscm00,commerce,https://www.senate.gov/isvp/?comm=commerce&filename=commerce121217
CHRG-115shrg48379,2017-12-12,sshr00,help,https://www.senate.gov/isvp/?comm=help&filename=help121217
CHRG-115jhrg28318,2017-12-13,jcse00,csce,
CHRG-115shrg27981,2017-12-13,sshr00,help,https://www.senate.gov/isvp/?comm=help&filename=help121317
CHRG-115shrg28623,2017-12-13,ssev00,epw,https://www.senate.gov/isvp/?comm=epw&filename=epw121317
CHRG-115shrg32792,2017-12-13,ssaf00,ag,https://www.senate.gov/isvp/?comm=ag&filename=ag121317
CHRG-115shrg35430,2017-12-13,ssas00,armed,https://www.senate.gov/isvp/?comm=armed&filename=armedA121317
CHRG-115shrg36576,2017-12-13,ssfr00,foreign,https://www.senate.gov/isvp/?comm=foreign&filename=foreign121317
CHRG-115shrg36603,2017-12-13,ssfr00,foreign,https://www.senate.gov/isvp/?comm=foreign&filename=foreign121317
CHRG-115shrg29590,2017-12-14,ssas00,armed,https://www.senate.gov/isvp/?comm=armed&filename=armedA121417
CHRG-115shrg30100,2017-12-14,ssga00,govtaff,https://www.senate.gov/isvp/?comm=govtaff&filename=govtaff121417
CHRG-115shrg28423,2017-12-19,ssra00,rules,https://www.senate.gov/isvp/?comm=rules&filename=rules121917
CHRG-115shrg29591,2017-12-20,ssev00,epw,https://www.senate.gov/isvp/?comm=epw&filename=epw122017
CHRG-115shrg36191,2018-01-03,ssfr00,foreign,
CHRG-115shrg28300,2018-01-09,sshr00,help,https://www.senate.gov/isvp/?comm=help&filename=help010918
CHRG-115shrg28675,2018-01-09,ssbk00,banking,https://www.senate.gov/isvp/?comm=banking&filename=banking010918
CHRG-115shrg34341,2018-01-09,ssfi00,finance,https://www.senate.gov/isvp/?comm=finance&filename=finance010918
CHRG-115shrg40253,2018-01-09,ssfr00,foreign,https://www.senate.gov/isvp/?comm=foreign&filename=foreign010918
CHRG-115shrg28873,2018-01-10,ssev00,epw,https://www.senate.gov/isvp/?comm=epw&filename=epw011018
CHRG-115shrg40361,2018-01-11,ssfr00,foreign,https://www.senate.gov/isvp/?comm=foreign&filename=foreign011118
CHRG-115shrg28692,2018-01-16,sseg00,energy,https://www.senate.gov/isvp/?comm=energy&filename=energy011618
CHRG-115shrg28404,2018-01-17,sshr00,help,https://www.senate.gov/isvp/?comm=help&filename=help011718
CHRG-115shrg28693,2018-01-17,sseg00,energy,https://www.senate.gov/isvp/?comm=energy&filename=energy011718
CHRG-115shrg29479,2018-01-17,slin00,intel,https://www.senate.gov/isvp/?comm=intel&filename=intel011718
CHRG-115shrg29742,2018-01-17,ssva00,vetaff,https://www.senate.gov/isvp/?comm=vetaff&filename=vetaff011718
CHRG-115shrg29913,2018-01-17,ssbk00,banking,https://www.senate.gov/isvp/?comm=banking&filename=banking011718
CHRG-115shrg30567,2018-01-17,ssev00,epw,https://www.senate.gov/isvp/?comm=epw&filename=epw011718
CHRG-115shrg31264,2018-01-17,ssga00,govtaff,https://www.senate.gov/isvp/?comm=govtaff&filename=govtaff011718
CHRG-115shrg31316,2018-01-17,sscm00,commerce,https://www.senate.gov/isvp/?comm=commerce&filename=commerce011718
CHRG-115shrg32783,2018-01-17,slia00,indian,https://www.senate.gov/isvp/?comm=indian&filename=indian011718
CHRG-115shrg34875,2018-01-17,ssfi00,finance,https://www.senate.gov/isvp/?comm=finance&filename=finance011718
CHRG-115shrg28424,2018-01-18,sshr00,help,https://www.senate.gov/isvp/?comm=help&filename=help011818
CHRG-115shrg28694,2018-01-18,sseg00,energy,https://www.senate.gov/isvp/?comm=energy&filename=energy011818
CHRG-115shrg29914,2018-01-18,ssbk00,banking,https://www.senate.gov/isvp/?comm=banking&filename=banking011818
CHRG-115jhrg29385,2018-01-23,jcse00,csce,
CHRG-115shrg28514,2018-01-23,sshr00,help,https://www.senate.gov/isvp/?comm=help&filename=help012318
CHRG-115shrg28695,2018-01-23,sseg00,energy,https://www.senate.gov/isvp/?comm=energy&filename=energy012318
CHRG-115shrg30196,2018-01-23,ssbk00,banking,https://www.senate.gov/isvp/?comm=banking&filename=banking012318
CHRG-115shrg37297,2018-01-23,sscm00,commerce,https://www.senate.gov/isvp/?comm=commerce&filename=commerce012318
CHRG-115jhrg29386,2018-01-24,jcse00,csce,
CHRG-115shrg32636,2018-01-24,spag00,aging,https://www.senate.gov/isvp/?comm=aging&filename=aging012418
CHRG-115shrg35700,2018-01-24,ssbu00,budget,https://www.senate.gov/isvp/?comm=budget&filename=budget012418
CHRG-115shrg37298,2018-01-24,sscm00,commerce,
CHRG-115shrg44116,2018-01-24,ssas00,armed,https://www.senate.gov/isvp/?comm=armed&filename=armedA012418
CHRG-115shrg28515,2018-01-25,sshr00,help,https://www.senate.gov/isvp/?comm=help&filename=help012518
CHRG-115shrg28518,2018-01-25,sshr00,help,https://www.senate.gov/isvp/?comm=help&filename=help012518
CHRG-115shrg28696,2018-01-25,sseg00,energy,
CHRG-115shrg28767,2018-01-25,ssbk00,banking,https://www.senate.gov/isvp/?comm=banking&filename=banking012518
CHRG-115shrg30696,2018-01-25,ssga00,govtaff,https://www.senate.gov/isvp/?comm=govtaff&filename=govtaff012518
CHRG-115shrg37299,2018-01-25,sscm00,commerce,https://www.senate.gov/isvp/?comm=commerce&filename=commerce012518
CHRG-115shrg39552,2018-01-25,ssas00,armed,https://www.senate.gov/isvp/?comm=armed&filename=armedA012518
CHRG-115jhrg29391,2018-01-30,jcse00,csce,
CHRG-115shrg28548,2018-01-30,sshr00,help,https://www.senate.gov/isvp/?comm=help&filename=help013018
CHRG-115shrg28549,2018-01-30,sshr00,help,https://www.senate.gov/isvp/?comm=help&filename=help013018
CHRG-115shrg28697,2018-01-30,sseg00,energy,https://www.senate.gov/isvp/?comm=energy&filename=energy013018
CHRG-115shrg28778,2018-01-30,ssbk00,banking,https://www.senate.gov/isvp/?comm=banking&filename=banking013018
CHRG-115shrg30599,2018-01-30,ssev00,epw,https://www.senate.gov/isvp/?comm=epw&filename=epw013018
CHRG-115shrg32378,2018-01-30,ssev00,epw,https://www.senate.gov/isvp/?comm=epw&filename=epw013018
CHRG-115shrg37300,2018-01-30,sscm00,commerce,https://www.senate.gov/isvp/?comm=commerce&filename=commerce013018
CHRG-115shrg37301,2018-01-30,sscm00,commerce,https://www.senate.gov/isvp/?comm=commerce&filename=commerce013018
CHRG-115shrg40384,2018-01-30,ssfr00,foreign,https://www.senate.gov/isvp/?comm=foreign&filename=foreign013018
CHRG-115shrg40403,2018-01-30,ssas00,armed,https://www.senate.gov/isvp/?comm=armed&filename=armedA013018
CHRG-115shrg28635,2018-02-06,sshr00,help,https://www.senate.gov/isvp/?comm=help&filename=help020618
CHRG-115shrg28636,2018-02-06,sshr00,help,https://www.senate.gov/isvp/?comm=help&filename=help020618
CHRG-115shrg28698,2018-02-06,sseg00,energy,https://www.senate.gov/isvp/?comm=energy&filename=energy020618
CHRG-115shrg28854,2018-02-06,ssbk00,banking,https://www.senate.gov/isvp/?comm=banking&filename=banking020618
CHRG-115shrg29446,2018-02-06,ssga00,govtaff,https://www.senate.gov/isvp/?comm=govtaff&filename=govtaff020618
CHRG-115shrg37302,2018-02-06,sscm00,commerce,https://www.senate.gov/isvp/?comm=commerce&filename=commerce020618
CHRG-115shrg40387,2018-02-06,ssfr00,foreign,https://www.senate.gov/isvp/?comm=foreign&filename=foreign020618
CHRG-115shrg28699,2018-02-07,sseg00,energy,https://www.senate.gov/isvp/?comm=energy&filename=energy020718
CHRG-115shrg29478,2018-02-07,ssev00,epw,https://www.senate.gov/isvp/?comm=epw&filename=epw020718
CHRG-115shrg31265,2018-02-07,ssga00,govtaff,https://www.senate.gov/isvp/?comm=govtaff&filename=govtaff020718
CHRG-115shrg35278,2018-02-07,spag00,aging,https://www.senate.gov/isvp/?comm=aging&filename=aging020718
CHRG-115shrg40404,2018-02-07,ssas00,armed,https://www.senate.gov/isvp/?comm=armed&filename=armedA020718 https://www.senate.gov/isvp/?comm=armed&filename=armedB020718
CHRG-115shrg40416,2018-02-07,ssas00,armed,https://www.senate.gov/isvp/?comm=armed&filename=armedA020718 https://www.senate.gov/isvp/?comm=armed&filename=armedB020718
CHRG-115shrg28659,2018-02-08,sshr00,help,https://www.senate.gov/isvp/?comm=help&filename=help020818
CHRG-115shrg28700,2018-02-08,sseg00,energy,https://www.senate.gov/isvp/?comm=energy&filename=energy020818
CHRG-115shrg28827,2018-02-13,sshr00,help,https://www.senate.gov/isvp/?comm=help&filename=help021318
CHRG-115shrg28947,2018-02-13,slin00,intel,https://www.senate.gov/isvp/?comm=intel&filename=intel021318
CHRG-115shrg44117,2018-02-13,ssas00,armed,https://www.senate.gov/isvp/?comm=armed&filename=armedA021318
CHRG-115shrg29765,2018-02-14,sseg00,energy,https://www.senate.gov/isvp/?comm=energy&filename=energy021418
CHRG-115shrg29840,2018-02-14,slia00,indian,https://www.senate.gov/isvp/?comm=indian&filename=indian021418
CHRG-115shrg30221,2018-02-14,sssb00,smbiz,https://www.senate.gov/isvp/?comm=smbiz&filename=smbiz021418
CHRG-115shrg35140,2018-02-14,ssfi00,finance,https://www.senate.gov/isvp/?comm=finance&filename=finance021418
CHRG-115shrg35666,2018-02-14,ssfi00,finance,https://www.senate.gov/isvp/?comm=finance&filename=finance021418
CHRG-115shrg37588,2018-02-14,ssas00,armed,https://www.senate.gov/isvp/?comm=armed&filename=armedA021418 https://www.senate.gov/isvp/?comm=armed&filename=armedB021418
CHRG-115shrg39877,2018-02-14,sscm00,commerce,https://www.senate.gov/isvp/?comm=commerce&filename=commerce021418
CHRG-115shrg47054,2018-02-14,ssas00,armed,https://www.senate.gov/isvp/?comm=armed&filename=armedA021418 https://www.senate.gov/isvp/?comm=armed&filename=armedB021418
CHRG-115shrg35794,2018-02-15,ssfi00,finance,https://www.senate.gov/isvp/?comm=finance&filename=finance021518
CHRG-115shrg36550,2018-02-15,ssaf00,ag,https://www.senate.gov/isvp/?comm=ag&filename=ag021518
CHRG-115shrg42143,2018-02-15,ssas00,armed,https://www.senate.gov/isvp/?comm=armed&filename=armedA021518
CHRG-115shrg35941,2018-02-16,ssfi00,finance,
CHRG-115jhrg29392,2018-02-20,jcse00,csce,
CHRG-115jhrg29393,2018-02-22,jcse00,csce,
CHRG-115shrg28855,2018-02-27,sshr00,help,https://www.senate.gov/isvp/?comm=help&filename=help022718
CHRG-115shrg29766,2018-02-28,sseg00,energy,https://www.senate.gov/isvp/?comm=energy&filename=energy022818
CHRG-115shrg30663,2018-02-28,ssev00,epw,https://www.senate.gov/isvp/?comm=epw&filename=epw022818
CHRG-115shrg28881,2018-03-01,sshr00,help,https://www.senate.gov/isvp/?comm=help&filename=help030118
CHRG-115shrg29767,2018-03-01,sseg00,energy,https://www.senate.gov/isvp/?comm=energy&filename=energy030118
CHRG-115shrg30197,2018-03-01,ssbk00,banking,https://www.senate.gov/isvp/?comm=banking&filename=banking030118
CHRG-115shrg30256,2018-03-01,ssga00,govtaff,https://www.senate.gov/isvp/?comm=govtaff&filename=govtaff030118
CHRG-115shrg32989,2018-03-01,ssev00,epw,https://www.senate.gov/isvp/?comm=epw&filename=epw030118
CHRG-115shrg39878,2018-03-01,sscm00,commerce,https://www.senate.gov/isvp/?comm=commerce&filename=commerce030118
CHRG-115shrg29768,2018-03-06,sseg00,energy,https://www.senate.gov/isvp/?comm=energy&filename=energy030618
CHRG-115shrg34390,2018-03-06,ssas00,armed,https://www.senate.gov/isvp/?comm=armed&filename=armedA030618 https://www.senate.gov/isvp/?comm=armed&filename=armedB030618
CHRG-115shrg35965,2018-03-06,ssfi00,finance,https://www.senate.gov/isvp/?comm=finance&filename=finance030618
CHRG-115shrg42589,2018-03-06,ssas00,armed,https://www.senate.gov/isvp/?comm=armed&filename=armedA030618 https://www.senate.gov/isvp/?comm=armed&filename=armedB030618
CHRG-115shrg28948,2018-03-07,slin00,intel,https://www.senate.gov/isvp/?comm=intel&filename=intel030718
CHRG-115shrg35279,2018-03-07,spag00,aging,https://www.senate.gov/isvp/?comm=aging&filename=aging030718
CHRG-115shrg28946,2018-03-08,sshr00,help,https://www.senate.gov/isvp/?comm=help&filename=help030818
CHRG-115shrg30052,2018-03-08,ssev00,epw,https://www.senate.gov/isvp/?comm=epw&filename=epw030818
CHRG-115shrg43314,2018-03-08,ssas00,armed,https://www.senate.gov/isvp/?comm=armed&filename=armedA030818
CHRG-115shrg89104817,2018-03-08,ssap00,approps,
CHRG-115jhrg29394,2018-03-13,jcse00,csce,
CHRG-115shrg29769,2018-03-13,sseg00,energy,https://www.senate.gov/isvp/?comm=energy&filename=energy031318
CHRG-115shrg39808,2018-03-13,ssfr00,foreign,https://www.senate.gov/isvp/?comm=foreign&filename=foreign031318
CHRG-115shrg39879,2018-03-13,sscm00,commerce,https://www.senate.gov/isvp/?comm=commerce&filename=commerce031318
CHRG-115shrg41250,2018-03-13,ssas00,armed,https://www.senate.gov/isvp/?comm=armed&filename=armedA031318 https://www.senate.gov/isvp/?comm=armed&filename=armedB031318
CHRG-115shrg45599,2018-03-13,ssas00,armed,https://www.senate.gov/isvp/?comm=armed&filename=armedA031318 https://www.senate.gov/isvp/?comm=armed&filename=armedB031318
CHRG-115shrg58771,2018-03-13,sscm00,commerce,https://www.senate.gov/isvp/?comm=commerce&filename=commerce031318
CHRG-115shrg30329,2018-03-14,ssev00,epw,https://www.senate.gov/isvp/?comm=epw&filename=epw031418
CHRG-115shrg32784,2018-03-14,slia00,indian,https://www.senate.gov/isvp/?comm=indian&filename=indian031418
CHRG-115shrg39831,2018-03-14,ssfr00,foreign,https://www.senate.gov/isvp/?comm=foreign&filename=foreign031418
CHRG-115shrg40579,2018-03-14,ssfr00,foreign,https://www.senate.gov/isvp/?comm=foreign&filename=foreign031418
CHRG-115shrg41249,2018-03-14,ssas00,armed,https://www.senate.gov/isvp/?comm=armed&filename=armedA031418
CHRG-115shrg55170,2018-03-14,sscm00,commerce,https://www.senate.gov/isvp/?comm=commerce&filename=commerce031418
CHRG-115shrg28949,2018-03-15,slin00,intel,https://www.senate.gov/isvp/?comm=intel&filename=intel031518
CHRG-115shrg29412,2018-03-15,sshr00,help,https://www.senate.gov/isvp/?comm=help&filename=help031518
CHRG-115shrg29770,2018-03-15,sseg00,energy,https://www.senate.gov/isvp/?comm=energy&filename=energy031518
CHRG-115shrg29560,2018-03-20,ssev00,epw,https://www.senate.gov/isvp/?comm=epw&filename=epw032018
CHRG-115shrg29771,2018-03-20,sseg00,energy,https://www.senate.gov/isvp/?comm=energy&filename=energy032018
CHRG-115shrg36115,2018-03-20,ssfi00,finance,https://www.senate.gov/isvp/?comm=finance&filename=finance032018
CHRG-115shrg39882,2018-03-20,sscm00,commerce,https://www.senate.gov/isvp/?comm=commerce&filename=commerce032018
CHRG-115shrg29480,2018-03-21,slin00,intel,https://www.senate.gov/isvp/?comm=intel&filename=intel032118
CHRG-115shrg30271,2018-03-21,ssev00,epw,https://www.senate.gov/isvp/?comm=epw&filename=epw032118
CHRG-115shrg30359,2018-03-21,ssva00,vetaff,https://www.senate.gov/isvp/?comm=vetaff&filename=vetaff032118
CHRG-115shrg39832,2018-03-21,ssfr00,foreign,https://www.senate.gov/isvp/?comm=foreign&filename=foreign032118
CHRG-115shrg29552,2018-03-22,ssbk00,banking,https://www.senate.gov/isvp/?comm=banking&filename=banking032218
CHRG-115shrg29772,2018-03-22,sseg00,energy,https://www.senate.gov/isvp/?comm=energy&filename=energy032218
CHRG-115shrg36528,2018-03-22,ssfi00,finance,https://www.senate.gov/isvp/?comm=finance&filename=finance032218
CHRG-115jhrg30031,2018-03-28,jcse00,csce,
CHRG-115shrg57801,2018-04-05,sscm00,commerce,
CHRG-115shrg89104850,2018-04-06,ssap00,approps,
CHRG-115shrg29807,2018-04-10,sshr00,help,https://www.senate.gov/isvp/?comm=help&filename=help041018
CHRG-115shrg30463,2018-04-10,ssev00,epw,https://www.senate.gov/isvp/?comm=epw&filename=epw041018
CHRG-115shrg37801,2018-04-10,sscm00,commerce,https://www.senate.gov/isvp/?comm=commerce&filename=commerce041018
CHRG-115shrg39833,2018-04-10,ssfr00,foreign,https://www.senate.gov/isvp/?comm=foreign&filename=foreign041018
CHRG-115shrg19104909,2018-04-11,ssap00,approps,https://www.senate.gov/isvp/?comm=approps&filename=appropsA041118 https://www.senate.gov/isvp/?comm=approps&filename=appropsB041118
CHRG-115shrg32452,2018-04-11,ssga00,govtaff,https://www.senate.gov/isvp/?comm=govtaff&filename=govtaff041118
CHRG-115shrg33404,2018-04-11,slia00,indian,https://www.senate.gov/isvp/?comm=indian&filename=indian041118
CHRG-115shrg34174,2018-04-11,ssev00,epw,https://www.senate.gov/isvp/?comm=epw&filename=epw041118
CHRG-115shrg34880,2018-04-11,ssva00,vetaff,https://www.senate.gov/isvp/?comm=vetaff&filename=vetaff041118
CHRG-115shrg36645,2018-04-11,ssfi00,finance,https://www.senate.gov/isvp/?comm=finance&filename=finance041118
CHRG-115shrg43266,2018-04-11,ssas00,armed,https://www.senate.gov/isvp/?comm=armed&filename=armedA041118
CHRG-115shrg48493,2018-04-11,sshr00,help,https://www.senate.gov/isvp/?comm=help&filename=help041118
CHRG-115shrg57802,2018-04-11,sscm00,commerce,https://www.senate.gov/isvp/?comm=commerce&filename=commerce041118
CHRG-115shrg89104819,2018-04-11,ssap00,approps,https://www.senate.gov/isvp/?comm=approps&filename=appropsA041118 https://www.senate.gov/isvp/?comm=approps&filename=appropsB041118
CHRG-115shrg89104836,2018-04-11,ssap00,approps,https://www.senate.gov/isvp/?comm=approps&filename=appropsA041118 https://www.senate.gov/isvp/?comm=approps&filename=appropsB041118
CHRG-115shrg89104846,2018-04-11,ssap00,approps,https://www.senate.gov/isvp/?comm=approps&filename=appropsA041118 https://www.senate.gov/isvp/?comm=approps&filename=appropsB041118
CHRG-115shrg29844,2018-04-12,ssfr00,foreign,https://www.senate.gov/isvp/?comm=foreign&filename=foreign041218
CHRG-115shrg30600,2018-04-12,ssga00,govtaff,https://www.senate.gov/isvp/?comm=govtaff&filename=govtaff041218
CHRG-115shrg31195,2018-04-12,ssbk00,banking,https://www.senate.gov/isvp/?comm=banking&filename=banking041218
CHRG-115shrg36708,2018-04-12,ssfi00,finance,https://www.senate.gov/isvp/?comm=finance&filename=finance041218
CHRG-115shrg39948,2018-04-12,sscm00,commerce,https://www.senate.gov/isvp/?comm=commerce&filename=commerce041218
CHRG-115shrg89104812,2018-04-12,ssap00,approps,https://www.senate.gov/isvp/?comm=approps&filename=appropsA041218
CHRG-115shrg29773,2018-04-17,sseg00,energy,https://www.senate.gov/isvp/?comm=energy&filename=energy041718
CHRG-115shrg29962,2018-04-17,ssbk00,banking,https://www.senate.gov/isvp/?comm=banking&filename=banking041718
CHRG-115shrg39949,2018-04-17,sscm00,commerce,https://www.senate.gov/isvp/?comm=commerce&filename=commerce041718
CHRG-115shrg40163,2018-04-17,ssfr00,foreign,https://www.senate.gov/isvp/?comm=foreign&filename=foreign041718
CHRG-115shrg89104837,2018-04-17,ssap00,approps,https://www.senate.gov/isvp/?comm=approps&filename=appropsA041718
CHRG-115shrg19104910,2018-04-18,ssap00,approps,https://www.senate.gov/isvp/?comm=approps&filename=appropsA041818 https://www.senate.gov/isvp/?comm=approps&filename=appropsB041818
CHRG-115shrg30137,2018-04-18,ssev00,epw,https://www.senate.gov/isvp/?comm=epw&filename=epw041818
CHRG-115shrg32453,2018-04-18,ssga00,govtaff,https://www.senate.gov/isvp/?comm=govtaff&filename=govtaff041818
CHRG-115shrg33405,2018-04-18,slia00,indian,https://www.senate.gov/isvp/?comm=indian&filename=indian041818
CHRG-115shrg35280,2018-04-18,spag00,aging,https://www.senate.gov/isvp/?comm=aging&filename=aging041818
CHRG-115shrg37183,2018-04-18,jspp00,,
CHRG-115shrg39950,2018-04-18,sscm00,commerce,https://www.senate.gov/isvp/?comm=commerce&filename=commerce041818
CHRG-115shrg40580,2018-04-18,ssfr00,foreign,https://www.senate.gov/isvp/?comm=foreign&filename=foreign041818
CHRG-115shrg41257,2018-04-18,ssas00,armed,https://www.senate.gov/isvp/?comm=armed&filename=armedA041818
CHRG-115shrg56117,2018-04-18,sscm00,commerce,https://www.senate.gov/isvp/?comm=commerce&filename=commerce041818
CHRG-115shrg89104847,2018-04-18,ssap00,approps,https://www.senate.gov/isvp/?comm=approps&filename=appropsA041818 https://www.senate.gov/isvp/?comm=approps&filename=appropsB041818
CHRG-115shrg30280,2018-04-19,sseg00,energy,https://www.senate.gov/isvp/?comm=energy&filename=energy041918
CHRG-115shrg30347,2018-04-19,ssbk00,banking,https://www.senate.gov/isvp/?comm=banking&filename=banking041918
CHRG-115shrg37709,2018-04-19,ssfi00,finance,https://www.senate.gov/isvp/?comm=finance&filename=finance041918
CHRG-115shrg99104863,2018-04-20,ssap00,approps,
CHRG-115shrg30281,2018-04-24,ssap00,approps,https://www.senate.gov/isvp/?comm=approps&filename=appropsA042418 https://www.senate.gov/isvp/?comm=approps&filename=appropsB042418
CHRG-115shrg32454,2018-04-24,ssga00,govtaff,https://www.senate.gov/isvp/?comm=govtaff&filename=govtaff042418
CHRG-115shrg36551,2018-04-24,ssaf00,ag,https://www.senate.gov/isvp/?comm=ag&filename=ag042418
CHRG-115shrg38066,2018-04-24,ssfi00,finance,https://www.senate.gov/isvp/?comm=finance&filename=finance042418
CHRG-115shrg39951,2018-04-24,sscm00,commerce,https://www.senate.gov/isvp/?comm=commerce&filename=commerce042418
CHRG-115shrg89104820,2018-04-24,ssap00,approps,https://www.senate.gov/isvp/?comm=approps&filename=appropsA042418 https://www.senate.gov/isvp/?comm=approps&filename=appropsB042418
CHRG-115shrg89104828,2018-04-24,ssap00,approps,https://www.senate.gov/isvp/?comm=approps&filename=appropsA042418 https://www.senate.gov/isvp/?comm=approps&filename=appropsB042418
CHRG-115shrg89104838,2018-04-24,ssap00,approps,https://www.senate.gov/isvp/?comm=approps&filename=appropsA042418 https://www.senate.gov/isvp/?comm=approps&filename=appropsB042418
CHRG-115shrg30361,2018-04-25,slia00,indian,https://www.senate.gov/isvp/?comm=indian&filename=indian042518
CHRG-115shrg30630,2018-04-25,sssb00,smbiz,
CHRG-115shrg32455,2018-04-25,ssga00,govtaff,https://www.senate.gov/isvp/?comm=govtaff&filename=govtaff042518
CHRG-115shrg57576,2018-04-25,sscm00,commerce,https://www.senate.gov/isvp/?comm=commerce&filename=commerce042518
CHRG-115shrg89104822,2018-04-25,ssap00,approps,https://www.senate.gov/isvp/?comm=approps&filename=appropsA042518 https://www.senate.gov/isvp/?comm=approps&filename=appropsB042518
CHRG-115shrg89104843,2018-04-25,ssap00,approps,https://www.senate.gov/isvp/?comm=approps&filename=appropsA042518 https://www.senate.gov/isvp/?comm=approps&filename=appropsB042518
CHRG-115shrg99104877,2018-04-25,ssap00,approps,https://www.senate.gov/isvp/?comm=approps&filename=appropsA042518 https://www.senate.gov/isvp/?comm=approps&filename=appropsB042518
CHRG-115jhrg30030,2018-04-26,jcse00,csce,
CHRG-115shrg19104887,2018-04-26,ssap00,approps,https://www.senate.gov/isvp/?comm=approps&filename=appropsA042618 https://www.senate.gov/isvp/?comm=approps&filename=appropsB042618
CHRG-115shrg36157,2018-04-26,ssga00,govtaff,https://www.senate.gov/isvp/?comm=govtaff&filename=govtaff042618
CHRG-115shrg89104839,2018-04-26,ssap00,approps,https://www.senate.gov/isvp/?comm=approps&filename=appropsA042618 https://www.senate.gov/isvp/?comm=approps&filename=appropsB042618
CHRG-115shrg79104782,2018-05-02,ssap00,approps,
CHRG-115shrg30631,2018-05-03,sssb00,smbiz,
CHRG-115jhrg30029,2018-05-07,jcse00,csce,
CHRG-115jhrg30028,2018-05-08,jcse00,csce,
CHRG-115shrg30282,2018-05-08,sseg00,energy,https://www.senate.gov/isvp/?comm=energy&filename=energy050818
CHRG-115shrg35281,2018-05-08,spag00,aging,https://www.senate.gov/isvp/?comm=aging&filename=aging050818
CHRG-115shrg39952,2018-05-08,sscm00,commerce,https://www.senate.gov/isvp/?comm=commerce&filename=commerce050818
CHRG-115shrg89104823,2018-05-08,ssap00,approps,https://www.senate.gov/isvp/?comm=approps&filename=appropsA050818
CHRG-115jhrg30026,2018-05-09,jcse00,csce,
CHRG-115jhrg30027,2018-05-09,jcse00,csce,
CHRG-115shrg19104888,2018-05-09,ssap00,approps,https://www.senate.gov/isvp/?comm=approps&filename=appropsA050918 https://www.senate.gov/isvp/?comm=approps&filename=appropsB050918
CHRG-115shrg30119,2018-05-09,slin00,intel,https://www.senate.gov/isvp/?comm=intel&filename=intel050918
CHRG-115shrg30283,2018-05-09,sseg00,energy,https://www.senate.gov/isvp/?comm=energy&filename=energy050918
CHRG-115shrg30924,2018-05-09,slia00,indian,https://www.senate.gov/isvp/?comm=indian&filename=indian050918
CHRG-115shrg31136,2018-05-09,ssev00,epw,https://www.senate.gov/isvp/?comm=epw&filename=epw050918
CHRG-115shrg31266,2018-05-09,ssga00,govtaff,https://www.senate.gov/isvp/?comm=govtaff&filename=govtaff050918
CHRG-115shrg40493,2018-05-09,ssfr00,foreign,https://www.senate.gov/isvp/?comm=foreign&filename=foreign050918
CHRG-115shrg89104840,2018-05-09,ssap00,approps,https://www.senate.gov/isvp/?comm=approps&filename=appropsA050918 https://www.senate.gov/isvp/?comm=approps&filename=appropsB050918
CHRG-115shrg40668,2018-05-10,ssfr00,foreign,https://www.senate.gov/isvp/?comm=foreign&filename=foreign051018
CHRG-115shrg89104813,2018-05-10,ssap00,approps,https://www.senate.gov/isvp/?comm=approps&filename=appropsA051018 https://www.senate.gov/isvp/?comm=approps&filename=appropsB051018
CHRG-115shrg89104845,2018-05-10,ssap00,approps,https://www.senate.gov/isvp/?comm=approps&filename=appropsA051018 https://www.senate.gov/isvp/?comm=approps&filename=appropsB051018
CHRG-115shrg89104858,2018-05-10,ssap00,approps,https://www.senate.gov/isvp/?comm=approps&filename=appropsA051018 https://www.senate.gov/isvp/?comm=approps&filename=appropsB051018
CHRG-115shrg30120,2018-05-15,slin00,intel,https://www.senate.gov/isvp/?comm=intel&filename=intel051518
CHRG-115shrg30195,2018-05-15,sshr00,help,https://www.senate.gov/isvp/?comm=help&filename=help051518
CHRG-115shrg30284,2018-05-15,sseg00,energy,https://www.senate.gov/isvp/?comm=energy&filename=energy051518
CHRG-115shrg30925,2018-05-15,sssb00,smbiz,https://www.senate.gov/isvp/?comm=smbiz&filename=smbiz051518
CHRG-115shrg31196,2018-05-15,ssbk00,banking,https://www.senate.gov/isvp/?comm=banking&filename=banking051518
CHRG-115shrg34313,2018-05-15,ssga00,govtaff,https://www.senate.gov/isvp/?comm=govtaff&filename=govtaff051518
CHRG-115shrg57905,2018-05-15,sscm00,commerce,https://www.senate.gov/isvp/?comm=commerce&filename=commerce051518
CHRG-115shrg89104824,2018-05-15,ssap00,approps,https://www.senate.gov/isvp/?comm=approps&filename=appropsA051518 https://www.senate.gov/isvp/?comm=approps&filename=appropsB051518
CHRG-115shrg89104842,2018-05-15,ssap00,approps,https://www.senate.gov/isvp/?comm=approps&filename=appropsA051518 https://www.senate.gov/isvp/?comm=approps&filename=appropsB051518
CHRG-115shrg19104890,2018-05-16,ssap00,approps,https://www.senate.gov/isvp/?comm=approps&filename=appropsA051618 https://www.senate.gov/isvp/?comm=approps&filename=appropsB051618
CHRG-115shrg33835,2018-05-16,slia00,indian,https://www.senate.gov/isvp/?comm=indian&filename=indian051618
CHRG-115shrg57803,2018-05-16,sscm00,commerce,https://www.senate.gov/isvp/?comm=commerce&filename=commerce051618
CHRG-115shrg57906,2018-05-16,sscm00,commerce,https://www.senate.gov/isvp/?comm=commerce&filename=commerce051618
CHRG-115shrg89104848,2018-05-16,ssap00,approps,https://www.senate.gov/isvp/?comm=approps&filename=appropsA051618 https://www.senate.gov/isvp/?comm=approps&filename=appropsB051618
CHRG-115shrg89104852,2018-05-16,ssap00,approps,https://www.senate.gov/isvp/?comm=approps&filename=appropsA051618 https://www.senate.gov/isvp/?comm=approps&filename=appropsB051618
CHRG-115shrg89104857,2018-05-16,ssap00,approps,https://www.senate.gov/isvp/?comm=approps&filename=appropsA051618 https://www.senate.gov/isvp/?comm=approps&filename=appropsB051618
CHRG-115shrg34176,2018-05-17,ssev00,epw,https://www.senate.gov/isvp/?comm=epw&filename=epw051718
CHRG-115shrg38021,2018-05-17,jspp00,,
CHRG-115shrg89104814,2018-05-17,ssap00,approps,https://www.senate.gov/isvp/?comm=approps&filename=appropsA051718 https://www.senate.gov/isvp/?comm=approps&filename=appropsB051718
CHRG-115shrg89104825,2018-05-17,ssap00,approps,https://www.senate.gov/isvp/?comm=approps&filename=appropsA051718 https://www.senate.gov/isvp/?comm=approps&filename=appropsB051718
CHRG-115shrg89104841,2018-05-17,ssap00,approps,https://www.senate.gov/isvp/?comm=approps&filename=appropsA051718 https://www.senate.gov/isvp/?comm=approps&filename=appropsB051718
CHRG-115shrg30257,2018-05-22,sshr00,help,https://www.senate.gov/isvp/?comm=help&filename=help052218
CHRG-115shrg35696,2018-05-22,ssev00,epw,https://www.senate.gov/isvp/?comm=epw&filename=epw052218
CHRG-115shrg89104826,2018-05-22,ssap00,approps,https://www.senate.gov/isvp/?comm=approps&filename=appropsA052218
CHRG-115shrg30412,2018-05-23,ssbk00,banking,https://www.senate.gov/isvp/?comm=banking&filename=banking052318
CHRG-115shrg32489,2018-05-23,ssga00,govtaff,https://www.senate.gov/isvp/?comm=govtaff&filename=govtaff052318
CHRG-115shrg35282,2018-05-23,spag00,aging,https://www.senate.gov/isvp/?comm=aging&filename=aging052318
CHRG-115shrg89104844,2018-05-23,ssap00,approps,https://www.senate.gov/isvp/?comm=approps&filename=appropsA052318 https://www.senate.gov/isvp/?comm=approps&filename=appropsB052318
CHRG-115shrg89104860,2018-05-23,ssap00,approps,https://www.senate.gov/isvp/?comm=approps&filename=appropsA052318 https://www.senate.gov/isvp/?comm=approps&filename=appropsB052318
CHRG-115shrg31197,2018-05-24,ssbk00,banking,https://www.senate.gov/isvp/?comm=banking&filename=banking052418
CHRG-115shrg38094,2018-05-24,ssfi00,finance,https://www.senate.gov/isvp/?comm=finance&filename=finance052418
CHRG-115shrg40669,2018-05-24,ssfr00,foreign,https://www.senate.gov/isvp/?comm=foreign&filename=foreign052418
CHRG-115shrg38217,2018-05-29,ssfi00,finance,
CHRG-115shrg30614,2018-06-05,sseg00,energy,https://www.senate.gov/isvp/?comm=energy&filename=energy060518
CHRG-115shrg40447,2018-06-05,ssfr00,foreign,https://www.senate.gov/isvp/?comm=foreign&filename=foreign060518
CHRG-115shrg55215,2018-06-05,sscm00,commerce,https://www.senate.gov/isvp/?comm=commerce&filename=commerce060518
CHRG-115shrg59902,2018-06-05,sscm00,commerce,https://www.senate.gov/isvp/?comm=commerce&filename=commerce060518
CHRG-115shrg89104815,2018-06-05,ssap00,approps,https://www.senate.gov/isvp/?comm=approps&filename=approps060518 https://www.senate.gov/isvp/?comm=approps&filename=appropsA060518 https://www.senate.gov/isvp/?comm=approps&filename=appropsB060518
CHRG-115shrg89104827,2018-06-05,ssap00,approps,https://www.senate.gov/isvp/?comm=approps&filename=approps060518 https://www.senate.gov/isvp/?comm=approps&filename=appropsA060518 https://www.senate.gov/isvp/?comm=approps&filename=appropsB060518
CHRG-115shrg33954,2018-06-06,ssga00,govtaff,https://www.senate.gov/isvp/?comm=govtaff&filename=govtaff060618
CHRG-115shrg34314,2018-06-06,ssga00,govtaff,https://www.senate.gov/isvp/?comm=govtaff&filename=govtaff060618
CHRG-115shrg59903,2018-06-06,sscm00,commerce,https://www.senate.gov/isvp/?comm=commerce&filename=commerce060618
CHRG-115shrg30486,2018-06-12,sshr00,help,https://www.senate.gov/isvp/?comm=help&filename=help061218
CHRG-115shrg30615,2018-06-12,sseg00,energy,https://www.senate.gov/isvp/?comm=energy&filename=energy061218
CHRG-115shrg34315,2018-06-12,ssga00,govtaff,https://www.senate.gov/isvp/?comm=govtaff&filename=govtaff061218
CHRG-115shrg38445,2018-06-12,ssfi00,finance,https://www.senate.gov/isvp/?comm=finance&filename=finance061218
CHRG-115shrg30616,2018-06-13,sseg00,energy,https://www.senate.gov/isvp/?comm=energy&filename=energy061318
CHRG-115shrg31205,2018-06-13,ssev00,epw,https://www.senate.gov/isvp/?comm=epw&filename=epw061318
CHRG-115shrg31222,2018-06-13,slia00,indian,https://www.senate.gov/isvp/?comm=indian&filename=indian061318
CHRG-115shrg31407,2018-06-13,ssev00,epw,https://www.senate.gov/isvp/?comm=epw&filename=epw061318
CHRG-115shrg38499,2018-06-13,jspp00,,
CHRG-115shrg57490,2018-06-13,sscm00,commerce,https://www.senate.gov/isvp/?comm=commerce&filename=commerce061318
CHRG-115shrg31583,2018-06-14,ssbk00,banking,https://www.senate.gov/isvp/?comm=banking&filename=banking061418
CHRG-115jhrg30593,2018-06-18,jcse00,csce,
CHRG-115shrg30644,2018-06-19,sshr00,help,https://www.senate.gov/isvp/?comm=help&filename=help061918
CHRG-115shrg35283,2018-06-19,spag00,aging,https://www.senate.gov/isvp/?comm=aging&filename=aging061918
CHRG-115shrg58439,2018-06-19,sscm00,commerce,https://www.senate.gov/isvp/?comm=commerce&filename=commerce061918
CHRG-115shrg30501,2018-06-20,slin00,intel,https://www.senate.gov/isvp/?comm=intel&filename=intel062018
CHRG-115shrg33424,2018-06-20,ssbk00,banking,https://www.senate.gov/isvp/?comm=banking&filename=banking062018
CHRG-115shrg33836,2018-06-20,slia00,indian,https://www.senate.gov/isvp/?comm=indian&filename=indian062018
CHRG-115shrg34698,2018-06-20,ssev00,epw,https://www.senate.gov/isvp/?comm=epw&filename=epw062018
CHRG-115shrg35266,2018-06-20,ssra00,rules,https://www.senate.gov/isvp/?comm=rules&filename=rules062018
CHRG-115shrg38578,2018-06-20,ssfi00,finance,https://www.senate.gov/isvp/?comm=finance&filename=finance062018
CHRG-115shrg40341,2018-06-20,ssfr00,foreign,https://www.senate.gov/isvp/?comm=foreign&filename=foreign062018
CHRG-115shrg58440,2018-06-20,sscm00,commerce,https://www.senate.gov/isvp/?comm=commerce&filename=commerce062018
CHRG-115jhrg30592,2018-06-21,jcse00,csce,
CHRG-115shrg30617,2018-06-26,sseg00,energy,https://www.senate.gov/isvp/?comm=energy&filename=energy062618
CHRG-115shrg32415,2018-06-26,ssbk00,banking,https://www.senate.gov/isvp/?comm=banking&filename=banking062618
CHRG-115shrg38796,2018-06-26,ssfi00,finance,https://www.senate.gov/isvp/?comm=finance&filename=finance062618
CHRG-115shrg40371,2018-06-26,ssfr00,foreign,https://www.senate.gov/isvp/?comm=foreign&filename=foreign062618
CHRG-115shrg30643,2018-06-27,sshr00,help,https://www.senate.gov/isvp/?comm=help&filename=help062718
CHRG-115shrg31410,2018-06-27,ssga00,govtaff,https://www.senate.gov/isvp/?comm=govtaff&filename=govtaff062718
CHRG-115shrg34316,2018-06-27,ssga00,govtaff,https://www.senate.gov/isvp/?comm=govtaff&filename=govtaff062718
CHRG-115shrg89104829,2018-06-27,ssap00,approps,https://www.senate.gov/isvp/?comm=approps&filename=appropsA062718
CHRG-115shrg33408,2018-06-28,ssbk00,banking,https://www.senate.gov/isvp/?comm=banking&filename=banking062818
CHRG-115shrg38949,2018-06-28,ssfi00,finance,https://www.senate.gov/isvp/?comm=finance&filename=finance062818
CHRG-115shrg30957,2018-06-29,sssb00,smbiz,
CHRG-115shrg30981,2018-07-11,sseg00,energy,https://www.senate.gov/isvp/?comm=energy&filename=energy071118
CHRG-115shrg31282,2018-07-11,ssev00,epw,https://www.senate.gov/isvp/?comm=epw&filename=epw071118
CHRG-115shrg31483,2018-07-11,ssga00,govtaff,https://www.senate.gov/isvp/?comm=govtaff&filename=govtaff071118
CHRG-115shrg31530,2018-07-11,slia00,indian,https://www.senate.gov/isvp/?comm=indian&filename=indian071118
CHRG-115shrg39619,2018-07-11,ssfi00,finance,https://www.senate.gov/isvp/?comm=finance&filename=finance071118
CHRG-115shrg55216,2018-07-11,sscm00,commerce,https://www.senate.gov/isvp/?comm=commerce&filename=commerce071118
CHRG-115shrg30982,2018-07-12,sseg00,energy,https://www.senate.gov/isvp/?comm=energy&filename=energy071218
CHRG-115shrg32483,2018-07-12,ssbk00,banking,https://www.senate.gov/isvp/?comm=banking&filename=banking071218
CHRG-115shrg40390,2018-07-12,ssfr00,foreign,https://www.senate.gov/isvp/?comm=foreign&filename=foreign071218
CHRG-115shrg39803,2018-07-13,jspp00,,
CHRG-115shrg30887,2018-07-17,sshr00,help,https://www.senate.gov/isvp/?comm=help&filename=help071718
CHRG-115shrg30983,2018-07-17,sseg00,energy,https://www.senate.gov/isvp/?comm=energy&filename=energy071718
CHRG-115shrg31426,2018-07-17,ssev00,epw,https://www.senate.gov/isvp/?comm=epw&filename=epw071718
CHRG-115shrg32517,2018-07-17,ssbk00,banking,https://www.senate.gov/isvp/?comm=banking&filename=banking071718
CHRG-115jhrg30829,2018-07-18,jcse00,csce,https://www.senate.gov/isvp/?comm=csce&filename=csce071818
CHRG-115shrg31611,2018-07-18,slia00,indian,https://www.senate.gov/isvp/?comm=indian&filename=indian071818
CHRG-115shrg34573,2018-07-18,ssga00,govtaff,https://www.senate.gov/isvp/?comm=govtaff&filename=govtaff071818
CHRG-115shrg35284,2018-07-18,spag00,aging,https://www.senate.gov/isvp/?comm=aging&filename=aging071818
CHRG-115shrg40448,2018-07-18,ssfi00,finance,https://www.senate.gov/isvp/?comm=finance&filename=finance071818
CHRG-115shrg58441,2018-07-18,sscm00,commerce,https://www.senate.gov/isvp/?comm=commerce&filename=commerce071818
CHRG-115shrg30984,2018-07-19,sseg00,energy,https://www.senate.gov/isvp/?comm=energy&filename=energy071918
CHRG-115shrg31547,2018-07-19,ssev00,epw,https://www.senate.gov/isvp/?comm=epw&filename=epw071918
CHRG-115shrg32318,2018-07-19,ssbk00,banking,https://www.senate.gov/isvp/?comm=banking&filename=banking071918
CHRG-115shrg32490,2018-07-19,ssga00,govtaff,https://www.senate.gov/isvp/?comm=govtaff&filename=govtaff071918
CHRG-115shrg30985,2018-07-24,sseg00,energy,https://www.senate.gov/isvp/?comm=energy&filename=energy072418
CHRG-115shrg32320,2018-07-24,ssbk00,banking,https://www.senate.gov/isvp/?comm=banking&filename=banking072418
CHRG-115shrg36552,2018-07-24,ssaf00,ag,https://www.senate.gov/isvp/?comm=ag&filename=ag072418
CHRG-115shrg38329,2018-07-24,ssaf00,ag,https://www.senate.gov/isvp/?comm=ag&filename=ag072418
CHRG-115shrg38989,2018-07-24,ssfr00,foreign,https://www.senate.gov/isvp/?comm=foreign&filename=foreign072418
CHRG-115shrg57804,2018-07-24,sscm00,commerce,https://www.senate.gov/isvp/?comm=commerce&filename=commerce072418
CHRG-115shrg57805,2018-07-24,sscm00,commerce,https://www.senate.gov/isvp/?comm=commerce&filename=commerce072418
CHRG-115shrg30958,2018-07-25,slin00,intel,https://www.senate.gov/isvp/?comm=intel&filename=intel072518
CHRG-115shrg39994,2018-07-25,jspp00,,
CHRG-115shrg40413,2018-07-25,ssfr00,foreign,https://www.senate.gov/isvp/?comm=foreign&filename=foreign072518
CHRG-115shrg55217,2018-07-25,sscm00,commerce,https://www.senate.gov/isvp/?comm=commerce&filename=commerce072518
CHRG-115shrg60769,2018-07-25,sscm00,commerce,https://www.senate.gov/isvp/?comm=commerce&filename=commerce072518
CHRG-115shrg31124,2018-07-26,sshr00,help,https://www.senate.gov/isvp/?comm=help&filename=help072618
CHRG-115shrg32987,2018-07-26,ssga00,govtaff,https://www.senate.gov/isvp/?comm=govtaff&filename=govtaff072618
CHRG-115shrg40487,2018-07-26,ssfi00,finance,https://www.senate.gov/isvp/?comm=finance&filename=finance072618
CHRG-115shrg40584,2018-07-26,ssfi00,finance,https://www.senate.gov/isvp/?comm=finance&filename=finance072618
CHRG-115shrg54981,2018-07-26,sscm00,commerce,https://www.senate.gov/isvp/?comm=commerce&filename=commerce072618
CHRG-115shrg99104861,2018-07-26,ssap00,approps,https://www.senate.gov/isvp/?comm=approps&filename=appropsA072618
CHRG-115shrg31125,2018-07-31,sshr00,help,https://www.senate.gov/isvp/?comm=help&filename=help073118
CHRG-115shrg55218,2018-07-31,sscm00,commerce,https://www.senate.gov/isvp/?comm=commerce&filename=commerce073118
CHRG-115shrg30959,2018-08-01,slin00,intel,https://www.senate.gov/isvp/?comm=intel&filename=intel080118
CHRG-115shrg34874,2018-08-01,ssev00,epw,https://www.senate.gov/isvp/?comm=epw&filename=epw080118
CHRG-115shrg34881,2018-08-01,ssva00,vetaff,https://www.senate.gov/isvp/?comm=vetaff&filename=vetaff080118
CHRG-115shrg36173,2018-08-01,ssev00,epw,https://www.senate.gov/isvp/?comm=epw&filename=epw080118
CHRG-115shrg55219,2018-08-01,sscm00,commerce,https://www.senate.gov/isvp/?comm=commerce&filename=commerce080118
CHRG-115shrg31317,2018-08-15,sseg00,energy,https://www.senate.gov/isvp/?comm=energy&filename=energy081518
CHRG-115shrg31318,2018-08-16,sseg00,energy,https://www.senate.gov/isvp/?comm=energy&filename=energy081618
CHRG-115shrg31623,2018-08-16,ssev00,epw,https://www.senate.gov/isvp/?comm=epw&filename=epw081618
CHRG-115shrg37328,2018-08-16,ssga00,govtaff,https://www.senate.gov/isvp/?comm=govtaff&filename=govtaff081618
CHRG-115shrg55147,2018-08-16,sscm00,commerce,https://www.senate.gov/isvp/?comm=commerce&filename=commerce081618
CHRG-115shrg32416,2018-08-20,ssev00,epw,
CHRG-115shrg31319,2018-08-21,sseg00,energy,https://www.senate.gov/isvp/?comm=energy&filename=energy082118
CHRG-115shrg31329,2018-08-21,sshr00,help,https://www.senate.gov/isvp/?comm=help&filename=help082118
CHRG-115shrg32576,2018-08-21,ssbk00,banking,https://www.senate.gov/isvp/?comm=banking&filename=banking082118
CHRG-115shrg34574,2018-08-21,ssga00,govtaff,https://www.senate.gov/isvp/?comm=govtaff&filename=govtaff082118
CHRG-115shrg40552,2018-08-21,ssfr00,foreign,https://www.senate.gov/isvp/?comm=foreign&filename=foreign082118
CHRG-115shrg31320,2018-08-22,sseg00,energy,https://www.senate.gov/isvp/?comm=energy&filename=energy082218
CHRG-115shrg32491,2018-08-22,ssga00,govtaff,https://www.senate.gov/isvp/?comm=govtaff&filename=govtaff082218
CHRG-115shrg32539,2018-08-22,slia00,indian,https://www.senate.gov/isvp/?comm=indian&filename=indian082218
CHRG-115shrg40598,2018-08-22,ssfi00,finance,https://www.senate.gov/isvp/?comm=finance&filename=finance082218
CHRG-115shrg31330,2018-08-23,sshr00,help,https://www.senate.gov/isvp/?comm=help&filename=help082318
CHRG-115shrg58442,2018-08-23,sscm00,commerce,https://www.senate.gov/isvp/?comm=commerce&filename=commerce082318
CHRG-115shrg33406,2018-08-25,slia00,indian,
CHRG-115shrg57491,2018-08-28,sscm00,commerce,https://www.senate.gov/isvp/?comm=commerce&filename=commerce082818
CHRG-115shrg32765,2018-09-04,ssju00,judiciary,https://www.senate.gov/isvp/?comm=judiciary&filename=judiciary090418
CHRG-115shrg39964,2018-09-04,ssju00,judiciary,https://www.senate.gov/isvp/?comm=judiciary&filename=judiciary090418
CHRG-115shrg31350,2018-09-05,slin00,intel,https://www.senate.gov/isvp/?comm=intel&filename=intel090518
CHRG-115shrg31557,2018-09-05,sshr00,help,https://www.senate.gov/isvp/?comm=help&filename=help090518
CHRG-115shrg40165,2018-09-05,ssfr00,foreign,https://www.senate.gov/isvp/?comm=foreign&filename=foreign090518
CHRG-115shrg57581,2018-09-05,sscm00,commerce,https://www.senate.gov/isvp/?comm=commerce&filename=commerce090518
CHRG-115shrg32635,2018-09-06,ssbk00,banking,https://www.senate.gov/isvp/?comm=banking&filename=banking090618
CHRG-115shrg32678,2018-09-06,ssev00,epw,https://www.senate.gov/isvp/?comm=epw&filename=epw090618
CHRG-115shrg99104862,2018-09-06,ssap00,approps,https://www.senate.gov/isvp/?comm=approps&filename=appropsA090618
CHRG-115jhrg32260,2018-09-12,jcse00,csce,
CHRG-115jhrg32261,2018-09-12,jcse00,csce,
CHRG-115shrg32665,2018-09-12,ssbk00,banking,https://www.senate.gov/isvp/?comm=banking&filename=banking091218
CHRG-115shrg32265,2018-09-13,sseg00,energy,https://www.senate.gov/isvp/?comm=energy&filename=energy091318
CHRG-115shrg32793,2018-09-13,ssev00,epw,https://www.senate.gov/isvp/?comm=epw&filename=epw091318
CHRG-115shrg34575,2018-09-13,ssga00,govtaff,https://www.senate.gov/isvp/?comm=govtaff&filename=govtaff091318
CHRG-115shrg36553,2018-09-13,ssaf00,ag,https://www.senate.gov/isvp/?comm=ag&filename=ag091318
CHRG-115shrg55086,2018-09-13,sscm00,commerce,https://www.senate.gov/isvp/?comm=commerce&filename=commerce091318
CHRG-115shrg32693,2018-09-14,sssb00,smbiz,
CHRG-115shrg31610,2018-09-18,sshr00,help,https://www.senate.gov/isvp/?comm=help&filename=help091818
CHRG-115shrg32753,2018-09-18,ssbk00,banking,https://www.senate.gov/isvp/?comm=banking&filename=banking091818
CHRG-115shrg34944,2018-09-18,ssga00,govtaff,https://www.senate.gov/isvp/?comm=govtaff&filename=govtaff091818
CHRG-115shrg36421,2018-09-18,ssev00,epw,https://www.senate.gov/isvp/?comm=epw&filename=epw091818
CHRG-115shrg40370,2018-09-18,ssfr00,foreign,https://www.senate.gov/isvp/?comm=foreign&filename=foreign091818
CHRG-115shrg57577,2018-09-18,sscm00,commerce,https://www.senate.gov/isvp/?comm=commerce&filename=commerce091818
CHRG-115jhrg32259,2018-09-24,jcse00,csce,
CHRG-115shrg32266,2018-09-25,sseg00,energy,https://www.senate.gov/isvp/?comm=energy&filename=energy092518
CHRG-115shrg32295,2018-09-25,sshr00,help,https://www.senate.gov/isvp/?comm=help&filename=help092518
CHRG-115shrg32296,2018-09-25,sshr00,help,https://www.senate.gov/isvp/?comm=help&filename=help092518
CHRG-115shrg32933,2018-09-26,ssev00,epw,https://www.senate.gov/isvp/?comm=epw&filename=epw092618
CHRG-115shrg33955,2018-09-26,ssga00,govtaff,https://www.senate.gov/isvp/?comm=govtaff&filename=govtaff092618
CHRG-115shrg35237,2018-09-26,ssra00,rules,https://www.senate.gov/isvp/?comm=rules&filename=rules092618
CHRG-115shrg35429,2018-09-26,ssva00,vetaff,https://www.senate.gov/isvp/?comm=vetaff&filename=vetaff092618
CHRG-115shrg36337,2018-09-26,slia00,indian,https://www.senate.gov/isvp/?comm=indian&filename=indian092618
CHRG-115shrg40883,2018-09-26,ssas00,armed,https://www.senate.gov/isvp/?comm=armed&filename=armedA092618
CHRG-115shrg40897,2018-09-26,ssfi00,finance,https://www.senate.gov/isvp/?comm=finance&filename=finance092618
CHRG-115shrg58443,2018-09-26,sscm00,commerce,https://www.senate.gov/isvp/?comm=commerce&filename=commerce092618
CHRG-115shrg58558,2018-09-26,sscm00,commerce,https://www.senate.gov/isvp/?comm=commerce&filename=commerce092618
CHRG-115shrg32988,2018-09-27,ssga00,govtaff,https://www.senate.gov/isvp/?comm=govtaff&filename=govtaff092718
CHRG-115shrg35833,2018-09-27,ssva00,vetaff,
CHRG-115shrg40861,2018-09-27,ssfi00,finance,https://www.senate.gov/isvp/?comm=finance&filename=finance092718
CHRG-115shrg33409,2018-10-02,ssbk00,banking,https://www.senate.gov/isvp/?comm=banking&filename=banking100218
CHRG-115shrg40924,2018-10-02,ssfi00,finance,https://www.senate.gov/isvp/?comm=finance&filename=finance100218
CHRG-115shrg32387,2018-10-03,sshr00,help,https://www.senate.gov/isvp/?comm=help&filename=help100318
CHRG-115shrg32492,2018-10-03,ssga00,govtaff,https://www.senate.gov/isvp/?comm=govtaff&filename=govtaff100318
CHRG-115shrg32694,2018-10-03,sssb00,smbiz,https://www.senate.gov/isvp/?comm=smbiz&filename=smbiz100318
CHRG-115shrg33371,2018-10-03,ssev00,epw,https://www.senate.gov/isvp/?comm=epw&filename=epw100318
CHRG-115shrg34056,2018-10-03,slia00,indian,https://www.senate.gov/isvp/?comm=indian&filename=indian100318
CHRG-115shrg35285,2018-10-03,spag00,aging,https://www.senate.gov/isvp/?comm=aging&filename=aging100318
CHRG-115shrg57907,2018-10-03,sscm00,commerce,https://www.senate.gov/isvp/?comm=commerce&filename=commerce100318
CHRG-115shrg59904,2018-10-03,sscm00,commerce,https://www.senate.gov/isvp/?comm=commerce&filename=commerce100318
CHRG-115shrg57492,2018-10-04,sscm00,commerce,https://www.senate.gov/isvp/?comm=commerce&filename=commerce100418
CHRG-115shrg33666,2018-10-10,ssev00,epw,https://www.senate.gov/isvp/?comm=epw&filename=epw101018
CHRG-115shrg34945,2018-10-10,ssga00,govtaff,https://www.senate.gov/isvp/?comm=govtaff&filename=govtaff101018
CHRG-115shrg36348,2018-10-10,ssas00,armed,https://www.senate.gov/isvp/?comm=armed&filename=armedA101018
CHRG-115shrg58559,2018-10-10,sscm00,commerce,https://www.senate.gov/isvp/?comm=commerce&filename=commerce101018
CHRG-115shrg32537,2018-10-11,sseg00,energy,https://www.senate.gov/isvp/?comm=energy&filename=energy101118
CHRG-115shrg34525,2018-10-11,ssbk00,banking,https://www.senate.gov/isvp/?comm=banking&filename=banking101118
CHRG-115shrg57575,2018-10-11,sscm00,commerce,https://www.senate.gov/isvp/?comm=commerce&filename=commerce101118
CHRG-115shrg32538,2018-10-19,sseg00,energy,
CHRG-115shrg55981,2018-10-20,sscm00,commerce,
CHRG-115jhrg33109,2018-10-29,jcse00,csce,
CHRG-115jhrg33110,2018-11-01,jcse00,csce,
CHRG-115shrg34340,2018-11-14,slia00,indian,https://www.senate.gov/isvp/?comm=indian&filename=indian111418
CHRG-115shrg33484,2018-11-15,ssbk00,banking,https://www.senate.gov/isvp/?comm=banking&filename=banking111518
CHRG-115shrg33660,2018-11-15,sseg00,energy,
CHRG-115shrg34946,2018-11-15,ssga00,govtaff,https://www.senate.gov/isvp/?comm=govtaff&filename=govtaff111518
CHRG-115shrg35022,2018-11-15,ssev00,epw,https://www.senate.gov/isvp/?comm=epw&filename=epw111518
CHRG-115shrg33865,2018-11-16,sssb00,smbiz,
CHRG-115shrg57909,2018-11-26,sscm00,commerce,
CHRG-115shrg36503,2018-11-27,ssfr00,foreign,https://www.senate.gov/isvp/?comm=foreign&filename=foreign112718
CHRG-115shrg40862,2018-11-27,ssas00,armed,https://www.senate.gov/isvp/?comm=armed&filename=armedA112718 https://www.senate.gov/isvp/?comm=armed&filename=armedB112718
CHRG-115shrg42743,2018-11-27,ssas00,armed,https://www.senate.gov/isvp/?comm=armed&filename=armedA112718 https://www.senate.gov/isvp/?comm=armed&filename=armedB112718
CHRG-115shrg55155,2018-11-27,sscm00,commerce,https://www.senate.gov/isvp/?comm=commerce&filename=commerce112718
CHRG-115shrg35123,2018-11-28,ssev00,epw,https://www.senate.gov/isvp/?comm=epw&filename=epw112818
CHRG-115shrg35238,2018-11-28,ssra00,rules,https://www.senate.gov/isvp/?comm=rules&filename=rules112818
CHRG-115shrg37221,2018-11-28,ssaf00,ag,https://www.senate.gov/isvp/?comm=ag&filename=ag112818
CHRG-115shrg37591,2018-11-28,spag00,aging,https://www.senate.gov/isvp/?comm=aging&filename=aging112818
CHRG-115shrg40475,2018-11-28,ssfr00,foreign,https://www.senate.gov/isvp/?comm=foreign&filename=foreign112818
CHRG-115shrg48440,2018-11-28,sshr00,help,https://www.senate.gov/isvp/?comm=help&filename=help112818
CHRG-115jhrg33111,2018-11-29,jcse00,csce,
CHRG-115shrg33661,2018-11-29,sseg00,energy,
CHRG-115shrg34526,2018-11-29,ssbk00,banking,https://www.senate.gov/isvp/?comm=banking&filename=banking112918
CHRG-115shrg35667,2018-11-29,ssev00,epw,https://www.senate.gov/isvp/?comm=epw&filename=epw112918
CHRG-115shrg37823,2018-11-30,spag00,aging,https://www.senate.gov/isvp/?comm=aging&filename=aging113018
CHRG-115jhrg34538,2018-12-04,jcse00,csce,
CHRG-115jhrg34539,2018-12-04,jcse00,csce,
CHRG-115shrg34527,2018-12-06,ssbk00,banking,https://www.senate.gov/isvp/?comm=banking&filename=banking120618
CHRG-115shrg35239,2018-12-06,ssra00,rules,https://www.senate.gov/isvp/?comm=rules&filename=rules120618
CHRG-115shrg36433,2018-12-06,ssfr00,foreign,https://www.senate.gov/isvp/?comm=foreign&filename=foreign120618
CHRG-115shrg58560,2018-12-06,sscm00,commerce,https://www.senate.gov/isvp/?comm=commerce&filename=commerce120618
CHRG-115shrg34221,2018-12-11,ssbk00,banking,https://www.senate.gov/isvp/?comm=banking&filename=banking121118
CHRG-115shrg40950,2018-12-11,ssfi00,finance,https://www.senate.gov/isvp/?comm=finance&filename=finance121118
CHRG-115shrg33662,2018-12-12,sseg00,energy,https://www.senate.gov/isvp/?comm=energy&filename=energy121218
CHRG-115shrg35460,2018-12-12,ssas00,armed,https://www.senate.gov/isvp/?comm=armed&filename=armedA121218 https://www.senate.gov/isvp/?comm=armed&filename=armedB121218
CHRG-115shrg36338,2018-12-12,slia00,indian,https://www.senate.gov/isvp/?comm=indian&filename=indian121218
CHRG-115shrg42873,2018-12-12,ssas00,armed,https://www.senate.gov/isvp/?comm=armed&filename=armedA121218 https://www.senate.gov/isvp/?comm=armed&filename=armedB121218
CHRG-115jhrg34540,2018-12-14,jcse00,csce,
CHRG-115jhrg34541,2018-12-17,jcse00,csce,
CHRG-115shrg35950,2018-12-19,ssva00,vetaff,https://www.senate.gov/isvp/?comm=vetaff&filename=vetaff121918
CHRG-115shrg89104818,2018-12-31,ssap00,approps,
CHRG-116shrg48219,2019-01-03,ssap00,approps,
CHRG-116shrg36846,2019-01-15,ssju00,judiciary,https://www.senate.gov/isvp/?comm=judiciary&filename=judiciary011519
CHRG-116shrg19104919,2019-01-16,ssap00,approps,https://www.senate.gov/isvp/?comm=approps&filename=appropsA011619
CHRG-116shrg35314,2019-01-16,ssev00,epw,https://www.senate.gov/isvp/?comm=epw&filename=epw011619
CHRG-116shrg46920,2019-01-16,spag00,aging,https://www.senate.gov/isvp/?comm=aging&filename=aging011619
CHRG-116shrg34697,2019-01-29,slin00,intel,https://www.senate.gov/isvp/?comm=intel&filename=intel012919
CHRG-116shrg35944,2019-01-29,ssev00,epw,https://www.senate.gov/isvp/?comm=epw&filename=epw012919
CHRG-116shrg39734,2019-01-29,ssbu00,budget,https://www.senate.gov/isvp/?comm=budget&filename=budget012919
CHRG-116shrg41302,2019-01-29,ssas00,armed,https://www.senate.gov/isvp/?comm=armed&filename=armedA012919 https://www.senate.gov/isvp/?comm=armed&filename=armedB012919
CHRG-116shrg41330,2019-01-29,ssas00,armed,https://www.senate.gov/isvp/?comm=armed&filename=armedA012919 https://www.senate.gov/isvp/?comm=armed&filename=armedB012919
CHRG-116shrg41359,2019-01-29,ssfi00,finance,https://www.senate.gov/isvp/?comm=finance&filename=finance012919
CHRG-116shrg41388,2019-01-29,sshr00,help,https://www.senate.gov/isvp/?comm=help&filename=help012919
CHRG-116shrg35697,2019-02-01,sssb00,smbiz,
CHRG-116shrg19104897,2019-02-05,ssap00,approps,https://www.senate.gov/isvp/?comm=approps&filename=appropsA020519
CHRG-116shrg35553,2019-02-05,sseg00,energy,https://www.senate.gov/isvp/?comm=energy&filename=energy020519
CHRG-116shrg36312,2019-02-05,ssev00,epw,https://www.senate.gov/isvp/?comm=epw&filename=epw020519
CHRG-116shrg41389,2019-02-05,sshr00,help,https://www.senate.gov/isvp/?comm=help&filename=help020519
CHRG-116shrg46152,2019-02-05,ssas00,armed,https://www.senate.gov/isvp/?comm=armed&filename=armedA020519
CHRG-116shrg42443,2019-02-06,sscm00,commerce,https://www.senate.gov/isvp/?comm=commerce&filename=commerce020619
CHRG-116shrg47615,2019-02-06,spag00,aging,https://www.senate.gov/isvp/?comm=aging&filename=aging020619
CHRG-116shrg35554,2019-02-07,sseg00,energy,https://www.senate.gov/isvp/?comm=energy&filename=energy020719
CHRG-116shrg41390,2019-02-12,sshr00,help,https://www.senate.gov/isvp/?comm=help&filename=help021219
CHRG-116jhrg35483,2019-02-13,jcse00,csce,https://www.senate.gov/isvp/?comm=csce&filename=csce021319
CHRG-116shrg35698,2019-02-13,sssb00,smbiz,https://www.senate.gov/isvp/?comm=smbiz&filename=smbiz021319
CHRG-116shrg35945,2019-02-13,ssev00,epw,https://www.senate.gov/isvp/?comm=epw&filename=epw021319
CHRG-116shrg52565,2019-02-13,sscm00,commerce,https://www.senate.gov/isvp/?comm=commerce&filename=commerce021319
CHRG-116shrg54809,2019-02-13,ssas00,armed,https://www.senate.gov/isvp/?comm=armed&filename=armedA021319
CHRG-116shrg35555,2019-02-14,sseg00,energy,https://www.senate.gov/isvp/?comm=energy&filename=energy021419
CHRG-116shrg35617,2019-02-14,ssbk00,banking,https://www.senate.gov/isvp/?comm=banking&filename=banking021419
CHRG-116shrg19104883,2019-02-25,ssap00,approps,
CHRG-116shrg35338,2019-02-26,ssas00,armed,https://www.senate.gov/isvp/?comm=armed&filename=armedA022619
CHRG-116shrg35556,2019-02-26,sseg00,energy,https://www.senate.gov/isvp/?comm=energy&filename=energy022619
CHRG-116shrg35769,2019-02-26,ssga00,govtaff,https://www.senate.gov/isvp/?comm=govtaff&filename=govtaff022619
CHRG-116shrg35838,2019-02-26,ssbk00,banking,https://www.senate.gov/isvp/?comm=banking&filename=banking022619
CHRG-116shrg37143,2019-02-26,ssfi00,finance,https://www.senate.gov/isvp/?comm=finance&filename=finance022619
CHRG-116shrg42163,2019-02-26,ssva00,vetaff,https://www.senate.gov/isvp/?comm=vetaff&filename=vetaff022619
CHRG-116shrg52566,2019-02-26,sscm00,commerce,https://www.senate.gov/isvp/?comm=commerce&filename=commerce022619
CHRG-116shrg35699,2019-02-27,sssb00,smbiz,https://www.senate.gov/isvp/?comm=smbiz&filename=smbiz022719
CHRG-116shrg35770,2019-02-27,ssga00,govtaff,https://www.senate.gov/isvp/?comm=govtaff&filename=govtaff022719
CHRG-116shrg35946,2019-02-27,ssev00,epw,https://www.senate.gov/isvp/?comm=epw&filename=epw022719
CHRG-116shrg36242,2019-02-27,slia00,indian,https://www.senate.gov/isvp/?comm=indian&filename=indian022719
CHRG-116shrg38613,2019-02-27,ssfr00,foreign,https://www.senate.gov/isvp/?comm=foreign&filename=foreign022719
CHRG-116shrg45967,2019-02-27,ssas00,armed,https://www.senate.gov/isvp/?comm=armed&filename=armedA022719
CHRG-116shrg60880,2019-02-27,sscm00,commerce,https://www.senate.gov/isvp/?comm=commerce&filename=commerce022719
CHRG-116shrg35557,2019-02-28,sseg00,energy,https://www.senate.gov/isvp/?comm=energy&filename=energy022819
CHRG-116shrg36158,2019-02-28,ssga00,govtaff,https://www.senate.gov/isvp/?comm=govtaff&filename=govtaff022819
CHRG-116shrg37222,2019-02-28,ssaf00,ag,https://www.senate.gov/isvp/?comm=ag&filename=ag022819
CHRG-116shrg38477,2019-02-28,ssbk00,banking,https://www.senate.gov/isvp/?comm=banking&filename=banking022819
CHRG-116shrg45966,2019-02-28,ssas00,armed,https://www.senate.gov/isvp/?comm=armed&filename=armedA022819
CHRG-116shrg89104859,2019-02-28,ssap00,approps,https://www.senate.gov/isvp/?comm=approps&filename=approps022819
CHRG-116shrg35558,2019-03-05,sseg00,energy,https://www.senate.gov/isvp/?comm=energy&filename=energy030519
CHRG-116shrg35771,2019-03-05,ssga00,govtaff,https://www.senate.gov/isvp/?comm=govtaff&filename=govtaff030519
CHRG-116shrg35947,2019-03-05,ssev00,epw,https://www.senate.gov/isvp/?comm=epw&filename=epw030519
CHRG-116shrg41391,2019-03-05,sshr00,help,https://www.senate.gov/isvp/?comm=help&filename=help030519
CHRG-116shrg35772,2019-03-06,ssga00,govtaff,https://www.senate.gov/isvp/?comm=govtaff&filename=govtaff030619
CHRG-116shrg35901,2019-03-06,sssb00,smbiz,https://www.senate.gov/isvp/?comm=smbiz&filename=smbiz030619
CHRG-116shrg35959,2019-03-06,ssev00,epw,https://www.senate.gov/isvp/?comm=epw&filename=epw030619
CHRG-116shrg35966,2019-03-06,ssra00,rules,https://www.senate.gov/isvp/?comm=rules&filename=rules030619
CHRG-116shrg41303,2019-03-06,ssas00,armed,https://www.senate.gov/isvp/?comm=armed&filename=armedA030619
CHRG-116shrg41447,2019-03-06,ssfr00,foreign,https://www.senate.gov/isvp/?comm=foreign&filename=foreign030619
CHRG-116shrg41968,2019-03-06,ssfi00,finance,https://www.senate.gov/isvp/?comm=finance&filename=finance030619
CHRG-116shrg42444,2019-03-06,sscm00,commerce,https://www.senate.gov/isvp/?comm=commerce&filename=commerce030619
CHRG-116shrg42911,2019-03-06,ssva00,vetaff,https://www.senate.gov/isvp/?comm=vetaff&filename=vetaff030619
CHRG-116shrg47616,2019-03-06,spag00,aging,https://www.senate.gov/isvp/?comm=aging&filename=aging030619
CHRG-116shrg36304,2019-03-07,ssga00,govtaff,https://www.senate.gov/isvp/?comm=govtaff&filename=govtaff030719
CHRG-116shrg38975,2019-03-07,ssfr00,foreign,https://www.senate.gov/isvp/?comm=foreign&filename=foreign030719
CHRG-116shrg43087,2019-03-07,ssva00,vetaff,https://www.senate.gov/isvp/?comm=vetaff&filename=vetaff030719
CHRG-116shrg47533,2019-03-07,spag00,aging,https://www.senate.gov/isvp/?comm=aging&filename=aging030719
CHRG-116shrg52567,2019-03-07,sscm00,commerce,https://www.senate.gov/isvp/?comm=commerce&filename=commerce030719
CHRG-116shrg54853,2019-03-07,ssas00,armed,https://www.senate.gov/isvp/?comm=armed&filename=armed030719
CHRG-116shrg35773,2019-03-12,ssga00,govtaff,https://www.senate.gov/isvp/?comm=govtaff&filename=govtaff031219
CHRG-116shrg36014,2019-03-12,ssbk00,banking,https://www.senate.gov/isvp/?comm=banking&filename=banking031219
CHRG-116shrg38001,2019-03-12,slia00,indian,https://www.senate.gov/isvp/?comm=indian&filename=indian031219
CHRG-116shrg41392,2019-03-12,sshr00,help,https://www.senate.gov/isvp/?comm=help&filename=help031219
CHRG-116shrg41994,2019-03-12,ssfi00,finance,https://www.senate.gov/isvp/?comm=finance&filename=finance031219
CHRG-116shrg42953,2019-03-12,ssva00,vetaff,https://www.senate.gov/isvp/?comm=vetaff&filename=vetaff031219
CHRG-116shrg46003,2019-03-12,ssas00,armed,https://www.senate.gov/isvp/?comm=armed&filename=armedA031219
CHRG-116shrg60881,2019-03-12,sscm00,commerce,https://www.senate.gov/isvp/?comm=commerce&filename=commerce031219
CHRG-116shrg36161,2019-03-13,ssev00,epw,https://www.senate.gov/isvp/?comm=epw&filename=epw031319
CHRG-116shrg36838,2019-03-13,sssb00,smbiz,https://www.senate.gov/isvp/?comm=smbiz&filename=smbiz031319
CHRG-116shrg37223,2019-03-13,ssaf00,ag,https://www.senate.gov/isvp/?comm=ag&filename=ag031319
CHRG-116shrg40644,2019-03-13,ssfr00,foreign,https://www.senate.gov/isvp/?comm=foreign&filename=foreign031319
CHRG-116shrg52568,2019-03-13,sscm00,commerce,https://www.senate.gov/isvp/?comm=commerce&filename=commerce031319
CHRG-116shrg99104871,2019-03-13,ssap00,approps,https://www.senate.gov/isvp/?comm=approps&filename=appropsA031319
CHRG-116shrg35559,2019-03-14,sseg00,energy,https://www.senate.gov/isvp/?comm=energy&filename=energy031419
CHRG-116shrg36538,2019-03-14,ssbk00,banking,https://www.senate.gov/isvp/?comm=banking&filename=banking031419
CHRG-116shrg42240,2019-03-14,ssfi00,finance,https://www.senate.gov/isvp/?comm=finance&filename=finance031419
CHRG-116shrg42323,2019-03-14,ssfi00,finance,https://www.senate.gov/isvp/?comm=finance&filename=finance031419
CHRG-116shrg99104878,2019-03-14,ssap00,approps,https://www.senate.gov/isvp/?comm=approps&filename=approps031419
CHRG-116shrg37564,2019-03-20,slia00,indian,
CHRG-116shrg36913,2019-03-26,ssva00,vetaff,https://www.senate.gov/isvp/?comm=vetaff&filename=vetaff032619
CHRG-116shrg38478,2019-03-26,ssbk00,banking,https://www.senate.gov/isvp/?comm=banking&filename=banking032619
CHRG-116shrg40599,2019-03-26,ssfr00,foreign,https://www.senate.gov/isvp/?comm=foreign&filename=foreign032619
CHRG-116shrg41313,2019-03-26,ssas00,armed,https://www.senate.gov/isvp/?comm=armed&filename=armedA032619
CHRG-116shrg41393,2019-03-26,sshr00,help,https://www.senate.gov/isvp/?comm=help&filename=help032619
CHRG-116shrg60882,2019-03-26,sscm00,commerce,https://www.senate.gov/isvp/?comm=commerce&filename=commerce032619
CHRG-116shrg19104912,2019-03-27,ssap00,approps,https://www.senate.gov/isvp/?comm=approps&filename=appropsA032719 https://www.senate.gov/isvp/?comm=approps&filename=appropsB032719
CHRG-116shrg19104920,2019-03-27,ssap00,approps,https://www.senate.gov/isvp/?comm=approps&filename=appropsA032719 https://www.senate.gov/isvp/?comm=approps&filename=appropsB032719
CHRG-116shrg35990,2019-03-27,ssra00,rules,https://www.senate.gov/isvp/?comm=rules&filename=rules032719
CHRG-116shrg36260,2019-03-27,sseg00,energy,https://www.senate.gov/isvp/?comm=energy&filename=energy032719
CHRG-116shrg38479,2019-03-27,ssbk00,banking,https://www.senate.gov/isvp/?comm=banking&filename=banking032719
CHRG-116shrg42445,2019-03-27,sscm00,commerce,https://www.senate.gov/isvp/?comm=commerce&filename=commerce032719
CHRG-116shrg46153,2019-03-27,ssas00,armed,https://www.senate.gov/isvp/?comm=armed&filename=armedA032719 https://www.senate.gov/isvp/?comm=armed&filename=armedB032719
CHRG-116shrg46157,2019-03-27,ssas00,armed,https://www.senate.gov/isvp/?comm=armed&filename=armedA032719 https://www.senate.gov/isvp/?comm=armed&filename=armedB032719
CHRG-116shrg55142,2019-03-27,sscm00,commerce,https://www.senate.gov/isvp/?comm=commerce&filename=commerce032719
CHRG-116shrg89104854,2019-03-27,ssap00,approps,https://www.senate.gov/isvp/?comm=approps&filename=appropsA032719 https://www.senate.gov/isvp/?comm=approps&filename=appropsB032719
CHRG-116shrg99104872,2019-03-27,ssap00,approps,https://www.senate.gov/isvp/?comm=approps&filename=appropsA032719 https://www.senate.gov/isvp/?comm=approps&filename=appropsB032719
CHRG-116shrg19104916,2019-03-28,ssap00,approps,https://www.senate.gov/isvp/?comm=approps&filename=appropsA032819 https://www.senate.gov/isvp/?comm=approps&filename=appropsB032819
CHRG-116shrg36162,2019-03-28,ssev00,epw,https://www.senate.gov/isvp/?comm=epw&filename=epw032819
CHRG-116shrg36261,2019-03-28,sseg00,energy,https://www.senate.gov/isvp/?comm=energy&filename=energy032819
CHRG-116shrg99104869,2019-03-28,ssap00,approps,https://www.senate.gov/isvp/?comm=approps&filename=appropsA032819 https://www.senate.gov/isvp/?comm=approps&filename=appropsB032819
CHRG-116shrg99104879,2019-03-28,ssap00,approps,https://www.senate.gov/isvp/?comm=approps&filename=appropsA032819 https://www.senate.gov/isvp/?comm=approps&filename=appropsB032819
CHRG-116shrg19104908,2019-04-02,ssap00,approps,https://www.senate.gov/isvp/?comm=approps&filename=appropsA040219
CHRG-116shrg36163,2019-04-02,ssev00,epw,https://www.senate.gov/isvp/?comm=epw&filename=epw040219
CHRG-116shrg36262,2019-04-02,sseg00,energy,https://www.senate.gov/isvp/?comm=energy&filename=energy040219
CHRG-116shrg36305,2019-04-02,ssga00,govtaff,https://www.senate.gov/isvp/?comm=govtaff&filename=govtaff040219
CHRG-116shrg36539,2019-04-02,ssbk00,banking,https://www.senate.gov/isvp/?comm=banking&filename=banking040219
CHRG-116shrg37956,2019-04-02,ssga00,govtaff,https://www.senate.gov/isvp/?comm=govtaff&filename=govtaff040219
CHRG-116shrg38966,2019-04-02,ssfr00,foreign,https://www.senate.gov/isvp/?comm=foreign&filename=foreign040219
CHRG-116shrg41394,2019-04-02,sshr00,help,https://www.senate.gov/isvp/?comm=help&filename=help040219
CHRG-116shrg46154,2019-04-02,ssas00,armed,https://www.senate.gov/isvp/?comm=armed&filename=armedA040219
CHRG-116shrg47532,2019-04-02,spag00,aging,https://www.senate.gov/isvp/?comm=aging&filename=aging040219
CHRG-116shrg19104913,2019-04-03,ssap00,approps,https://www.senate.gov/isvp/?comm=approps&filename=appropsA040319 https://www.senate.gov/isvp/?comm=approps&filename=appropsB040319
CHRG-116shrg19104917,2019-04-03,ssap00,approps,https://www.senate.gov/isvp/?comm=approps&filename=appropsA040319 https://www.senate.gov/isvp/?comm=approps&filename=appropsB040319
CHRG-116shrg29104925,2019-04-03,ssap00,approps,https://www.senate.gov/isvp/?comm=approps&filename=appropsA040319 https://www.senate.gov/isvp/?comm=approps&filename=appropsB040319
CHRG-116shrg36243,2019-04-03,slia00,indian,https://www.senate.gov/isvp/?comm=indian&filename=indian040319
CHRG-116shrg36839,2019-04-03,sssb00,smbiz,https://www.senate.gov/isvp/?comm=smbiz&filename=smbiz040319
CHRG-116shrg46155,2019-04-03,ssas00,armed,https://www.senate.gov/isvp/?comm=armed&filename=armed040319
CHRG-116shrg89104856,2019-04-03,ssap00,approps,https://www.senate.gov/isvp/?comm=approps&filename=appropsA040319 https://www.senate.gov/isvp/?comm=approps&filename=appropsB040319
CHRG-116shrg99104865,2019-04-03,ssap00,approps,https://www.senate.gov/isvp/?comm=approps&filename=appropsA040319 https://www.senate.gov/isvp/?comm=approps&filename=appropsB040319
CHRG-116shrg99104873,2019-04-03,ssap00,approps,https://www.senate.gov/isvp/?comm=approps&filename=appropsA040319 https://www.senate.gov/isvp/?comm=approps&filename=appropsB040319
CHRG-116shrg37003,2019-04-04,ssga00,govtaff,https://www.senate.gov/isvp/?comm=govtaff&filename=govtaff040419
CHRG-116shrg52569,2019-04-04,sscm00,commerce,https://www.senate.gov/isvp/?comm=commerce&filename=commerce040419
CHRG-116shrg99104880,2019-04-04,ssap00,approps,https://www.senate.gov/isvp/?comm=approps&filename=appropsA040419
CHRG-116shrg36840,2019-04-05,sssb00,smbiz,
CHRG-116jhrg36090,2019-04-09,jcse00,csce,
CHRG-116shrg19104898,2019-04-09,ssap00,approps,https://www.senate.gov/isvp/?comm=approps&filename=appropsA040919 https://www.senate.gov/isvp/?comm=approps&filename=appropsB040919
CHRG-116shrg29104929,2019-04-09,ssap00,approps,https://www.senate.gov/isvp/?comm=approps&filename=appropsA040919 https://www.senate.gov/isvp/?comm=approps&filename=appropsB040919
CHRG-116shrg36263,2019-04-09,sseg00,energy,https://www.senate.gov/isvp/?comm=energy&filename=energy040919
CHRG-116shrg40536,2019-04-09,ssfr00,foreign,https://www.senate.gov/isvp/?comm=foreign&filename=foreign040919
CHRG-116shrg43563,2019-04-09,ssfi00,finance,https://www.senate.gov/isvp/?comm=finance&filename=finance040919
CHRG-116shrg99104867,2019-04-09,ssap00,approps,https://www.senate.gov/isvp/?comm=approps&filename=appropsA040919 https://www.senate.gov/isvp/?comm=approps&filename=appropsB040919
CHRG-116shrg19104907,2019-04-10,ssap00,approps,https://www.senate.gov/isvp/?comm=approps&filename=appropsA041019 https://www.senate.gov/isvp/?comm=approps&filename=appropsB041019
CHRG-116shrg29104926,2019-04-10,ssap00,approps,https://www.senate.gov/isvp/?comm=approps&filename=appropsA041019 https://www.senate.gov/isvp/?comm=approps&filename=appropsB041019
CHRG-116shrg36244,2019-04-10,slia00,indian,https://www.senate.gov/isvp/?comm=indian&filename=indian041019
CHRG-116shrg36349,2019-04-10,ssev00,epw,https://www.senate.gov/isvp/?comm=epw&filename=epw041019
CHRG-116shrg36841,2019-04-10,sssb00,smbiz,
CHRG-116shrg37224,2019-04-10,ssaf00,ag,https://www.senate.gov/isvp/?comm=ag&filename=ag041019
CHRG-116shrg40533,2019-04-10,ssfr00,foreign,https://www.senate.gov/isvp/?comm=foreign&filename=foreign041019
CHRG-116shrg40570,2019-04-10,ssva00,vetaff,
CHRG-116shrg41395,2019-04-10,sshr00,help,https://www.senate.gov/isvp/?comm=help&filename=help041019
CHRG-116shrg42446,2019-04-10,sscm00,commerce,https://www.senate.gov/isvp/?comm=commerce&filename=commerce041019
CHRG-116shrg43753,2019-04-10,ssfi00,finance,https://www.senate.gov/isvp/?comm=finance&filename=finance041019
CHRG-116shrg89104855,2019-04-10,ssap00,approps,https://www.senate.gov/isvp/?comm=approps&filename=appropsA041019 https://www.senate.gov/isvp/?comm=approps&filename=appropsB041019
CHRG-116shrg99104874,2019-04-10,ssap00,approps,https://www.senate.gov/isvp/?comm=approps&filename=appropsA041019 https://www.senate.gov/isvp/?comm=approps&filename=appropsB041019
CHRG-116shrg36264,2019-04-11,sseg00,energy,https://www.senate.gov/isvp/?comm=energy&filename=energy041119
CHRG-116shrg42447,2019-04-11,sscm00,commerce,https://www.senate.gov/isvp/?comm=commerce&filename=commerce041119
CHRG-116shrg46163,2019-04-11,ssas00,armed,https://www.senate.gov/isvp/?comm=armed&filename=armedA041119
CHRG-116shrg99104870,2019-04-11,ssap00,approps,https://www.senate.gov/isvp/?comm=approps&filename=appropsB041119
CHRG-116shrg99104881,2019-04-11,ssap00,approps,https://www.senate.gov/isvp/?comm=approps&filename=appropsB041119
CHRG-116shrg19104899,2019-04-30,ssap00,approps,https://www.senate.gov/isvp/?comm=approps&filename=appropsA043019 https://www.senate.gov/isvp/?comm=approps&filename=appropsB043019
CHRG-116shrg36265,2019-04-30,sseg00,energy,https://www.senate.gov/isvp/?comm=energy&filename=energy043019
CHRG-116shrg36540,2019-04-30,ssbk00,banking,https://www.senate.gov/isvp/?comm=banking&filename=banking043019
CHRG-116shrg42448,2019-04-30,sscm00,commerce,https://www.senate.gov/isvp/?comm=commerce&filename=commerce043019
CHRG-116shrg99104868,2019-04-30,ssap00,approps,https://www.senate.gov/isvp/?comm=approps&filename=appropsA043019 https://www.senate.gov/isvp/?comm=approps&filename=appropsB043019
CHRG-116shrg19104906,2019-05-01,ssap00,approps,https://www.senate.gov/isvp/?comm=approps&filename=appropsA050119 https://www.senate.gov/isvp/?comm=approps&filename=appropsB050119
CHRG-116shrg29104927,2019-05-01,ssap00,approps,https://www.senate.gov/isvp/?comm=approps&filename=appropsA050119 https://www.senate.gov/isvp/?comm=approps&filename=appropsB050119
CHRG-116shrg36643,2019-05-01,ssev00,epw,https://www.senate.gov/isvp/?comm=epw&filename=epw050119
CHRG-116shrg37446,2019-05-01,slin00,intel,https://www.senate.gov/isvp/?comm=intel&filename=intel050119
CHRG-116shrg37795,2019-05-01,sssb00,smbiz,https://www.senate.gov/isvp/?comm=smbiz&filename=smbiz050119
CHRG-116shrg38002,2019-05-01,slia00,indian,https://www.senate.gov/isvp/?comm=indian&filename=indian050119
CHRG-116shrg39599,2019-05-01,ssfr00,foreign,https://www.senate.gov/isvp/?comm=foreign&filename=foreign050119
CHRG-116shrg52692,2019-05-01,sscm00,commerce,https://www.senate.gov/isvp/?comm=commerce&filename=commerce050119
CHRG-116shrg99104864,2019-05-01,ssap00,approps,https://www.senate.gov/isvp/?comm=approps&filename=appropsA050119 https://www.senate.gov/isvp/?comm=approps&filename=appropsB050119
CHRG-116shrg99104875,2019-05-01,ssap00,approps,https://www.senate.gov/isvp/?comm=approps&filename=appropsA050119 https://www.senate.gov/isvp/?comm=approps&filename=appropsB050119
CHRG-116shrg19104918,2019-05-02,ssap00,approps,https://www.senate.gov/isvp/?comm=approps&filename=appropsA050219 https://www.senate.gov/isvp/?comm=approps&filename=appropsB050219
CHRG-116shrg36306,2019-05-02,ssga00,govtaff,https://www.senate.gov/isvp/?comm=govtaff&filename=govtaff050219
CHRG-116shrg37304,2019-05-02,sseg00,energy,https://www.senate.gov/isvp/?comm=energy&filename=energy050219
CHRG-116shrg99104882,2019-05-02,ssap00,approps,https://www.senate.gov/isvp/?comm=approps&filename=appropsA050219 https://www.senate.gov/isvp/?comm=approps&filename=appropsB050219
CHRG-116shrg37796,2019-05-03,sssb00,smbiz,
CHRG-116shrg19104900,2019-05-07,ssap00,approps,https://www.senate.gov/isvp/?comm=approps&filename=appropsA050719 https://www.senate.gov/isvp/?comm=approps&filename=appropsB050719
CHRG-116shrg19104905,2019-05-07,ssap00,approps,https://www.senate.gov/isvp/?comm=approps&filename=appropsA050719 https://www.senate.gov/isvp/?comm=approps&filename=appropsB050719
CHRG-116shrg36307,2019-05-07,ssga00,govtaff,https://www.senate.gov/isvp/?comm=govtaff&filename=govtaff050719
CHRG-116shrg36696,2019-05-07,ssga00,govtaff,https://www.senate.gov/isvp/?comm=govtaff&filename=govtaff050719
CHRG-116shrg39483,2019-05-07,ssbk00,banking,https://www.senate.gov/isvp/?comm=banking&filename=banking050719
CHRG-116shrg41396,2019-05-07,sshr00,help,https://www.senate.gov/isvp/?comm=help&filename=help050719
CHRG-116shrg19104901,2019-05-08,ssap00,approps,https://www.senate.gov/isvp/?comm=approps&filename=appropsA050819 https://www.senate.gov/isvp/?comm=approps&filename=appropsB050819
CHRG-116shrg38137,2019-05-08,slia00,indian,https://www.senate.gov/isvp/?comm=indian&filename=indian050819
CHRG-116shrg40712,2019-05-08,ssfr00,foreign,https://www.senate.gov/isvp/?comm=foreign&filename=foreign050819
CHRG-116shrg42739,2019-05-08,ssfi00,finance,https://www.senate.gov/isvp/?comm=finance&filename=finance050819
CHRG-116shrg47481,2019-05-08,spag00,aging,https://www.senate.gov/isvp/?comm=aging&filename=aging050819
CHRG-116shrg52693,2019-05-08,sscm00,commerce,https://www.senate.gov/isvp/?comm=commerce&filename=commerce050819
CHRG-116shrg63654,2019-05-08,ssev00,epw,https://www.senate.gov/isvp/?comm=epw&filename=epw050819
CHRG-116shrg99104876,2019-05-08,ssap00,approps,https://www.senate.gov/isvp/?comm=approps&filename=appropsA050819 https://www.senate.gov/isvp/?comm=approps&filename=appropsB050819
CHRG-116shrg43844,2019-05-09,ssfi00,finance,https://www.senate.gov/isvp/?comm=finance&filename=finance050919
CHRG-116shrg37305,2019-05-14,sseg00,energy,https://www.senate.gov/isvp/?comm=energy&filename=energy051419
CHRG-116shrg37306,2019-05-14,sseg00,energy,https://www.senate.gov/isvp/?comm=energy&filename=energy051419
CHRG-116shrg42872,2019-05-14,ssfi00,finance,https://www.senate.gov/isvp/?comm=finance&filename=finance051419
CHRG-116shrg52694,2019-05-14,sscm00,commerce,https://www.senate.gov/isvp/?comm=commerce&filename=commerce051419
CHRG-116shrg19104902,2019-05-15,ssap00,approps,https://www.senate.gov/isvp/?comm=approps&filename=appropsA051519 https://www.senate.gov/isvp/?comm=approps&filename=appropsB051519
CHRG-116shrg36452,2019-05-15,ssra00,rules,https://www.senate.gov/isvp/?comm=rules&filename=rules051519
CHRG-116shrg36932,2019-05-15,ssev00,epw,https://www.senate.gov/isvp/?comm=epw&filename=epw051519
CHRG-116shrg37307,2019-05-15,sseg00,energy,https://www.senate.gov/isvp/?comm=energy&filename=energy051519
CHRG-116shrg37797,2019-05-15,sssb00,smbiz,https://www.senate.gov/isvp/?comm=smbiz&filename=smbiz051519
CHRG-116shrg37845,2019-05-15,slia00,indian,https://www.senate.gov/isvp/?comm=indian&filename=indian051519
CHRG-116shrg39484,2019-05-15,ssbk00,banking,https://www.senate.gov/isvp/?comm=banking&filename=banking051519
CHRG-116shrg40682,2019-05-15,ssfr00,foreign,https://www.senate.gov/isvp/?comm=foreign&filename=foreign051519
CHRG-116shrg52695,2019-05-15,sscm00,commerce,https://www.senate.gov/isvp/?comm=commerce&filename=commerce051519
CHRG-116shrg99104866,2019-05-15,ssap00,approps,https://www.senate.gov/isvp/?comm=approps&filename=appropsA051519 https://www.senate.gov/isvp/?comm=approps&filename=appropsB051519
CHRG-116shrg37308,2019-05-16,sseg00,energy,https://www.senate.gov/isvp/?comm=energy&filename=energy051619
CHRG-116shrg41279,2019-05-16,ssva00,vetaff,https://www.senate.gov/isvp/?comm=vetaff&filename=vetaff051619
CHRG-116shrg52696,2019-05-16,sscm00,commerce,https://www.senate.gov/isvp/?comm=commerce&filename=commerce051619
CHRG-116shrg36697,2019-05-21,ssga00,govtaff,https://www.senate.gov/isvp/?comm=govtaff&filename=govtaff052119
CHRG-116shrg36988,2019-05-21,ssbk00,banking,https://www.senate.gov/isvp/?comm=banking&filename=banking052119
CHRG-116shrg37309,2019-05-21,sseg00,energy,https://www.senate.gov/isvp/?comm=energy&filename=energy052119
CHRG-116shrg38311,2019-05-21,ssaf00,ag,https://www.senate.gov/isvp/?comm=ag&filename=ag052119
CHRG-116shrg19104884,2019-05-22,ssap00,approps,https://www.senate.gov/isvp/?comm=approps&filename=appropsA052219
CHRG-116shrg36935,2019-05-22,ssev00,epw,https://www.senate.gov/isvp/?comm=epw&filename=epw052219
CHRG-116shrg37798,2019-05-22,ssga00,govtaff,https://www.senate.gov/isvp/?comm=govtaff&filename=govtaff052219
CHRG-116shrg39916,2019-05-22,ssva00,vetaff,https://www.senate.gov/isvp/?comm=vetaff&filename=vetaff052219
CHRG-116shrg40363,2019-05-22,ssva00,vetaff,https://www.senate.gov/isvp/?comm=vetaff&filename=vetaff052219
CHRG-116shrg47419,2019-05-22,spag00,aging,https://www.senate.gov/isvp/?comm=aging&filename=aging052219
CHRG-116shrg36698,2019-05-23,ssga00,govtaff,https://www.senate.gov/isvp/?comm=govtaff&filename=govtaff052319
CHRG-116jhrg36950,2019-05-24,jcse00,csce,
CHRG-116jhrg36949,2019-06-04,jcse00,csce,
CHRG-116shrg36699,2019-06-04,ssga00,govtaff,https://www.senate.gov/isvp/?comm=govtaff&filename=govtaff060419
CHRG-116shrg36933,2019-06-04,ssev00,epw,https://www.senate.gov/isvp/?comm=epw&filename=epw060419
CHRG-116shrg36934,2019-06-04,ssev00,epw,https://www.senate.gov/isvp/?comm=epw&filename=epw060419
CHRG-116shrg37244,2019-06-04,ssbk00,banking,https://www.senate.gov/isvp/?comm=banking&filename=banking060419
CHRG-116shrg37310,2019-06-04,sseg00,energy,https://www.senate.gov/isvp/?comm=energy&filename=energy060419
CHRG-116shrg37106,2019-06-05,ssbk00,banking,https://www.senate.gov/isvp/?comm=banking&filename=banking060519
CHRG-116shrg37311,2019-06-05,sseg00,energy,https://www.senate.gov/isvp/?comm=energy&filename=energy060519
CHRG-116shrg40872,2019-06-05,ssfr00,foreign,https://www.senate.gov/isvp/?comm=foreign&filename=foreign060519
CHRG-116shrg41156,2019-06-05,ssfi00,finance,https://www.senate.gov/isvp/?comm=finance&filename=finance060519
CHRG-116shrg52605,2019-06-05,sscm00,commerce,https://www.senate.gov/isvp/?comm=commerce&filename=commerce060519
CHRG-116shrg37303,2019-06-11,ssev00,epw,https://www.senate.gov/isvp/?comm=epw&filename=epw061119
CHRG-116shrg39485,2019-06-11,ssbk00,banking,https://www.senate.gov/isvp/?comm=banking&filename=banking061119
CHRG-116shrg37004,2019-06-12,ssga00,govtaff,https://www.senate.gov/isvp/?comm=govtaff&filename=govtaff061219
CHRG-116shrg37426,2019-06-12,ssev00,epw,https://www.senate.gov/isvp/?comm=epw&filename=epw061219
CHRG-116shrg38342,2019-06-12,sssb00,smbiz,https://www.senate.gov/isvp/?comm=smbiz&filename=smbiz061219
CHRG-116shrg40471,2019-06-12,ssfr00,foreign,https://www.senate.gov/isvp/?comm=foreign&filename=foreign061219
CHRG-116shrg43886,2019-06-12,ssfi00,finance,https://www.senate.gov/isvp/?comm=finance&filename=finance061219
CHRG-116shrg52606,2019-06-12,sscm00,commerce,https://www.senate.gov/isvp/?comm=commerce&filename=commerce061219
CHRG-116shrg37802,2019-06-13,sseg00,energy,https://www.senate.gov/isvp/?comm=energy&filename=energy061319
CHRG-116shrg38312,2019-06-13,ssaf00,ag,https://www.senate.gov/isvp/?comm=ag&filename=ag061319
CHRG-116shrg40484,2019-06-13,ssfr00,foreign,https://www.senate.gov/isvp/?comm=foreign&filename=foreign061319
CHRG-116jhrg36952,2019-06-14,jcse00,csce,
CHRG-116shrg37803,2019-06-18,sseg00,energy,https://www.senate.gov/isvp/?comm=energy&filename=energy061819
CHRG-116shrg39540,2019-06-18,ssbk00,banking,https://www.senate.gov/isvp/?comm=banking&filename=banking061819
CHRG-116shrg40550,2019-06-18,ssfr00,foreign,https://www.senate.gov/isvp/?comm=foreign&filename=foreign061819
CHRG-116shrg41397,2019-06-18,sshr00,help,https://www.senate.gov/isvp/?comm=help&filename=help061819
CHRG-116shrg44362,2019-06-18,ssfi00,finance,https://www.senate.gov/isvp/?comm=finance&filename=finance061819
CHRG-116shrg52607,2019-06-18,sscm00,commerce,https://www.senate.gov/isvp/?comm=commerce&filename=commerce061819
CHRG-116shrg37817,2019-06-19,sseg00,energy,https://www.senate.gov/isvp/?comm=energy&filename=energy061919
CHRG-116shrg37844,2019-06-19,slia00,indian,https://www.senate.gov/isvp/?comm=indian&filename=indian061919
CHRG-116shrg38343,2019-06-19,sssb00,smbiz,https://www.senate.gov/isvp/?comm=smbiz&filename=smbiz061919
CHRG-116shrg39942,2019-06-19,ssfr00,foreign,https://www.senate.gov/isvp/?comm=foreign&filename=foreign061919
CHRG-116shrg40529,2019-06-19,ssev00,epw,https://www.senate.gov/isvp/?comm=epw&filename=epw061919
CHRG-116shrg40610,2019-06-19,ssva00,vetaff,https://www.senate.gov/isvp/?comm=vetaff&filename=vetaff061919
CHRG-116shrg47411,2019-06-19,spag00,aging,https://www.senate.gov/isvp/?comm=aging&filename=aging061919
CHRG-116shrg52608,2019-06-19,sscm00,commerce,https://www.senate.gov/isvp/?comm=commerce&filename=commerce061919
CHRG-116shrg37721,2019-06-20,ssbk00,banking,https://www.senate.gov/isvp/?comm=banking&filename=banking062019
CHRG-116shrg37805,2019-06-20,sseg00,energy,https://www.senate.gov/isvp/?comm=energy&filename=energy062019
CHRG-116shrg55151,2019-06-20,sscm00,commerce,https://www.senate.gov/isvp/?comm=commerce&filename=commerce062019
CHRG-116shrg37749,2019-06-25,ssbk00,banking,https://www.senate.gov/isvp/?comm=banking&filename=banking062519
CHRG-116shrg37806,2019-06-25,sseg00,energy,https://www.senate.gov/isvp/?comm=energy&filename=energy062519
CHRG-116shrg38313,2019-06-25,ssaf00,ag,https://www.senate.gov/isvp/?comm=ag&filename=ag062519
CHRG-116shrg41449,2019-06-25,ssaf00,ag,https://www.senate.gov/isvp/?comm=ag&filename=ag062519
CHRG-116shrg52609,2019-06-25,sscm00,commerce,https://www.senate.gov/isvp/?comm=commerce&filename=commerce062519
CHRG-116shrg52726,2019-06-25,sscm00,commerce,https://www.senate.gov/isvp/?comm=commerce&filename=commerce062519
CHRG-116shrg37807,2019-06-26,sseg00,energy,https://www.senate.gov/isvp/?comm=energy&filename=energy062619
CHRG-116shrg39846,2019-06-26,sssb00,smbiz,https://www.senate.gov/isvp/?comm=smbiz&filename=smbiz062619
CHRG-116shrg52727,2019-06-26,sscm00,commerce,https://www.senate.gov/isvp/?comm=commerce&filename=commerce062619
CHRG-116shrg37808,2019-06-27,sseg00,energy,https://www.senate.gov/isvp/?comm=energy&filename=energy062719
CHRG-116shrg37922,2019-06-27,ssbk00,banking,https://www.senate.gov/isvp/?comm=banking&filename=banking062719
CHRG-116shrg37809,2019-07-09,sseg00,energy,https://www.senate.gov/isvp/?comm=energy&filename=energy070919
CHRG-116shrg41306,2019-07-09,ssas00,armed,https://www.senate.gov/isvp/?comm=armed&filename=armedA070919
CHRG-116shrg52728,2019-07-09,sscm00,commerce,https://www.senate.gov/isvp/?comm=commerce&filename=commerce070919
CHRG-116shrg37495,2019-07-10,ssev00,epw,https://www.senate.gov/isvp/?comm=epw&filename=epw071019
CHRG-116shrg40504,2019-07-10,ssfr00,foreign,https://www.senate.gov/isvp/?comm=foreign&filename=foreign071019
CHRG-116shrg47373,2019-07-10,spag00,aging,https://www.senate.gov/isvp/?comm=aging&filename=aging071019
CHRG-116shrg37810,2019-07-11,sseg00,energy,https://www.senate.gov/isvp/?comm=energy&filename=energy071119
CHRG-116shrg37911,2019-07-11,ssbk00,banking,https://www.senate.gov/isvp/?comm=banking&filename=banking071119
CHRG-116shrg37455,2019-07-16,ssga00,govtaff,https://www.senate.gov/isvp/?comm=govtaff&filename=govtaff071619
CHRG-116shrg37456,2019-07-16,ssga00,govtaff,https://www.senate.gov/isvp/?comm=govtaff&filename=govtaff071619
CHRG-116shrg37811,2019-07-16,sseg00,energy,https://www.senate.gov/isvp/?comm=energy&filename=energy071619
CHRG-116shrg37919,2019-07-16,ssbk00,banking,https://www.senate.gov/isvp/?comm=banking&filename=banking071619
CHRG-116shrg40519,2019-07-16,ssfr00,foreign,https://www.senate.gov/isvp/?comm=foreign&filename=foreign071619
CHRG-116shrg37457,2019-07-17,ssga00,govtaff,https://www.senate.gov/isvp/?comm=govtaff&filename=govtaff071719
CHRG-116shrg37496,2019-07-17,ssev00,epw,https://www.senate.gov/isvp/?comm=epw&filename=epw071719
CHRG-116shrg39541,2019-07-17,ssbk00,banking,https://www.senate.gov/isvp/?comm=banking&filename=banking071719
CHRG-116shrg47365,2019-07-17,spag00,aging,https://www.senate.gov/isvp/?comm=aging&filename=aging071719
CHRG-116shrg60883,2019-07-17,sscm00,commerce,https://www.senate.gov/isvp/?comm=commerce&filename=commerce071719
CHRG-116jhrg37214,2019-07-18,jcse00,csce,
CHRG-116shrg37841,2019-07-18,sseg00,energy,https://www.senate.gov/isvp/?comm=energy&filename=energy071819
CHRG-116shrg39542,2019-07-18,ssbk00,banking,https://www.senate.gov/isvp/?comm=banking&filename=banking071819
CHRG-116shrg39842,2019-07-18,ssaf00,ag,https://www.senate.gov/isvp/?comm=ag&filename=ag071819
CHRG-116shrg38871,2019-07-19,sssb00,smbiz,
CHRG-116jhrg37215,2019-07-23,jcse00,csce,
CHRG-116shrg37812,2019-07-23,sseg00,energy,https://www.senate.gov/isvp/?comm=energy&filename=energy072319
CHRG-116shrg38310,2019-07-23,ssbk00,banking,https://www.senate.gov/isvp/?comm=banking&filename=banking072319
CHRG-116shrg44378,2019-07-23,ssfi00,finance,https://www.senate.gov/isvp/?comm=finance&filename=finance072319
CHRG-116shrg52729,2019-07-23,sscm00,commerce,https://www.senate.gov/isvp/?comm=commerce&filename=commerce072319
CHRG-116shrg37366,2019-07-24,ssra00,rules,https://www.senate.gov/isvp/?comm=rules&filename=rules072419
CHRG-116shrg37479,2019-07-24,slia00,indian,https://www.senate.gov/isvp/?comm=indian&filename=indian072419
CHRG-116shrg37491,2019-07-24,ssev00,epw,https://www.senate.gov/isvp/?comm=epw&filename=epw072419
CHRG-116shrg40600,2019-07-24,ssfr00,foreign,https://www.senate.gov/isvp/?comm=foreign&filename=foreign072419
CHRG-116shrg42755,2019-07-24,ssfr00,foreign,https://www.senate.gov/isvp/?comm=foreign&filename=foreign072419
CHRG-116shrg44390,2019-07-24,ssfi00,finance,https://www.senate.gov/isvp/?comm=finance&filename=finance072419
CHRG-116shrg52730,2019-07-24,sscm00,commerce,https://www.senate.gov/isvp/?comm=commerce&filename=commerce072419
CHRG-116shrg37458,2019-07-25,ssga00,govtaff,https://www.senate.gov/isvp/?comm=govtaff&filename=govtaff072519
CHRG-116shrg37813,2019-07-25,sseg00,energy,https://www.senate.gov/isvp/?comm=energy&filename=energy072519
CHRG-116shrg39843,2019-07-25,ssaf00,ag,https://www.senate.gov/isvp/?comm=ag&filename=ag072519
CHRG-116shrg37459,2019-07-30,ssga00,govtaff,https://www.senate.gov/isvp/?comm=govtaff&filename=govtaff073019
CHRG-116shrg38950,2019-07-30,ssbk00,banking,https://www.senate.gov/isvp/?comm=banking&filename=banking073019
CHRG-116shrg39585,2019-07-30,ssev00,epw,https://www.senate.gov/isvp/?comm=epw&filename=epw073019
CHRG-116shrg44662,2019-07-30,ssfi00,finance,https://www.senate.gov/isvp/?comm=finance&filename=finance073019
CHRG-116shrg39844,2019-07-31,ssaf00,ag,https://www.senate.gov/isvp/?comm=ag&filename=ag073119
CHRG-116shrg46000,2019-07-31,ssap00,approps,https://www.senate.gov/isvp/?comm=approps&filename=appropsA073119
CHRG-116shrg52748,2019-07-31,sscm00,commerce,https://www.senate.gov/isvp/?comm=commerce&filename=commerce073119
CHRG-116shrg37814,2019-08-08,sseg00,energy,
CHRG-116shrg38872,2019-08-08,sssb00,smbiz,
CHRG-116shrg49442,2019-08-08,sseg00,energy,
CHRG-116shrg39543,2019-08-14,sssb00,smbiz,
CHRG-116shrg39544,2019-08-16,sssb00,smbiz,
CHRG-116shrg89104851,2019-08-26,ssap00,approps,
CHRG-116shrg38366,2019-08-28,ssev00,epw,
CHRG-116shrg39545,2019-08-28,sssb00,smbiz,
CHRG-116shrg38406,2019-09-03,ssbk00,banking,https://www.senate.gov/isvp/?comm=banking&filename=banking090319
CHRG-116shrg47293,2019-09-05,spag00,aging,https://www.senate.gov/isvp/?comm=aging&filename=aging090519
CHRG-116shrg38157,2019-09-09,ssga00,govtaff,
CHRG-116shrg40380,2019-09-10,ssbk00,banking,https://www.senate.gov/isvp/?comm=banking&filename=banking091019
CHRG-116shrg37815,2019-09-11,sseg00,energy,https://www.senate.gov/isvp/?comm=energy&filename=energy091119
CHRG-116shrg38515,2019-09-11,ssev00,epw,https://www.senate.gov/isvp/?comm=epw&filename=epw091119
CHRG-116shrg52750,2019-09-11,sscm00,commerce,https://www.senate.gov/isvp/?comm=commerce&filename=commerce091119
CHRG-116shrg40381,2019-09-12,ssbk00,banking,https://www.senate.gov/isvp/?comm=banking&filename=banking091219
CHRG-116shrg37816,2019-09-17,sseg00,energy,https://www.senate.gov/isvp/?comm=energy&filename=energy091719
CHRG-116shrg47243,2019-09-17,ssas00,armed,https://www.senate.gov/isvp/?comm=armed&filename=armedA091719
CHRG-116shrg39465,2019-09-18,slia00,indian,https://www.senate.gov/isvp/?comm=indian&filename=indian091819
CHRG-116shrg40614,2019-09-18,ssfr00,foreign,https://www.senate.gov/isvp/?comm=foreign&filename=foreign091819
CHRG-116shrg40655,2019-09-18,ssev00,epw,https://www.senate.gov/isvp/?comm=epw&filename=epw091819
CHRG-116shrg40773,2019-09-18,ssfr00,foreign,https://www.senate.gov/isvp/?comm=foreign&filename=foreign091819
CHRG-116shrg52751,2019-09-18,sscm00,commerce,https://www.senate.gov/isvp/?comm=commerce&filename=commerce091819
CHRG-116shrg41398,2019-09-19,sshr00,help,https://www.senate.gov/isvp/?comm=help&filename=help091919
CHRG-116shrg41448,2019-09-19,ssfr00,foreign,https://www.senate.gov/isvp/?comm=foreign&filename=foreign091919
CHRG-116shrg39668,2019-09-24,ssfr00,foreign,https://www.senate.gov/isvp/?comm=foreign&filename=foreign092419
CHRG-116shrg52752,2019-09-24,sscm00,commerce,https://www.senate.gov/isvp/?comm=commerce&filename=commerce092419
CHRG-116shrg38463,2019-09-25,ssga00,govtaff,https://www.senate.gov/isvp/?comm=govtaff&filename=govtaff092519
CHRG-116shrg38550,2019-09-25,ssbk00,banking,https://www.senate.gov/isvp/?comm=banking&filename=banking092519
CHRG-116shrg39845,2019-09-25,ssaf00,ag,https://www.senate.gov/isvp/?comm=ag&filename=ag092519
CHRG-116shrg40710,2019-09-25,ssev00,epw,https://www.senate.gov/isvp/?comm=epw&filename=epw092519
CHRG-116shrg42347,2019-09-25,ssva00,vetaff,https://www.senate.gov/isvp/?comm=vetaff&filename=vetaff092519
CHRG-116shrg43885,2019-09-25,ssfr00,foreign,https://www.senate.gov/isvp/?comm=foreign&filename=foreign092519
CHRG-116shrg47292,2019-09-25,spag00,aging,https://www.senate.gov/isvp/?comm=aging&filename=aging092519
CHRG-116shrg52760,2019-09-25,sscm00,commerce,https://www.senate.gov/isvp/?comm=commerce&filename=commerce092519
CHRG-116shrg39678,2019-09-26,ssfr00,foreign,https://www.senate.gov/isvp/?comm=foreign&filename=foreign092619
CHRG-116shrg39847,2019-10-03,sssb00,smbiz,
CHRG-116shrg39848,2019-10-04,sssb00,smbiz,
CHRG-116shrg38548,2019-10-07,slia00,indian,https://www.senate.gov/isvp/?comm=indian&filename=indian100719
CHRG-116shrg39466,2019-10-16,ssfr00,foreign,https://www.senate.gov/isvp/?comm=foreign&filename=foreign101619
CHRG-116shrg39745,2019-10-16,slia00,indian,https://www.senate.gov/isvp/?comm=indian&filename=indian101619
CHRG-116shrg40418,2019-10-16,ssev00,epw,https://www.senate.gov/isvp/?comm=epw&filename=epw101619
CHRG-116shrg47291,2019-10-16,spag00,aging,https://www.senate.gov/isvp/?comm=aging&filename=aging101619
CHRG-116shrg52761,2019-10-16,sscm00,commerce,https://www.senate.gov/isvp/?comm=commerce&filename=commerce101619
CHRG-116shrg19104903,2019-10-17,ssap00,approps,https://www.senate.gov/isvp/?comm=approps&filename=appropsA101719
CHRG-116shrg38868,2019-10-17,ssev00,epw,https://www.senate.gov/isvp/?comm=epw&filename=epw101719
CHRG-116shrg39390,2019-10-17,ssbk00,banking,https://www.senate.gov/isvp/?comm=banking&filename=banking101719
CHRG-116shrg39866,2019-10-17,sseg00,energy,https://www.senate.gov/isvp/?comm=energy&filename=energy101719
CHRG-116shrg41889,2019-10-17,ssaf00,ag,https://www.senate.gov/isvp/?comm=ag&filename=ag101719
CHRG-116shrg52762,2019-10-17,sscm00,commerce,https://www.senate.gov/isvp/?comm=commerce&filename=commerce101719
CHRG-116shrg38285,2019-10-22,ssga00,govtaff,https://www.senate.gov/isvp/?comm=govtaff&filename=govtaff102219
CHRG-116shrg38991,2019-10-22,ssfr00,foreign,https://www.senate.gov/isvp/?comm=foreign&filename=foreign102219
CHRG-116shrg39415,2019-10-22,ssbk00,banking,https://www.senate.gov/isvp/?comm=banking&filename=banking102219
CHRG-116shrg39883,2019-10-22,sseg00,energy,https://www.senate.gov/isvp/?comm=energy&filename=energy102219
CHRG-116shrg52763,2019-10-22,sscm00,commerce,https://www.senate.gov/isvp/?comm=commerce&filename=commerce102219
CHRG-116shrg19104886,2019-10-23,ssap00,approps,https://www.senate.gov/isvp/?comm=approps&filename=appropsA102319
CHRG-116shrg38990,2019-10-23,ssfr00,foreign,https://www.senate.gov/isvp/?comm=foreign&filename=foreign102319
CHRG-116shrg40658,2019-10-23,ssev00,epw,https://www.senate.gov/isvp/?comm=epw&filename=epw102319
CHRG-116shrg52764,2019-10-23,sscm00,commerce,https://www.senate.gov/isvp/?comm=commerce&filename=commerce102319
CHRG-116shrg38895,2019-10-24,ssga00,govtaff,https://www.senate.gov/isvp/?comm=govtaff&filename=govtaff102419
CHRG-116shrg40382,2019-10-24,ssbk00,banking,https://www.senate.gov/isvp/?comm=banking&filename=banking102419
CHRG-116shrg44731,2019-10-24,ssfi00,finance,https://www.senate.gov/isvp/?comm=finance&filename=finance102419
CHRG-116shrg52795,2019-10-29,sscm00,commerce,https://www.senate.gov/isvp/?comm=commerce&filename=commerce102919
CHRG-116shrg38653,2019-10-30,ssev00,epw,https://www.senate.gov/isvp/?comm=epw&filename=epw103019
CHRG-116shrg38897,2019-10-30,ssga00,govtaff,https://www.senate.gov/isvp/?comm=govtaff&filename=govtaff103019
CHRG-116shrg39728,2019-10-30,ssga00,govtaff,https://www.senate.gov/isvp/?comm=govtaff&filename=govtaff103019
CHRG-116shrg39867,2019-10-30,sseg00,energy,https://www.senate.gov/isvp/?comm=energy&filename=energy103019
CHRG-116shrg44826,2019-10-30,ssfi00,finance,https://www.senate.gov/isvp/?comm=finance&filename=finance103019
CHRG-116shrg39868,2019-10-31,sseg00,energy,https://www.senate.gov/isvp/?comm=energy&filename=energy103119
CHRG-116shrg40385,2019-10-31,ssga00,govtaff,https://www.senate.gov/isvp/?comm=govtaff&filename=govtaff103119
CHRG-116shrg47206,2019-11-01,spag00,aging,
CHRG-115shrg89104853,2019-11-05,ssap00,approps,
CHRG-116shrg39869,2019-11-05,sseg00,energy,https://www.senate.gov/isvp/?comm=energy&filename=energy110519
CHRG-116shrg42868,2019-11-05,ssga00,govtaff,https://www.senate.gov/isvp/?comm=govtaff&filename=govtaff110519
CHRG-116shrg52796,2019-11-05,sscm00,commerce,https://www.senate.gov/isvp/?comm=commerce&filename=commerce110519
CHRG-116shrg39744,2019-11-06,slia00,indian,https://www.senate.gov/isvp/?comm=indian&filename=indian110619
CHRG-116shrg39870,2019-11-06,sseg00,energy,
CHRG-116shrg40412,2019-11-06,ssev00,epw,https://www.senate.gov/isvp/?comm=epw&filename=epw110619
CHRG-116shrg43877,2019-11-06,ssva00,vetaff,https://www.senate.gov/isvp/?comm=vetaff&filename=vetaff110619
CHRG-116shrg47207,2019-11-06,spag00,aging,https://www.senate.gov/isvp/?comm=aging&filename=aging110619
CHRG-116shrg38506,2019-11-07,ssra00,rules,https://www.senate.gov/isvp/?comm=rules&filename=rules110719
CHRG-116shrg39566,2019-11-07,ssbk00,banking,https://www.senate.gov/isvp/?comm=banking&filename=banking110719
CHRG-116shrg39871,2019-11-07,sseg00,energy,
CHRG-116shrg41890,2019-11-07,ssaf00,ag,https://www.senate.gov/isvp/?comm=ag&filename=ag110719
CHRG-116shrg41399,2019-11-13,sshr00,help,https://www.senate.gov/isvp/?comm=help&filename=help111319
CHRG-116shrg38577,2019-11-14,ssga00,govtaff,https://www.senate.gov/isvp/?comm=govtaff&filename=govtaff111419
CHRG-116shrg38674,2019-11-14,ssra00,rules,https://www.senate.gov/isvp/?comm=rules&filename=rules111419
CHRG-116shrg38797,2019-11-14,ssra00,rules,https://www.senate.gov/isvp/?comm=rules&filename=rules111419
CHRG-116shrg39872,2019-11-14,sseg00,energy,
CHRG-116shrg40641,2019-11-14,sssb00,smbiz,https://www.senate.gov/isvp/?comm=smbiz&filename=smbiz111419
CHRG-116shrg47057,2019-11-15,spag00,aging,
CHRG-116shrg39711,2019-11-19,ssev00,epw,https://www.senate.gov/isvp/?comm=epw&filename=epw111919
CHRG-116shrg41995,2019-11-19,ssga00,govtaff,https://www.senate.gov/isvp/?comm=govtaff&filename=govtaff111919
CHRG-116shrg39482,2019-11-20,ssbk00,banking,https://www.senate.gov/isvp/?comm=banking&filename=banking112019
CHRG-116shrg40402,2019-11-20,slia00,indian,https://www.senate.gov/isvp/?comm=indian&filename=indian112019
CHRG-116shrg40624,2019-11-20,ssfr00,foreign,https://www.senate.gov/isvp/?comm=foreign&filename=foreign112019
CHRG-116shrg40681,2019-11-20,ssev00,epw,https://www.senate.gov/isvp/?comm=epw&filename=epw112019
CHRG-116shrg41309,2019-11-20,ssas00,armed,https://www.senate.gov/isvp/?comm=armed&filename=armedA112019 https://www.senate.gov/isvp/?comm=armed&filename=armedB112019
CHRG-116shrg41400,2019-11-20,sshr00,help,https://www.senate.gov/isvp/?comm=help&filename=help112019
CHRG-116shrg44963,2019-11-20,ssfi00,finance,https://www.senate.gov/isvp/?comm=finance&filename=finance112019
CHRG-116shrg52797,2019-11-20,sscm00,commerce,https://www.senate.gov/isvp/?comm=commerce&filename=commerce112019
CHRG-116shrg54854,2019-11-20,ssas00,armed,https://www.senate.gov/isvp/?comm=armed&filename=armedA112019 https://www.senate.gov/isvp/?comm=armed&filename=armedB112019
CHRG-116shrg19104904,2019-11-21,ssap00,approps,https://www.senate.gov/isvp/?comm=approps&filename=appropsA112119
CHRG-116shrg39873,2019-11-21,sseg00,energy,
CHRG-116shrg44586,2019-11-21,sseg00,energy,
CHRG-116shrg38673,2019-12-03,ssev00,epw,https://www.senate.gov/isvp/?comm=epw&filename=epw120319
CHRG-116shrg40423,2019-12-03,ssfr00,foreign,https://www.senate.gov/isvp/?comm=foreign&filename=foreign120319
CHRG-116shrg54864,2019-12-03,ssas00,armed,https://www.senate.gov/isvp/?comm=armed&filename=armedA120319
CHRG-116shrg38873,2019-12-04,ssga00,govtaff,https://www.senate.gov/isvp/?comm=govtaff&filename=govtaff120419
CHRG-116shrg40801,2019-12-04,ssfr00,foreign,https://www.senate.gov/isvp/?comm=foreign&filename=foreign120419
CHRG-116shrg40845,2019-12-04,ssfr00,foreign,https://www.senate.gov/isvp/?comm=foreign&filename=foreign120419
CHRG-116shrg43315,2019-12-04,ssas00,armed,https://www.senate.gov/isvp/?comm=armed&filename=armedA120419 https://www.senate.gov/isvp/?comm=armed&filename=armedB120419
CHRG-116shrg52801,2019-12-04,sscm00,commerce,https://www.senate.gov/isvp/?comm=commerce&filename=commerce120419
CHRG-116shrg54889,2019-12-04,ssas00,armed,https://www.senate.gov/isvp/?comm=armed&filename=armedA120419 https://www.senate.gov/isvp/?comm=armed&filename=armedB120419
CHRG-116shrg63686,2019-12-04,ssev00,epw,https://www.senate.gov/isvp/?comm=epw&filename=epw120419
CHRG-116shrg40426,2019-12-05,ssfr00,foreign,https://www.senate.gov/isvp/?comm=foreign&filename=foreign120519
CHRG-116shrg41431,2019-12-05,ssbk00,banking,https://www.senate.gov/isvp/?comm=banking&filename=banking120519
CHRG-116shrg52802,2019-12-05,sscm00,commerce,https://www.senate.gov/isvp/?comm=commerce&filename=commerce120519
CHRG-116shrg55053,2019-12-05,ssas00,armed,https://www.senate.gov/isvp/?comm=armed&filename=armedA120519
CHRG-116shrg39874,2019-12-10,sseg00,energy,
CHRG-116shrg41432,2019-12-10,ssbk00,banking,https://www.senate.gov/isvp/?comm=banking&filename=banking121019
CHRG-116shrg39563,2019-12-11,slia00,indian,https://www.senate.gov/isvp/?comm=indian&filename=indian121119
CHRG-116shrg40642,2019-12-11,sssb00,smbiz,https://www.senate.gov/isvp/?comm=smbiz&filename=smbiz121119
CHRG-116shrg52941,2019-12-11,sscm00,commerce,https://www.senate.gov/isvp/?comm=commerce&filename=commerce121119
CHRG-116shrg38799,2019-12-12,ssra00,rules,https://www.senate.gov/isvp/?comm=rules&filename=rules121219
CHRG-116shrg52942,2019-12-12,sscm00,commerce,https://www.senate.gov/isvp/?comm=commerce&filename=commerce121219
CHRG-116shrg39875,2019-12-17,sseg00,energy,https://www.senate.gov/isvp/?comm=energy&filename=energy121719
CHRG-116shrg40771,2019-12-17,ssev00,epw,https://www.senate.gov/isvp/?comm=epw&filename=epw121719
CHRG-116shrg40971,2019-12-18,ssga00,govtaff,https://www.senate.gov/isvp/?comm=govtaff&filename=govtaff121819
CHRG-116shrg39876,2019-12-19,sseg00,energy,https://www.senate.gov/isvp/?comm=energy&filename=energy121919
CHRG-116shrg39944,2020-01-08,ssev00,epw,https://www.senate.gov/isvp/?comm=epw&filename=epw010820
CHRG-116shrg40834,2020-01-14,ssev00,epw,https://www.senate.gov/isvp/?comm=epw&filename=epw011420
CHRG-116shrg40225,2020-01-15,ssev00,epw,https://www.senate.gov/isvp/?comm=epw&filename=epw011520
CHRG-116shrg52611,2020-01-15,sscm00,commerce,https://www.senate.gov/isvp/?comm=commerce&filename=commerce011520
CHRG-116jhrg39690,2020-01-22,jcse00,csce,
CHRG-116shrg40975,2020-01-22,ssev00,epw,https://www.senate.gov/isvp/?comm=epw&filename=epw012220
CHRG-116shrg52612,2020-01-22,sscm00,commerce,https://www.senate.gov/isvp/?comm=commerce&filename=commerce012220
CHRG-116shrg39977,2020-01-28,ssga00,govtaff,https://www.senate.gov/isvp/?comm=govtaff&filename=govtaff012820
CHRG-116shrg52613,2020-01-28,sscm00,commerce,https://www.senate.gov/isvp/?comm=commerce&filename=commerce012820
CHRG-116shrg42637,2020-01-29,ssev00,epw,https://www.senate.gov/isvp/?comm=epw&filename=epw012920
CHRG-116shrg46704,2020-01-29,spag00,aging,https://www.senate.gov/isvp/?comm=aging&filename=aging012920
CHRG-116shrg56187,2020-01-30,ssas00,armed,https://www.senate.gov/isvp/?comm=armed&filename=armedA013020
CHRG-116shrg52614,2020-02-04,sscm00,commerce,https://www.senate.gov/isvp/?comm=commerce&filename=commerce020420
CHRG-116shrg42433,2020-02-05,ssev00,epw,https://www.senate.gov/isvp/?comm=epw&filename=epw020520
CHRG-116shrg44306,2020-02-05,ssva00,vetaff,https://www.senate.gov/isvp/?comm=vetaff&filename=vetaff020520
CHRG-116shrg45113,2020-02-05,ssfi00,finance,https://www.senate.gov/isvp/?comm=finance&filename=finance020520
CHRG-116shrg52615,2020-02-05,sscm00,commerce,https://www.senate.gov/isvp/?comm=commerce&filename=commerce020520
CHRG-116shrg40386,2020-02-11,ssga00,govtaff,https://www.senate.gov/isvp/?comm=govtaff&filename=govtaff021120
CHRG-116shrg40873,2020-02-11,ssev00,epw,https://www.senate.gov/isvp/?comm=epw&filename=epw021120
CHRG-116shrg40972,2020-02-11,ssga00,govtaff,https://www.senate.gov/isvp/?comm=govtaff&filename=govtaff021120
CHRG-116shrg52659,2020-02-11,sscm00,commerce,https://www.senate.gov/isvp/?comm=commerce&filename=commerce021120
CHRG-116shrg56282,2020-02-11,ssas00,armed,https://www.senate.gov/isvp/?comm=armed&filename=armedA021120
CHRG-116shrg40549,2020-02-12,ssga00,govtaff,https://www.senate.gov/isvp/?comm=govtaff&filename=govtaff021220
CHRG-116shrg40907,2020-02-12,ssfr00,foreign,https://www.senate.gov/isvp/?comm=foreign&filename=foreign021220
CHRG-116shrg42742,2020-02-12,ssbk00,banking,https://www.senate.gov/isvp/?comm=banking&filename=banking021220
CHRG-116shrg44391,2020-02-12,ssga00,govtaff,https://www.senate.gov/isvp/?comm=govtaff&filename=govtaff021220
CHRG-116shrg45146,2020-02-12,ssfi00,finance,https://www.senate.gov/isvp/?comm=finance&filename=finance021220
CHRG-116shrg47056,2020-02-12,spag00,aging,https://www.senate.gov/isvp/?comm=aging&filename=aging021220
CHRG-116shrg52660,2020-02-12,sscm00,commerce,https://www.senate.gov/isvp/?comm=commerce&filename=commerce021220
CHRG-116shrg40240,2020-02-13,ssbk00,banking,https://www.senate.gov/isvp/?comm=banking&filename=banking021320
CHRG-116shrg45465,2020-02-13,ssfi00,finance,https://www.senate.gov/isvp/?comm=finance&filename=finance021320
CHRG-116shrg52661,2020-02-24,sscm00,commerce,
CHRG-116shrg19104891,2020-02-25,ssap00,approps,https://www.senate.gov/isvp/?comm=approps&filename=appropsA022520 https://www.senate.gov/isvp/?comm=approps&filename=appropsB022520
CHRG-116shrg29104956,2020-02-25,ssap00,approps,https://www.senate.gov/isvp/?comm=approps&filename=appropsA022520 https://www.senate.gov/isvp/?comm=approps&filename=appropsB022520
CHRG-116shrg40183,2020-02-25,ssap00,approps,https://www.senate.gov/isvp/?comm=approps&filename=appropsA022520 https://www.senate.gov/isvp/?comm=approps&filename=appropsB022520
CHRG-116shrg40910,2020-02-25,sseg00,energy,https://www.senate.gov/isvp/?comm=energy&filename=energy022520
CHRG-116shrg40984,2020-02-25,ssfr00,foreign,https://www.senate.gov/isvp/?comm=foreign&filename=foreign022520
CHRG-116shrg44071,2020-02-25,ssbk00,banking,https://www.senate.gov/isvp/?comm=banking&filename=banking022520
CHRG-116shrg40954,2020-02-26,ssva00,vetaff,https://www.senate.gov/isvp/?comm=vetaff&filename=vetaff022620
CHRG-116shrg29104957,2020-03-03,ssap00,approps,https://www.senate.gov/isvp/?comm=approps&filename=appropsA030320
CHRG-116shrg40911,2020-03-03,sseg00,energy,https://www.senate.gov/isvp/?comm=energy&filename=energy030320
CHRG-116shrg41122,2020-03-03,ssva00,vetaff,https://www.senate.gov/isvp/?comm=vetaff&filename=vetaff030320
CHRG-116shrg45217,2020-03-03,sshr00,help,https://www.senate.gov/isvp/?comm=help&filename=help030320
CHRG-116shrg52662,2020-03-03,sscm00,commerce,https://www.senate.gov/isvp/?comm=commerce&filename=commerce030320
CHRG-116shrg56283,2020-03-03,ssas00,armed,https://www.senate.gov/isvp/?comm=armed&filename=armed030320
CHRG-116shrg19104895,2020-03-04,ssap00,approps,https://www.senate.gov/isvp/?comm=approps&filename=appropsA030420 https://www.senate.gov/isvp/?comm=approps&filename=appropsB030420
CHRG-116shrg29104934,2020-03-04,ssap00,approps,https://www.senate.gov/isvp/?comm=approps&filename=appropsA030420 https://www.senate.gov/isvp/?comm=approps&filename=appropsB030420
CHRG-116shrg29104937,2020-03-04,ssap00,approps,https://www.senate.gov/isvp/?comm=approps&filename=appropsA030420 https://www.senate.gov/isvp/?comm=approps&filename=appropsB030420
CHRG-116shrg40186,2020-03-04,ssap00,approps,https://www.senate.gov/isvp/?comm=approps&filename=appropsA030420 https://www.senate.gov/isvp/?comm=approps&filename=appropsB030420
CHRG-116shrg40490,2020-03-04,slia00,indian,https://www.senate.gov/isvp/?comm=indian&filename=indian030420
CHRG-116shrg40627,2020-03-04,ssev00,epw,https://www.senate.gov/isvp/?comm=epw&filename=epw030420
CHRG-116shrg40912,2020-03-04,sseg00,energy,https://www.senate.gov/isvp/?comm=energy&filename=energy030420
CHRG-116shrg40913,2020-03-04,sseg00,energy,https://www.senate.gov/isvp/?comm=energy&filename=energy030420
CHRG-116shrg40973,2020-03-04,ssga00,govtaff,https://www.senate.gov/isvp/?comm=govtaff&filename=govtaff030420
CHRG-116shrg42783,2020-03-04,ssva00,vetaff,https://www.senate.gov/isvp/?comm=vetaff&filename=vetaff030420
CHRG-116shrg52663,2020-03-04,sscm00,commerce,https://www.senate.gov/isvp/?comm=commerce&filename=commerce030420
CHRG-116shrg52669,2020-03-04,sscm00,commerce,https://www.senate.gov/isvp/?comm=commerce&filename=commerce030420
CHRG-116shrg56188,2020-03-04,ssas00,armed,https://www.senate.gov/isvp/?comm=armed&filename=armedA030420 https://www.senate.gov/isvp/?comm=armed&filename=armedB030420
CHRG-116shrg56284,2020-03-04,ssas00,armed,https://www.senate.gov/isvp/?comm=armed&filename=armedA030420 https://www.senate.gov/isvp/?comm=armed&filename=armedB030420
CHRG-116shrg19104892,2020-03-05,ssap00,approps,https://www.senate.gov/isvp/?comm=approps&filename=appropsA030520 https://www.senate.gov/isvp/?comm=approps&filename=appropsB030520
CHRG-116shrg29104952,2020-03-05,ssap00,approps,https://www.senate.gov/isvp/?comm=approps&filename=appropsA030520 https://www.senate.gov/isvp/?comm=approps&filename=appropsB030520
CHRG-116shrg40914,2020-03-05,sseg00,energy,https://www.senate.gov/isvp/?comm=energy&filename=energy030520
CHRG-116shrg41862,2020-03-05,ssfr00,foreign,https://www.senate.gov/isvp/?comm=foreign&filename=foreign030520
CHRG-116shrg42246,2020-03-05,ssbk00,banking,https://www.senate.gov/isvp/?comm=banking&filename=banking030520
CHRG-116shrg19104923,2020-03-10,ssap00,approps,https://www.senate.gov/isvp/?comm=approps&filename=appropsA031020 https://www.senate.gov/isvp/?comm=approps&filename=appropsB031020
CHRG-116shrg19104924,2020-03-10,ssap00,approps,https://www.senate.gov/isvp/?comm=approps&filename=appropsA031020 https://www.senate.gov/isvp/?comm=approps&filename=appropsB031020
CHRG-116shrg40360,2020-03-10,ssra00,rules,https://www.senate.gov/isvp/?comm=rules&filename=rules031020
CHRG-116shrg40915,2020-03-10,sseg00,energy,https://www.senate.gov/isvp/?comm=energy&filename=energy031020
CHRG-116shrg44072,2020-03-10,ssbk00,banking,https://www.senate.gov/isvp/?comm=banking&filename=banking031020
CHRG-116shrg19104896,2020-03-11,ssap00,approps,https://www.senate.gov/isvp/?comm=approps&filename=appropsA031120 https://www.senate.gov/isvp/?comm=approps&filename=appropsB031120
CHRG-116shrg29104935,2020-03-11,ssap00,approps,https://www.senate.gov/isvp/?comm=approps&filename=appropsA031120 https://www.senate.gov/isvp/?comm=approps&filename=appropsB031120
CHRG-116shrg29104938,2020-03-11,ssap00,approps,https://www.senate.gov/isvp/?comm=approps&filename=appropsA031120 https://www.senate.gov/isvp/?comm=approps&filename=appropsB031120
CHRG-116shrg40362,2020-03-11,ssev00,epw,https://www.senate.gov/isvp/?comm=epw&filename=epw031120
CHRG-116shrg40985,2020-03-11,ssfr00,foreign,https://www.senate.gov/isvp/?comm=foreign&filename=foreign031120
CHRG-116shrg41270,2020-03-11,ssva00,vetaff,https://www.senate.gov/isvp/?comm=vetaff&filename=vetaff031120
CHRG-116shrg52670,2020-03-11,sscm00,commerce,https://www.senate.gov/isvp/?comm=commerce&filename=commerce031120
CHRG-116shrg56189,2020-03-11,ssas00,armed,https://www.senate.gov/isvp/?comm=armed&filename=armedA031120
CHRG-116shrg29104936,2020-03-12,ssap00,approps,https://www.senate.gov/isvp/?comm=approps&filename=appropsA031220
CHRG-116shrg43665,2020-03-12,sssb00,smbiz,https://www.senate.gov/isvp/?comm=smbiz&filename=smbiz031220
CHRG-116shrg44021,2020-03-12,ssbu00,budget,https://www.senate.gov/isvp/?comm=budget&filename=budget031220
CHRG-116shrg44638,2020-03-12,ssaf00,ag,https://www.senate.gov/isvp/?comm=ag&filename=ag031220
CHRG-116shrg40523,2020-04-22,ssev00,epw,
CHRG-116shrg40791,2020-04-30,ssga00,govtaff,https://www.senate.gov/isvp/?comm=govtaff&filename=govtaff043020
CHRG-116shrg40699,2020-05-05,slin00,intel,https://www.senate.gov/isvp/?comm=intel&filename=intel050520
CHRG-116shrg42247,2020-05-05,ssbk00,banking,https://www.senate.gov/isvp/?comm=banking&filename=banking050520
CHRG-116shrg52671,2020-05-06,sscm00,commerce,https://www.senate.gov/isvp/?comm=commerce&filename=commerce050620
CHRG-116shrg56584,2020-05-06,ssas00,armed,https://www.senate.gov/isvp/?comm=armed&filename=armedA050620
CHRG-116shrg45218,2020-05-07,sshr00,help,https://www.senate.gov/isvp/?comm=help&filename=help050720
CHRG-116shrg45219,2020-05-12,sshr00,help,https://www.senate.gov/isvp/?comm=help&filename=help051220
CHRG-116shrg45018,2020-05-13,ssfr00,foreign,https://www.senate.gov/isvp/?comm=foreign&filename=foreign051320
CHRG-116shrg52672,2020-05-13,sscm00,commerce,https://www.senate.gov/isvp/?comm=commerce&filename=commerce051320
CHRG-116shrg40943,2020-05-19,ssev00,epw,https://www.senate.gov/isvp/?comm=epw&filename=epw051920
CHRG-116shrg45759,2020-05-19,ssbk00,banking,https://www.senate.gov/isvp/?comm=banking&filename=banking051920
CHRG-116shrg40916,2020-05-20,sseg00,energy,https://www.senate.gov/isvp/?comm=energy&filename=energy052020
CHRG-116shrg42849,2020-05-20,ssev00,epw,https://www.senate.gov/isvp/?comm=epw&filename=epw052020
CHRG-116shrg47030,2020-05-21,spag00,aging,https://www.senate.gov/isvp/?comm=aging&filename=aging052120
CHRG-116shrg40720,2020-06-02,ssga00,govtaff,https://www.senate.gov/isvp/?comm=govtaff&filename=govtaff060220
CHRG-116shrg42248,2020-06-02,ssbk00,banking,https://www.senate.gov/isvp/?comm=banking&filename=banking060220
CHRG-116shrg45640,2020-06-02,ssfi00,finance,https://www.senate.gov/isvp/?comm=finance&filename=finance060220
CHRG-116shrg40721,2020-06-03,ssga00,govtaff,https://www.senate.gov/isvp/?comm=govtaff&filename=govtaff060320
CHRG-116shrg42251,2020-06-03,ssbu00,budget,https://www.senate.gov/isvp/?comm=budget&filename=budget060320
CHRG-116shrg43666,2020-06-03,sssb00,smbiz,https://www.senate.gov/isvp/?comm=smbiz&filename=smbiz060320
CHRG-116shrg44629,2020-06-03,ssva00,vetaff,https://www.senate.gov/isvp/?comm=vetaff&filename=vetaff060320
CHRG-116shrg52673,2020-06-03,sscm00,commerce,https://www.senate.gov/isvp/?comm=commerce&filename=commerce060320
CHRG-116shrg41135,2020-06-04,ssev00,epw,https://www.senate.gov/isvp/?comm=epw&filename=epw060420
CHRG-116shrg42249,2020-06-04,ssbk00,banking,https://www.senate.gov/isvp/?comm=banking&filename=banking060420
CHRG-116shrg45220,2020-06-04,sshr00,help,https://www.senate.gov/isvp/?comm=help&filename=help060420
CHRG-116shrg40917,2020-06-09,sseg00,energy,https://www.senate.gov/isvp/?comm=energy&filename=energy060920
CHRG-116shrg44628,2020-06-09,ssbk00,banking,https://www.senate.gov/isvp/?comm=banking&filename=banking060920
CHRG-116shrg44699,2020-06-09,ssva00,vetaff,https://www.senate.gov/isvp/?comm=vetaff&filename=vetaff060920
CHRG-116shrg45808,2020-06-09,ssfi00,finance,https://www.senate.gov/isvp/?comm=finance&filename=finance060920
CHRG-116shrg63175,2020-06-09,ssju00,judiciary,https://www.senate.gov/isvp/?comm=judiciary&filename=judiciary060920
CHRG-116shrg43667,2020-06-10,sssb00,smbiz,https://www.senate.gov/isvp/?comm=smbiz&filename=smbiz061020
CHRG-116shrg45221,2020-06-10,sshr00,help,https://www.senate.gov/isvp/?comm=help&filename=help061020
CHRG-116shrg47031,2020-06-11,spag00,aging,https://www.senate.gov/isvp/?comm=aging&filename=aging061120
CHRG-116shrg29104932,2020-06-16,ssap00,approps,https://www.senate.gov/isvp/?comm=approps&filename=appropsA061620
CHRG-116shrg40918,2020-06-16,sseg00,energy,https://www.senate.gov/isvp/?comm=energy&filename=energy061620
CHRG-116shrg44517,2020-06-16,ssbk00,banking,https://www.senate.gov/isvp/?comm=banking&filename=banking061620
CHRG-116shrg54998,2020-06-16,sscm00,commerce,https://www.senate.gov/isvp/?comm=commerce&filename=commerce061620
CHRG-116shrg41242,2020-06-17,ssev00,epw,https://www.senate.gov/isvp/?comm=epw&filename=epw061720
CHRG-116shrg45222,2020-06-17,sshr00,help,https://www.senate.gov/isvp/?comm=help&filename=help061720
CHRG-116shrg45894,2020-06-17,ssfi00,finance,https://www.senate.gov/isvp/?comm=finance&filename=finance061720
CHRG-116shrg52680,2020-06-17,sscm00,commerce,https://www.senate.gov/isvp/?comm=commerce&filename=commerce061720
CHRG-116shrg42192,2020-06-18,ssfr00,foreign,https://www.senate.gov/isvp/?comm=foreign&filename=foreign061820
CHRG-116shrg40841,2020-06-23,ssga00,govtaff,https://www.senate.gov/isvp/?comm=govtaff&filename=govtaff062320
CHRG-116shrg42492,2020-06-23,ssbk00,banking,https://www.senate.gov/isvp/?comm=banking&filename=banking062320
CHRG-116shrg45223,2020-06-23,sshr00,help,https://www.senate.gov/isvp/?comm=help&filename=help062320
CHRG-116shrg40700,2020-06-24,slin00,intel,https://www.senate.gov/isvp/?comm=intel&filename=intel062420
CHRG-116shrg40919,2020-06-24,sseg00,energy,https://www.senate.gov/isvp/?comm=energy&filename=energy062420
CHRG-116shrg42252,2020-06-24,ssbu00,budget,https://www.senate.gov/isvp/?comm=budget&filename=budget062420
CHRG-116shrg42357,2020-06-24,slia00,indian,https://www.senate.gov/isvp/?comm=indian&filename=indian062420
CHRG-116shrg45154,2020-06-24,ssaf00,ag,https://www.senate.gov/isvp/?comm=ag&filename=ag062420
CHRG-116shrg52681,2020-06-24,sscm00,commerce,https://www.senate.gov/isvp/?comm=commerce&filename=commerce062420
CHRG-116shrg40920,2020-06-30,sseg00,energy,https://www.senate.gov/isvp/?comm=energy&filename=energy063020
CHRG-116shrg41259,2020-06-30,ssga00,govtaff,https://www.senate.gov/isvp/?comm=govtaff&filename=govtaff063020
CHRG-116shrg45224,2020-06-30,sshr00,help,https://www.senate.gov/isvp/?comm=help&filename=help063020
CHRG-116shrg45917,2020-06-30,ssfi00,finance,https://www.senate.gov/isvp/?comm=finance&filename=finance063020
CHRG-116shrg46137,2020-06-30,ssfi00,finance,https://www.senate.gov/isvp/?comm=finance&filename=finance063020
CHRG-116shrg52682,2020-06-30,sscm00,commerce,https://www.senate.gov/isvp/?comm=commerce&filename=commerce063020
CHRG-116shrg40974,2020-07-01,ssev00,epw,https://www.senate.gov/isvp/?comm=epw&filename=epw070120
CHRG-116shrg41422,2020-07-01,slia00,indian,https://www.senate.gov/isvp/?comm=indian&filename=indian070120
CHRG-116shrg41934,2020-07-01,ssev00,epw,https://www.senate.gov/isvp/?comm=epw&filename=epw070120
CHRG-116shrg45059,2020-07-01,ssva00,vetaff,https://www.senate.gov/isvp/?comm=vetaff&filename=vetaff070120
CHRG-116shrg52683,2020-07-01,sscm00,commerce,https://www.senate.gov/isvp/?comm=commerce&filename=commerce070120
CHRG-116shrg19104893,2020-07-02,ssap00,approps,https://www.senate.gov/isvp/?comm=approps&filename=appropsA070220
CHRG-116shrg29104933,2020-07-21,ssap00,approps,https://www.senate.gov/isvp/?comm=approps&filename=appropsA072120
CHRG-116shrg42472,2020-07-21,ssbk00,banking,https://www.senate.gov/isvp/?comm=banking&filename=banking072120
CHRG-116shrg46156,2020-07-21,ssfi00,finance,https://www.senate.gov/isvp/?comm=finance&filename=finance072120
CHRG-116shrg46842,2020-07-21,spag00,aging,https://www.senate.gov/isvp/?comm=aging&filename=aging072120
CHRG-116shrg52684,2020-07-21,sscm00,commerce,https://www.senate.gov/isvp/?comm=commerce&filename=commerce072120
CHRG-116shrg40866,2020-07-22,slin00,intel,https://www.senate.gov/isvp/?comm=intel&filename=intel072220
CHRG-116shrg40921,2020-07-22,sseg00,energy,https://www.senate.gov/isvp/?comm=energy&filename=energy072220
CHRG-116shrg41243,2020-07-22,ssra00,rules,https://www.senate.gov/isvp/?comm=rules&filename=rules072220
CHRG-116shrg42133,2020-07-22,ssev00,epw,https://www.senate.gov/isvp/?comm=epw&filename=epw072220
CHRG-116shrg42191,2020-07-22,ssfr00,foreign,https://www.senate.gov/isvp/?comm=foreign&filename=foreign072220
CHRG-116shrg42704,2020-07-22,ssbk00,banking,https://www.senate.gov/isvp/?comm=banking&filename=banking072220
CHRG-116shrg40922,2020-07-23,sseg00,energy,https://www.senate.gov/isvp/?comm=energy&filename=energy072320
CHRG-116shrg46603,2020-07-23,sssb00,smbiz,https://www.senate.gov/isvp/?comm=smbiz&filename=smbiz072320
CHRG-116shrg52820,2020-07-23,sscm00,commerce,https://www.senate.gov/isvp/?comm=commerce&filename=commerce072320
CHRG-116shrg41324,2020-07-28,ssga00,govtaff,https://www.senate.gov/isvp/?comm=govtaff&filename=govtaff072820
CHRG-116shrg41401,2020-07-28,sseg00,energy,https://www.senate.gov/isvp/?comm=energy&filename=energy072820
CHRG-116shrg46295,2020-07-28,ssfi00,finance,https://www.senate.gov/isvp/?comm=finance&filename=finance072820
CHRG-116shrg52821,2020-07-28,sscm00,commerce,https://www.senate.gov/isvp/?comm=commerce&filename=commerce072820
CHRG-116shrg41322,2020-07-29,ssev00,epw,https://www.senate.gov/isvp/?comm=epw&filename=epw072920
CHRG-116shrg42457,2020-07-29,slia00,indian,https://www.senate.gov/isvp/?comm=indian&filename=indian072920
CHRG-116shrg44519,2020-07-29,ssbk00,banking,https://www.senate.gov/isvp/?comm=banking&filename=banking072920
CHRG-116shrg45201,2020-07-29,ssva00,vetaff,
CHRG-116shrg46497,2020-07-29,ssfi00,finance,https://www.senate.gov/isvp/?comm=finance&filename=finance072920
CHRG-116shrg52822,2020-07-29,sscm00,commerce,https://www.senate.gov/isvp/?comm=commerce&filename=commerce072920
CHRG-116shrg46633,2020-07-30,ssfi00,finance,https://www.senate.gov/isvp/?comm=finance&filename=finance073020
CHRG-116shrg48763,2020-07-30,ssfr00,foreign,https://www.senate.gov/isvp/?comm=foreign&filename=foreign073020
CHRG-116shrg52823,2020-07-30,sscm00,commerce,https://www.senate.gov/isvp/?comm=commerce&filename=commerce073020
CHRG-116shrg42238,2020-08-04,ssfr00,foreign,https://www.senate.gov/isvp/?comm=foreign&filename=foreign080420
CHRG-116shrg56585,2020-08-04,ssas00,armed,https://www.senate.gov/isvp/?comm=armed&filename=armedA080420
CHRG-116shrg41402,2020-08-05,sseg00,energy,https://www.senate.gov/isvp/?comm=energy&filename=energy080520
CHRG-116shrg41427,2020-08-05,ssev00,epw,https://www.senate.gov/isvp/?comm=epw&filename=epw080520
CHRG-116shrg63315,2020-08-05,,,
CHRG-116shrg42869,2020-08-06,ssga00,govtaff,https://www.senate.gov/isvp/?comm=govtaff&filename=govtaff080620
CHRG-116shrg54589,2020-08-06,sscm00,commerce,https://www.senate.gov/isvp/?comm=commerce&filename=commerce080620
CHRG-116shrg41867,2020-08-21,ssga00,govtaff,https://www.senate.gov/isvp/?comm=govtaff&filename=govtaff082120
CHRG-116shrg41873,2020-09-09,ssga00,govtaff,https://www.senate.gov/isvp/?comm=govtaff&filename=govtaff090920
CHRG-116shrg42801,2020-09-09,ssev00,epw,https://www.senate.gov/isvp/?comm=epw&filename=epw090920
CHRG-116shrg43457,2020-09-09,slin00,intel,https://www.senate.gov/isvp/?comm=intel&filename=intel090920
CHRG-116shrg44818,2020-09-09,ssbk00,banking,https://www.senate.gov/isvp/?comm=banking&filename=banking090920
CHRG-116shrg45225,2020-09-09,sshr00,help,https://www.senate.gov/isvp/?comm=help&filename=help090920
CHRG-116shrg45284,2020-09-09,ssva00,vetaff,https://www.senate.gov/isvp/?comm=vetaff&filename=vetaff090920
CHRG-116shrg45226,2020-09-15,sshr00,help,https://www.senate.gov/isvp/?comm=help&filename=help091520
CHRG-116shrg19104894,2020-09-16,ssap00,approps,https://www.senate.gov/isvp/?comm=approps&filename=appropsA091620
CHRG-116shrg41906,2020-09-16,sseg00,energy,https://www.senate.gov/isvp/?comm=energy&filename=energy091620
CHRG-116shrg42874,2020-09-16,ssev00,epw,https://www.senate.gov/isvp/?comm=epw&filename=epw091620
CHRG-116shrg44022,2020-09-16,ssbu00,budget,https://www.senate.gov/isvp/?comm=budget&filename=budget091620
CHRG-116shrg42239,2020-09-17,ssfr00,foreign,https://www.senate.gov/isvp/?comm=foreign&filename=foreign091720
CHRG-116shrg45227,2020-09-17,sshr00,help,https://www.senate.gov/isvp/?comm=help&filename=help091720
CHRG-116shrg56586,2020-09-17,ssas00,armed,https://www.senate.gov/isvp/?comm=armed&filename=armedA091720
CHRG-116shrg41921,2020-09-22,sseg00,energy,https://www.senate.gov/isvp/?comm=energy&filename=energy092220
CHRG-116shrg29104962,2020-09-23,ssap00,approps,https://www.senate.gov/isvp/?comm=approps&filename=approps092320
CHRG-116shrg41959,2020-09-23,ssga00,govtaff,https://www.senate.gov/isvp/?comm=govtaff&filename=govtaff092320
CHRG-116shrg42479,2020-09-23,slia00,indian,https://www.senate.gov/isvp/?comm=indian&filename=indian092320
CHRG-116shrg43458,2020-09-23,ssev00,epw,https://www.senate.gov/isvp/?comm=epw&filename=epw092320
CHRG-116shrg45228,2020-09-23,sshr00,help,https://www.senate.gov/isvp/?comm=help&filename=help092320
CHRG-116shrg42870,2020-09-24,ssga00,govtaff,https://www.senate.gov/isvp/?comm=govtaff&filename=govtaff092420
CHRG-116shrg43349,2020-09-24,ssbk00,banking,https://www.senate.gov/isvp/?comm=banking&filename=banking092420
CHRG-116shrg46841,2020-09-24,spag00,aging,https://www.senate.gov/isvp/?comm=aging&filename=aging092420
CHRG-116shrg48608,2020-09-24,ssfr00,foreign,https://www.senate.gov/isvp/?comm=foreign&filename=foreign092420
CHRG-116shrg52919,2020-09-24,sscm00,commerce,https://www.senate.gov/isvp/?comm=commerce&filename=commerce092420
CHRG-116shrg52920,2020-09-30,sscm00,commerce,https://www.senate.gov/isvp/?comm=commerce&filename=commerce093020
CHRG-116shrg63673,2020-09-30,,,
CHRG-116shrg56587,2020-10-01,ssas00,armed,https://www.senate.gov/isvp/?comm=armed&filename=armedA100120
CHRG-116shrg46691,2020-10-07,ssfi00,finance,https://www.senate.gov/isvp/?comm=finance&filename=finance100720
CHRG-116shrg53974,2020-10-12,ssju00,judiciary,https://www.senate.gov/isvp/?comm=judiciary&filename=judiciary101220
CHRG-116shrg45365,2020-10-21,ssva00,vetaff,https://www.senate.gov/isvp/?comm=vetaff&filename=vetaff102120
CHRG-116shrg54130,2020-10-21,sscm00,commerce,https://www.senate.gov/isvp/?comm=commerce&filename=commerce102120
CHRG-116shrg54131,2020-10-28,sscm00,commerce,https://www.senate.gov/isvp/?comm=commerce&filename=commerce102820
CHRG-116shrg52853,2020-11-10,sscm00,commerce,https://www.senate.gov/isvp/?comm=commerce&filename=commerce111020
CHRG-116shrg54195,2020-11-10,ssbk00,banking,https://www.senate.gov/isvp/?comm=banking&filename=banking111020
CHRG-116shrg63674,2020-11-10,ssju00,judiciary,https://www.senate.gov/isvp/?comm=judiciary&filename=judiciary111020
CHRG-116shrg42358,2020-11-17,ssra00,rules,https://www.senate.gov/isvp/?comm=rules&filename=rules111720
CHRG-116shrg44820,2020-11-17,ssbk00,banking,https://www.senate.gov/isvp/?comm=banking&filename=banking111720
CHRG-116shrg52854,2020-11-17,sscm00,commerce,https://www.senate.gov/isvp/?comm=commerce&filename=commerce111720
CHRG-116shrg42427,2020-11-18,ssra00,rules,https://www.senate.gov/isvp/?comm=rules&filename=rules111820
CHRG-116shrg42592,2020-11-18,sseg00,energy,
CHRG-116shrg42886,2020-11-18,ssga00,govtaff,https://www.senate.gov/isvp/?comm=govtaff&filename=govtaff111820
CHRG-116shrg63792,2020-11-18,,,
CHRG-116shrg43445,2020-12-01,ssbk00,banking,https://www.senate.gov/isvp/?comm=banking&filename=banking120120
CHRG-116shrg42932,2020-12-02,ssev00,epw,https://www.senate.gov/isvp/?comm=epw&filename=epw120220
CHRG-116shrg43278,2020-12-02,ssga00,govtaff,https://www.senate.gov/isvp/?comm=govtaff&filename=govtaff120220
CHRG-116shrg44640,2020-12-02,ssaf00,ag,https://www.senate.gov/isvp/?comm=ag&filename=ag120220
CHRG-116shrg56588,2020-12-02,ssas00,armed,https://www.senate.gov/isvp/?comm=armed&filename=armedA120220
CHRG-116shrg43069,2020-12-03,ssga00,govtaff,https://www.senate.gov/isvp/?comm=govtaff&filename=govtaff120320
CHRG-116shrg52855,2020-12-08,sscm00,commerce,https://www.senate.gov/isvp/?comm=commerce&filename=commerce120820
CHRG-116shrg43336,2020-12-09,slia00,indian,https://www.senate.gov/isvp/?comm=indian&filename=indian120920
CHRG-116shrg45421,2020-12-09,ssva00,vetaff,https://www.senate.gov/isvp/?comm=vetaff&filename=vetaff120920
CHRG-116shrg46722,2020-12-09,ssfi00,finance,https://www.senate.gov/isvp/?comm=finance&filename=finance120920
CHRG-116shrg52856,2020-12-09,sscm00,commerce,https://www.senate.gov/isvp/?comm=commerce&filename=commerce120920
CHRG-116shrg63803,2020-12-09,ssev00,epw,https://www.senate.gov/isvp/?comm=epw&filename=epw120920
CHRG-116shrg43444,2020-12-10,ssga00,govtaff,https://www.senate.gov/isvp/?comm=govtaff&filename=govtaff121020
CHRG-116shrg46604,2020-12-10,sssb00,smbiz,https://www.senate.gov/isvp/?comm=smbiz&filename=smbiz121020
CHRG-116shrg52857,2020-12-10,sscm00,commerce,https://www.senate.gov/isvp/?comm=commerce&filename=commerce121020
CHRG-116shrg52921,2020-12-15,sscm00,commerce,https://www.senate.gov/isvp/?comm=commerce&filename=commerce121520
CHRG-116shrg52922,2020-12-15,sscm00,commerce,https://www.senate.gov/isvp/?comm=commerce&filename=commerce121520
CHRG-116shrg43071,2020-12-16,ssga00,govtaff,https://www.senate.gov/isvp/?comm=govtaff&filename=govtaff121620
CHRG-116shrg43476,2020-12-16,ssbk00,banking,https://www.senate.gov/isvp/?comm=banking&filename=banking121620
CHRG-116shrg46740,2020-12-16,ssfi00,finance,https://www.senate.gov/isvp/?comm=finance&filename=finance121620
CHRG-117shrg57164,2021-01-12,ssas00,armed,https://www.senate.gov/isvp/?comm=armed&filename=armedA011221
CHRG-117shrg43055,2021-01-19,slin00,intel,https://www.senate.gov/isvp/?comm=intel&filename=intel011921
CHRG-117shrg43890,2021-01-19,ssfr00,foreign,https://www.senate.gov/isvp/?comm=foreign&filename=foreign011921
CHRG-117shrg43891,2021-01-19,ssfr00,foreign,https://www.senate.gov/isvp/?comm=foreign&filename=foreign011921
CHRG-117shrg44583,2021-01-19,ssga00,govtaff,https://www.senate.gov/isvp/?comm=govtaff&filename=govtaff011921
CHRG-117shrg46951,2021-01-19,ssfi00,finance,https://www.senate.gov/isvp/?comm=finance&filename=finance011921
CHRG-117shrg47861,2021-01-19,ssfr00,foreign,https://www.senate.gov/isvp/?comm=foreign&filename=foreign011921
CHRG-117shrg48392,2021-01-19,ssfr00,foreign,https://www.senate.gov/isvp/?comm=foreign&filename=foreign011921
CHRG-117shrg62869,2021-01-19,ssas00,armed,https://www.senate.gov/isvp/?comm=armed&filename=armedA011921
CHRG-117shrg53057,2021-01-21,sscm00,commerce,https://www.senate.gov/isvp/?comm=commerce&filename=commerce012121
CHRG-117shrg53058,2021-01-26,sscm00,commerce,https://www.senate.gov/isvp/?comm=commerce&filename=commerce012621
CHRG-117shrg43819,2021-01-27,sseg00,energy,https://www.senate.gov/isvp/?comm=energy&filename=energy012721
CHRG-117shrg45209,2021-01-27,ssfr00,foreign,https://www.senate.gov/isvp/?comm=foreign&filename=foreign012721
CHRG-117shrg45636,2021-01-27,ssva00,vetaff,https://www.senate.gov/isvp/?comm=vetaff&filename=vetaff012721
CHRG-117shrg49900,2021-01-27,ssva00,vetaff,https://www.senate.gov/isvp/?comm=vetaff&filename=vetaff012721
CHRG-117shrg43929,2021-01-28,ssbk00,banking,https://www.senate.gov/isvp/?comm=banking&filename=banking012821
CHRG-117shrg45388,2021-02-02,ssaf00,ag,https://www.senate.gov/isvp/?comm=ag&filename=ag020221
CHRG-117shrg43820,2021-02-03,sseg00,energy,https://www.senate.gov/isvp/?comm=energy&filename=energy020321
CHRG-117shrg46625,2021-02-03,sssb00,smbiz,https://www.senate.gov/isvp/?comm=smbiz&filename=smbiz020321
CHRG-117shrg46749,2021-02-03,sshr00,help,https://www.senate.gov/isvp/?comm=help&filename=help020321
CHRG-117shrg46750,2021-02-04,sshr00,help,https://www.senate.gov/isvp/?comm=help&filename=help020421
CHRG-117shrg44584,2021-02-09,ssga00,govtaff,https://www.senate.gov/isvp/?comm=govtaff&filename=govtaff020921
CHRG-117shrg44901,2021-02-10,ssbu00,budget,https://www.senate.gov/isvp/?comm=budget&filename=budget021021
CHRG-117shrg45165,2021-02-10,ssbu00,budget,https://www.senate.gov/isvp/?comm=budget&filename=budget021021
CHRG-117shrg45477,2021-02-18,ssbk00,banking,https://www.senate.gov/isvp/?comm=banking&filename=banking021821
CHRG-117shrg48356,2021-02-22,ssju00,judiciary,https://www.senate.gov/isvp/?comm=judiciary&filename=judiciary022221
CHRG-117shrg43821,2021-02-23,sseg00,energy,https://www.senate.gov/isvp/?comm=energy&filename=energy022321
CHRG-117shrg44585,2021-02-23,ssga00,govtaff,https://www.senate.gov/isvp/?comm=govtaff&filename=govtaff022321
CHRG-117shrg44741,2021-02-23,ssbk00,banking,https://www.senate.gov/isvp/?comm=banking&filename=banking022321
CHRG-117shrg45485,2021-02-23,slin00,intel,https://www.senate.gov/isvp/?comm=intel&filename=intel022321
CHRG-117shrg46695,2021-02-23,ssas00,armed,https://www.senate.gov/isvp/?comm=armed&filename=armedA022321
CHRG-117shrg46751,2021-02-23,sshr00,help,https://www.senate.gov/isvp/?comm=help&filename=help022321
CHRG-117shrg47024,2021-02-23,ssfi00,finance,https://www.senate.gov/isvp/?comm=finance&filename=finance022321
CHRG-117shrg51707,2021-02-23,ssga00,govtaff,https://www.senate.gov/isvp/?comm=govtaff&filename=govtaff022321
CHRG-117shrg44248,2021-02-24,slia00,indian,https://www.senate.gov/isvp/?comm=indian&filename=indian022421
CHRG-117shrg45486,2021-02-24,slin00,intel,https://www.senate.gov/isvp/?comm=intel&filename=intel022421
CHRG-117shrg45822,2021-02-24,ssva00,vetaff,https://www.senate.gov/isvp/?comm=vetaff&filename=vetaff022421
CHRG-117shrg47302,2021-02-24,ssfi00,finance,https://www.senate.gov/isvp/?comm=finance&filename=finance022421
CHRG-117shrg44967,2021-02-25,ssbu00,budget,https://www.senate.gov/isvp/?comm=budget&filename=budget022521
CHRG-117shrg45014,2021-02-25,ssbk00,banking,https://www.senate.gov/isvp/?comm=banking&filename=banking022521
CHRG-117shrg46752,2021-02-25,sshr00,help,https://www.senate.gov/isvp/?comm=help&filename=help022521
CHRG-117shrg47345,2021-02-25,ssfi00,finance,https://www.senate.gov/isvp/?comm=finance&filename=finance022521
CHRG-117shrg59451,2021-02-25,ssas00,armed,https://www.senate.gov/isvp/?comm=armed&filename=armedA022521
CHRG-117shrg44783,2021-03-02,ssga00,govtaff,https://www.senate.gov/isvp/?comm=govtaff&filename=govtaff030221
CHRG-117shrg44902,2021-03-02,ssbu00,budget,https://www.senate.gov/isvp/?comm=budget&filename=budget030221
CHRG-117shrg45766,2021-03-02,ssbk00,banking,https://www.senate.gov/isvp/?comm=banking&filename=banking030221
CHRG-117shrg49700,2021-03-02,ssga00,govtaff,https://www.senate.gov/isvp/?comm=govtaff&filename=govtaff030221
CHRG-117shrg50624,2021-03-02,ssju00,judiciary,https://www.senate.gov/isvp/?comm=judiciary&filename=judiciary030221
CHRG-117shrg59452,2021-03-02,ssas00,armed,https://www.senate.gov/isvp/?comm=armed&filename=armedA030221
CHRG-117shrg52808,2021-03-03,ssva00,vetaff,https://www.senate.gov/isvp/?comm=vetaff&filename=vetaff030321
CHRG-117shrg53059,2021-03-03,sscm00,commerce,https://www.senate.gov/isvp/?comm=commerce&filename=commerce030321
CHRG-117shrg43822,2021-03-04,sseg00,energy,https://www.senate.gov/isvp/?comm=energy&filename=energy030421
CHRG-117shrg44784,2021-03-04,ssga00,govtaff,https://www.senate.gov/isvp/?comm=govtaff&filename=govtaff030421
CHRG-117shrg45765,2021-03-04,ssbk00,banking,https://www.senate.gov/isvp/?comm=banking&filename=banking030421
CHRG-117shrg52809,2021-03-04,ssva00,vetaff,https://www.senate.gov/isvp/?comm=vetaff&filename=vetaff030421
CHRG-117shrg62871,2021-03-04,ssas00,armed,https://www.senate.gov/isvp/?comm=armed&filename=armedA030421
CHRG-117shrg46082,2021-03-09,ssbk00,banking,https://www.senate.gov/isvp/?comm=banking&filename=banking030921
CHRG-117shrg46753,2021-03-09,sshr00,help,https://www.senate.gov/isvp/?comm=help&filename=help030921
CHRG-117shrg48864,2021-03-09,ssju00,judiciary,https://www.senate.gov/isvp/?comm=judiciary&filename=judiciary030921
CHRG-117shrg56721,2021-03-09,ssas00,armed,https://www.senate.gov/isvp/?comm=armed&filename=armedA030921
CHRG-117shrg44045,2021-03-10,ssfr00,foreign,https://www.senate.gov/isvp/?comm=foreign&filename=foreign031021
CHRG-117shrg46012,2021-03-10,ssva00,vetaff,https://www.senate.gov/isvp/?comm=vetaff&filename=vetaff031021
CHRG-117shrg50625,2021-03-10,ssju00,judiciary,https://www.senate.gov/isvp/?comm=judiciary&filename=judiciary031021
CHRG-117shrg53060,2021-03-10,sscm00,commerce,https://www.senate.gov/isvp/?comm=commerce&filename=commerce031021
CHRG-117shrg43853,2021-03-11,sseg00,energy,https://www.senate.gov/isvp/?comm=energy&filename=energy031121
CHRG-117shrg45389,2021-03-11,ssaf00,ag,https://www.senate.gov/isvp/?comm=ag&filename=ag031121
CHRG-117shrg50626,2021-03-11,ssju00,judiciary,https://www.senate.gov/isvp/?comm=judiciary&filename=judiciary031121
CHRG-117shrg59453,2021-03-11,ssas00,armed,https://www.senate.gov/isvp/?comm=armed&filename=armedA031121
CHRG-117shrg43854,2021-03-16,sseg00,energy,https://www.senate.gov/isvp/?comm=energy&filename=energy031621
CHRG-117shrg46754,2021-03-16,sshr00,help,https://www.senate.gov/isvp/?comm=help&filename=help031621
CHRG-117shrg47081,2021-03-16,ssbk00,banking,https://www.senate.gov/isvp/?comm=banking&filename=banking031621
CHRG-117shrg47492,2021-03-16,ssfi00,finance,https://www.senate.gov/isvp/?comm=finance&filename=finance031621
CHRG-117shrg44456,2021-03-17,ssfr00,foreign,https://www.senate.gov/isvp/?comm=foreign&filename=foreign031721
CHRG-117shrg45040,2021-03-17,ssbu00,budget,https://www.senate.gov/isvp/?comm=budget&filename=budget031721
CHRG-117shrg46626,2021-03-17,sssb00,smbiz,https://www.senate.gov/isvp/?comm=smbiz&filename=smbiz031721
CHRG-117shrg47758,2021-03-17,ssfi00,finance,https://www.senate.gov/isvp/?comm=finance&filename=finance031721
CHRG-117shrg50627,2021-03-17,ssju00,judiciary,https://www.senate.gov/isvp/?comm=judiciary&filename=judiciary031721
CHRG-117shrg53061,2021-03-17,sscm00,commerce,https://www.senate.gov/isvp/?comm=commerce&filename=commerce031721
CHRG-117shrg44785,2021-03-18,ssga00,govtaff,https://www.senate.gov/isvp/?comm=govtaff&filename=govtaff031821
CHRG-117shrg45269,2021-03-18,spag00,aging,https://www.senate.gov/isvp/?comm=aging&filename=aging031821
CHRG-117shrg46755,2021-03-18,sshr00,help,https://www.senate.gov/isvp/?comm=help&filename=help031821
CHRG-117shrg47082,2021-03-18,ssbk00,banking,https://www.senate.gov/isvp/?comm=banking&filename=banking031821
CHRG-117shrg47802,2021-03-18,ssfi00,finance,https://www.senate.gov/isvp/?comm=finance&filename=finance031821
CHRG-117shrg52810,2021-03-18,hsvr00,,
CHRG-117shrg44406,2021-03-23,ssfr00,foreign,https://www.senate.gov/isvp/?comm=foreign&filename=foreign032321
CHRG-117shrg44786,2021-03-23,ssga00,govtaff,https://www.senate.gov/isvp/?comm=govtaff&filename=govtaff032321
CHRG-117shrg46756,2021-03-23,sshr00,help,https://www.senate.gov/isvp/?comm=help&filename=help032321
CHRG-117shrg49699,2021-03-23,ssga00,govtaff,https://www.senate.gov/isvp/?comm=govtaff&filename=govtaff032321
CHRG-117shrg50628,2021-03-23,ssju00,judiciary,https://www.senate.gov/isvp/?comm=judiciary&filename=judiciary032321
CHRG-117shrg62872,2021-03-23,ssas00,armed,https://www.senate.gov/isvp/?comm=armed&filename=armedA032321
CHRG-117shrg43942,2021-03-24,sseg00,energy,https://www.senate.gov/isvp/?comm=energy&filename=energy032421
CHRG-117shrg44074,2021-03-24,ssra00,rules,https://www.senate.gov/isvp/?comm=rules&filename=rules032421
CHRG-117shrg44465,2021-03-24,ssfr00,foreign,https://www.senate.gov/isvp/?comm=foreign&filename=foreign032421
CHRG-117shrg44761,2021-03-24,slia00,indian,https://www.senate.gov/isvp/?comm=indian&filename=indian032421
CHRG-117shrg45042,2021-03-24,ssga00,govtaff,https://www.senate.gov/isvp/?comm=govtaff&filename=govtaff032421
CHRG-117shrg46079,2021-03-24,ssva00,vetaff,https://www.senate.gov/isvp/?comm=vetaff&filename=vetaff032421
CHRG-117shrg46757,2021-03-24,sshr00,help,https://www.senate.gov/isvp/?comm=help&filename=help032421
CHRG-117shrg47083,2021-03-24,ssbk00,banking,https://www.senate.gov/isvp/?comm=banking&filename=banking032421
CHRG-117shrg53084,2021-03-24,sscm00,commerce,https://www.senate.gov/isvp/?comm=commerce&filename=commerce032421
CHRG-117shrg43943,2021-03-25,sseg00,energy,https://www.senate.gov/isvp/?comm=energy&filename=energy032521
CHRG-117shrg44721,2021-03-25,ssfr00,foreign,https://www.senate.gov/isvp/?comm=foreign&filename=foreign032521
CHRG-117shrg44787,2021-03-25,ssga00,govtaff,https://www.senate.gov/isvp/?comm=govtaff&filename=govtaff032521
CHRG-117shrg45119,2021-03-25,ssbu00,budget,https://www.senate.gov/isvp/?comm=budget&filename=budget032521
CHRG-117shrg45390,2021-03-25,ssaf00,ag,https://www.senate.gov/isvp/?comm=ag&filename=ag032521
CHRG-117shrg46758,2021-03-25,sshr00,help,https://www.senate.gov/isvp/?comm=help&filename=help032521
CHRG-117shrg47084,2021-03-25,ssbk00,banking,https://www.senate.gov/isvp/?comm=banking&filename=banking032521
CHRG-117shrg47971,2021-03-25,ssfi00,finance,https://www.senate.gov/isvp/?comm=finance&filename=finance032521
CHRG-117shrg39104987,2021-04-01,ssap00,approps,
CHRG-117shrg29104945,2021-04-13,ssap00,approps,https://www.senate.gov/isvp/?comm=approps&filename=appropsA041321 https://www.senate.gov/isvp/?comm=approps&filename=appropsB041321
CHRG-117shrg44162,2021-04-13,ssap00,approps,https://www.senate.gov/isvp/?comm=approps&filename=appropsA041321 https://www.senate.gov/isvp/?comm=approps&filename=appropsB041321
CHRG-117shrg44165,2021-04-13,ssap00,approps,https://www.senate.gov/isvp/?comm=approps&filename=appropsA041321 https://www.senate.gov/isvp/?comm=approps&filename=appropsB041321
CHRG-117shrg47751,2021-04-13,ssbk00,banking,https://www.senate.gov/isvp/?comm=banking&filename=banking041321
CHRG-117shrg48296,2021-04-13,ssfi00,finance,https://www.senate.gov/isvp/?comm=finance&filename=finance041321
CHRG-117shrg48377,2021-04-13,ssbk00,banking,https://www.senate.gov/isvp/?comm=banking&filename=banking041321
CHRG-117shrg53085,2021-04-13,sscm00,commerce,https://www.senate.gov/isvp/?comm=commerce&filename=commerce041321
CHRG-117shrg39104969,2021-04-14,ssap00,approps,https://www.senate.gov/isvp/?comm=approps&filename=appropsA041421
CHRG-117shrg44174,2021-04-14,ssap00,approps,https://www.senate.gov/isvp/?comm=approps&filename=appropsA041421
CHRG-117shrg44757,2021-04-14,ssev00,epw,https://www.senate.gov/isvp/?comm=epw&filename=epw041421
CHRG-117shrg44905,2021-04-14,ssev00,epw,https://www.senate.gov/isvp/?comm=epw&filename=epw041421
CHRG-117shrg45086,2021-04-14,slia00,indian,https://www.senate.gov/isvp/?comm=indian&filename=indian041421
CHRG-117shrg45487,2021-04-14,slin00,intel,https://www.senate.gov/isvp/?comm=intel&filename=intel041421
CHRG-117shrg45981,2021-04-14,ssga00,govtaff,https://www.senate.gov/isvp/?comm=govtaff&filename=govtaff041421
CHRG-117shrg46120,2021-04-14,ssva00,vetaff,https://www.senate.gov/isvp/?comm=vetaff&filename=vetaff041421
CHRG-117shrg50295,2021-04-14,ssga00,govtaff,https://www.senate.gov/isvp/?comm=govtaff&filename=govtaff041421
CHRG-117shrg54095,2021-04-14,ssju00,judiciary,https://www.senate.gov/isvp/?comm=judiciary&filename=judiciary041421
CHRG-117shrg54870,2021-04-14,sscm00,commerce,https://www.senate.gov/isvp/?comm=commerce&filename=commerce041421
CHRG-117shrg44469,2021-04-15,sseg00,energy,https://www.senate.gov/isvp/?comm=energy&filename=energy041521
CHRG-117shrg45191,2021-04-15,ssbu00,budget,https://www.senate.gov/isvp/?comm=budget&filename=budget041521
CHRG-117shrg46759,2021-04-15,sshr00,help,https://www.senate.gov/isvp/?comm=help&filename=help041521
CHRG-117shrg48327,2021-04-15,ssfi00,finance,https://www.senate.gov/isvp/?comm=finance&filename=finance041521
CHRG-117shrg48366,2021-04-15,ssbk00,banking,https://www.senate.gov/isvp/?comm=banking&filename=banking041521
CHRG-117shrg53086,2021-04-15,sscm00,commerce,https://www.senate.gov/isvp/?comm=commerce&filename=commerce041521
CHRG-117shrg53976,2021-04-15,ssju00,judiciary,https://www.senate.gov/isvp/?comm=judiciary&filename=judiciary041521
CHRG-117shrg29104946,2021-04-20,ssap00,approps,https://www.senate.gov/isvp/?comm=approps&filename=appropsA042021 https://www.senate.gov/isvp/?comm=approps&filename=appropsB042021
CHRG-117shrg46760,2021-04-20,sshr00,help,https://www.senate.gov/isvp/?comm=help&filename=help042021
CHRG-117shrg47903,2021-04-20,ssbk00,banking,https://www.senate.gov/isvp/?comm=banking&filename=banking042021
CHRG-117shrg48847,2021-04-20,ssfi00,finance,https://www.senate.gov/isvp/?comm=finance&filename=finance042021
CHRG-117shrg49553,2021-04-20,ssap00,approps,https://www.senate.gov/isvp/?comm=approps&filename=appropsA042021 https://www.senate.gov/isvp/?comm=approps&filename=appropsB042021
CHRG-117shrg53977,2021-04-20,ssju00,judiciary,https://www.senate.gov/isvp/?comm=judiciary&filename=judiciary042021
CHRG-117shrg54106,2021-04-20,sscm00,commerce,https://www.senate.gov/isvp/?comm=commerce&filename=commerce042021
CHRG-117shrg44184,2021-04-21,ssap00,approps,https://www.senate.gov/isvp/?comm=approps&filename=appropsA042121
CHRG-117shrg44973,2021-04-21,ssfr00,foreign,https://www.senate.gov/isvp/?comm=foreign&filename=foreign042121
CHRG-117shrg46628,2021-04-21,sssb00,smbiz,https://www.senate.gov/isvp/?comm=smbiz&filename=smbiz042121
CHRG-117shrg50216,2021-04-21,ssju00,judiciary,https://www.senate.gov/isvp/?comm=judiciary&filename=judiciary042121
CHRG-117shrg53087,2021-04-21,sscm00,commerce,https://www.senate.gov/isvp/?comm=commerce&filename=commerce042121
CHRG-117shrg54107,2021-04-21,sscm00,commerce,https://www.senate.gov/isvp/?comm=commerce&filename=commerce042121
CHRG-117shrg54138,2021-04-21,ssju00,judiciary,https://www.senate.gov/isvp/?comm=judiciary&filename=judiciary042121
CHRG-117shrg59468,2021-04-21,ssas00,armed,https://www.senate.gov/isvp/?comm=armed&filename=armedA042121
CHRG-117shrg44470,2021-04-22,sseg00,energy,https://www.senate.gov/isvp/?comm=energy&filename=energy042221
CHRG-117shrg45945,2021-04-22,ssaf00,ag,https://www.senate.gov/isvp/?comm=ag&filename=ag042221
CHRG-117shrg45983,2021-04-22,ssga00,govtaff,https://www.senate.gov/isvp/?comm=govtaff&filename=govtaff042221
CHRG-117shrg46761,2021-04-22,sshr00,help,https://www.senate.gov/isvp/?comm=help&filename=help042221
CHRG-117shrg47912,2021-04-22,ssbk00,banking,https://www.senate.gov/isvp/?comm=banking&filename=banking042221
CHRG-117shrg48401,2021-04-22,ssfi00,finance,https://www.senate.gov/isvp/?comm=finance&filename=finance042221
CHRG-117shrg54139,2021-04-22,ssju00,judiciary,https://www.senate.gov/isvp/?comm=judiciary&filename=judiciary042221
CHRG-117shrg44471,2021-04-27,sseg00,energy,https://www.senate.gov/isvp/?comm=energy&filename=energy042721
CHRG-117shrg44974,2021-04-27,ssfr00,foreign,https://www.senate.gov/isvp/?comm=foreign&filename=foreign042721
CHRG-117shrg45043,2021-04-27,ssga00,govtaff,https://www.senate.gov/isvp/?comm=govtaff&filename=govtaff042721
CHRG-117shrg46762,2021-04-27,sshr00,help,https://www.senate.gov/isvp/?comm=help&filename=help042721
CHRG-117shrg48510,2021-04-27,ssfi00,finance,https://www.senate.gov/isvp/?comm=finance&filename=finance042721
CHRG-117shrg48668,2021-04-27,ssfi00,finance,https://www.senate.gov/isvp/?comm=finance&filename=finance042721
CHRG-117shrg53088,2021-04-27,sscm00,commerce,https://www.senate.gov/isvp/?comm=commerce&filename=commerce042721
CHRG-117shrg54197,2021-04-27,ssju00,judiciary,https://www.senate.gov/isvp/?comm=judiciary&filename=judiciary042721
CHRG-117shrg54198,2021-04-27,ssju00,judiciary,https://www.senate.gov/isvp/?comm=judiciary&filename=judiciary042721
CHRG-117shrg54257,2021-04-27,sscm00,commerce,https://www.senate.gov/isvp/?comm=commerce&filename=commerce042721
CHRG-117shrg59566,2021-04-27,ssas00,armed,https://www.senate.gov/isvp/?comm=armed&filename=armedA042721
CHRG-117shrg29104958,2021-04-28,ssap00,approps,https://www.senate.gov/isvp/?comm=approps&filename=appropsA042821 https://www.senate.gov/isvp/?comm=approps&filename=appropsB042821
CHRG-117shrg39104980,2021-04-28,ssap00,approps,https://www.senate.gov/isvp/?comm=approps&filename=appropsA042821 https://www.senate.gov/isvp/?comm=approps&filename=appropsB042821
CHRG-117shrg39104981,2021-04-28,ssap00,approps,https://www.senate.gov/isvp/?comm=approps&filename=appropsA042821 https://www.senate.gov/isvp/?comm=approps&filename=appropsB042821
CHRG-117shrg39104998,2021-04-28,ssap00,approps,https://www.senate.gov/isvp/?comm=approps&filename=appropsA042821 https://www.senate.gov/isvp/?comm=approps&filename=appropsB042821
CHRG-117shrg45044,2021-04-28,ssga00,govtaff,https://www.senate.gov/isvp/?comm=govtaff&filename=govtaff042821
CHRG-117shrg45427,2021-04-28,slia00,indian,https://www.senate.gov/isvp/?comm=indian&filename=indian042821
CHRG-117shrg46558,2021-04-28,ssva00,vetaff,https://www.senate.gov/isvp/?comm=vetaff&filename=vetaff042821
CHRG-117shrg46763,2021-04-28,sshr00,help,https://www.senate.gov/isvp/?comm=help&filename=help042821
CHRG-117shrg47913,2021-04-28,ssbk00,banking,https://www.senate.gov/isvp/?comm=banking&filename=banking042821
CHRG-117shrg50338,2021-04-28,ssap00,approps,https://www.senate.gov/isvp/?comm=approps&filename=appropsA042821 https://www.senate.gov/isvp/?comm=approps&filename=appropsB042821
CHRG-117shrg54243,2021-04-28,ssju00,judiciary,https://www.senate.gov/isvp/?comm=judiciary&filename=judiciary042821
CHRG-117shrg54325,2021-04-28,ssju00,judiciary,https://www.senate.gov/isvp/?comm=judiciary&filename=judiciary042821
CHRG-117shrg39104965,2021-04-29,ssap00,approps,https://www.senate.gov/isvp/?comm=approps&filename=appropsA042921
CHRG-117shrg44472,2021-04-29,sseg00,energy,https://www.senate.gov/isvp/?comm=energy&filename=energy042921
CHRG-117shrg45308,2021-04-29,spag00,aging,https://www.senate.gov/isvp/?comm=aging&filename=aging042921
CHRG-117shrg46764,2021-04-29,sshr00,help,https://www.senate.gov/isvp/?comm=help&filename=help042921
CHRG-117shrg48094,2021-04-29,ssbk00,banking,https://www.senate.gov/isvp/?comm=banking&filename=banking042921
CHRG-117shrg48991,2021-04-29,ssfi00,finance,https://www.senate.gov/isvp/?comm=finance&filename=finance042921
CHRG-117shrg54585,2021-04-29,sscm00,commerce,https://www.senate.gov/isvp/?comm=commerce&filename=commerce042921
CHRG-117shrg59625,2021-04-29,ssas00,armed,https://www.senate.gov/isvp/?comm=armed&filename=armedA042921
CHRG-117shrg46765,2021-05-11,sshr00,help,https://www.senate.gov/isvp/?comm=help&filename=help051121
CHRG-117shrg47785,2021-05-11,ssbk00,banking,https://www.senate.gov/isvp/?comm=banking&filename=banking051121
CHRG-117shrg49445,2021-05-11,ssfi00,finance,https://www.senate.gov/isvp/?comm=finance&filename=finance051121
CHRG-117shrg53090,2021-05-11,sscm00,commerce,https://www.senate.gov/isvp/?comm=commerce&filename=commerce051121
CHRG-117shrg54244,2021-05-11,ssju00,judiciary,https://www.senate.gov/isvp/?comm=judiciary&filename=judiciary051121
CHRG-117shrg62873,2021-05-11,ssas00,armed,https://www.senate.gov/isvp/?comm=armed&filename=armedA051121
CHRG-117shrg45045,2021-05-12,ssga00,govtaff,https://www.senate.gov/isvp/?comm=govtaff&filename=govtaff051221
CHRG-117shrg45251,2021-05-12,ssbu00,budget,https://www.senate.gov/isvp/?comm=budget&filename=budget051221
CHRG-117shrg45535,2021-05-12,ssfr00,foreign,https://www.senate.gov/isvp/?comm=foreign&filename=foreign051221
CHRG-117shrg45580,2021-05-12,slia00,indian,https://www.senate.gov/isvp/?comm=indian&filename=indian051221
CHRG-117shrg46693,2021-05-12,ssva00,vetaff,https://www.senate.gov/isvp/?comm=vetaff&filename=vetaff051221
CHRG-117shrg49526,2021-05-12,ssfi00,finance,https://www.senate.gov/isvp/?comm=finance&filename=finance051221
CHRG-117shrg49554,2021-05-12,ssap00,approps,https://www.senate.gov/isvp/?comm=approps&filename=appropsA051221
CHRG-117shrg49785,2021-05-12,ssfi00,finance,https://www.senate.gov/isvp/?comm=finance&filename=finance051221
CHRG-117shrg54245,2021-05-12,ssju00,judiciary,https://www.senate.gov/isvp/?comm=judiciary&filename=judiciary051221
CHRG-117shrg54326,2021-05-12,ssju00,judiciary,https://www.senate.gov/isvp/?comm=judiciary&filename=judiciary051221
CHRG-117shrg56724,2021-05-12,ssas00,armed,https://www.senate.gov/isvp/?comm=armed&filename=armedA051221 https://www.senate.gov/isvp/?comm=armed&filename=armedB051221
CHRG-117shrg56725,2021-05-12,ssas00,armed,https://www.senate.gov/isvp/?comm=armed&filename=armedA051221 https://www.senate.gov/isvp/?comm=armed&filename=armedB051221
CHRG-117shrg39104978,2021-05-13,ssap00,approps,https://www.senate.gov/isvp/?comm=approps&filename=appropsA051321
CHRG-117shrg44732,2021-05-13,sseg00,energy,https://www.senate.gov/isvp/?comm=energy&filename=energy051321
CHRG-117shrg45984,2021-05-13,ssga00,govtaff,https://www.senate.gov/isvp/?comm=govtaff&filename=govtaff051321
CHRG-117shrg46766,2021-05-13,sshr00,help,https://www.senate.gov/isvp/?comm=help&filename=help051321
CHRG-117shrg49698,2021-05-13,ssga00,govtaff,https://www.senate.gov/isvp/?comm=govtaff&filename=govtaff051321
CHRG-117shrg52264,2021-05-13,sseg00,energy,https://www.senate.gov/isvp/?comm=energy&filename=energy051321
CHRG-117shrg63009,2021-05-13,ssas00,armed,https://www.senate.gov/isvp/?comm=armed&filename=armedA051321
CHRG-117shrg29104947,2021-05-18,ssap00,approps,https://www.senate.gov/isvp/?comm=approps&filename=appropsA051821
CHRG-117shrg44733,2021-05-18,sseg00,energy,https://www.senate.gov/isvp/?comm=energy&filename=energy051821
CHRG-117shrg45488,2021-05-18,slin00,intel,https://www.senate.gov/isvp/?comm=intel&filename=intel051821
CHRG-117shrg45998,2021-05-18,ssga00,govtaff,https://www.senate.gov/isvp/?comm=govtaff&filename=govtaff051821
CHRG-117shrg46767,2021-05-18,sshr00,help,https://www.senate.gov/isvp/?comm=help&filename=help051821
CHRG-117shrg48383,2021-05-18,ssbk00,banking,https://www.senate.gov/isvp/?comm=banking&filename=banking051821
CHRG-117shrg50297,2021-05-18,ssfi00,finance,https://www.senate.gov/isvp/?comm=finance&filename=finance051821
CHRG-117shrg53091,2021-05-18,sscm00,commerce,https://www.senate.gov/isvp/?comm=commerce&filename=commerce051821
CHRG-117shrg53092,2021-05-18,sscm00,commerce,https://www.senate.gov/isvp/?comm=commerce&filename=commerce051821
CHRG-117shrg59478,2021-05-18,ssas00,armed,https://www.senate.gov/isvp/?comm=armed&filename=armedA051821
CHRG-117shrg29104939,2021-05-19,ssap00,approps,https://www.senate.gov/isvp/?comm=approps&filename=appropsA051921 https://www.senate.gov/isvp/?comm=approps&filename=appropsB051921
CHRG-117shrg29104940,2021-05-19,ssap00,approps,https://www.senate.gov/isvp/?comm=approps&filename=appropsA051921 https://www.senate.gov/isvp/?comm=approps&filename=appropsB051921
CHRG-117shrg39104979,2021-05-19,ssap00,approps,https://www.senate.gov/isvp/?comm=approps&filename=appropsA051921 https://www.senate.gov/isvp/?comm=approps&filename=appropsB051921
CHRG-117shrg39104982,2021-05-19,ssap00,approps,https://www.senate.gov/isvp/?comm=approps&filename=appropsA051921 https://www.senate.gov/isvp/?comm=approps&filename=appropsB051921
CHRG-117shrg44181,2021-05-19,ssap00,approps,https://www.senate.gov/isvp/?comm=approps&filename=appropsA051921 https://www.senate.gov/isvp/?comm=approps&filename=appropsB051921
CHRG-117shrg46825,2021-05-19,ssva00,vetaff,https://www.senate.gov/isvp/?comm=vetaff&filename=vetaff051921
CHRG-117shrg46998,2021-05-19,sssb00,smbiz,https://www.senate.gov/isvp/?comm=smbiz&filename=smbiz051921
CHRG-117shrg50344,2021-05-19,ssfi00,finance,https://www.senate.gov/isvp/?comm=finance&filename=finance051921
CHRG-117shrg54246,2021-05-19,ssju00,judiciary,https://www.senate.gov/isvp/?comm=judiciary&filename=judiciary051921
CHRG-117shrg44734,2021-05-20,sseg00,energy,https://www.senate.gov/isvp/?comm=energy&filename=energy052021
CHRG-117shrg45366,2021-05-20,spag00,aging,https://www.senate.gov/isvp/?comm=aging&filename=aging052021
CHRG-117shrg45947,2021-05-20,ssaf00,ag,https://www.senate.gov/isvp/?comm=ag&filename=ag052021
CHRG-117shrg46768,2021-05-20,sshr00,help,https://www.senate.gov/isvp/?comm=help&filename=help052021
CHRG-117shrg47787,2021-05-20,ssbk00,banking,https://www.senate.gov/isvp/?comm=banking&filename=banking052021
CHRG-117shrg53093,2021-05-20,sscm00,commerce,https://www.senate.gov/isvp/?comm=commerce&filename=commerce052021
CHRG-117shrg59479,2021-05-20,ssas00,armed,https://www.senate.gov/isvp/?comm=armed&filename=armedA052021
CHRG-117shrg48250,2021-05-25,ssbk00,banking,https://www.senate.gov/isvp/?comm=banking&filename=banking052521
CHRG-117shrg50916,2021-05-25,ssfi00,finance,https://www.senate.gov/isvp/?comm=finance&filename=finance052521
CHRG-117shrg54132,2021-05-25,sscm00,commerce,https://www.senate.gov/isvp/?comm=commerce&filename=commerce052521
CHRG-117shrg54441,2021-05-25,ssju00,judiciary,https://www.senate.gov/isvp/?comm=judiciary&filename=judiciary052521
CHRG-117shrg62982,2021-05-25,ssas00,armed,https://www.senate.gov/isvp/?comm=armed&filename=armedA052521
CHRG-117shrg29104941,2021-05-26,ssap00,approps,https://www.senate.gov/isvp/?comm=approps&filename=appropsA052621 https://www.senate.gov/isvp/?comm=approps&filename=appropsB052621
CHRG-117shrg29104959,2021-05-26,ssap00,approps,https://www.senate.gov/isvp/?comm=approps&filename=appropsA052621 https://www.senate.gov/isvp/?comm=approps&filename=appropsB052621
CHRG-117shrg39104007,2021-05-26,ssap00,approps,https://www.senate.gov/isvp/?comm=approps&filename=appropsA052621 https://www.senate.gov/isvp/?comm=approps&filename=appropsB052621
CHRG-117shrg39104964,2021-05-26,ssap00,approps,https://www.senate.gov/isvp/?comm=approps&filename=appropsA052621 https://www.senate.gov/isvp/?comm=approps&filename=appropsB052621
CHRG-117shrg39104970,2021-05-26,ssap00,approps,https://www.senate.gov/isvp/?comm=approps&filename=appropsA052621 https://www.senate.gov/isvp/?comm=approps&filename=appropsB052621
CHRG-117shrg44735,2021-05-26,sseg00,energy,https://www.senate.gov/isvp/?comm=energy&filename=energy052621
CHRG-117shrg45041,2021-05-26,slia00,indian,https://www.senate.gov/isvp/?comm=indian&filename=indian052621
CHRG-117shrg46999,2021-05-26,sssb00,smbiz,https://www.senate.gov/isvp/?comm=smbiz&filename=smbiz052621
CHRG-117shrg48562,2021-05-26,ssbk00,banking,https://www.senate.gov/isvp/?comm=banking&filename=banking052621
CHRG-117shrg54440,2021-05-26,ssju00,judiciary,https://www.senate.gov/isvp/?comm=judiciary&filename=judiciary052621
CHRG-117shrg59480,2021-05-26,ssas00,armed,https://www.senate.gov/isvp/?comm=armed&filename=armedA052621
CHRG-117shrg45282,2021-05-27,ssfr00,foreign,https://www.senate.gov/isvp/?comm=foreign&filename=foreign052721
CHRG-117shrg45948,2021-05-27,ssaf00,ag,https://www.senate.gov/isvp/?comm=ag&filename=ag052721
CHRG-117shrg45985,2021-05-27,ssga00,govtaff,https://www.senate.gov/isvp/?comm=govtaff&filename=govtaff052721
CHRG-117shrg46769,2021-05-27,sshr00,help,https://www.senate.gov/isvp/?comm=help&filename=help052721
CHRG-117shrg51976,2021-05-27,ssbk00,banking,https://www.senate.gov/isvp/?comm=banking&filename=banking052721
CHRG-117shrg63166,2021-05-27,ssas00,armed,https://www.senate.gov/isvp/?comm=armed&filename=armedA052721
CHRG-117shrg29104948,2021-06-08,ssap00,approps,https://www.senate.gov/isvp/?comm=approps&filename=appropsA060821 https://www.senate.gov/isvp/?comm=approps&filename=appropsB060821
CHRG-117shrg44958,2021-06-08,sseg00,energy,https://www.senate.gov/isvp/?comm=energy&filename=energy060821
CHRG-117shrg45280,2021-06-08,ssbu00,budget,https://www.senate.gov/isvp/?comm=budget&filename=budget060821
CHRG-117shrg45439,2021-06-08,ssfr00,foreign,https://www.senate.gov/isvp/?comm=foreign&filename=foreign060821
CHRG-117shrg46569,2021-06-08,ssga00,govtaff,https://www.senate.gov/isvp/?comm=govtaff&filename=govtaff060821
CHRG-117shrg46770,2021-06-08,sshr00,help,https://www.senate.gov/isvp/?comm=help&filename=help060821
CHRG-117shrg48618,2021-06-08,ssbk00,banking,https://www.senate.gov/isvp/?comm=banking&filename=banking060821
CHRG-117shrg49552,2021-06-08,ssap00,approps,https://www.senate.gov/isvp/?comm=approps&filename=appropsA060821 https://www.senate.gov/isvp/?comm=approps&filename=appropsB060821
CHRG-117shrg49697,2021-06-08,ssga00,govtaff,https://www.senate.gov/isvp/?comm=govtaff&filename=govtaff060821
CHRG-117shrg50980,2021-06-08,ssfi00,finance,https://www.senate.gov/isvp/?comm=finance&filename=finance060821
CHRG-117shrg56722,2021-06-08,ssas00,armed,https://www.senate.gov/isvp/?comm=armed&filename=armedA060821 https://www.senate.gov/isvp/?comm=armed&filename=armedB060821
CHRG-117shrg59481,2021-06-08,ssas00,armed,https://www.senate.gov/isvp/?comm=armed&filename=armedA060821 https://www.senate.gov/isvp/?comm=armed&filename=armedB060821
CHRG-117shrg29104942,2021-06-09,ssap00,approps,https://www.senate.gov/isvp/?comm=approps&filename=appropsA060921 https://www.senate.gov/isvp/?comm=approps&filename=appropsB060921
CHRG-117shrg29104960,2021-06-09,ssap00,approps,https://www.senate.gov/isvp/?comm=approps&filename=appropsA060921 https://www.senate.gov/isvp/?comm=approps&filename=appropsB060921
CHRG-117shrg39104010,2021-06-09,ssap00,approps,https://www.senate.gov/isvp/?comm=approps&filename=appropsA060921 https://www.senate.gov/isvp/?comm=approps&filename=appropsB060921
CHRG-117shrg39104974,2021-06-09,ssap00,approps,https://www.senate.gov/isvp/?comm=approps&filename=appropsA060921 https://www.senate.gov/isvp/?comm=approps&filename=appropsB060921
CHRG-117shrg44168,2021-06-09,ssap00,approps,https://www.senate.gov/isvp/?comm=approps&filename=appropsA060921 https://www.senate.gov/isvp/?comm=approps&filename=appropsB060921
CHRG-117shrg45021,2021-06-09,ssfr00,foreign,https://www.senate.gov/isvp/?comm=foreign&filename=foreign060921
CHRG-117shrg45309,2021-06-09,slia00,indian,https://www.senate.gov/isvp/?comm=indian&filename=indian060921
CHRG-117shrg45489,2021-06-09,slin00,intel,https://www.senate.gov/isvp/?comm=intel&filename=intel060921
CHRG-117shrg47000,2021-06-09,sssb00,smbiz,https://www.senate.gov/isvp/?comm=smbiz&filename=smbiz060921
CHRG-117shrg47029,2021-06-09,ssva00,vetaff,https://www.senate.gov/isvp/?comm=vetaff&filename=vetaff060921
CHRG-117shrg48634,2021-06-09,ssbk00,banking,https://www.senate.gov/isvp/?comm=banking&filename=banking060921
CHRG-117shrg54371,2021-06-09,sscm00,commerce,https://www.senate.gov/isvp/?comm=commerce&filename=commerce060921
CHRG-117shrg54504,2021-06-09,ssju00,judiciary,https://www.senate.gov/isvp/?comm=judiciary&filename=judiciary060921
CHRG-117shrg39104966,2021-06-10,ssap00,approps,https://www.senate.gov/isvp/?comm=approps&filename=appropsA061021 https://www.senate.gov/isvp/?comm=approps&filename=appropsB061021
CHRG-117shrg39104972,2021-06-10,ssap00,approps,https://www.senate.gov/isvp/?comm=approps&filename=appropsA061021 https://www.senate.gov/isvp/?comm=approps&filename=appropsB061021
CHRG-117shrg44193,2021-06-10,ssap00,approps,https://www.senate.gov/isvp/?comm=approps&filename=appropsA061021 https://www.senate.gov/isvp/?comm=approps&filename=appropsB061021
CHRG-117shrg46165,2021-06-10,ssfr00,foreign,https://www.senate.gov/isvp/?comm=foreign&filename=foreign061021
CHRG-117shrg46566,2021-06-10,ssga00,govtaff,https://www.senate.gov/isvp/?comm=govtaff&filename=govtaff061021
CHRG-117shrg51268,2021-06-10,ssfi00,finance,https://www.senate.gov/isvp/?comm=finance&filename=finance061021
CHRG-117shrg39104011,2021-06-15,ssap00,approps,https://www.senate.gov/isvp/?comm=approps&filename=appropsA061521 https://www.senate.gov/isvp/?comm=approps&filename=appropsB061521
CHRG-117shrg39104967,2021-06-15,ssap00,approps,https://www.senate.gov/isvp/?comm=approps&filename=appropsA061521 https://www.senate.gov/isvp/?comm=approps&filename=appropsB061521
CHRG-117shrg44959,2021-06-15,sseg00,energy,https://www.senate.gov/isvp/?comm=energy&filename=energy061521
CHRG-117shrg48636,2021-06-15,ssbk00,banking,https://www.senate.gov/isvp/?comm=banking&filename=banking061521
CHRG-117shrg51591,2021-06-15,ssfi00,finance,https://www.senate.gov/isvp/?comm=finance&filename=finance061521
CHRG-117shrg54108,2021-06-15,sscm00,commerce,https://www.senate.gov/isvp/?comm=commerce&filename=commerce061521
CHRG-117shrg54505,2021-06-15,ssju00,judiciary,https://www.senate.gov/isvp/?comm=judiciary&filename=judiciary061521
CHRG-117shrg54506,2021-06-15,ssju00,judiciary,https://www.senate.gov/isvp/?comm=judiciary&filename=judiciary061521
CHRG-117shrg56723,2021-06-15,ssas00,armed,https://www.senate.gov/isvp/?comm=armed&filename=armedA061521
CHRG-117shrg29104943,2021-06-16,ssap00,approps,https://www.senate.gov/isvp/?comm=approps&filename=appropsA061621 https://www.senate.gov/isvp/?comm=approps&filename=appropsB061621
CHRG-117shrg39104973,2021-06-16,ssap00,approps,https://www.senate.gov/isvp/?comm=approps&filename=appropsA061621 https://www.senate.gov/isvp/?comm=approps&filename=appropsB061621
CHRG-117shrg39104976,2021-06-16,ssap00,approps,https://www.senate.gov/isvp/?comm=approps&filename=appropsA061621 https://www.senate.gov/isvp/?comm=approps&filename=appropsB061621
CHRG-117shrg39104983,2021-06-16,ssap00,approps,https://www.senate.gov/isvp/?comm=approps&filename=appropsA061621 https://www.senate.gov/isvp/?comm=approps&filename=appropsB061621
CHRG-117shrg44187,2021-06-16,ssap00,approps,https://www.senate.gov/isvp/?comm=approps&filename=appropsA061621 https://www.senate.gov/isvp/?comm=approps&filename=appropsB061621
CHRG-117shrg44913,2021-06-16,ssra00,rules,https://www.senate.gov/isvp/?comm=rules&filename=rules061621
CHRG-117shrg44960,2021-06-16,sseg00,energy,https://www.senate.gov/isvp/?comm=energy&filename=energy061621
CHRG-117shrg45046,2021-06-16,ssga00,govtaff,https://www.senate.gov/isvp/?comm=govtaff&filename=govtaff061621
CHRG-117shrg46478,2021-06-16,ssev00,epw,https://www.senate.gov/isvp/?comm=epw&filename=epw061621
CHRG-117shrg47108,2021-06-16,ssva00,vetaff,https://www.senate.gov/isvp/?comm=vetaff&filename=vetaff061621
CHRG-117shrg51633,2021-06-16,ssfi00,finance,https://www.senate.gov/isvp/?comm=finance&filename=finance061621
CHRG-117shrg54583,2021-06-16,ssju00,judiciary,https://www.senate.gov/isvp/?comm=judiciary&filename=judiciary061621
CHRG-117shrg59482,2021-06-16,ssas00,armed,https://www.senate.gov/isvp/?comm=armed&filename=armedA061621 https://www.senate.gov/isvp/?comm=armed&filename=armedB061621
CHRG-117shrg63279,2021-06-16,ssas00,armed,https://www.senate.gov/isvp/?comm=armed&filename=armedA061621 https://www.senate.gov/isvp/?comm=armed&filename=armedB061621
CHRG-117shrg44961,2021-06-17,sseg00,energy,https://www.senate.gov/isvp/?comm=energy&filename=energy061721
CHRG-117shrg45441,2021-06-17,ssga00,govtaff,https://www.senate.gov/isvp/?comm=govtaff&filename=govtaff061721
CHRG-117shrg45484,2021-06-17,ssfr00,foreign,https://www.senate.gov/isvp/?comm=foreign&filename=foreign061721
CHRG-117shrg46223,2021-06-17,spag00,aging,https://www.senate.gov/isvp/?comm=aging&filename=aging061721
CHRG-117shrg46771,2021-06-17,sshr00,help,https://www.senate.gov/isvp/?comm=help&filename=help061721
CHRG-117shrg49551,2021-06-17,ssap00,approps,https://www.senate.gov/isvp/?comm=approps&filename=appropsA061721
CHRG-117shrg53094,2021-06-17,sscm00,commerce,https://www.senate.gov/isvp/?comm=commerce&filename=commerce061721
CHRG-117shrg29104949,2021-06-22,ssap00,approps,https://www.senate.gov/isvp/?comm=approps&filename=appropsA062221
CHRG-117shrg46567,2021-06-22,ssga00,govtaff,https://www.senate.gov/isvp/?comm=govtaff&filename=govtaff062221
CHRG-117shrg46772,2021-06-22,sshr00,help,https://www.senate.gov/isvp/?comm=help&filename=help062221
CHRG-117shrg47218,2021-06-22,ssaf00,ag,https://www.senate.gov/isvp/?comm=ag&filename=ag062221
CHRG-117shrg47808,2021-06-22,ssbk00,banking,https://www.senate.gov/isvp/?comm=banking&filename=banking062221
CHRG-117shrg51818,2021-06-22,ssfi00,finance,https://www.senate.gov/isvp/?comm=finance&filename=finance062221
CHRG-117shrg54372,2021-06-22,sscm00,commerce,https://www.senate.gov/isvp/?comm=commerce&filename=commerce062221
CHRG-117shrg54573,2021-06-22,ssju00,judiciary,https://www.senate.gov/isvp/?comm=judiciary&filename=judiciary062221
CHRG-117shrg54574,2021-06-22,ssju00,judiciary,https://www.senate.gov/isvp/?comm=judiciary&filename=judiciary062221
CHRG-117shrg29104954,2021-06-23,ssap00,approps,https://www.senate.gov/isvp/?comm=approps&filename=appropsA062321 https://www.senate.gov/isvp/?comm=approps&filename=appropsB062321
CHRG-117shrg29104955,2021-06-23,ssap00,approps,https://www.senate.gov/isvp/?comm=approps&filename=appropsA062321 https://www.senate.gov/isvp/?comm=approps&filename=appropsB062321
CHRG-117shrg39104012,2021-06-23,ssap00,approps,https://www.senate.gov/isvp/?comm=approps&filename=appropsA062321 https://www.senate.gov/isvp/?comm=approps&filename=appropsB062321
CHRG-117shrg39104984,2021-06-23,ssap00,approps,https://www.senate.gov/isvp/?comm=approps&filename=appropsA062321 https://www.senate.gov/isvp/?comm=approps&filename=appropsB062321
CHRG-117shrg44970,2021-06-23,sseg00,energy,https://www.senate.gov/isvp/?comm=energy&filename=energy062321
CHRG-117shrg46305,2021-06-23,ssaf00,ag,https://www.senate.gov/isvp/?comm=ag&filename=ag062321
CHRG-117shrg47277,2021-06-23,ssva00,vetaff,https://www.senate.gov/isvp/?comm=vetaff&filename=vetaff062321
CHRG-117shrg48667,2021-06-23,ssbk00,banking,https://www.senate.gov/isvp/?comm=banking&filename=banking062321
CHRG-117shrg54181,2021-06-23,sscm00,commerce,https://www.senate.gov/isvp/?comm=commerce&filename=commerce062321
CHRG-117shrg54432,2021-06-23,sseg00,energy,https://www.senate.gov/isvp/?comm=energy&filename=energy062321
CHRG-117shrg54643,2021-06-23,ssju00,judiciary,https://www.senate.gov/isvp/?comm=judiciary&filename=judiciary062321
CHRG-117shrg54644,2021-06-23,ssju00,judiciary,https://www.senate.gov/isvp/?comm=judiciary&filename=judiciary062321
CHRG-117shrg59562,2021-06-23,ssas00,armed,https://www.senate.gov/isvp/?comm=armed&filename=armedA062321
CHRG-117shrg29104950,2021-06-24,ssap00,approps,https://www.senate.gov/isvp/?comm=approps&filename=appropsA062421
CHRG-117shrg44972,2021-06-24,sseg00,energy,https://www.senate.gov/isvp/?comm=energy&filename=energy062421
CHRG-117shrg48853,2021-06-24,ssbk00,banking,https://www.senate.gov/isvp/?comm=banking&filename=banking062421
CHRG-117shrg51993,2021-06-24,ssfi00,finance,https://www.senate.gov/isvp/?comm=finance&filename=finance062421
CHRG-117shrg53123,2021-06-24,sscm00,commerce,https://www.senate.gov/isvp/?comm=commerce&filename=commerce062421
CHRG-117shrg39104975,2021-07-13,ssap00,approps,https://www.senate.gov/isvp/?comm=approps&filename=appropsA071321
CHRG-117shrg46773,2021-07-13,sshr00,help,https://www.senate.gov/isvp/?comm=help&filename=help071321
CHRG-117shrg47786,2021-07-13,ssbk00,banking,https://www.senate.gov/isvp/?comm=banking&filename=banking071321
CHRG-117shrg54645,2021-07-13,ssju00,judiciary,https://www.senate.gov/isvp/?comm=judiciary&filename=judiciary071321
CHRG-117shrg63281,2021-07-13,ssas00,armed,https://www.senate.gov/isvp/?comm=armed&filename=armedA071321
CHRG-117shrg29104944,2021-07-14,ssap00,approps,https://www.senate.gov/isvp/?comm=approps&filename=appropsA071421
CHRG-117shrg45499,2021-07-14,ssev00,epw,https://www.senate.gov/isvp/?comm=epw&filename=epw071421
CHRG-117shrg47551,2021-07-14,ssfr00,foreign,https://www.senate.gov/isvp/?comm=foreign&filename=foreign071421
CHRG-117shrg49730,2021-07-14,ssva00,vetaff,https://www.senate.gov/isvp/?comm=vetaff&filename=vetaff071421
CHRG-117shrg52151,2021-07-14,ssfi00,finance,https://www.senate.gov/isvp/?comm=finance&filename=finance071421
CHRG-117shrg54686,2021-07-14,ssju00,judiciary,https://www.senate.gov/isvp/?comm=judiciary&filename=judiciary071421
CHRG-117shrg54687,2021-07-14,ssju00,judiciary,https://www.senate.gov/isvp/?comm=judiciary&filename=judiciary071421
CHRG-117shrg46306,2021-07-15,ssaf00,ag,https://www.senate.gov/isvp/?comm=ag&filename=ag071521
CHRG-117shrg46315,2021-07-15,spag00,aging,https://www.senate.gov/isvp/?comm=aging&filename=aging071521
CHRG-117shrg46568,2021-07-15,ssga00,govtaff,https://www.senate.gov/isvp/?comm=govtaff&filename=govtaff071521
CHRG-117shrg46774,2021-07-15,sshr00,help,https://www.senate.gov/isvp/?comm=help&filename=help071521
CHRG-117shrg48918,2021-07-15,ssbk00,banking,https://www.senate.gov/isvp/?comm=banking&filename=banking071521
CHRG-117shrg54258,2021-07-15,sscm00,commerce,https://www.senate.gov/isvp/?comm=commerce&filename=commerce071521
CHRG-117shrg45206,2021-07-19,ssra00,rules,https://www.senate.gov/isvp/?comm=rules&filename=rules071921
CHRG-117shrg45490,2021-07-20,slin00,intel,https://www.senate.gov/isvp/?comm=intel&filename=intel072021
CHRG-117shrg46167,2021-07-20,ssfr00,foreign,https://www.senate.gov/isvp/?comm=foreign&filename=foreign072021
CHRG-117shrg46775,2021-07-20,sshr00,help,https://www.senate.gov/isvp/?comm=help&filename=help072021
CHRG-117shrg49451,2021-07-20,ssbk00,banking,https://www.senate.gov/isvp/?comm=banking&filename=banking072021
CHRG-117shrg50749,2021-07-20,ssbk00,banking,https://www.senate.gov/isvp/?comm=banking&filename=banking072021
CHRG-117shrg29104951,2021-07-21,ssap00,approps,https://www.senate.gov/isvp/?comm=approps&filename=appropsA072121
CHRG-117shrg45584,2021-07-21,slia00,indian,https://www.senate.gov/isvp/?comm=indian&filename=indian072121
CHRG-117shrg46375,2021-07-21,ssfr00,foreign,https://www.senate.gov/isvp/?comm=foreign&filename=foreign072121
CHRG-117shrg46388,2021-07-21,ssfr00,foreign,https://www.senate.gov/isvp/?comm=foreign&filename=foreign072121
CHRG-117shrg46776,2021-07-21,sshr00,help,https://www.senate.gov/isvp/?comm=help&filename=help072121
CHRG-117shrg54736,2021-07-21,ssju00,judiciary,https://www.senate.gov/isvp/?comm=judiciary&filename=judiciary072121
CHRG-117shrg46777,2021-07-22,sshr00,help,https://www.senate.gov/isvp/?comm=help&filename=help072221
CHRG-117shrg50790,2021-07-22,ssbk00,banking,https://www.senate.gov/isvp/?comm=banking&filename=banking072221
CHRG-117shrg54373,2021-07-22,sscm00,commerce,https://www.senate.gov/isvp/?comm=commerce&filename=commerce072221
CHRG-117shrg45248,2021-07-27,sseg00,energy,https://www.senate.gov/isvp/?comm=energy&filename=energy072721
CHRG-117shrg46778,2021-07-27,sshr00,help,https://www.senate.gov/isvp/?comm=help&filename=help072721
CHRG-117shrg47862,2021-07-27,ssfr00,foreign,https://www.senate.gov/isvp/?comm=foreign&filename=foreign072721
CHRG-117shrg47977,2021-07-27,ssga00,govtaff,https://www.senate.gov/isvp/?comm=govtaff&filename=govtaff072721
CHRG-117shrg48393,2021-07-27,ssfr00,foreign,https://www.senate.gov/isvp/?comm=foreign&filename=foreign072721
CHRG-117shrg49696,2021-07-27,ssga00,govtaff,https://www.senate.gov/isvp/?comm=govtaff&filename=govtaff072721
CHRG-117shrg50802,2021-07-27,ssbk00,banking,https://www.senate.gov/isvp/?comm=banking&filename=banking072721
CHRG-117shrg52109,2021-07-27,ssbk00,banking,https://www.senate.gov/isvp/?comm=banking&filename=banking072721
CHRG-117shrg52334,2021-07-27,ssfi00,finance,https://www.senate.gov/isvp/?comm=finance&filename=finance072721
CHRG-117shrg54109,2021-07-27,sscm00,commerce,https://www.senate.gov/isvp/?comm=commerce&filename=commerce072721
CHRG-117shrg54737,2021-07-27,ssju00,judiciary,https://www.senate.gov/isvp/?comm=judiciary&filename=judiciary072721
CHRG-117shrg45249,2021-07-28,sseg00,energy,https://www.senate.gov/isvp/?comm=energy&filename=energy072821
CHRG-117shrg45847,2021-07-28,ssev00,epw,https://www.senate.gov/isvp/?comm=epw&filename=epw072821
CHRG-117shrg46867,2021-07-28,ssfr00,foreign,https://www.senate.gov/isvp/?comm=foreign&filename=foreign072821
CHRG-117shrg52448,2021-07-28,ssfi00,finance,https://www.senate.gov/isvp/?comm=finance&filename=finance072821
CHRG-117shrg54738,2021-07-28,ssju00,judiciary,https://www.senate.gov/isvp/?comm=judiciary&filename=judiciary072821
CHRG-117shrg54919,2021-07-28,sscm00,commerce,https://www.senate.gov/isvp/?comm=commerce&filename=commerce072821
CHRG-117shrg58688,2021-07-28,ssju00,judiciary,https://www.senate.gov/isvp/?comm=judiciary&filename=judiciary072821
CHRG-117shrg45250,2021-07-29,sseg00,energy,https://www.senate.gov/isvp/?comm=energy&filename=energy072921
CHRG-117shrg46307,2021-07-29,ssaf00,ag,https://www.senate.gov/isvp/?comm=ag&filename=ag072921
CHRG-117shrg52996,2021-07-29,ssbk00,banking,https://www.senate.gov/isvp/?comm=banking&filename=banking072921
CHRG-117shrg45380,2021-08-03,sseg00,energy,https://www.senate.gov/isvp/?comm=energy&filename=energy080321
CHRG-117shrg47552,2021-08-03,ssfr00,foreign,https://www.senate.gov/isvp/?comm=foreign&filename=foreign080321
CHRG-117shrg47624,2021-08-03,ssga00,govtaff,https://www.senate.gov/isvp/?comm=govtaff&filename=govtaff080321
CHRG-117shrg51112,2021-08-03,ssbk00,banking,https://www.senate.gov/isvp/?comm=banking&filename=banking080321
CHRG-117shrg51115,2021-08-03,ssbk00,banking,https://www.senate.gov/isvp/?comm=banking&filename=banking080321
CHRG-117shrg54259,2021-08-03,sscm00,commerce,https://www.senate.gov/isvp/?comm=commerce&filename=commerce080321
CHRG-117shrg54739,2021-08-03,ssju00,judiciary,https://www.senate.gov/isvp/?comm=judiciary&filename=judiciary080321
CHRG-117shrg54740,2021-08-03,ssju00,judiciary,https://www.senate.gov/isvp/?comm=judiciary&filename=judiciary080321
CHRG-117shrg62992,2021-08-03,ssas00,armed,https://www.senate.gov/isvp/?comm=armed&filename=armedA080321
CHRG-117shrg45491,2021-08-04,slin00,intel,https://www.senate.gov/isvp/?comm=intel&filename=intel080421
CHRG-117shrg45381,2021-08-05,sseg00,energy,https://www.senate.gov/isvp/?comm=energy&filename=energy080521
CHRG-117shrg47195,2021-08-05,ssaf00,ag,https://www.senate.gov/isvp/?comm=ag&filename=ag080521
CHRG-117shrg48124,2021-08-05,ssbk00,banking,https://www.senate.gov/isvp/?comm=banking&filename=banking080521
CHRG-117shrg46888,2021-08-10,ssfr00,foreign,https://www.senate.gov/isvp/?comm=foreign&filename=foreign081021
CHRG-117shrg51119,2021-08-24,ssbk00,banking,https://www.senate.gov/isvp/?comm=banking&filename=banking082421
CHRG-117shrg46330,2021-08-30,spag00,aging,https://www.senate.gov/isvp/?comm=aging&filename=aging083021
CHRG-117shrg46334,2021-09-08,spag00,aging,https://www.senate.gov/isvp/?comm=aging&filename=aging090821
CHRG-117shrg46923,2021-09-14,ssfr00,foreign,https://www.senate.gov/isvp/?comm=foreign&filename=foreign091421
CHRG-117shrg47625,2021-09-14,ssga00,govtaff,https://www.senate.gov/isvp/?comm=govtaff&filename=govtaff091421
CHRG-117shrg52997,2021-09-14,ssbk00,banking,https://www.senate.gov/isvp/?comm=banking&filename=banking091421
CHRG-117shrg54860,2021-09-14,ssju00,judiciary,https://www.senate.gov/isvp/?comm=judiciary&filename=judiciary091421
CHRG-117shrg46119,2021-09-15,ssev00,epw,https://www.senate.gov/isvp/?comm=epw&filename=epw091521
CHRG-117shrg47196,2021-09-15,ssaf00,ag,https://www.senate.gov/isvp/?comm=ag&filename=ag091521
CHRG-117shrg54861,2021-09-15,ssju00,judiciary,https://www.senate.gov/isvp/?comm=judiciary&filename=judiciary091521
CHRG-117shrg45806,2021-09-21,sseg00,energy,https://www.senate.gov/isvp/?comm=energy&filename=energy092121
CHRG-117shrg47626,2021-09-21,ssga00,govtaff,https://www.senate.gov/isvp/?comm=govtaff&filename=govtaff092121
CHRG-117shrg48130,2021-09-21,ssbk00,banking,https://www.senate.gov/isvp/?comm=banking&filename=banking092121
CHRG-117shrg52679,2021-09-21,ssfi00,finance,https://www.senate.gov/isvp/?comm=finance&filename=finance092121
CHRG-117shrg54260,2021-09-21,sscm00,commerce,https://www.senate.gov/isvp/?comm=commerce&filename=commerce092121
CHRG-117shrg54862,2021-09-21,ssju00,judiciary,https://www.senate.gov/isvp/?comm=judiciary&filename=judiciary092121
CHRG-117shrg46779,2021-09-22,sshr00,help,https://www.senate.gov/isvp/?comm=help&filename=help092221
CHRG-117shrg47001,2021-09-22,sssb00,smbiz,https://www.senate.gov/isvp/?comm=smbiz&filename=smbiz092221
CHRG-117shrg47627,2021-09-22,ssga00,govtaff,https://www.senate.gov/isvp/?comm=govtaff&filename=govtaff092221
CHRG-117shrg49446,2021-09-22,ssga00,govtaff,https://www.senate.gov/isvp/?comm=govtaff&filename=govtaff092221
CHRG-117shrg52803,2021-09-22,ssfi00,finance,https://www.senate.gov/isvp/?comm=finance&filename=finance092221
CHRG-117shrg54182,2021-09-22,sscm00,commerce,https://www.senate.gov/isvp/?comm=commerce&filename=commerce092221
CHRG-117shrg54945,2021-09-22,,,
CHRG-117shrg46487,2021-09-23,spag00,aging,https://www.senate.gov/isvp/?comm=aging&filename=aging092321
CHRG-117shrg47628,2021-09-23,ssga00,govtaff,https://www.senate.gov/isvp/?comm=govtaff&filename=govtaff092321
CHRG-117shrg63134,2021-09-23,ssas00,armed,https://www.senate.gov/isvp/?comm=armed&filename=armedA092321
CHRG-117shrg45807,2021-09-28,sseg00,energy,https://www.senate.gov/isvp/?comm=energy&filename=energy092821
CHRG-117shrg46705,2021-09-28,ssga00,govtaff,https://www.senate.gov/isvp/?comm=govtaff&filename=govtaff092821
CHRG-117shrg52157,2021-09-28,ssbk00,banking,https://www.senate.gov/isvp/?comm=banking&filename=banking092821
CHRG-117shrg54946,2021-09-28,ssju00,judiciary,https://www.senate.gov/isvp/?comm=judiciary&filename=judiciary092821
CHRG-117shrg59563,2021-09-28,ssas00,armed,https://www.senate.gov/isvp/?comm=armed&filename=armedA092821
CHRG-117shrg47978,2021-09-29,ssga00,govtaff,https://www.senate.gov/isvp/?comm=govtaff&filename=govtaff092921
CHRG-117shrg53124,2021-09-29,sscm00,commerce,https://www.senate.gov/isvp/?comm=commerce&filename=commerce092921
CHRG-117shrg54947,2021-09-29,ssju00,judiciary,https://www.senate.gov/isvp/?comm=judiciary&filename=judiciary092921
CHRG-117shrg46780,2021-09-30,sshr00,help,https://www.senate.gov/isvp/?comm=help&filename=help093021
CHRG-117shrg48160,2021-09-30,ssbk00,banking,https://www.senate.gov/isvp/?comm=banking&filename=banking093021
CHRG-117shrg53125,2021-09-30,sscm00,commerce,https://www.senate.gov/isvp/?comm=commerce&filename=commerce093021
CHRG-117shrg59564,2021-09-30,ssas00,armed,https://www.senate.gov/isvp/?comm=armed&filename=armedA093021
CHRG-117shrg45810,2021-10-05,sseg00,energy,https://www.senate.gov/isvp/?comm=energy&filename=energy100521
CHRG-117shrg47863,2021-10-05,ssfr00,foreign,https://www.senate.gov/isvp/?comm=foreign&filename=foreign100521
CHRG-117shrg48394,2021-10-05,ssfr00,foreign,https://www.senate.gov/isvp/?comm=foreign&filename=foreign100521
CHRG-117shrg52158,2021-10-05,ssbk00,banking,https://www.senate.gov/isvp/?comm=banking&filename=banking100521
CHRG-117shrg54110,2021-10-05,sscm00,commerce,https://www.senate.gov/isvp/?comm=commerce&filename=commerce100521
CHRG-117shrg55000,2021-10-05,ssju00,judiciary,https://www.senate.gov/isvp/?comm=judiciary&filename=judiciary100521
CHRG-117shrg63280,2021-10-05,ssas00,armed,https://www.senate.gov/isvp/?comm=armed&filename=armedA100521
CHRG-117shrg45811,2021-10-06,sseg00,energy,https://www.senate.gov/isvp/?comm=energy&filename=energy100621
CHRG-117shrg45812,2021-10-06,sseg00,energy,https://www.senate.gov/isvp/?comm=energy&filename=energy100621
CHRG-117shrg46589,2021-10-06,slia00,indian,https://www.senate.gov/isvp/?comm=indian&filename=indian100621
CHRG-117shrg49731,2021-10-06,ssva00,vetaff,https://www.senate.gov/isvp/?comm=vetaff&filename=vetaff100621
CHRG-117shrg54871,2021-10-06,sscm00,commerce,https://www.senate.gov/isvp/?comm=commerce&filename=commerce100621
CHRG-117shrg55045,2021-10-06,ssju00,judiciary,https://www.senate.gov/isvp/?comm=judiciary&filename=judiciary100621
CHRG-117shrg58562,2021-10-06,ssju00,judiciary,https://www.senate.gov/isvp/?comm=judiciary&filename=judiciary100621
CHRG-117shrg46781,2021-10-07,sshr00,help,https://www.senate.gov/isvp/?comm=help&filename=help100721
CHRG-117shrg48180,2021-10-07,ssbk00,banking,https://www.senate.gov/isvp/?comm=banking&filename=banking100721
CHRG-117shrg54261,2021-10-07,sscm00,commerce,https://www.senate.gov/isvp/?comm=commerce&filename=commerce100721
CHRG-117shrg63381,2021-10-07,ssas00,armed,https://www.senate.gov/isvp/?comm=armed&filename=armedA100721
CHRG-117shrg46059,2021-10-19,sseg00,energy,https://www.senate.gov/isvp/?comm=energy&filename=energy101921
CHRG-117shrg46060,2021-10-19,sseg00,energy,https://www.senate.gov/isvp/?comm=energy&filename=energy101921
CHRG-117shrg48365,2021-10-19,ssbk00,banking,https://www.senate.gov/isvp/?comm=banking&filename=banking101921
CHRG-117shrg53142,2021-10-19,ssfi00,finance,https://www.senate.gov/isvp/?comm=finance&filename=finance101921
CHRG-117shrg54183,2021-10-19,sscm00,commerce,https://www.senate.gov/isvp/?comm=commerce&filename=commerce101921
CHRG-117shrg55152,2021-10-19,ssju00,judiciary,https://www.senate.gov/isvp/?comm=judiciary&filename=judiciary101921
CHRG-117shrg63352,2021-10-19,ssas00,armed,https://www.senate.gov/isvp/?comm=armed&filename=armedA101921
CHRG-117shrg46033,2021-10-20,ssra00,rules,https://www.senate.gov/isvp/?comm=rules&filename=rules102021
CHRG-117shrg47979,2021-10-20,ssga00,govtaff,https://www.senate.gov/isvp/?comm=govtaff&filename=govtaff102021
CHRG-117shrg49732,2021-10-20,ssva00,vetaff,https://www.senate.gov/isvp/?comm=vetaff&filename=vetaff102021
CHRG-117shrg52184,2021-10-20,ssbk00,banking,https://www.senate.gov/isvp/?comm=banking&filename=banking102021
CHRG-117shrg53154,2021-10-20,ssfi00,finance,https://www.senate.gov/isvp/?comm=finance&filename=finance102021
CHRG-117shrg54184,2021-10-20,sscm00,commerce,https://www.senate.gov/isvp/?comm=commerce&filename=commerce102021
CHRG-117shrg55153,2021-10-20,ssju00,judiciary,https://www.senate.gov/isvp/?comm=judiciary&filename=judiciary102021
CHRG-117shrg55265,2021-10-20,ssju00,judiciary,https://www.senate.gov/isvp/?comm=judiciary&filename=judiciary102021
CHRG-117shrg46061,2021-10-21,sseg00,energy,https://www.senate.gov/isvp/?comm=energy&filename=energy102121
CHRG-117shrg47980,2021-10-21,ssga00,govtaff,https://www.senate.gov/isvp/?comm=govtaff&filename=govtaff102121
CHRG-117shrg52203,2021-10-21,ssbk00,banking,https://www.senate.gov/isvp/?comm=banking&filename=banking102121
CHRG-117shrg54586,2021-10-21,sscm00,commerce,https://www.senate.gov/isvp/?comm=commerce&filename=commerce102121
CHRG-117shrg46034,2021-10-26,ssra00,rules,https://www.senate.gov/isvp/?comm=rules&filename=rules102621
CHRG-117shrg48197,2021-10-26,ssbk00,banking,https://www.senate.gov/isvp/?comm=banking&filename=banking102621
CHRG-117shrg53192,2021-10-26,ssfi00,finance,https://www.senate.gov/isvp/?comm=finance&filename=finance102621
CHRG-117shrg54901,2021-10-26,sscm00,commerce,https://www.senate.gov/isvp/?comm=commerce&filename=commerce102621
CHRG-117shrg59565,2021-10-26,ssas00,armed,https://www.senate.gov/isvp/?comm=armed&filename=armedA102621
CHRG-117shrg46706,2021-10-27,ssga00,govtaff,https://www.senate.gov/isvp/?comm=govtaff&filename=govtaff102721
CHRG-117shrg46952,2021-10-27,ssfr00,foreign,https://www.senate.gov/isvp/?comm=foreign&filename=foreign102721
CHRG-117shrg47113,2021-10-27,ssfr00,foreign,https://www.senate.gov/isvp/?comm=foreign&filename=foreign102721
CHRG-117shrg47182,2021-10-27,ssev00,epw,https://www.senate.gov/isvp/?comm=epw&filename=epw102721
CHRG-117shrg47197,2021-10-27,ssaf00,ag,https://www.senate.gov/isvp/?comm=ag&filename=ag102721
CHRG-117shrg47359,2021-10-27,sssb00,smbiz,https://www.senate.gov/isvp/?comm=smbiz&filename=smbiz102721
CHRG-117shrg47639,2021-10-27,slia00,indian,https://www.senate.gov/isvp/?comm=indian&filename=indian102721
CHRG-117shrg49733,2021-10-27,ssva00,vetaff,https://www.senate.gov/isvp/?comm=vetaff&filename=vetaff102721
CHRG-117shrg51592,2021-10-27,ssaf00,ag,https://www.senate.gov/isvp/?comm=ag&filename=ag102721
CHRG-117shrg55266,2021-10-27,ssju00,judiciary,https://www.senate.gov/isvp/?comm=judiciary&filename=judiciary102721
CHRG-117shrg46488,2021-10-28,spag00,aging,https://www.senate.gov/isvp/?comm=aging&filename=aging102821
CHRG-117shrg47981,2021-10-28,ssga00,govtaff,https://www.senate.gov/isvp/?comm=govtaff&filename=govtaff102821
CHRG-117shrg52232,2021-10-28,ssbk00,banking,https://www.senate.gov/isvp/?comm=banking&filename=banking102821
CHRG-117shrg63359,2021-10-28,ssas00,armed,https://www.senate.gov/isvp/?comm=armed&filename=armedA102821
CHRG-117shrg47173,2021-11-02,ssfr00,foreign,https://www.senate.gov/isvp/?comm=foreign&filename=foreign110221
CHRG-117shrg47198,2021-11-02,ssaf00,ag,https://www.senate.gov/isvp/?comm=ag&filename=ag110221
CHRG-117shrg48451,2021-11-02,ssbk00,banking,https://www.senate.gov/isvp/?comm=banking&filename=banking110221
CHRG-117shrg55481,2021-11-02,ssju00,judiciary,https://www.senate.gov/isvp/?comm=judiciary&filename=judiciary110221
CHRG-117shrg50287,2021-11-03,ssva00,vetaff,https://www.senate.gov/isvp/?comm=vetaff&filename=vetaff110321
CHRG-117shrg54587,2021-11-03,sscm00,commerce,https://www.senate.gov/isvp/?comm=commerce&filename=commerce110321
CHRG-117shrg55676,2021-11-03,ssju00,judiciary,https://www.senate.gov/isvp/?comm=judiciary&filename=judiciary110321
CHRG-117shrg46201,2021-11-04,sseg00,energy,https://www.senate.gov/isvp/?comm=energy&filename=energy110421
CHRG-117shrg46782,2021-11-04,sshr00,help,https://www.senate.gov/isvp/?comm=help&filename=help110421
CHRG-117shrg46202,2021-11-16,sseg00,energy,https://www.senate.gov/isvp/?comm=energy&filename=energy111621
CHRG-117shrg53207,2021-11-16,ssfi00,finance,https://www.senate.gov/isvp/?comm=finance&filename=finance111621
CHRG-117shrg55482,2021-11-16,ssju00,judiciary,https://www.senate.gov/isvp/?comm=judiciary&filename=judiciary111621
CHRG-117shrg46411,2021-11-17,slia00,indian,https://www.senate.gov/isvp/?comm=indian&filename=indian111721
CHRG-117shrg46707,2021-11-17,ssga00,govtaff,https://www.senate.gov/isvp/?comm=govtaff&filename=govtaff111721
CHRG-117shrg47199,2021-11-17,ssaf00,ag,https://www.senate.gov/isvp/?comm=ag&filename=ag111721
CHRG-117shrg47212,2021-11-17,ssfr00,foreign,https://www.senate.gov/isvp/?comm=foreign&filename=foreign111721
CHRG-117shrg50288,2021-11-17,ssva00,vetaff,https://www.senate.gov/isvp/?comm=vetaff&filename=vetaff111721
CHRG-117shrg53126,2021-11-17,sscm00,commerce,https://www.senate.gov/isvp/?comm=commerce&filename=commerce111721
CHRG-117shrg55677,2021-11-17,ssju00,judiciary,https://www.senate.gov/isvp/?comm=judiciary&filename=judiciary111721
CHRG-117shrg46553,2021-11-18,spag00,aging,https://www.senate.gov/isvp/?comm=aging&filename=aging111821
CHRG-117shrg47213,2021-11-18,ssfr00,foreign,https://www.senate.gov/isvp/?comm=foreign&filename=foreign111821
CHRG-117shrg48204,2021-11-18,ssbk00,banking,https://www.senate.gov/isvp/?comm=banking&filename=banking111821
CHRG-117shrg48436,2021-11-18,ssga00,govtaff,https://www.senate.gov/isvp/?comm=govtaff&filename=govtaff111821
CHRG-117shrg46623,2021-11-30,slin00,intel,https://www.senate.gov/isvp/?comm=intel&filename=intel113021
CHRG-117shrg47326,2021-11-30,ssfr00,foreign,https://www.senate.gov/isvp/?comm=foreign&filename=foreign113021
CHRG-117shrg50895,2021-11-30,ssga00,govtaff,https://www.senate.gov/isvp/?comm=govtaff&filename=govtaff113021
CHRG-117shrg52248,2021-11-30,ssbk00,banking,https://www.senate.gov/isvp/?comm=banking&filename=banking113021
CHRG-117shrg53127,2021-11-30,sscm00,commerce,https://www.senate.gov/isvp/?comm=commerce&filename=commerce113021
CHRG-117shrg50550,2021-12-01,ssva00,vetaff,https://www.senate.gov/isvp/?comm=vetaff&filename=vetaff120121
CHRG-117shrg53135,2021-12-01,sscm00,commerce,https://www.senate.gov/isvp/?comm=commerce&filename=commerce120121
CHRG-117shrg56186,2021-12-01,ssju00,judiciary,https://www.senate.gov/isvp/?comm=judiciary&filename=judiciary120121
CHRG-117shrg46203,2021-12-02,sseg00,energy,https://www.senate.gov/isvp/?comm=energy&filename=energy120221
CHRG-117shrg48438,2021-12-02,ssga00,govtaff,https://www.senate.gov/isvp/?comm=govtaff&filename=govtaff120221
CHRG-117shrg46372,2021-12-07,ssra00,rules,https://www.senate.gov/isvp/?comm=rules&filename=rules120721
CHRG-117shrg47353,2021-12-07,ssfr00,foreign,https://www.senate.gov/isvp/?comm=foreign&filename=foreign120721
CHRG-117shrg48208,2021-12-07,ssbk00,banking,https://www.senate.gov/isvp/?comm=banking&filename=banking120721
CHRG-117shrg53261,2021-12-07,ssfi00,finance,https://www.senate.gov/isvp/?comm=finance&filename=finance120721
CHRG-117shrg54133,2021-12-07,sscm00,commerce,https://www.senate.gov/isvp/?comm=commerce&filename=commerce120721
CHRG-117shrg56184,2021-12-07,ssju00,judiciary,https://www.senate.gov/isvp/?comm=judiciary&filename=judiciary120721
CHRG-117shrg46826,2021-12-08,slia00,indian,https://www.senate.gov/isvp/?comm=indian&filename=indian120821
CHRG-117shrg47712,2021-12-08,ssfr00,foreign,https://www.senate.gov/isvp/?comm=foreign&filename=foreign120821
CHRG-117shrg50551,2021-12-08,ssva00,vetaff,https://www.senate.gov/isvp/?comm=vetaff&filename=vetaff120821
CHRG-117shrg54588,2021-12-08,sscm00,commerce,https://www.senate.gov/isvp/?comm=commerce&filename=commerce120821
CHRG-117shrg63383,2021-12-08,ssas00,armed,https://www.senate.gov/isvp/?comm=armed&filename=armedA120821
CHRG-117shrg48439,2021-12-09,ssga00,govtaff,https://www.senate.gov/isvp/?comm=govtaff&filename=govtaff120921
CHRG-117shrg53136,2021-12-09,sscm00,commerce,https://www.senate.gov/isvp/?comm=commerce&filename=commerce120921
CHRG-117shrg56185,2021-12-13,ssju00,judiciary,https://www.senate.gov/isvp/?comm=judiciary&filename=judiciary121321
CHRG-117shrg46783,2021-12-14,sshr00,help,https://www.senate.gov/isvp/?comm=help&filename=help121421
CHRG-117shrg51128,2021-12-14,ssbk00,banking,https://www.senate.gov/isvp/?comm=banking&filename=banking121421
CHRG-117shrg51188,2021-12-15,ssbk00,banking,https://www.senate.gov/isvp/?comm=banking&filename=banking121521
CHRG-117shrg53137,2021-12-15,sscm00,commerce,https://www.senate.gov/isvp/?comm=commerce&filename=commerce121521
CHRG-117shrg56247,2021-12-15,ssju00,judiciary,https://www.senate.gov/isvp/?comm=judiciary&filename=judiciary121521
CHRG-117shrg56248,2021-12-15,ssju00,judiciary,https://www.senate.gov/isvp/?comm=judiciary&filename=judiciary121521
CHRG-117shrg53138,2021-12-16,sscm00,commerce,https://www.senate.gov/isvp/?comm=commerce&filename=commerce121621
CHRG-117shrg46692,2022-01-05,ssra00,rules,https://www.senate.gov/isvp/?comm=rules&filename=rules010522
CHRG-117shrg48389,2022-01-05,ssbk00,banking,https://www.senate.gov/isvp/?comm=banking&filename=banking010522
CHRG-117shrg46844,2022-01-11,sseg00,energy,https://www.senate.gov/isvp/?comm=energy&filename=energy011122
CHRG-117shrg48897,2022-01-11,sshr00,help,https://www.senate.gov/isvp/?comm=help&filename=help011122
CHRG-117shrg46624,2022-01-12,slin00,intel,https://www.senate.gov/isvp/?comm=intel&filename=intel011222
CHRG-117shrg49632,2022-01-12,ssev00,epw,https://www.senate.gov/isvp/?comm=epw&filename=epw011222
CHRG-117shrg51736,2022-01-12,ssfr00,foreign,https://www.senate.gov/isvp/?comm=foreign&filename=foreign011222
CHRG-117shrg46688,2022-01-13,spag00,aging,https://www.senate.gov/isvp/?comm=aging&filename=aging011322
CHRG-117shrg48698,2022-01-13,ssga00,govtaff,https://www.senate.gov/isvp/?comm=govtaff&filename=govtaff011322
CHRG-117shrg63384,2022-01-13,ssas00,armed,https://www.senate.gov/isvp/?comm=armed&filename=armedA011322
CHRG-117shrg39104022,2022-02-01,ssap00,approps,https://www.senate.gov/isvp/?comm=approps&filename=appropsA020122
CHRG-117shrg46647,2022-02-01,ssap00,approps,https://www.senate.gov/isvp/?comm=approps&filename=appropsA020122
CHRG-117shrg46846,2022-02-01,sseg00,energy,https://www.senate.gov/isvp/?comm=energy&filename=energy020122
CHRG-117shrg46924,2022-02-01,ssbu00,budget,https://www.senate.gov/isvp/?comm=budget&filename=budget020122
CHRG-117shrg47360,2022-02-01,sssb00,smbiz,https://www.senate.gov/isvp/?comm=smbiz&filename=smbiz020122
CHRG-117shrg47713,2022-02-01,ssfr00,foreign,https://www.senate.gov/isvp/?comm=foreign&filename=foreign020122
CHRG-117shrg48699,2022-02-01,ssap00,approps,https://www.senate.gov/isvp/?comm=approps&filename=appropsA020122
CHRG-117shrg48898,2022-02-01,sshr00,help,
CHRG-117shrg55075,2022-02-01,sscm00,commerce,https://www.senate.gov/isvp/?comm=commerce&filename=commerce020122
CHRG-117shrg48310,2022-02-02,slia00,indian,https://www.senate.gov/isvp/?comm=indian&filename=indian020222
CHRG-117shrg53384,2022-02-02,ssfi00,finance,https://www.senate.gov/isvp/?comm=finance&filename=finance020222
CHRG-117shrg56410,2022-02-02,ssju00,judiciary,https://www.senate.gov/isvp/?comm=judiciary&filename=judiciary020222
CHRG-117shrg48311,2022-02-03,ssbk00,banking,https://www.senate.gov/isvp/?comm=banking&filename=banking020322
CHRG-117shrg48700,2022-02-03,ssga00,govtaff,
CHRG-117shrg50616,2022-02-03,ssbk00,banking,https://www.senate.gov/isvp/?comm=banking&filename=banking020322
CHRG-117shrg46847,2022-02-08,sseg00,energy,https://www.senate.gov/isvp/?comm=energy&filename=energy020822
CHRG-117shrg48899,2022-02-08,sshr00,help,https://www.senate.gov/isvp/?comm=help&filename=help020822
CHRG-117shrg49901,2022-02-08,ssga00,govtaff,https://www.senate.gov/isvp/?comm=govtaff&filename=govtaff020822
CHRG-117shrg53739,2022-02-08,ssfi00,finance,https://www.senate.gov/isvp/?comm=finance&filename=finance020822
CHRG-117shrg56422,2022-02-08,,,
CHRG-117shrg63385,2022-02-08,ssas00,armed,https://www.senate.gov/isvp/?comm=armed&filename=armedA020822
CHRG-117shrg46848,2022-02-09,sseg00,energy,https://www.senate.gov/isvp/?comm=energy&filename=energy020922
CHRG-117shrg47256,2022-02-09,ssev00,epw,https://www.senate.gov/isvp/?comm=epw&filename=epw020922
CHRG-117shrg47756,2022-02-09,ssfr00,foreign,https://www.senate.gov/isvp/?comm=foreign&filename=foreign020922
CHRG-117shrg48644,2022-02-09,ssbk00,banking,https://www.senate.gov/isvp/?comm=banking&filename=banking020922
CHRG-117shrg50068,2022-02-09,ssaf00,ag,https://www.senate.gov/isvp/?comm=ag&filename=ag020922
CHRG-117shrg53943,2022-02-09,ssfi00,finance,https://www.senate.gov/isvp/?comm=finance&filename=finance020922
CHRG-117shrg57047,2022-02-09,sscm00,commerce,https://www.senate.gov/isvp/?comm=commerce&filename=commerce020922
CHRG-117shrg57138,2022-02-09,sscm00,commerce,https://www.senate.gov/isvp/?comm=commerce&filename=commerce020922
CHRG-117shrg46921,2022-02-10,spag00,aging,https://www.senate.gov/isvp/?comm=aging&filename=aging021022
CHRG-117shrg47752,2022-02-10,sseg00,energy,https://www.senate.gov/isvp/?comm=energy&filename=energy021022
CHRG-117shrg48900,2022-02-10,sshr00,help,https://www.senate.gov/isvp/?comm=help&filename=help021022
CHRG-117shrg48901,2022-02-15,sshr00,help,https://www.senate.gov/isvp/?comm=help&filename=help021522
CHRG-117shrg54176,2022-02-15,ssfi00,finance,https://www.senate.gov/isvp/?comm=finance&filename=finance021522
CHRG-117shrg63543,2022-02-15,ssas00,armed,https://www.senate.gov/isvp/?comm=armed&filename=armedA021522
CHRG-117shrg47757,2022-02-16,ssfr00,foreign,https://www.senate.gov/isvp/?comm=foreign&filename=foreign021622
CHRG-117shrg48086,2022-02-16,ssfr00,foreign,https://www.senate.gov/isvp/?comm=foreign&filename=foreign021622
CHRG-117shrg49895,2022-02-16,slia00,indian,https://www.senate.gov/isvp/?comm=indian&filename=indian021622
CHRG-117shrg47229,2022-02-17,ssbu00,budget,https://www.senate.gov/isvp/?comm=budget&filename=budget021722
CHRG-117shrg49908,2022-02-17,ssga00,govtaff,https://www.senate.gov/isvp/?comm=govtaff&filename=govtaff021722
CHRG-117shrg54247,2022-02-17,ssfi00,finance,https://www.senate.gov/isvp/?comm=finance&filename=finance021722
CHRG-117shrg63565,2022-02-17,ssas00,armed,
CHRG-117shrg47534,2022-02-23,ssev00,epw,https://www.senate.gov/isvp/?comm=epw&filename=epw022322
CHRG-117shrg47753,2022-03-01,sseg00,energy,https://www.senate.gov/isvp/?comm=energy&filename=energy030122
CHRG-117shrg56564,2022-03-01,ssju00,judiciary,https://www.senate.gov/isvp/?comm=judiciary&filename=judiciary030122
CHRG-117shrg59660,2022-03-01,ssas00,armed,https://www.senate.gov/isvp/?comm=armed&filename=armedA030122
CHRG-117shrg47457,2022-03-02,ssga00,govtaff,https://www.senate.gov/isvp/?comm=govtaff&filename=govtaff030222
CHRG-117shrg48117,2022-03-02,ssfr00,foreign,https://www.senate.gov/isvp/?comm=foreign&filename=foreign030222
CHRG-117shrg50069,2022-03-02,ssaf00,ag,https://www.senate.gov/isvp/?comm=ag&filename=ag030222
CHRG-117shrg50356,2022-03-02,ssev00,epw,https://www.senate.gov/isvp/?comm=epw&filename=epw030222
CHRG-117shrg53630,2022-03-02,ssva00,vetaff,https://www.senate.gov/isvp/?comm=vetaff&filename=vetaff030222
CHRG-117shrg47754,2022-03-03,sseg00,energy,https://www.senate.gov/isvp/?comm=energy&filename=energy030322
CHRG-117shrg49910,2022-03-03,ssga00,govtaff,https://www.senate.gov/isvp/?comm=govtaff&filename=govtaff030322
CHRG-117shrg55620,2022-03-03,sscm00,commerce,https://www.senate.gov/isvp/?comm=commerce&filename=commerce030322
CHRG-117shrg48350,2022-03-08,ssfr00,foreign,https://www.senate.gov/isvp/?comm=foreign&filename=foreign030822
CHRG-117shrg53631,2022-03-08,ssva00,vetaff,https://www.senate.gov/isvp/?comm=vetaff&filename=vetaff030822
CHRG-117shrg59798,2022-03-08,ssas00,armed,https://www.senate.gov/isvp/?comm=armed&filename=armedA030822
CHRG-117shrg47892,2022-03-10,sseg00,energy,https://www.senate.gov/isvp/?comm=energy&filename=energy031022
CHRG-117shrg47985,2022-03-10,slin00,intel,https://www.senate.gov/isvp/?comm=intel&filename=intel031022
CHRG-117shrg48701,2022-03-10,ssga00,govtaff,https://www.senate.gov/isvp/?comm=govtaff&filename=govtaff031022
CHRG-117shrg52758,2022-03-10,ssfr00,foreign,https://www.senate.gov/isvp/?comm=foreign&filename=foreign031022
CHRG-117shrg59661,2022-03-10,ssas00,armed,https://www.senate.gov/isvp/?comm=armed&filename=armedA031022
CHRG-117shrg47458,2022-03-14,ssga00,govtaff,https://www.senate.gov/isvp/?comm=govtaff&filename=govtaff031422
CHRG-117shrg48396,2022-03-15,ssfr00,foreign,https://www.senate.gov/isvp/?comm=foreign&filename=foreign031522
CHRG-117shrg49909,2022-03-15,ssga00,govtaff,https://www.senate.gov/isvp/?comm=govtaff&filename=govtaff031522
CHRG-117shrg54364,2022-03-15,ssfi00,finance,https://www.senate.gov/isvp/?comm=finance&filename=finance031522
CHRG-117shrg56622,2022-03-15,,,
CHRG-117shrg59662,2022-03-15,ssas00,armed,https://www.senate.gov/isvp/?comm=armed&filename=armedA031522
CHRG-117shrg47361,2022-03-16,sssb00,smbiz,https://www.senate.gov/isvp/?comm=smbiz&filename=smbiz031622
CHRG-117shrg49426,2022-03-16,slia00,indian,https://www.senate.gov/isvp/?comm=indian&filename=indian031622
CHRG-117shrg49911,2022-03-16,ssga00,govtaff,https://www.senate.gov/isvp/?comm=govtaff&filename=govtaff031622
CHRG-117shrg54519,2022-03-16,ssfi00,finance,https://www.senate.gov/isvp/?comm=finance&filename=finance031622
CHRG-117shrg59663,2022-03-16,ssas00,armed,https://www.senate.gov/isvp/?comm=armed&filename=armedA031622
CHRG-117shrg47177,2022-03-17,spag00,aging,https://www.senate.gov/isvp/?comm=aging&filename=aging031722
CHRG-117shrg47893,2022-03-17,sseg00,energy,https://www.senate.gov/isvp/?comm=energy&filename=energy031722
CHRG-117shrg49912,2022-03-17,ssga00,govtaff,https://www.senate.gov/isvp/?comm=govtaff&filename=govtaff031722
CHRG-117shrg54579,2022-03-17,ssfi00,finance,https://www.senate.gov/isvp/?comm=finance&filename=finance031722
CHRG-117shrg47858,2022-03-21,ssju00,judiciary,https://www.senate.gov/isvp/?comm=judiciary&filename=judiciary032122
CHRG-117shrg49380,2022-03-21,ssju00,judiciary,https://www.senate.gov/isvp/?comm=judiciary&filename=judiciary032122
CHRG-117shrg49424,2022-03-21,ssju00,judiciary,https://www.senate.gov/isvp/?comm=judiciary&filename=judiciary032122
CHRG-117shrg48902,2022-03-22,sshr00,help,https://www.senate.gov/isvp/?comm=help&filename=help032222
CHRG-117shrg50070,2022-03-22,ssaf00,ag,https://www.senate.gov/isvp/?comm=ag&filename=ag032222
CHRG-117shrg55714,2022-03-22,ssbk00,banking,https://www.senate.gov/isvp/?comm=banking&filename=banking032222
CHRG-117shrg63566,2022-03-22,ssas00,armed,https://www.senate.gov/isvp/?comm=armed&filename=armedA032222
CHRG-117shrg47178,2022-03-23,spag00,aging,https://www.senate.gov/isvp/?comm=aging&filename=aging032322
CHRG-117shrg48509,2022-03-23,slia00,indian,https://www.senate.gov/isvp/?comm=indian&filename=indian032322
CHRG-117shrg48903,2022-03-23,sshr00,help,https://www.senate.gov/isvp/?comm=help&filename=help032322
CHRG-117shrg50935,2022-03-23,ssva00,vetaff,https://www.senate.gov/isvp/?comm=vetaff&filename=vetaff032322
CHRG-117shrg54772,2022-03-23,sscm00,commerce,https://www.senate.gov/isvp/?comm=commerce&filename=commerce032322
CHRG-117shrg59652,2022-03-23,ssas00,armed,https://www.senate.gov/isvp/?comm=armed&filename=armedA032322
CHRG-117shrg54920,2022-03-28,sscm00,commerce,
CHRG-117shrg39104001,2022-03-29,ssap00,approps,https://www.senate.gov/isvp/?comm=approps&filename=appropsA032922
CHRG-117shrg47894,2022-03-29,sseg00,energy,https://www.senate.gov/isvp/?comm=energy&filename=energy032922
CHRG-117shrg48904,2022-03-29,sshr00,help,https://www.senate.gov/isvp/?comm=help&filename=help032922
CHRG-117shrg50956,2022-03-29,ssva00,vetaff,https://www.senate.gov/isvp/?comm=vetaff&filename=vetaff032922
CHRG-117shrg53817,2022-03-29,ssbk00,banking,https://www.senate.gov/isvp/?comm=banking&filename=banking032922
CHRG-117shrg59654,2022-03-29,ssas00,armed,https://www.senate.gov/isvp/?comm=armed&filename=armedA032922
CHRG-117shrg47242,2022-03-30,ssra00,rules,https://www.senate.gov/isvp/?comm=rules&filename=rules033022
CHRG-117shrg47314,2022-03-30,ssbu00,budget,https://www.senate.gov/isvp/?comm=budget&filename=budget033022
CHRG-117shrg47362,2022-03-30,sssb00,smbiz,https://www.senate.gov/isvp/?comm=smbiz&filename=smbiz033022
CHRG-117shrg48425,2022-03-30,ssfr00,foreign,https://www.senate.gov/isvp/?comm=foreign&filename=foreign033022
CHRG-117shrg54676,2022-03-30,ssfi00,finance,https://www.senate.gov/isvp/?comm=finance&filename=finance033022
CHRG-117shrg47366,2022-03-31,spag00,aging,https://www.senate.gov/isvp/?comm=aging&filename=aging033122
CHRG-117shrg47895,2022-03-31,sseg00,energy,https://www.senate.gov/isvp/?comm=energy&filename=energy033122
CHRG-117shrg48702,2022-03-31,ssga00,govtaff,https://www.senate.gov/isvp/?comm=govtaff&filename=govtaff033122
CHRG-117shrg48968,2022-03-31,ssfr00,foreign,https://www.senate.gov/isvp/?comm=foreign&filename=foreign033122
CHRG-117shrg54949,2022-03-31,ssfi00,finance,https://www.senate.gov/isvp/?comm=finance&filename=finance033122
CHRG-117shrg47315,2022-04-05,ssbu00,budget,https://www.senate.gov/isvp/?comm=budget&filename=budget040522
CHRG-117shrg48905,2022-04-05,sshr00,help,https://www.senate.gov/isvp/?comm=help&filename=help040522
CHRG-117shrg55074,2022-04-05,ssfi00,finance,https://www.senate.gov/isvp/?comm=finance&filename=finance040522
CHRG-117shrg55409,2022-04-05,sscm00,commerce,https://www.senate.gov/isvp/?comm=commerce&filename=commerce040522
CHRG-117shrg39104014,2022-04-06,ssap00,approps,https://www.senate.gov/isvp/?comm=approps&filename=appropsA040622
CHRG-117shrg46653,2022-04-06,ssap00,approps,https://www.senate.gov/isvp/?comm=approps&filename=appropsA040622
CHRG-117shrg47323,2022-04-06,ssra00,rules,https://www.senate.gov/isvp/?comm=rules&filename=rules040622
CHRG-117shrg47887,2022-04-06,ssra00,rules,https://www.senate.gov/isvp/?comm=rules&filename=rules040622
CHRG-117shrg47930,2022-04-06,ssev00,epw,https://www.senate.gov/isvp/?comm=epw&filename=epw040622
CHRG-117shrg47984,2022-04-06,slin00,intel,
CHRG-117shrg48328,2022-04-06,ssbk00,banking,
CHRG-117shrg48585,2022-04-06,ssfr00,foreign,https://www.senate.gov/isvp/?comm=foreign&filename=foreign040622
CHRG-117shrg53390,2022-04-06,ssbk00,banking,
CHRG-117shrg59760,2022-04-06,ssas00,armed,https://www.senate.gov/isvp/?comm=armed&filename=armedA040622 https://www.senate.gov/isvp/?comm=armed&filename=armedB040622
CHRG-117shrg60173,2022-04-06,ssas00,armed,https://www.senate.gov/isvp/?comm=armed&filename=armedA040622 https://www.senate.gov/isvp/?comm=armed&filename=armedB040622
CHRG-117shrg47936,2022-04-07,sseg00,energy,https://www.senate.gov/isvp/?comm=energy&filename=energy040722
CHRG-117shrg55204,2022-04-07,ssfi00,finance,https://www.senate.gov/isvp/?comm=finance&filename=finance040722
CHRG-117shrg47456,2022-04-12,spag00,aging,https://www.senate.gov/isvp/?comm=aging&filename=aging041222
CHRG-117shrg51170,2022-04-21,ssva00,vetaff,
CHRG-117shrg39104023,2022-04-26,ssap00,approps,https://www.senate.gov/isvp/?comm=approps&filename=appropsA042622
CHRG-117shrg48491,2022-04-26,ssga00,govtaff,https://www.senate.gov/isvp/?comm=govtaff&filename=govtaff042622
CHRG-117shrg48906,2022-04-26,sshr00,help,https://www.senate.gov/isvp/?comm=help&filename=help042622
CHRG-117shrg50071,2022-04-26,ssaf00,ag,https://www.senate.gov/isvp/?comm=ag&filename=ag042622
CHRG-117shrg52322,2022-04-26,ssfr00,foreign,https://www.senate.gov/isvp/?comm=foreign&filename=foreign042622
CHRG-117shrg53442,2022-04-26,ssbk00,banking,https://www.senate.gov/isvp/?comm=banking&filename=banking042622
CHRG-117shrg59761,2022-04-26,ssas00,armed,https://www.senate.gov/isvp/?comm=armed&filename=armedA042622 https://www.senate.gov/isvp/?comm=armed&filename=armedB042622
CHRG-117shrg59835,2022-04-26,ssas00,armed,https://www.senate.gov/isvp/?comm=armed&filename=armedA042622 https://www.senate.gov/isvp/?comm=armed&filename=armedB042622
CHRG-117shrg46674,2022-04-27,ssap00,approps,https://www.senate.gov/isvp/?comm=approps&filename=appropsA042722
CHRG-117shrg48246,2022-04-27,sssb00,smbiz,
CHRG-117shrg49104039,2022-04-27,ssap00,approps,https://www.senate.gov/isvp/?comm=approps&filename=appropsA042722
CHRG-117shrg51186,2022-04-27,ssva00,vetaff,https://www.senate.gov/isvp/?comm=vetaff&filename=vetaff042722
CHRG-117shrg54757,2022-04-27,sscm00,commerce,https://www.senate.gov/isvp/?comm=commerce&filename=commerce042722
CHRG-117shrg59762,2022-04-27,ssas00,armed,https://www.senate.gov/isvp/?comm=armed&filename=armedA042722 https://www.senate.gov/isvp/?comm=armed&filename=armedB042722
CHRG-117shrg59848,2022-04-27,ssas00,armed,https://www.senate.gov/isvp/?comm=armed&filename=armedA042722 https://www.senate.gov/isvp/?comm=armed&filename=armedB042722
CHRG-117shrg59849,2022-04-27,ssas00,armed,https://www.senate.gov/isvp/?comm=armed&filename=armedA042722 https://www.senate.gov/isvp/?comm=armed&filename=armedB042722
CHRG-117shrg39104988,2022-04-28,ssap00,approps,https://www.senate.gov/isvp/?comm=approps&filename=appropsA042822
CHRG-117shrg39104990,2022-04-28,ssap00,approps,https://www.senate.gov/isvp/?comm=approps&filename=appropsA042822
CHRG-117shrg46644,2022-04-28,ssap00,approps,https://www.senate.gov/isvp/?comm=approps&filename=appropsA042822
CHRG-117shrg47937,2022-04-28,sseg00,energy,https://www.senate.gov/isvp/?comm=energy&filename=energy042822
CHRG-117shrg54758,2022-04-28,sscm00,commerce,https://www.senate.gov/isvp/?comm=commerce&filename=commerce042822
CHRG-117shrg50072,2022-04-29,ssaf00,ag,https://www.senate.gov/isvp/?comm=ag&filename=ag042922
CHRG-117shrg39104002,2022-05-03,ssap00,approps,https://www.senate.gov/isvp/?comm=approps&filename=appropsA050322 https://www.senate.gov/isvp/?comm=approps&filename=appropsB050322
CHRG-117shrg39104024,2022-05-03,ssap00,approps,https://www.senate.gov/isvp/?comm=approps&filename=appropsA050322 https://www.senate.gov/isvp/?comm=approps&filename=appropsB050322
CHRG-117shrg39104030,2022-05-03,ssap00,approps,https://www.senate.gov/isvp/?comm=approps&filename=appropsA050322 https://www.senate.gov/isvp/?comm=approps&filename=appropsB050322
CHRG-117shrg46656,2022-05-03,ssap00,approps,https://www.senate.gov/isvp/?comm=approps&filename=appropsA050322 https://www.senate.gov/isvp/?comm=approps&filename=appropsB050322
CHRG-117shrg48907,2022-05-03,sshr00,help,https://www.senate.gov/isvp/?comm=help&filename=help050322
CHRG-117shrg48969,2022-05-03,ssfr00,foreign,https://www.senate.gov/isvp/?comm=foreign&filename=foreign050322
CHRG-117shrg51397,2022-05-03,ssva00,vetaff,https://www.senate.gov/isvp/?comm=vetaff&filename=vetaff050322
CHRG-117shrg54759,2022-05-03,sscm00,commerce,https://www.senate.gov/isvp/?comm=commerce&filename=commerce050322
CHRG-117shrg59763,2022-05-03,ssas00,armed,https://www.senate.gov/isvp/?comm=armed&filename=armedA050322
CHRG-117shrg39104008,2022-05-04,ssap00,approps,https://www.senate.gov/isvp/?comm=approps&filename=appropsA050422 https://www.senate.gov/isvp/?comm=approps&filename=appropsB050422
CHRG-117shrg39104015,2022-05-04,ssap00,approps,https://www.senate.gov/isvp/?comm=approps&filename=appropsA050422 https://www.senate.gov/isvp/?comm=approps&filename=appropsB050422
CHRG-117shrg39104018,2022-05-04,ssap00,approps,https://www.senate.gov/isvp/?comm=approps&filename=appropsA050422 https://www.senate.gov/isvp/?comm=approps&filename=appropsB050422
CHRG-117shrg39104985,2022-05-04,ssap00,approps,https://www.senate.gov/isvp/?comm=approps&filename=appropsA050422 https://www.senate.gov/isvp/?comm=approps&filename=appropsB050422
CHRG-117shrg39104996,2022-05-04,ssap00,approps,https://www.senate.gov/isvp/?comm=approps&filename=appropsA050422 https://www.senate.gov/isvp/?comm=approps&filename=appropsB050422
CHRG-117shrg46659,2022-05-04,ssap00,approps,https://www.senate.gov/isvp/?comm=approps&filename=appropsA050422 https://www.senate.gov/isvp/?comm=approps&filename=appropsB050422
CHRG-117shrg46662,2022-05-04,ssap00,approps,https://www.senate.gov/isvp/?comm=approps&filename=appropsA050422 https://www.senate.gov/isvp/?comm=approps&filename=appropsB050422
CHRG-117shrg46665,2022-05-04,ssap00,approps,https://www.senate.gov/isvp/?comm=approps&filename=appropsA050422 https://www.senate.gov/isvp/?comm=approps&filename=appropsB050422
CHRG-117shrg49821,2022-05-04,slia00,indian,https://www.senate.gov/isvp/?comm=indian&filename=indian050422
CHRG-117shrg50842,2022-05-04,ssga00,govtaff,https://www.senate.gov/isvp/?comm=govtaff&filename=govtaff050422
CHRG-117shrg55356,2022-05-04,ssfi00,finance,https://www.senate.gov/isvp/?comm=finance&filename=finance050422
CHRG-117shrg55743,2022-05-04,ssbk00,banking,https://www.senate.gov/isvp/?comm=banking&filename=banking050422
CHRG-117shrg56659,2022-05-04,ssju00,judiciary,https://www.senate.gov/isvp/?comm=judiciary&filename=judiciary050422
CHRG-117shrg56698,2022-05-04,ssju00,judiciary,https://www.senate.gov/isvp/?comm=judiciary&filename=judiciary050422
CHRG-117shrg59769,2022-05-04,ssas00,armed,https://www.senate.gov/isvp/?comm=armed&filename=armedA050422
CHRG-118shrg39104017,2022-05-04,ssap00,approps,https://www.senate.gov/isvp/?comm=approps&filename=appropsA050422 https://www.senate.gov/isvp/?comm=approps&filename=appropsB050422
CHRG-117shrg47606,2022-05-05,ssbu00,budget,https://www.senate.gov/isvp/?comm=budget&filename=budget050522
CHRG-117shrg47938,2022-05-05,sseg00,energy,https://www.senate.gov/isvp/?comm=energy&filename=energy050522
CHRG-117shrg50843,2022-05-05,ssga00,govtaff,https://www.senate.gov/isvp/?comm=govtaff&filename=govtaff050522
CHRG-117shrg54763,2022-05-05,sscm00,commerce,https://www.senate.gov/isvp/?comm=commerce&filename=commerce050522
CHRG-117shrg39104003,2022-05-10,ssap00,approps,https://www.senate.gov/isvp/?comm=approps&filename=appropsA051022 https://www.senate.gov/isvp/?comm=approps&filename=appropsB051022
CHRG-117shrg39104991,2022-05-10,ssap00,approps,https://www.senate.gov/isvp/?comm=approps&filename=appropsA051022 https://www.senate.gov/isvp/?comm=approps&filename=appropsB051022
CHRG-117shrg48908,2022-05-10,sshr00,help,https://www.senate.gov/isvp/?comm=help&filename=help051022
CHRG-117shrg59770,2022-05-10,ssas00,armed,https://www.senate.gov/isvp/?comm=armed&filename=armedA051022 https://www.senate.gov/isvp/?comm=armed&filename=armedB051022
CHRG-117shrg59771,2022-05-10,ssas00,armed,https://www.senate.gov/isvp/?comm=armed&filename=armedA051022 https://www.senate.gov/isvp/?comm=armed&filename=armedB051022
CHRG-117shrg59836,2022-05-10,ssas00,armed,https://www.senate.gov/isvp/?comm=armed&filename=armedA051022 https://www.senate.gov/isvp/?comm=armed&filename=armedB051022
CHRG-117shrg39104019,2022-05-11,ssap00,approps,https://www.senate.gov/isvp/?comm=approps&filename=appropsA051122 https://www.senate.gov/isvp/?comm=approps&filename=appropsB051122
CHRG-117shrg39104027,2022-05-11,ssap00,approps,https://www.senate.gov/isvp/?comm=approps&filename=appropsA051122 https://www.senate.gov/isvp/?comm=approps&filename=appropsB051122
CHRG-117shrg39104031,2022-05-11,ssap00,approps,https://www.senate.gov/isvp/?comm=approps&filename=appropsA051122 https://www.senate.gov/isvp/?comm=approps&filename=appropsB051122
CHRG-117shrg46668,2022-05-11,ssap00,approps,https://www.senate.gov/isvp/?comm=approps&filename=appropsA051122 https://www.senate.gov/isvp/?comm=approps&filename=appropsB051122
CHRG-117shrg47939,2022-05-11,sseg00,energy,https://www.senate.gov/isvp/?comm=energy&filename=energy051122
CHRG-117shrg47983,2022-05-11,slin00,intel,https://www.senate.gov/isvp/?comm=intel&filename=intel051122
CHRG-117shrg48682,2022-05-11,ssev00,epw,https://www.senate.gov/isvp/?comm=epw&filename=epw051122
CHRG-117shrg49104041,2022-05-11,ssap00,approps,https://www.senate.gov/isvp/?comm=approps&filename=appropsA051122 https://www.senate.gov/isvp/?comm=approps&filename=appropsB051122
CHRG-117shrg49631,2022-05-11,ssfr00,foreign,https://www.senate.gov/isvp/?comm=foreign&filename=foreign051122
CHRG-117shrg51398,2022-05-11,ssva00,vetaff,https://www.senate.gov/isvp/?comm=vetaff&filename=vetaff051122
CHRG-117shrg54338,2022-05-11,ssap00,approps,https://www.senate.gov/isvp/?comm=approps&filename=appropsA051122 https://www.senate.gov/isvp/?comm=approps&filename=appropsB051122
CHRG-117shrg39104989,2022-05-12,ssap00,approps,https://www.senate.gov/isvp/?comm=approps&filename=appropsA051222
CHRG-117shrg47607,2022-05-12,ssbu00,budget,https://www.senate.gov/isvp/?comm=budget&filename=budget051222
CHRG-117shrg50844,2022-05-12,ssga00,govtaff,https://www.senate.gov/isvp/?comm=govtaff&filename=govtaff051222
CHRG-117shrg55076,2022-05-13,sscm00,commerce,
CHRG-117shrg39104004,2022-05-17,ssap00,approps,https://www.senate.gov/isvp/?comm=approps&filename=appropsA051722 https://www.senate.gov/isvp/?comm=approps&filename=appropsB051722
CHRG-117shrg39104997,2022-05-17,ssap00,approps,https://www.senate.gov/isvp/?comm=approps&filename=appropsA051722 https://www.senate.gov/isvp/?comm=approps&filename=appropsB051722
CHRG-117shrg47960,2022-05-17,sseg00,energy,https://www.senate.gov/isvp/?comm=energy&filename=energy051722
CHRG-117shrg39104009,2022-05-18,ssap00,approps,https://www.senate.gov/isvp/?comm=approps&filename=appropsA051822 https://www.senate.gov/isvp/?comm=approps&filename=appropsB051822
CHRG-117shrg39104016,2022-05-18,ssap00,approps,https://www.senate.gov/isvp/?comm=approps&filename=appropsA051822 https://www.senate.gov/isvp/?comm=approps&filename=appropsB051822
CHRG-117shrg39104020,2022-05-18,ssap00,approps,https://www.senate.gov/isvp/?comm=approps&filename=appropsA051822 https://www.senate.gov/isvp/?comm=approps&filename=appropsB051822
CHRG-117shrg48881,2022-05-18,ssev00,epw,https://www.senate.gov/isvp/?comm=epw&filename=epw051822
CHRG-117shrg48909,2022-05-18,sshr00,help,https://www.senate.gov/isvp/?comm=help&filename=help051822
CHRG-117shrg56731,2022-05-18,ssju00,judiciary,https://www.senate.gov/isvp/?comm=judiciary&filename=judiciary051822
CHRG-117shrg47652,2022-05-19,ssra00,rules,https://www.senate.gov/isvp/?comm=rules&filename=rules051922
CHRG-117shrg47697,2022-05-19,spag00,aging,https://www.senate.gov/isvp/?comm=aging&filename=aging051922
CHRG-117shrg47961,2022-05-19,sseg00,energy,https://www.senate.gov/isvp/?comm=energy&filename=energy051922
CHRG-117shrg48337,2022-05-19,ssbk00,banking,https://www.senate.gov/isvp/?comm=banking&filename=banking051922
CHRG-117shrg39104029,2022-05-25,ssap00,approps,https://www.senate.gov/isvp/?comm=approps&filename=appropsA052522 https://www.senate.gov/isvp/?comm=approps&filename=appropsB052522
CHRG-117shrg47962,2022-05-25,sseg00,energy,https://www.senate.gov/isvp/?comm=energy&filename=energy052522
CHRG-117shrg48979,2022-05-25,ssfr00,foreign,https://www.senate.gov/isvp/?comm=foreign&filename=foreign052522
CHRG-117shrg49104040,2022-05-25,ssap00,approps,https://www.senate.gov/isvp/?comm=approps&filename=appropsA052522 https://www.senate.gov/isvp/?comm=approps&filename=appropsB052522
CHRG-117shrg50337,2022-05-25,slia00,indian,https://www.senate.gov/isvp/?comm=indian&filename=indian052522
CHRG-117shrg55961,2022-05-25,ssbk00,banking,https://www.senate.gov/isvp/?comm=banking&filename=banking052522
CHRG-117shrg39104005,2022-05-26,ssap00,approps,https://www.senate.gov/isvp/?comm=approps&filename=appropsA052622
CHRG-117shrg48910,2022-05-26,sshr00,help,https://www.senate.gov/isvp/?comm=help&filename=help052622
CHRG-117shrg48980,2022-05-26,ssfr00,foreign,https://www.senate.gov/isvp/?comm=foreign&filename=foreign052622
CHRG-117shrg50073,2022-05-26,ssaf00,ag,https://www.senate.gov/isvp/?comm=ag&filename=ag052622
CHRG-117shrg63567,2022-05-26,ssas00,armed,https://www.senate.gov/isvp/?comm=armed&filename=armedA052622
CHRG-117shrg49104038,2022-05-27,ssap00,approps,
CHRG-117shrg39104994,2022-06-07,ssap00,approps,https://www.senate.gov/isvp/?comm=approps&filename=appropsA060722 https://www.senate.gov/isvp/?comm=approps&filename=appropsB060722
CHRG-117shrg39104999,2022-06-07,ssap00,approps,https://www.senate.gov/isvp/?comm=approps&filename=appropsA060722 https://www.senate.gov/isvp/?comm=approps&filename=appropsB060722
CHRG-117shrg47963,2022-06-07,sseg00,energy,https://www.senate.gov/isvp/?comm=energy&filename=energy060722
CHRG-117shrg50074,2022-06-07,ssaf00,ag,https://www.senate.gov/isvp/?comm=ag&filename=ag060722
CHRG-117shrg50846,2022-06-07,ssga00,govtaff,https://www.senate.gov/isvp/?comm=govtaff&filename=govtaff060722
CHRG-117shrg55411,2022-06-07,ssfi00,finance,https://www.senate.gov/isvp/?comm=finance&filename=finance060722
CHRG-117shrg55818,2022-06-07,sscm00,commerce,https://www.senate.gov/isvp/?comm=commerce&filename=commerce060722
CHRG-117shrg48247,2022-06-08,sssb00,smbiz,https://www.senate.gov/isvp/?comm=smbiz&filename=smbiz060822
CHRG-117shrg48912,2022-06-08,ssev00,epw,https://www.senate.gov/isvp/?comm=epw&filename=epw060822
CHRG-117shrg49629,2022-06-08,ssfr00,foreign,https://www.senate.gov/isvp/?comm=foreign&filename=foreign060822
CHRG-117shrg55819,2022-06-08,sscm00,commerce,https://www.senate.gov/isvp/?comm=commerce&filename=commerce060822
CHRG-117shrg47818,2022-06-09,ssbu00,budget,https://www.senate.gov/isvp/?comm=budget&filename=budget060922
CHRG-117shrg48125,2022-06-09,sseg00,energy,https://www.senate.gov/isvp/?comm=energy&filename=energy060922
CHRG-117shrg49452,2022-06-09,ssev00,epw,https://www.senate.gov/isvp/?comm=epw&filename=epw060922
CHRG-117shrg49947,2022-06-09,ssfr00,foreign,https://www.senate.gov/isvp/?comm=foreign&filename=foreign060922
CHRG-117shrg50075,2022-06-09,ssaf00,ag,https://www.senate.gov/isvp/?comm=ag&filename=ag060922
CHRG-117shrg50847,2022-06-09,ssga00,govtaff,https://www.senate.gov/isvp/?comm=govtaff&filename=govtaff060922
CHRG-117shrg55621,2022-06-09,sscm00,commerce,https://www.senate.gov/isvp/?comm=commerce&filename=commerce060922
CHRG-117shrg48126,2022-06-14,sseg00,energy,https://www.senate.gov/isvp/?comm=energy&filename=energy061422
CHRG-117shrg48492,2022-06-14,ssga00,govtaff,https://www.senate.gov/isvp/?comm=govtaff&filename=govtaff061422
CHRG-117shrg49104036,2022-06-14,ssap00,approps,https://www.senate.gov/isvp/?comm=approps&filename=appropsA061422
CHRG-117shrg49104037,2022-06-14,ssap00,approps,https://www.senate.gov/isvp/?comm=approps&filename=appropsA061422
CHRG-117shrg51534,2022-06-14,ssva00,vetaff,https://www.senate.gov/isvp/?comm=vetaff&filename=vetaff061422
CHRG-117shrg55648,2022-06-14,ssfi00,finance,https://www.senate.gov/isvp/?comm=finance&filename=finance061422
CHRG-117shrg39104995,2022-06-15,ssap00,approps,https://www.senate.gov/isvp/?comm=approps&filename=appropsA061522
CHRG-117shrg55724,2022-06-15,ssfi00,finance,https://www.senate.gov/isvp/?comm=finance&filename=finance061522
CHRG-117shrg48911,2022-06-16,sshr00,help,https://www.senate.gov/isvp/?comm=help&filename=help061622
CHRG-117shrg51389,2022-06-17,ssaf00,ag,https://www.senate.gov/isvp/?comm=ag&filename=ag061722
CHRG-117shrg39104028,2022-06-22,ssap00,approps,https://www.senate.gov/isvp/?comm=approps&filename=appropsA062222 https://www.senate.gov/isvp/?comm=approps&filename=appropsB062222
CHRG-117shrg39104032,2022-06-22,ssap00,approps,https://www.senate.gov/isvp/?comm=approps&filename=appropsA062222 https://www.senate.gov/isvp/?comm=approps&filename=appropsB062222
CHRG-117shrg48913,2022-06-22,sshr00,help,https://www.senate.gov/isvp/?comm=help&filename=help062222
CHRG-117shrg50081,2022-06-22,ssfr00,foreign,https://www.senate.gov/isvp/?comm=foreign&filename=foreign062222
CHRG-117shrg50193,2022-06-22,slia00,indian,https://www.senate.gov/isvp/?comm=indian&filename=indian062222
CHRG-117shrg50848,2022-06-22,ssga00,govtaff,https://www.senate.gov/isvp/?comm=govtaff&filename=govtaff062222
CHRG-117shrg56942,2022-06-22,ssju00,judiciary,https://www.senate.gov/isvp/?comm=judiciary&filename=judiciary062222
CHRG-117shrg48016,2022-06-23,spag00,aging,https://www.senate.gov/isvp/?comm=aging&filename=aging062322
CHRG-117shrg51531,2022-06-23,ssga00,govtaff,https://www.senate.gov/isvp/?comm=govtaff&filename=govtaff062322
CHRG-117shrg51737,2022-06-23,ssfr00,foreign,https://www.senate.gov/isvp/?comm=foreign&filename=foreign062322
CHRG-117shrg47982,2022-07-01,spag00,aging,https://www.senate.gov/isvp/?comm=aging&filename=aging070122
CHRG-117shrg49376,2022-07-12,ssga00,govtaff,https://www.senate.gov/isvp/?comm=govtaff&filename=govtaff071222
CHRG-117shrg50082,2022-07-12,ssfr00,foreign,https://www.senate.gov/isvp/?comm=foreign&filename=foreign071222
CHRG-117shrg54988,2022-07-12,sscm00,commerce,https://www.senate.gov/isvp/?comm=commerce&filename=commerce071222
CHRG-117shrg55824,2022-07-12,ssfi00,finance,https://www.senate.gov/isvp/?comm=finance&filename=finance071222
CHRG-117shrg56947,2022-07-12,ssju00,judiciary,https://www.senate.gov/isvp/?comm=judiciary&filename=judiciary071222
CHRG-117shrg39104021,2022-07-13,ssap00,approps,https://www.senate.gov/isvp/?comm=approps&filename=appropsA071322
CHRG-117shrg48127,2022-07-13,sseg00,energy,https://www.senate.gov/isvp/?comm=energy&filename=energy071322
CHRG-117shrg48248,2022-07-13,sssb00,smbiz,https://www.senate.gov/isvp/?comm=smbiz&filename=smbiz071322
CHRG-117shrg48914,2022-07-13,sshr00,help,https://www.senate.gov/isvp/?comm=help&filename=help071322
CHRG-117shrg51646,2022-07-13,ssva00,vetaff,https://www.senate.gov/isvp/?comm=vetaff&filename=vetaff071322
CHRG-117shrg55081,2022-07-13,sscm00,commerce,https://www.senate.gov/isvp/?comm=commerce&filename=commerce071322
CHRG-117shrg51532,2022-07-14,ssga00,govtaff,https://www.senate.gov/isvp/?comm=govtaff&filename=govtaff071422
CHRG-117shrg55622,2022-07-14,sscm00,commerce,https://www.senate.gov/isvp/?comm=commerce&filename=commerce071422
CHRG-117shrg48128,2022-07-19,sseg00,energy,https://www.senate.gov/isvp/?comm=energy&filename=energy071922
CHRG-117shrg48251,2022-07-19,ssra00,rules,https://www.senate.gov/isvp/?comm=rules&filename=rules071922
CHRG-117shrg51533,2022-07-19,ssga00,govtaff,https://www.senate.gov/isvp/?comm=govtaff&filename=govtaff071922
CHRG-117shrg55962,2022-07-19,ssbk00,banking,https://www.senate.gov/isvp/?comm=banking&filename=banking071922
CHRG-117shrg39104992,2022-07-20,ssap00,approps,https://www.senate.gov/isvp/?comm=approps&filename=appropsA072022
CHRG-117shrg50110,2022-07-20,slia00,indian,https://www.senate.gov/isvp/?comm=indian&filename=indian072022
CHRG-117shrg51605,2022-07-20,ssap00,approps,https://www.senate.gov/isvp/?comm=approps&filename=appropsA072022
CHRG-117shrg51647,2022-07-20,ssva00,vetaff,https://www.senate.gov/isvp/?comm=vetaff&filename=vetaff072022
CHRG-117shrg51805,2022-07-20,ssfr00,foreign,https://www.senate.gov/isvp/?comm=foreign&filename=foreign072022
CHRG-117shrg55820,2022-07-20,sscm00,commerce,https://www.senate.gov/isvp/?comm=commerce&filename=commerce072022
CHRG-117shrg56312,2022-07-20,ssfi00,finance,https://www.senate.gov/isvp/?comm=finance&filename=finance072022
CHRG-117shrg49377,2022-07-21,ssga00,govtaff,https://www.senate.gov/isvp/?comm=govtaff&filename=govtaff072122
CHRG-117shrg63568,2022-07-21,ssas00,armed,https://www.senate.gov/isvp/?comm=armed&filename=armedA072122
CHRG-117shrg51545,2022-07-25,ssga00,govtaff,https://www.senate.gov/isvp/?comm=govtaff&filename=govtaff072522
CHRG-117shrg48915,2022-07-26,sshr00,help,https://www.senate.gov/isvp/?comm=help&filename=help072622
CHRG-117shrg50236,2022-07-26,ssga00,govtaff,https://www.senate.gov/isvp/?comm=govtaff&filename=govtaff072622
CHRG-117shrg51523,2022-07-26,ssfr00,foreign,https://www.senate.gov/isvp/?comm=foreign&filename=foreign072622
CHRG-117shrg48249,2022-07-27,sssb00,smbiz,https://www.senate.gov/isvp/?comm=smbiz&filename=smbiz072722
CHRG-117shrg50076,2022-07-27,slia00,indian,https://www.senate.gov/isvp/?comm=indian&filename=indian072722
CHRG-117shrg51544,2022-07-27,ssfr00,foreign,https://www.senate.gov/isvp/?comm=foreign&filename=foreign072722 https://www.senate.gov/isvp/?comm=foreign&filename=foreignA072722 https://www.senate.gov/isvp/?comm=foreign&filename=foreignB072722
CHRG-117shrg51626,2022-07-27,ssfr00,foreign,https://www.senate.gov/isvp/?comm=foreign&filename=foreign072722 https://www.senate.gov/isvp/?comm=foreign&filename=foreignA072722 https://www.senate.gov/isvp/?comm=foreign&filename=foreignB072722
CHRG-117shrg51648,2022-07-27,ssva00,vetaff,https://www.senate.gov/isvp/?comm=vetaff&filename=vetaff072722
CHRG-117shrg48298,2022-07-28,sseg00,energy,https://www.senate.gov/isvp/?comm=energy&filename=energy072822
CHRG-117shrg49440,2022-07-28,spag00,aging,https://www.senate.gov/isvp/?comm=aging&filename=aging072822
CHRG-117shrg55681,2022-07-28,ssfi00,finance,https://www.senate.gov/isvp/?comm=finance&filename=finance072822
CHRG-117shrg63591,2022-07-28,ssas00,armed,https://www.senate.gov/isvp/?comm=armed&filename=armedA072822
CHRG-117shrg51541,2022-08-01,ssga00,govtaff,https://www.senate.gov/isvp/?comm=govtaff&filename=govtaff080122
CHRG-117shrg50077,2022-08-02,slin00,intel,https://www.senate.gov/isvp/?comm=intel&filename=intel080222
CHRG-117shrg50573,2022-08-02,sssb00,smbiz,https://www.senate.gov/isvp/?comm=smbiz&filename=smbiz080222
CHRG-117shrg55623,2022-08-02,sscm00,commerce,https://www.senate.gov/isvp/?comm=commerce&filename=commerce080222
CHRG-117shrg48265,2022-08-03,ssra00,rules,https://www.senate.gov/isvp/?comm=rules&filename=rules080322
CHRG-117shrg48703,2022-08-03,ssga00,govtaff,https://www.senate.gov/isvp/?comm=govtaff&filename=govtaff080322
CHRG-117shrg56327,2022-08-03,ssfi00,finance,https://www.senate.gov/isvp/?comm=finance&filename=finance080322
CHRG-117shrg51627,2022-08-04,ssfr00,foreign,https://www.senate.gov/isvp/?comm=foreign&filename=foreign080422
CHRG-117shrg48513,2022-08-17,spag00,aging,https://www.senate.gov/isvp/?comm=aging&filename=aging081722
CHRG-117shrg48558,2022-08-23,spag00,aging,https://www.senate.gov/isvp/?comm=aging&filename=aging082322
CHRG-117shrg50757,2022-09-07,ssev00,epw,https://www.senate.gov/isvp/?comm=epw&filename=epw090722
CHRG-117shrg51200,2022-09-07,ssev00,epw,https://www.senate.gov/isvp/?comm=epw&filename=epw090722
CHRG-117shrg55821,2022-09-07,sscm00,commerce,https://www.senate.gov/isvp/?comm=commerce&filename=commerce090722
CHRG-117shrg48916,2022-09-13,sshr00,help,https://www.senate.gov/isvp/?comm=help&filename=help091322
CHRG-117shrg60055,2022-09-13,,,
CHRG-117shrg63592,2022-09-13,ssas00,armed,https://www.senate.gov/isvp/?comm=armed&filename=armedA091322
CHRG-117shrg48917,2022-09-14,sshr00,help,https://www.senate.gov/isvp/?comm=help&filename=help091422
CHRG-117shrg51438,2022-09-14,ssev00,epw,https://www.senate.gov/isvp/?comm=epw&filename=epw091422
CHRG-117shrg51542,2022-09-14,ssga00,govtaff,https://www.senate.gov/isvp/?comm=govtaff&filename=govtaff091422
CHRG-117shrg59432,2022-09-14,,,
CHRG-117shrg48549,2022-09-15,sseg00,energy,https://www.senate.gov/isvp/?comm=energy&filename=energy091522
CHRG-117shrg51390,2022-09-15,ssaf00,ag,https://www.senate.gov/isvp/?comm=ag&filename=ag091522
CHRG-117shrg51701,2022-09-15,ssfr00,foreign,https://www.senate.gov/isvp/?comm=foreign&filename=foreign091522
CHRG-117shrg63634,2022-09-15,ssas00,armed,https://www.senate.gov/isvp/?comm=armed&filename=armedA091522
CHRG-117shrg50237,2022-09-20,ssga00,govtaff,https://www.senate.gov/isvp/?comm=govtaff&filename=govtaff092022
CHRG-117shrg53633,2022-09-20,ssbk00,banking,https://www.senate.gov/isvp/?comm=banking&filename=banking092022
CHRG-117shrg53650,2022-09-20,ssbk00,banking,https://www.senate.gov/isvp/?comm=banking&filename=banking092022
CHRG-117shrg59772,2022-09-20,ssas00,armed,https://www.senate.gov/isvp/?comm=armed&filename=armedA092022
CHRG-117shrg39104013,2022-09-21,ssap00,approps,https://www.senate.gov/isvp/?comm=approps&filename=appropsA092122
CHRG-117shrg48573,2022-09-21,sseg00,energy,https://www.senate.gov/isvp/?comm=energy&filename=energy092122
CHRG-117shrg49378,2022-09-21,ssga00,govtaff,https://www.senate.gov/isvp/?comm=govtaff&filename=govtaff092122
CHRG-117shrg50083,2022-09-21,slin00,intel,https://www.senate.gov/isvp/?comm=intel&filename=intel092122
CHRG-117shrg50574,2022-09-21,sssb00,smbiz,https://www.senate.gov/isvp/?comm=smbiz&filename=smbiz092122
CHRG-117shrg51564,2022-09-21,ssev00,epw,https://www.senate.gov/isvp/?comm=epw&filename=epw092122
CHRG-117shrg51992,2022-09-21,ssva00,vetaff,https://www.senate.gov/isvp/?comm=vetaff&filename=vetaff092122
CHRG-117shrg52328,2022-09-21,ssap00,approps,https://www.senate.gov/isvp/?comm=approps&filename=appropsA092122
CHRG-117shrg59773,2022-09-21,ssas00,armed,https://www.senate.gov/isvp/?comm=armed&filename=armed092122
CHRG-117shrg48574,2022-09-22,sseg00,energy,https://www.senate.gov/isvp/?comm=energy&filename=energy092222
CHRG-117shrg49819,2022-09-22,spag00,aging,https://www.senate.gov/isvp/?comm=aging&filename=aging092222
CHRG-117shrg51391,2022-09-22,ssaf00,ag,https://www.senate.gov/isvp/?comm=ag&filename=ag092222
CHRG-117shrg19104885,2022-09-27,ssap00,approps,
CHRG-117shrg19104911,2022-09-27,ssap00,approps,
CHRG-117shrg19104915,2022-09-27,ssap00,approps,
CHRG-117shrg19104922,2022-09-27,ssap00,approps,
CHRG-117shrg29104921,2022-09-27,ssap00,approps,
CHRG-117shrg29104953,2022-09-27,ssap00,approps,
CHRG-117shrg51702,2022-09-28,ssfr00,foreign,https://www.senate.gov/isvp/?comm=foreign&filename=foreign092822
CHRG-117shrg55624,2022-09-28,sscm00,commerce,https://www.senate.gov/isvp/?comm=commerce&filename=commerce092822
CHRG-117shrg49379,2022-09-29,ssga00,govtaff,https://www.senate.gov/isvp/?comm=govtaff&filename=govtaff092922
CHRG-117shrg49443,2022-09-29,sseg00,energy,https://www.senate.gov/isvp/?comm=energy&filename=energy092922
CHRG-117shrg51607,2022-09-29,ssev00,epw,https://www.senate.gov/isvp/?comm=epw&filename=epw092922
CHRG-117shrg51677,2022-09-29,ssev00,epw,https://www.senate.gov/isvp/?comm=epw&filename=epw092922
CHRG-117shrg55822,2022-09-29,sscm00,commerce,https://www.senate.gov/isvp/?comm=commerce&filename=commerce092922
CHRG-117shrg52235,2022-10-05,ssva00,vetaff,
CHRG-117shrg39104963,2022-10-13,ssap00,approps,
CHRG-117shrg55797,2022-10-14,ssbk00,banking,https://www.senate.gov/isvp/?comm=banking&filename=banking101422
CHRG-117shrg39104968,2022-11-08,ssap00,approps,
CHRG-117shrg39104971,2022-11-15,ssap00,approps,
CHRG-117shrg50238,2022-11-15,ssga00,govtaff,https://www.senate.gov/isvp/?comm=govtaff&filename=govtaff111522
CHRG-117shrg51392,2022-11-15,ssaf00,ag,https://www.senate.gov/isvp/?comm=ag&filename=ag111522
CHRG-117shrg51858,2022-11-15,ssev00,epw,https://www.senate.gov/isvp/?comm=epw&filename=epw111522
CHRG-117shrg51169,2022-11-16,slia00,indian,https://www.senate.gov/isvp/?comm=indian&filename=indian111622
CHRG-117shrg52301,2022-11-16,ssva00,vetaff,https://www.senate.gov/isvp/?comm=vetaff&filename=vetaff111622
CHRG-117shrg52323,2022-11-16,ssfr00,foreign,https://www.senate.gov/isvp/?comm=foreign&filename=foreign111622
CHRG-117shrg49938,2022-11-17,sseg00,energy,https://www.senate.gov/isvp/?comm=energy&filename=energy111722
CHRG-117shrg51543,2022-11-17,ssga00,govtaff,https://www.senate.gov/isvp/?comm=govtaff&filename=govtaff111722
CHRG-117shrg51752,2022-11-17,ssev00,epw,https://www.senate.gov/isvp/?comm=epw&filename=epw111722
CHRG-117shrg49820,2022-11-21,spag00,aging,https://www.senate.gov/isvp/?comm=aging&filename=aging112122
CHRG-117shrg51557,2022-11-30,sshr00,help,https://www.senate.gov/isvp/?comm=help&filename=help113022
CHRG-117shrg51869,2022-11-30,ssev00,epw,https://www.senate.gov/isvp/?comm=epw&filename=epw113022
CHRG-117shrg52302,2022-11-30,ssva00,vetaff,https://www.senate.gov/isvp/?comm=vetaff&filename=vetaff113022
CHRG-117shrg53443,2022-11-30,ssbk00,banking,https://www.senate.gov/isvp/?comm=banking&filename=banking113022
CHRG-117shrg54849,2022-11-30,sshr00,help,https://www.senate.gov/isvp/?comm=help&filename=help113022
CHRG-117shrg56373,2022-11-30,ssfi00,finance,https://www.senate.gov/isvp/?comm=finance&filename=finance113022
CHRG-117shrg60009,2022-11-30,ssju00,judiciary,https://www.senate.gov/isvp/?comm=judiciary&filename=judiciary113022
CHRG-117shrg49939,2022-12-01,sseg00,energy,https://www.senate.gov/isvp/?comm=energy&filename=energy120122
CHRG-117shrg51393,2022-12-01,ssaf00,ag,https://www.senate.gov/isvp/?comm=ag&filename=ag120122
CHRG-117shrg55823,2022-12-01,sscm00,commerce,https://www.senate.gov/isvp/?comm=commerce&filename=commerce120122
CHRG-117shrg29104961,2022-12-06,ssap00,approps,
CHRG-117shrg51394,2022-12-06,ssaf00,ag,https://www.senate.gov/isvp/?comm=ag&filename=ag120622
CHRG-117shrg49940,2022-12-13,sseg00,energy,https://www.senate.gov/isvp/?comm=energy&filename=energy121322
CHRG-117shrg50239,2022-12-13,ssga00,govtaff,https://www.senate.gov/isvp/?comm=govtaff&filename=govtaff121322
CHRG-117shrg51395,2022-12-13,ssaf00,ag,https://www.senate.gov/isvp/?comm=ag&filename=ag121322
CHRG-117shrg53745,2022-12-13,ssbk00,banking,https://www.senate.gov/isvp/?comm=banking&filename=banking121322
CHRG-117shrg57049,2022-12-13,sscm00,commerce,https://www.senate.gov/isvp/?comm=commerce&filename=commerce121322
CHRG-117shrg57051,2022-12-13,sscm00,commerce,https://www.senate.gov/isvp/?comm=commerce&filename=commerce121322
CHRG-117shrg50575,2022-12-14,sssb00,smbiz,https://www.senate.gov/isvp/?comm=smbiz&filename=smbiz121422
CHRG-117shrg50496,2022-12-15,spag00,aging,https://www.senate.gov/isvp/?comm=aging&filename=aging121522
CHRG-117shrg50218,2022-12-19,ssra00,rules,https://www.senate.gov/isvp/?comm=rules&filename=rules121922
CHRG-118shrg50506,2023-01-03,ssap00,approps,
CHRG-118shrg50509,2023-01-03,ssap00,approps,
CHRG-118shrg50524,2023-01-03,ssap00,approps,
CHRG-118shrg58988,2023-01-03,ssfr00,foreign,
CHRG-118shrg58989,2023-01-03,ssfr00,foreign,
CHRG-118shrg52250,2023-01-24,ssju00,judiciary,https://www.senate.gov/isvp/?comm=judiciary&filename=judiciary012423
CHRG-118shrg52252,2023-01-25,ssju00,judiciary,https://www.senate.gov/isvp/?comm=judiciary&filename=judiciary012523
CHRG-118shrg52759,2023-01-26,ssfr00,foreign,https://www.senate.gov/isvp/?comm=foreign&filename=foreign012623
CHRG-118shrg53637,2023-02-01,ssaf00,ag,https://www.senate.gov/isvp/?comm=ag&filename=ag020123
CHRG-118shrg51458,2023-02-02,sseg00,energy,https://www.senate.gov/isvp/?comm=energy&filename=energy020223
CHRG-118shrg39104025,2023-02-09,ssap00,approps,https://www.senate.gov/isvp/?comm=approps&filename=appropsA020923
CHRG-118shrg51459,2023-02-09,sseg00,energy,https://www.senate.gov/isvp/?comm=energy&filename=energy020923
CHRG-118shrg53638,2023-02-09,ssaf00,ag,https://www.senate.gov/isvp/?comm=ag&filename=ag020923
CHRG-118shrg54413,2023-02-09,ssap00,approps,https://www.senate.gov/isvp/?comm=approps&filename=appropsA020923
CHRG-118shrg54999,2023-02-09,ssfr00,foreign,https://www.senate.gov/isvp/?comm=foreign&filename=foreign020923
CHRG-118shrg57391,2023-02-09,sscm00,commerce,https://www.senate.gov/isvp/?comm=commerce&filename=commerce020923
CHRG-118shrg52253,2023-02-14,ssju00,judiciary,https://www.senate.gov/isvp/?comm=judiciary&filename=judiciary021423
CHRG-118shrg57390,2023-02-14,sscm00,commerce,https://www.senate.gov/isvp/?comm=commerce&filename=commerce021423
CHRG-118shrg51948,2023-02-15,ssbu00,budget,https://www.senate.gov/isvp/?comm=budget&filename=budget021523
CHRG-118shrg54147,2023-02-15,ssbu00,budget,https://www.senate.gov/isvp/?comm=budget&filename=budget021523
CHRG-118shrg54410,2023-02-15,ssfr00,foreign,https://www.senate.gov/isvp/?comm=foreign&filename=foreign021523
CHRG-118shrg55357,2023-02-15,ssju00,judiciary,https://www.senate.gov/isvp/?comm=judiciary&filename=judiciary021523
CHRG-118shrg56519,2023-02-15,ssfi00,finance,https://www.senate.gov/isvp/?comm=finance&filename=finance021523
CHRG-118shrg57389,2023-02-15,sscm00,commerce,https://www.senate.gov/isvp/?comm=commerce&filename=commerce021523
CHRG-118shrg60004,2023-02-15,ssas00,armed,https://www.senate.gov/isvp/?comm=armed&filename=armedA021523
CHRG-118shrg51460,2023-02-16,sseg00,energy,https://www.senate.gov/isvp/?comm=energy&filename=energy021623
CHRG-118shrg53639,2023-02-16,ssaf00,ag,https://www.senate.gov/isvp/?comm=ag&filename=ag021623
CHRG-118shrg53727,2023-02-16,ssva00,vetaff,https://www.senate.gov/isvp/?comm=vetaff&filename=vetaff021623
CHRG-118shrg56649,2023-02-16,ssfi00,finance,https://www.senate.gov/isvp/?comm=finance&filename=finance021623
CHRG-118shrg57473,2023-02-16,sscm00,commerce,https://www.senate.gov/isvp/?comm=commerce&filename=commerce021623
CHRG-118shrg52251,2023-02-28,ssju00,judiciary,https://www.senate.gov/isvp/?comm=judiciary&filename=judiciary022823
CHRG-118shrg52482,2023-02-28,ssga00,govtaff,https://www.senate.gov/isvp/?comm=govtaff&filename=govtaff022823
CHRG-118shrg60005,2023-02-28,ssas00,armed,https://www.senate.gov/isvp/?comm=armed&filename=armedA022823
CHRG-118shrg51949,2023-03-01,ssbu00,budget,https://www.senate.gov/isvp/?comm=budget&filename=budget030123
CHRG-118shrg52249,2023-03-01,,,
CHRG-118shrg53640,2023-03-01,ssaf00,ag,https://www.senate.gov/isvp/?comm=ag&filename=ag030123
CHRG-118shrg60543,2023-03-01,sscm00,commerce,https://www.senate.gov/isvp/?comm=commerce&filename=commerce030123
CHRG-118shrg39104986,2023-03-02,ssap00,approps,
CHRG-118shrg53536,2023-03-07,ssju00,judiciary,https://www.senate.gov/isvp/?comm=judiciary&filename=judiciary030723
CHRG-118shrg54414,2023-03-07,ssap00,approps,https://www.senate.gov/isvp/?comm=approps&filename=appropsA030723
CHRG-118shrg56153,2023-03-07,ssbk00,banking,https://www.senate.gov/isvp/?comm=banking&filename=banking030723
CHRG-118shrg56714,2023-03-07,ssfi00,finance,https://www.senate.gov/isvp/?comm=finance&filename=finance030723
CHRG-118shrg60101,2023-03-07,ssas00,armed,https://www.senate.gov/isvp/?comm=armed&filename=armedA030723
CHRG-118shrg51921,2023-03-08,slia00,indian,https://www.senate.gov/isvp/?comm=indian&filename=indian030823
CHRG-118shrg52110,2023-03-08,ssbu00,budget,https://www.senate.gov/isvp/?comm=budget&filename=budget030823
CHRG-118shrg52483,2023-03-08,ssga00,govtaff,https://www.senate.gov/isvp/?comm=govtaff&filename=govtaff030823
CHRG-118shrg52501,2023-03-08,slin00,intel,https://www.senate.gov/isvp/?comm=intel&filename=intel030823
CHRG-118shrg52654,2023-03-08,ssju00,judiciary,https://www.senate.gov/isvp/?comm=judiciary&filename=judiciary030823
CHRG-118shrg52836,2023-03-08,ssfr00,foreign,https://www.senate.gov/isvp/?comm=foreign&filename=foreign030823
CHRG-118shrg53223,2023-03-08,sssb00,smbiz,https://www.senate.gov/isvp/?comm=smbiz&filename=smbiz030823
CHRG-118shrg53641,2023-03-08,ssaf00,ag,https://www.senate.gov/isvp/?comm=ag&filename=ag030823
CHRG-118shrg53730,2023-03-08,ssva00,vetaff,https://www.senate.gov/isvp/?comm=vetaff&filename=vetaff030823
CHRG-118shrg54462,2023-03-08,sshr00,help,https://www.senate.gov/isvp/?comm=help&filename=help030823
CHRG-118shrg54550,2023-03-08,ssbk00,banking,https://www.senate.gov/isvp/?comm=banking&filename=banking030823
CHRG-118shrg57474,2023-03-08,sscm00,commerce,https://www.senate.gov/isvp/?comm=commerce&filename=commerce030823
CHRG-118shrg51461,2023-03-09,sseg00,energy,https://www.senate.gov/isvp/?comm=energy&filename=energy030923
CHRG-118shrg51747,2023-03-09,spag00,aging,https://www.senate.gov/isvp/?comm=aging&filename=aging030923
CHRG-118shrg53433,2023-03-09,ssfr00,foreign,https://www.senate.gov/isvp/?comm=foreign&filename=foreign030923
CHRG-118shrg60100,2023-03-14,ssas00,armed,https://www.senate.gov/isvp/?comm=armed&filename=armedA031423
CHRG-118shrg50527,2023-03-15,ssap00,approps,https://www.senate.gov/isvp/?comm=approps&filename=appropsA031523
CHRG-118shrg52111,2023-03-15,ssbu00,budget,https://www.senate.gov/isvp/?comm=budget&filename=budget031523
CHRG-118shrg52837,2023-03-15,ssfr00,foreign,https://www.senate.gov/isvp/?comm=foreign&filename=foreign031523
CHRG-118shrg52885,2023-03-15,ssju00,judiciary,https://www.senate.gov/isvp/?comm=judiciary&filename=judiciary031523
CHRG-118shrg53821,2023-03-15,ssva00,vetaff,https://www.senate.gov/isvp/?comm=vetaff&filename=vetaff031523
CHRG-118shrg54146,2023-03-15,ssbu00,budget,https://www.senate.gov/isvp/?comm=budget&filename=budget031523
CHRG-118shrg60099,2023-03-15,ssas00,armed,https://www.senate.gov/isvp/?comm=armed&filename=armedA031523
CHRG-118shrg63635,2023-03-15,ssas00,armed,https://www.senate.gov/isvp/?comm=armed&filename=armedA031523
CHRG-118shrg52484,2023-03-16,ssga00,govtaff,https://www.senate.gov/isvp/?comm=govtaff&filename=govtaff031623
CHRG-118shrg53651,2023-03-16,ssaf00,ag,https://www.senate.gov/isvp/?comm=ag&filename=ag031623
CHRG-118shrg56992,2023-03-16,ssfi00,finance,https://www.senate.gov/isvp/?comm=finance&filename=finance031623
CHRG-118shrg57475,2023-03-16,sscm00,commerce,https://www.senate.gov/isvp/?comm=commerce&filename=commerce031623
CHRG-118shrg49104048,2023-03-22,ssap00,approps,https://www.senate.gov/isvp/?comm=approps&filename=appropsA032223 https://www.senate.gov/isvp/?comm=approps&filename=appropsB032223
CHRG-118shrg50515,2023-03-22,ssap00,approps,https://www.senate.gov/isvp/?comm=approps&filename=appropsA032223 https://www.senate.gov/isvp/?comm=approps&filename=appropsB032223
CHRG-118shrg50521,2023-03-22,ssap00,approps,https://www.senate.gov/isvp/?comm=approps&filename=appropsA032223 https://www.senate.gov/isvp/?comm=approps&filename=appropsB032223
CHRG-118shrg50533,2023-03-22,ssap00,approps,https://www.senate.gov/isvp/?comm=approps&filename=appropsA032223 https://www.senate.gov/isvp/?comm=approps&filename=appropsB032223
CHRG-118shrg52496,2023-03-22,ssga00,govtaff,https://www.senate.gov/isvp/?comm=govtaff&filename=govtaff032223
CHRG-118shrg52655,2023-03-22,ssju00,judiciary,https://www.senate.gov/isvp/?comm=judiciary&filename=judiciary032223
CHRG-118shrg52967,2023-03-22,ssfr00,foreign,https://www.senate.gov/isvp/?comm=foreign&filename=foreign032223
CHRG-118shrg53001,2023-03-22,ssev00,epw,https://www.senate.gov/isvp/?comm=epw&filename=epw032223
CHRG-118shrg53107,2023-03-22,ssbu00,budget,https://www.senate.gov/isvp/?comm=budget&filename=budget032223
CHRG-118shrg53224,2023-03-22,sssb00,smbiz,https://www.senate.gov/isvp/?comm=smbiz&filename=smbiz032223
CHRG-118shrg53822,2023-03-22,ssva00,vetaff,https://www.senate.gov/isvp/?comm=vetaff&filename=vetaff032223
CHRG-118shrg55358,2023-03-22,ssju00,judiciary,https://www.senate.gov/isvp/?comm=judiciary&filename=judiciary032223
CHRG-118shrg57181,2023-03-22,ssfi00,finance,https://www.senate.gov/isvp/?comm=finance&filename=finance032223
CHRG-118shrg57731,2023-03-22,sscm00,commerce,https://www.senate.gov/isvp/?comm=commerce&filename=commerce032223
CHRG-118shrg59104058,2023-03-22,ssap00,approps,https://www.senate.gov/isvp/?comm=approps&filename=appropsA032223 https://www.senate.gov/isvp/?comm=approps&filename=appropsB032223
CHRG-118shrg59104061,2023-03-22,ssap00,approps,https://www.senate.gov/isvp/?comm=approps&filename=appropsA032223 https://www.senate.gov/isvp/?comm=approps&filename=appropsB032223
CHRG-118shrg60006,2023-03-22,ssas00,armed,https://www.senate.gov/isvp/?comm=armed&filename=armed032223 https://www.senate.gov/isvp/?comm=armed&filename=armedA032223 https://www.senate.gov/isvp/?comm=armed&filename=armedB032223
CHRG-118shrg60057,2023-03-22,ssas00,armed,https://www.senate.gov/isvp/?comm=armed&filename=armed032223 https://www.senate.gov/isvp/?comm=armed&filename=armedA032223 https://www.senate.gov/isvp/?comm=armed&filename=armedB032223
CHRG-118shrg50536,2023-03-23,ssap00,approps,https://www.senate.gov/isvp/?comm=approps&filename=approps032323
CHRG-118shrg51625,2023-03-23,sseg00,energy,https://www.senate.gov/isvp/?comm=energy&filename=energy032323
CHRG-118shrg52497,2023-03-23,ssga00,govtaff,https://www.senate.gov/isvp/?comm=govtaff&filename=govtaff032323
CHRG-118shrg57306,2023-03-23,ssfi00,finance,https://www.senate.gov/isvp/?comm=finance&filename=finance032323
CHRG-118shrg57732,2023-03-23,sscm00,commerce,https://www.senate.gov/isvp/?comm=commerce&filename=commerce032323
CHRG-118shrg49104042,2023-03-28,ssap00,approps,https://www.senate.gov/isvp/?comm=approps&filename=appropsA032823
CHRG-118shrg51765,2023-03-28,ssra00,rules,https://www.senate.gov/isvp/?comm=rules&filename=rules032823
CHRG-118shrg53279,2023-03-28,ssfr00,foreign,https://www.senate.gov/isvp/?comm=foreign&filename=foreign032823
CHRG-118shrg60008,2023-03-28,ssas00,armed,https://www.senate.gov/isvp/?comm=armed&filename=armedA032823 https://www.senate.gov/isvp/?comm=armed&filename=armedB032823
CHRG-118shrg60096,2023-03-28,ssas00,armed,https://www.senate.gov/isvp/?comm=armed&filename=armedA032823 https://www.senate.gov/isvp/?comm=armed&filename=armedB032823
CHRG-118shrg62794,2023-03-28,,,
CHRG-118shrg049104057,2023-03-29,ssap00,approps,https://www.senate.gov/isvp/?comm=approps&filename=appropsA032923 https://www.senate.gov/isvp/?comm=approps&filename=appropsB032923
CHRG-118shrg49104053,2023-03-29,ssap00,approps,https://www.senate.gov/isvp/?comm=approps&filename=appropsA032923 https://www.senate.gov/isvp/?comm=approps&filename=appropsB032923
CHRG-118shrg50503,2023-03-29,ssap00,approps,https://www.senate.gov/isvp/?comm=approps&filename=appropsA032923 https://www.senate.gov/isvp/?comm=approps&filename=appropsB032923
CHRG-118shrg50518,2023-03-29,ssap00,approps,https://www.senate.gov/isvp/?comm=approps&filename=appropsA032923 https://www.senate.gov/isvp/?comm=approps&filename=appropsB032923
CHRG-118shrg52514,2023-03-29,slin00,intel,https://www.senate.gov/isvp/?comm=intel&filename=intel032923
CHRG-118shrg52563,2023-03-29,slia00,indian,https://www.senate.gov/isvp/?comm=indian&filename=indian032923
CHRG-118shrg53163,2023-03-29,ssbu00,budget,https://www.senate.gov/isvp/?comm=budget&filename=budget032923
CHRG-118shrg54464,2023-03-29,sshr00,help,https://www.senate.gov/isvp/?comm=help&filename=help032923
CHRG-118shrg57588,2023-03-29,ssfi00,finance,https://www.senate.gov/isvp/?comm=finance&filename=finance032923
CHRG-118shrg57733,2023-03-29,sscm00,commerce,https://www.senate.gov/isvp/?comm=commerce&filename=commerce032923
CHRG-118shrg60012,2023-03-29,ssas00,armed,https://www.senate.gov/isvp/?comm=armed&filename=armedA032923
CHRG-118shrg52114,2023-03-30,spag00,aging,https://www.senate.gov/isvp/?comm=aging&filename=aging033023
CHRG-118shrg53652,2023-03-30,ssaf00,ag,https://www.senate.gov/isvp/?comm=ag&filename=ag033023
CHRG-118shrg58247,2023-03-30,ssfi00,finance,https://www.senate.gov/isvp/?comm=finance&filename=finance033023
CHRG-118shrg39104006,2023-03-31,ssap00,approps,
CHRG-118shrg49104043,2023-04-18,ssap00,approps,https://www.senate.gov/isvp/?comm=approps&filename=approps041823
CHRG-118shrg52782,2023-04-18,ssga00,govtaff,https://www.senate.gov/isvp/?comm=govtaff&filename=govtaff041823
CHRG-118shrg52794,2023-04-18,ssev00,epw,https://www.senate.gov/isvp/?comm=epw&filename=epw041823
CHRG-118shrg53114,2023-04-18,ssju00,judiciary,https://www.senate.gov/isvp/?comm=judiciary&filename=judiciary041823
CHRG-118shrg53164,2023-04-18,ssbu00,budget,https://www.senate.gov/isvp/?comm=budget&filename=budget041823
CHRG-118shrg55359,2023-04-18,ssju00,judiciary,https://www.senate.gov/isvp/?comm=judiciary&filename=judiciary041823
CHRG-118shrg55517,2023-04-18,sseg00,energy,https://www.senate.gov/isvp/?comm=energy&filename=energy041823
CHRG-118shrg60098,2023-04-18,ssas00,armed,https://www.senate.gov/isvp/?comm=armed&filename=armedA041823
CHRG-118shrg49104054,2023-04-19,ssap00,approps,https://www.senate.gov/isvp/?comm=approps&filename=appropsA041923 https://www.senate.gov/isvp/?comm=approps&filename=appropsB041923
CHRG-118shrg49104055,2023-04-19,ssap00,approps,https://www.senate.gov/isvp/?comm=approps&filename=appropsA041923 https://www.senate.gov/isvp/?comm=approps&filename=appropsB041923
CHRG-118shrg52968,2023-04-19,ssfr00,foreign,https://www.senate.gov/isvp/?comm=foreign&filename=foreign041923
CHRG-118shrg53653,2023-04-19,ssaf00,ag,https://www.senate.gov/isvp/?comm=ag&filename=ag041923
CHRG-118shrg53980,2023-04-19,ssva00,vetaff,https://www.senate.gov/isvp/?comm=vetaff&filename=vetaff041923
CHRG-118shrg58673,2023-04-19,ssfi00,finance,https://www.senate.gov/isvp/?comm=finance&filename=finance041923
CHRG-118shrg59104062,2023-04-19,ssap00,approps,https://www.senate.gov/isvp/?comm=approps&filename=appropsA041923 https://www.senate.gov/isvp/?comm=approps&filename=appropsB041923
CHRG-118shrg60097,2023-04-19,ssas00,armed,https://www.senate.gov/isvp/?comm=armed&filename=armedA041923 https://www.senate.gov/isvp/?comm=armed&filename=armedB041923
CHRG-118shrg60389,2023-04-19,ssas00,armed,https://www.senate.gov/isvp/?comm=armed&filename=armedA041923 https://www.senate.gov/isvp/?comm=armed&filename=armedB041923
CHRG-118shrg60390,2023-04-19,ssas00,armed,https://www.senate.gov/isvp/?comm=armed&filename=armedA041923 https://www.senate.gov/isvp/?comm=armed&filename=armedB041923
CHRG-118shrg60848,2023-04-19,,,
CHRG-118shrg62247,2023-04-19,ssev00,epw,https://www.senate.gov/isvp/?comm=epw&filename=epw041923
CHRG-118shrg52240,2023-04-20,spag00,aging,https://www.senate.gov/isvp/?comm=aging&filename=aging042023
CHRG-118shrg52783,2023-04-20,ssga00,govtaff,https://www.senate.gov/isvp/?comm=govtaff&filename=govtaff042023
CHRG-118shrg53654,2023-04-20,ssaf00,ag,https://www.senate.gov/isvp/?comm=ag&filename=ag042023
CHRG-118shrg55518,2023-04-20,sseg00,energy,https://www.senate.gov/isvp/?comm=energy&filename=energy042023
CHRG-118shrg49104052,2023-04-26,ssap00,approps,https://www.senate.gov/isvp/?comm=approps&filename=appropsA042623 https://www.senate.gov/isvp/?comm=approps&filename=appropsB042623
CHRG-118shrg49104056,2023-04-26,ssap00,approps,https://www.senate.gov/isvp/?comm=approps&filename=appropsA042623 https://www.senate.gov/isvp/?comm=approps&filename=appropsB042623
CHRG-118shrg50512,2023-04-26,ssap00,approps,https://www.senate.gov/isvp/?comm=approps&filename=appropsA042623 https://www.senate.gov/isvp/?comm=approps&filename=appropsB042623
CHRG-118shrg52435,2023-04-26,ssga00,govtaff,https://www.senate.gov/isvp/?comm=govtaff&filename=govtaff042623
CHRG-118shrg52436,2023-04-26,ssga00,govtaff,https://www.senate.gov/isvp/?comm=govtaff&filename=govtaff042623
CHRG-118shrg53007,2023-04-26,ssfr00,foreign,https://www.senate.gov/isvp/?comm=foreign&filename=foreign042623
CHRG-118shrg53165,2023-04-26,ssbu00,budget,https://www.senate.gov/isvp/?comm=budget&filename=budget042623
CHRG-118shrg53225,2023-04-26,sssb00,smbiz,https://www.senate.gov/isvp/?comm=smbiz&filename=smbiz042623
CHRG-118shrg53434,2023-04-26,ssfr00,foreign,https://www.senate.gov/isvp/?comm=foreign&filename=foreign042623
CHRG-118shrg53538,2023-04-26,ssju00,judiciary,https://www.senate.gov/isvp/?comm=judiciary&filename=judiciary042623
CHRG-118shrg53981,2023-04-26,ssva00,vetaff,https://www.senate.gov/isvp/?comm=vetaff&filename=vetaff042623
CHRG-118shrg60359,2023-04-26,ssas00,armed,https://www.senate.gov/isvp/?comm=armed&filename=armedA042623
CHRG-118shrg61391,2023-04-26,ssev00,epw,https://www.senate.gov/isvp/?comm=epw&filename=epw042623
CHRG-118shrg49104044,2023-05-02,ssap00,approps,https://www.senate.gov/isvp/?comm=approps&filename=appropsA050223
CHRG-118shrg52656,2023-05-02,ssju00,judiciary,https://www.senate.gov/isvp/?comm=judiciary&filename=judiciary050223
CHRG-118shrg52784,2023-05-02,ssga00,govtaff,https://www.senate.gov/isvp/?comm=govtaff&filename=govtaff050223
CHRG-118shrg53436,2023-05-02,ssfr00,foreign,https://www.senate.gov/isvp/?comm=foreign&filename=foreign050223
CHRG-118shrg55132,2023-05-02,ssaf00,ag,https://www.senate.gov/isvp/?comm=ag&filename=ag050223
CHRG-118shrg55519,2023-05-02,sseg00,energy,https://www.senate.gov/isvp/?comm=energy&filename=energy050223
CHRG-118shrg56953,2023-05-02,ssbk00,banking,https://www.senate.gov/isvp/?comm=banking&filename=banking050223
CHRG-118shrg60391,2023-05-02,ssas00,armed,https://www.senate.gov/isvp/?comm=armed&filename=armedA050223
CHRG-118shrg49104050,2023-05-03,ssap00,approps,https://www.senate.gov/isvp/?comm=approps&filename=appropsA050323
CHRG-118shrg53054,2023-05-03,ssfr00,foreign,https://www.senate.gov/isvp/?comm=foreign&filename=foreign050323
CHRG-118shrg53166,2023-05-03,ssbu00,budget,https://www.senate.gov/isvp/?comm=budget&filename=budget050323
CHRG-118shrg53481,2023-05-03,slia00,indian,https://www.senate.gov/isvp/?comm=indian&filename=indian050323
CHRG-118shrg53539,2023-05-03,ssju00,judiciary,https://www.senate.gov/isvp/?comm=judiciary&filename=judiciary050323
CHRG-118shrg58968,2023-05-03,ssfi00,finance,https://www.senate.gov/isvp/?comm=finance&filename=finance050323
CHRG-118shrg49104051,2023-05-04,ssap00,approps,https://www.senate.gov/isvp/?comm=approps&filename=appropsA050423
CHRG-118shrg53194,2023-05-04,ssbu00,budget,https://www.senate.gov/isvp/?comm=budget&filename=budget050423
CHRG-118shrg55133,2023-05-04,ssaf00,ag,https://www.senate.gov/isvp/?comm=ag&filename=ag050423
CHRG-118shrg55520,2023-05-04,sseg00,energy,https://www.senate.gov/isvp/?comm=energy&filename=energy050423
CHRG-118shrg60709,2023-05-04,ssas00,armed,https://www.senate.gov/isvp/?comm=armed&filename=armedA050423
CHRG-118shrg52351,2023-05-10,ssra00,rules,https://www.senate.gov/isvp/?comm=rules&filename=rules051023
CHRG-118shrg53151,2023-05-10,ssev00,epw,https://www.senate.gov/isvp/?comm=epw&filename=epw051023
CHRG-118shrg53195,2023-05-10,ssbu00,budget,https://www.senate.gov/isvp/?comm=budget&filename=budget051023
CHRG-118shrg54476,2023-05-10,sshr00,help,https://www.senate.gov/isvp/?comm=help&filename=help051023
CHRG-118shrg55129,2023-05-10,ssaf00,ag,https://www.senate.gov/isvp/?comm=ag&filename=ag051023
CHRG-118shrg55444,2023-05-10,ssfr00,foreign,https://www.senate.gov/isvp/?comm=foreign&filename=foreign051023
CHRG-118shrg55521,2023-05-10,sseg00,energy,https://www.senate.gov/isvp/?comm=energy&filename=energy051023
CHRG-118shrg49104045,2023-05-11,ssap00,approps,https://www.senate.gov/isvp/?comm=approps&filename=appropsB051123
CHRG-118shrg49104049,2023-05-11,ssap00,approps,https://www.senate.gov/isvp/?comm=approps&filename=appropsB051123
CHRG-118shrg55555,2023-05-11,sseg00,energy,https://www.senate.gov/isvp/?comm=energy&filename=energy051123
CHRG-118shrg58143,2023-05-11,sscm00,commerce,https://www.senate.gov/isvp/?comm=commerce&filename=commerce051123
CHRG-118shrg59577,2023-05-11,ssfi00,finance,https://www.senate.gov/isvp/?comm=finance&filename=finance051123
CHRG-118shrg54477,2023-05-12,sshr00,help,https://www.senate.gov/isvp/?comm=help&filename=help051223
CHRG-118shrg52706,2023-05-16,ssju00,judiciary,https://www.senate.gov/isvp/?comm=judiciary&filename=judiciary051623
CHRG-118shrg52785,2023-05-16,ssga00,govtaff,https://www.senate.gov/isvp/?comm=govtaff&filename=govtaff051623
CHRG-118shrg53280,2023-05-16,ssfr00,foreign,https://www.senate.gov/isvp/?comm=foreign&filename=foreign051623
CHRG-118shrg54321,2023-05-16,ssev00,epw,https://www.senate.gov/isvp/?comm=epw&filename=epw051623
CHRG-118shrg57409,2023-05-16,ssap00,approps,https://www.senate.gov/isvp/?comm=approps&filename=appropsA051623
CHRG-118shrg58144,2023-05-16,sscm00,commerce,https://www.senate.gov/isvp/?comm=commerce&filename=commerce051623
CHRG-118shrg59784,2023-05-16,ssfi00,finance,https://www.senate.gov/isvp/?comm=finance&filename=finance051623
CHRG-118shrg59905,2023-05-16,ssfi00,finance,https://www.senate.gov/isvp/?comm=finance&filename=finance051623
CHRG-118shrg52437,2023-05-17,ssga00,govtaff,https://www.senate.gov/isvp/?comm=govtaff&filename=govtaff051723
CHRG-118shrg52707,2023-05-17,ssju00,judiciary,https://www.senate.gov/isvp/?comm=judiciary&filename=judiciary051723
CHRG-118shrg53196,2023-05-17,ssbu00,budget,https://www.senate.gov/isvp/?comm=budget&filename=budget051723
CHRG-118shrg53256,2023-05-17,ssev00,epw,https://www.senate.gov/isvp/?comm=epw&filename=epw051723
CHRG-118shrg54222,2023-05-17,ssva00,vetaff,https://www.senate.gov/isvp/?comm=vetaff&filename=vetaff051723
CHRG-118shrg54490,2023-05-17,sshr00,help,https://www.senate.gov/isvp/?comm=help&filename=help051723
CHRG-118shrg55130,2023-05-17,ssaf00,ag,https://www.senate.gov/isvp/?comm=ag&filename=ag051723
CHRG-118shrg55360,2023-05-17,ssju00,judiciary,https://www.senate.gov/isvp/?comm=judiciary&filename=judiciary051723
CHRG-118shrg57091,2023-05-17,ssbk00,banking,https://www.senate.gov/isvp/?comm=banking&filename=banking051723
CHRG-118shrg60137,2023-05-17,ssfi00,finance,https://www.senate.gov/isvp/?comm=finance&filename=finance051723
CHRG-118shrg60410,2023-05-17,ssas00,armed,https://www.senate.gov/isvp/?comm=armed&filename=armedA051723
CHRG-118shrg52564,2023-05-18,spag00,aging,https://www.senate.gov/isvp/?comm=aging&filename=aging051823
CHRG-118shrg53053,2023-05-18,ssfr00,foreign,https://www.senate.gov/isvp/?comm=foreign&filename=foreign051823
CHRG-118shrg60342,2023-05-18,ssfi00,finance,https://www.senate.gov/isvp/?comm=finance&filename=finance051823
CHRG-118shrg52438,2023-05-31,ssga00,govtaff,https://www.senate.gov/isvp/?comm=govtaff&filename=govtaff053123
CHRG-118shrg52708,2023-05-31,ssju00,judiciary,https://www.senate.gov/isvp/?comm=judiciary&filename=judiciary053123
CHRG-118shrg53152,2023-05-31,ssfr00,foreign,https://www.senate.gov/isvp/?comm=foreign&filename=foreign053123
CHRG-118shrg53153,2023-05-31,ssfr00,foreign,https://www.senate.gov/isvp/?comm=foreign&filename=foreign053123
CHRG-118shrg54223,2023-05-31,ssva00,vetaff,https://www.senate.gov/isvp/?comm=vetaff&filename=vetaff053123
CHRG-118shrg54491,2023-05-31,sshr00,help,https://www.senate.gov/isvp/?comm=help&filename=help053123
CHRG-118shrg49104046,2023-06-01,ssap00,approps,https://www.senate.gov/isvp/?comm=approps&filename=appropsA060123
CHRG-118shrg55556,2023-06-01,sseg00,energy,https://www.senate.gov/isvp/?comm=energy&filename=energy060123
CHRG-118shrg52827,2023-06-07,ssra00,rules,https://www.senate.gov/isvp/?comm=rules&filename=rules060723
CHRG-118shrg53115,2023-06-07,ssju00,judiciary,https://www.senate.gov/isvp/?comm=judiciary&filename=judiciary060723
CHRG-118shrg53193,2023-06-07,ssfr00,foreign,https://www.senate.gov/isvp/?comm=foreign&filename=foreign060723
CHRG-118shrg53197,2023-06-07,ssbu00,budget,https://www.senate.gov/isvp/?comm=budget&filename=budget060723
CHRG-118shrg53258,2023-06-07,ssfr00,foreign,https://www.senate.gov/isvp/?comm=foreign&filename=foreign060723
CHRG-118shrg54470,2023-06-07,ssva00,vetaff,https://www.senate.gov/isvp/?comm=vetaff&filename=vetaff060723
CHRG-118shrg55361,2023-06-07,ssju00,judiciary,https://www.senate.gov/isvp/?comm=judiciary&filename=judiciary060723
CHRG-118shrg56335,2023-06-07,ssaf00,ag,https://www.senate.gov/isvp/?comm=ag&filename=ag060723
CHRG-118shrg60529,2023-06-07,ssfi00,finance,
CHRG-118shrg52786,2023-06-08,ssga00,govtaff,https://www.senate.gov/isvp/?comm=govtaff&filename=govtaff060823
CHRG-118shrg55557,2023-06-08,sseg00,energy,https://www.senate.gov/isvp/?comm=energy&filename=energy060823
CHRG-118shrg60424,2023-06-08,ssfi00,finance,https://www.senate.gov/isvp/?comm=finance&filename=finance060823
CHRG-118shrg52709,2023-06-13,ssju00,judiciary,https://www.senate.gov/isvp/?comm=judiciary&filename=judiciary061323
CHRG-118shrg57180,2023-06-13,ssbk00,banking,https://www.senate.gov/isvp/?comm=banking&filename=banking061323
CHRG-118shrg58969,2023-06-13,ssju00,judiciary,https://www.senate.gov/isvp/?comm=judiciary&filename=judiciary061323
CHRG-118shrg63636,2023-06-13,ssas00,armed,https://www.senate.gov/isvp/?comm=armed&filename=armedA061323
CHRG-118shrg52710,2023-06-14,ssju00,judiciary,https://www.senate.gov/isvp/?comm=judiciary&filename=judiciary061423
CHRG-118shrg52711,2023-06-14,ssju00,judiciary,https://www.senate.gov/isvp/?comm=judiciary&filename=judiciary061423
CHRG-118shrg52787,2023-06-14,ssga00,govtaff,https://www.senate.gov/isvp/?comm=govtaff&filename=govtaff061423
CHRG-118shrg54471,2023-06-14,ssva00,vetaff,https://www.senate.gov/isvp/?comm=vetaff&filename=vetaff061423
CHRG-118shrg59104064,2023-06-14,ssap00,approps,https://www.senate.gov/isvp/?comm=approps&filename=appropsA061423
CHRG-118shrg60759,2023-06-14,ssfi00,finance,https://www.senate.gov/isvp/?comm=finance&filename=finance061423
CHRG-118shrg62246,2023-06-14,ssev00,epw,https://www.senate.gov/isvp/?comm=epw&filename=epw061423
CHRG-118shrg52780,2023-06-15,spag00,aging,https://www.senate.gov/isvp/?comm=aging&filename=aging061523
CHRG-118shrg52891,2023-06-21,ssju00,judiciary,https://www.senate.gov/isvp/?comm=judiciary&filename=judiciary062123
CHRG-118shrg53230,2023-06-21,ssbu00,budget,https://www.senate.gov/isvp/?comm=budget&filename=budget062123
CHRG-118shrg53731,2023-06-21,ssev00,epw,https://www.senate.gov/isvp/?comm=epw&filename=epw062123
CHRG-118shrg54472,2023-06-21,ssva00,vetaff,https://www.senate.gov/isvp/?comm=vetaff&filename=vetaff062123
CHRG-118shrg55558,2023-06-21,sseg00,energy,https://www.senate.gov/isvp/?comm=energy&filename=energy062123
CHRG-118shrg56934,2023-06-21,ssbk00,banking,https://www.senate.gov/isvp/?comm=banking&filename=banking062123
CHRG-118shrg59701,2023-06-21,sscm00,commerce,https://www.senate.gov/isvp/?comm=commerce&filename=commerce062123
CHRG-118shrg53198,2023-06-22,ssfr00,foreign,https://www.senate.gov/isvp/?comm=foreign&filename=foreign062223
CHRG-118shrg60394,2023-06-22,sscm00,commerce,https://www.senate.gov/isvp/?comm=commerce&filename=commerce062223
CHRG-118shrg60948,2023-06-22,ssfi00,finance,https://www.senate.gov/isvp/?comm=finance&filename=finance062223
CHRG-118shrg53755,2023-07-11,ssga00,govtaff,https://www.senate.gov/isvp/?comm=govtaff&filename=govtaff071123
CHRG-118shrg54493,2023-07-11,sshr00,help,https://www.senate.gov/isvp/?comm=help&filename=help071123
CHRG-118shrg57196,2023-07-11,ssbk00,banking,https://www.senate.gov/isvp/?comm=banking&filename=banking071123
CHRG-118shrg57406,2023-07-11,ssap00,approps,https://www.senate.gov/isvp/?comm=approps&filename=appropsA071123
CHRG-118shrg63637,2023-07-11,ssas00,armed,https://www.senate.gov/isvp/?comm=armed&filename=armedA071123
CHRG-118shrg53116,2023-07-12,ssju00,judiciary,https://www.senate.gov/isvp/?comm=judiciary&filename=judiciary071223
CHRG-118shrg53231,2023-07-12,ssbu00,budget,https://www.senate.gov/isvp/?comm=budget&filename=budget071223
CHRG-118shrg53313,2023-07-12,slin00,intel,https://www.senate.gov/isvp/?comm=intel&filename=intel071223
CHRG-118shrg53617,2023-07-12,slia00,indian,https://www.senate.gov/isvp/?comm=indian&filename=indian071223
CHRG-118shrg54600,2023-07-12,ssva00,vetaff,https://www.senate.gov/isvp/?comm=vetaff&filename=vetaff071223
CHRG-118shrg55362,2023-07-12,ssju00,judiciary,https://www.senate.gov/isvp/?comm=judiciary&filename=judiciary071223
CHRG-118shrg55559,2023-07-12,sseg00,energy,https://www.senate.gov/isvp/?comm=energy&filename=energy071223
CHRG-118shrg57217,2023-07-12,ssbk00,banking,https://www.senate.gov/isvp/?comm=banking&filename=banking071223
CHRG-118shrg63638,2023-07-12,ssas00,armed,https://www.senate.gov/isvp/?comm=armed&filename=armedA071223
CHRG-118shrg55568,2023-07-13,sseg00,energy,https://www.senate.gov/isvp/?comm=energy&filename=energy071323
CHRG-118shrg61228,2023-07-13,ssfi00,finance,https://www.senate.gov/isvp/?comm=finance&filename=finance071323
CHRG-118shrg53502,2023-07-19,ssju00,judiciary,https://www.senate.gov/isvp/?comm=judiciary&filename=judiciary071923
CHRG-118shrg54148,2023-07-19,slia00,indian,https://www.senate.gov/isvp/?comm=indian&filename=indian071923
CHRG-118shrg55569,2023-07-19,sseg00,energy,https://www.senate.gov/isvp/?comm=energy&filename=energy071923
CHRG-118shrg56336,2023-07-19,ssaf00,ag,https://www.senate.gov/isvp/?comm=ag&filename=ag071923
CHRG-118shrg59104059,2023-07-19,ssap00,approps,https://www.senate.gov/isvp/?comm=approps&filename=appropsA071923
CHRG-118shrg53203,2023-07-20,spag00,aging,https://www.senate.gov/isvp/?comm=aging&filename=aging072023
CHRG-118shrg59703,2023-07-20,sscm00,commerce,https://www.senate.gov/isvp/?comm=commerce&filename=commerce072023
CHRG-118shrg61416,2023-07-20,ssfi00,finance,https://www.senate.gov/isvp/?comm=finance&filename=finance072023
CHRG-118shrg63668,2023-07-20,ssas00,armed,https://www.senate.gov/isvp/?comm=armed&filename=armedA072023
CHRG-118shrg53503,2023-07-25,ssju00,judiciary,https://www.senate.gov/isvp/?comm=judiciary&filename=judiciary072523
CHRG-118shrg53226,2023-07-26,sssb00,smbiz,https://www.senate.gov/isvp/?comm=smbiz&filename=smbiz072623
CHRG-118shrg53232,2023-07-26,ssbu00,budget,https://www.senate.gov/isvp/?comm=budget&filename=budget072623
CHRG-118shrg53504,2023-07-26,ssju00,judiciary,https://www.senate.gov/isvp/?comm=judiciary&filename=judiciary072623
CHRG-118shrg54210,2023-07-26,slia00,indian,https://www.senate.gov/isvp/?comm=indian&filename=indian072623
CHRG-118shrg54562,2023-07-26,,,
CHRG-118shrg54616,2023-07-26,ssva00,vetaff,https://www.senate.gov/isvp/?comm=vetaff&filename=vetaff072623
CHRG-118shrg55363,2023-07-26,ssju00,judiciary,https://www.senate.gov/isvp/?comm=judiciary&filename=judiciary072623
CHRG-118shrg55540,2023-07-26,ssfr00,foreign,https://www.senate.gov/isvp/?comm=foreign&filename=foreign072623
CHRG-118shrg55570,2023-07-26,sseg00,energy,https://www.senate.gov/isvp/?comm=energy&filename=energy072623
CHRG-118shrg57229,2023-07-26,ssbk00,banking,https://www.senate.gov/isvp/?comm=banking&filename=banking072623
CHRG-118shrg60411,2023-07-26,ssas00,armed,https://www.senate.gov/isvp/?comm=armed&filename=armedB072623
CHRG-118shrg63669,2023-07-26,ssas00,armed,https://www.senate.gov/isvp/?comm=armed&filename=armedB072623
CHRG-118shrg55541,2023-07-27,ssfr00,foreign,https://www.senate.gov/isvp/?comm=foreign&filename=foreign072723
CHRG-118shrg53540,2023-08-15,sssb00,smbiz,https://www.senate.gov/isvp/?comm=smbiz&filename=smbiz081523
CHRG-118shrg53541,2023-08-17,sssb00,smbiz,https://www.senate.gov/isvp/?comm=smbiz&filename=smbiz081723
CHRG-118shrg53542,2023-08-18,sssb00,smbiz,
CHRG-118shrg53993,2023-08-21,ssga00,govtaff,https://www.senate.gov/isvp/?comm=govtaff&filename=govtaff082123
CHRG-118shrg53321,2023-08-22,spag00,aging,https://www.senate.gov/isvp/?comm=aging&filename=aging082223
CHRG-118shrg53543,2023-08-23,sssb00,smbiz,
CHRG-118shrg60993,2023-08-25,sscm00,commerce,https://www.senate.gov/isvp/?comm=commerce&filename=commerce082523
CHRG-118shrg53705,2023-09-06,ssga00,govtaff,https://www.senate.gov/isvp/?comm=govtaff&filename=govtaff090623
CHRG-118shrg56020,2023-09-06,ssju00,judiciary,https://www.senate.gov/isvp/?comm=judiciary&filename=judiciary090623
CHRG-118shrg53706,2023-09-07,ssga00,govtaff,https://www.senate.gov/isvp/?comm=govtaff&filename=govtaff090723
CHRG-118shrg54997,2023-09-07,ssev00,epw,https://www.senate.gov/isvp/?comm=epw&filename=epw090723
CHRG-118shrg55542,2023-09-07,ssfr00,foreign,https://www.senate.gov/isvp/?comm=foreign&filename=foreign090723
CHRG-118shrg55571,2023-09-07,sseg00,energy,https://www.senate.gov/isvp/?comm=energy&filename=energy090723
CHRG-118shrg53878,2023-09-12,ssju00,judiciary,https://www.senate.gov/isvp/?comm=judiciary&filename=judiciary091223
CHRG-118shrg53879,2023-09-12,ssju00,judiciary,https://www.senate.gov/isvp/?comm=judiciary&filename=judiciary091223
CHRG-118shrg57257,2023-09-12,ssbk00,banking,https://www.senate.gov/isvp/?comm=banking&filename=banking091223
CHRG-118shrg53703,2023-09-13,ssga00,govtaff,https://www.senate.gov/isvp/?comm=govtaff&filename=govtaff091323
CHRG-118shrg53785,2023-09-13,ssbu00,budget,https://www.senate.gov/isvp/?comm=budget&filename=budget091323
CHRG-118shrg59955,2023-09-13,ssju00,judiciary,https://www.senate.gov/isvp/?comm=judiciary&filename=judiciary091323
CHRG-118shrg53707,2023-09-14,ssga00,govtaff,https://www.senate.gov/isvp/?comm=govtaff&filename=govtaff091423
CHRG-118shrg55725,2023-09-14,ssfr00,foreign,https://www.senate.gov/isvp/?comm=foreign&filename=foreign091423
CHRG-118shrg53570,2023-09-19,slin00,intel,https://www.senate.gov/isvp/?comm=intel&filename=intel091923
CHRG-118shrg53708,2023-09-19,ssga00,govtaff,https://www.senate.gov/isvp/?comm=govtaff&filename=govtaff091923
CHRG-118shrg53880,2023-09-19,ssju00,judiciary,https://www.senate.gov/isvp/?comm=judiciary&filename=judiciary091923
CHRG-118shrg59104060,2023-09-19,ssap00,approps,https://www.senate.gov/isvp/?comm=approps&filename=appropsA091923
CHRG-118shrg61308,2023-09-19,ssfi00,finance,https://www.senate.gov/isvp/?comm=finance&filename=finance091923
CHRG-118shrg53881,2023-09-20,ssju00,judiciary,https://www.senate.gov/isvp/?comm=judiciary&filename=judiciary092023
CHRG-118shrg54760,2023-09-20,ssva00,vetaff,https://www.senate.gov/isvp/?comm=vetaff&filename=vetaff092023
CHRG-118shrg55572,2023-09-20,sseg00,energy,https://www.senate.gov/isvp/?comm=energy&filename=energy092023
CHRG-118shrg57364,2023-09-20,ssbk00,banking,https://www.senate.gov/isvp/?comm=banking&filename=banking092023
CHRG-118shrg53709,2023-09-21,ssga00,govtaff,https://www.senate.gov/isvp/?comm=govtaff&filename=govtaff092123
CHRG-118shrg53747,2023-09-21,spag00,aging,https://www.senate.gov/isvp/?comm=aging&filename=aging092123
CHRG-118shrg53571,2023-09-27,slin00,intel,https://www.senate.gov/isvp/?comm=intel&filename=intel092723
CHRG-118shrg53678,2023-09-27,ssra00,rules,https://www.senate.gov/isvp/?comm=rules&filename=rules092723
CHRG-118shrg53787,2023-09-27,ssbu00,budget,https://www.senate.gov/isvp/?comm=budget&filename=budget092723
CHRG-118shrg54473,2023-09-27,slia00,indian,https://www.senate.gov/isvp/?comm=indian&filename=indian092723
CHRG-118shrg56337,2023-09-27,ssaf00,ag,https://www.senate.gov/isvp/?comm=ag&filename=ag092723
CHRG-118shrg55812,2023-09-28,sseg00,energy,https://www.senate.gov/isvp/?comm=energy&filename=energy092823
CHRG-118shrg61572,2023-09-28,ssfi00,finance,https://www.senate.gov/isvp/?comm=finance&filename=finance092823
CHRG-118shrg63672,2023-09-28,ssas00,armed,https://www.senate.gov/isvp/?comm=armed&filename=armedA092823
CHRG-118shrg58970,2023-10-03,ssju00,judiciary,https://www.senate.gov/isvp/?comm=judiciary&filename=judiciary100323
CHRG-118shrg55726,2023-10-04,ssfr00,foreign,https://www.senate.gov/isvp/?comm=foreign&filename=foreign100423
CHRG-118shrg55727,2023-10-04,ssfr00,foreign,https://www.senate.gov/isvp/?comm=foreign&filename=foreign100423
CHRG-118shrg56021,2023-10-04,ssju00,judiciary,https://www.senate.gov/isvp/?comm=judiciary&filename=judiciary100423
CHRG-118shrg55039,2023-10-16,spag00,aging,https://www.senate.gov/isvp/?comm=aging&filename=aging101623
CHRG-118shrg58971,2023-10-17,ssju00,judiciary,https://www.senate.gov/isvp/?comm=judiciary&filename=judiciary101723
CHRG-118shrg54120,2023-10-18,ssbu00,budget,https://www.senate.gov/isvp/?comm=budget&filename=budget101823
CHRG-118shrg54761,2023-10-18,ssas00,armed,https://www.senate.gov/isvp/?comm=armed&filename=armedA101823
CHRG-118shrg58972,2023-10-18,ssju00,judiciary,https://www.senate.gov/isvp/?comm=judiciary&filename=judiciary101823
CHRG-118shrg61669,2023-10-18,ssfi00,finance,https://www.senate.gov/isvp/?comm=finance&filename=finance101823
CHRG-118shrg55813,2023-10-19,sseg00,energy,https://www.senate.gov/isvp/?comm=energy&filename=energy101923
CHRG-118shrg60412,2023-10-19,ssas00,armed,https://www.senate.gov/isvp/?comm=armed&filename=armedA101923
CHRG-118shrg57410,2023-10-20,ssbk00,banking,
CHRG-118shrg49104033,2023-10-24,ssap00,approps,
CHRG-118shrg55043,2023-10-24,ssfr00,foreign,https://www.senate.gov/isvp/?comm=foreign&filename=foreign102423
CHRG-118shrg58973,2023-10-24,ssju00,judiciary,https://www.senate.gov/isvp/?comm=judiciary&filename=judiciary102423
CHRG-118shrg54121,2023-10-25,ssbu00,budget,https://www.senate.gov/isvp/?comm=budget&filename=budget102523
CHRG-118shrg54762,2023-10-25,ssva00,vetaff,https://www.senate.gov/isvp/?comm=vetaff&filename=vetaff102523
CHRG-118shrg55321,2023-10-25,ssfr00,foreign,https://www.senate.gov/isvp/?comm=foreign&filename=foreign102523
CHRG-118shrg55814,2023-10-25,sseg00,energy,https://www.senate.gov/isvp/?comm=energy&filename=energy102523
CHRG-118shrg59956,2023-10-25,ssju00,judiciary,https://www.senate.gov/isvp/?comm=judiciary&filename=judiciary102523
CHRG-118shrg59957,2023-10-25,,,
CHRG-118shrg61896,2023-10-25,ssfi00,finance,https://www.senate.gov/isvp/?comm=finance&filename=finance102523
CHRG-118shrg54248,2023-10-26,spag00,aging,https://www.senate.gov/isvp/?comm=aging&filename=aging102623
CHRG-118shrg55815,2023-10-26,sseg00,energy,https://www.senate.gov/isvp/?comm=energy&filename=energy102623
CHRG-118shrg54520,2023-10-27,sshr00,help,https://www.senate.gov/isvp/?comm=help&filename=help102723
CHRG-118shrg59958,2023-10-30,ssju00,judiciary,https://www.senate.gov/isvp/?comm=judiciary&filename=judiciary103023
CHRG-118shrg53994,2023-10-31,ssga00,govtaff,https://www.senate.gov/isvp/?comm=govtaff&filename=govtaff103123
CHRG-118shrg54521,2023-10-31,sshr00,help,https://www.senate.gov/isvp/?comm=help&filename=help103123
CHRG-118shrg57408,2023-10-31,ssap00,approps,https://www.senate.gov/isvp/?comm=approps&filename=appropsA103123
CHRG-118shrg54155,2023-11-01,ssra00,rules,https://www.senate.gov/isvp/?comm=rules&filename=rules110123
CHRG-118shrg55025,2023-11-01,ssva00,vetaff,https://www.senate.gov/isvp/?comm=vetaff&filename=vetaff110123
CHRG-118shrg56022,2023-11-01,ssju00,judiciary,https://www.senate.gov/isvp/?comm=judiciary&filename=judiciary110123
CHRG-118shrg63159,2023-11-01,sssb00,smbiz,https://www.senate.gov/isvp/?comm=smbiz&filename=smbiz110123
CHRG-118shrg53995,2023-11-02,ssga00,govtaff,https://www.senate.gov/isvp/?comm=govtaff&filename=govtaff110223
CHRG-118shrg55816,2023-11-02,sseg00,energy,https://www.senate.gov/isvp/?comm=energy&filename=energy110223
CHRG-118shrg61980,2023-11-02,ssfi00,finance,https://www.senate.gov/isvp/?comm=finance&filename=finance110223
CHRG-118shrg59963,2023-11-06,ssju00,judiciary,https://www.senate.gov/isvp/?comm=judiciary&filename=judiciary110623
CHRG-118shrg60432,2023-11-07,,,
CHRG-118shrg60544,2023-11-07,sscm00,commerce,https://www.senate.gov/isvp/?comm=commerce&filename=commerce110723
CHRG-118shrg53996,2023-11-08,ssga00,govtaff,https://www.senate.gov/isvp/?comm=govtaff&filename=govtaff110823
CHRG-118shrg54122,2023-11-08,ssbu00,budget,https://www.senate.gov/isvp/?comm=budget&filename=budget110823
CHRG-118shrg54522,2023-11-08,sshr00,help,https://www.senate.gov/isvp/?comm=help&filename=help110823
CHRG-118shrg55027,2023-11-08,ssfr00,foreign,https://www.senate.gov/isvp/?comm=foreign&filename=foreign110823
CHRG-118shrg55193,2023-11-08,slia00,indian,https://www.senate.gov/isvp/?comm=indian&filename=indian110823
CHRG-118shrg57407,2023-11-08,ssap00,approps,https://www.senate.gov/isvp/?comm=approps&filename=appropsA110823
CHRG-118shrg60433,2023-11-08,ssju00,judiciary,https://www.senate.gov/isvp/?comm=judiciary&filename=judiciary110823
CHRG-118shrg55842,2023-11-09,sseg00,energy,https://www.senate.gov/isvp/?comm=energy&filename=energy110923
CHRG-118shrg62125,2023-11-09,ssfi00,finance,https://www.senate.gov/isvp/?comm=finance&filename=finance110923
CHRG-118shrg54249,2023-11-10,spag00,aging,
CHRG-118shrg54421,2023-11-14,ssga00,govtaff,https://www.senate.gov/isvp/?comm=govtaff&filename=govtaff111423
CHRG-118shrg54523,2023-11-14,sshr00,help,https://www.senate.gov/isvp/?comm=help&filename=help111423
CHRG-118shrg56260,2023-11-14,ssev00,epw,https://www.senate.gov/isvp/?comm=epw&filename=epw111423
CHRG-118shrg56288,2023-11-14,sshr00,help,https://www.senate.gov/isvp/?comm=help&filename=help111423
CHRG-118shrg56338,2023-11-14,ssaf00,ag,https://www.senate.gov/isvp/?comm=ag&filename=ag111423
CHRG-118shrg62174,2023-11-14,ssfi00,finance,https://www.senate.gov/isvp/?comm=finance&filename=finance111423
CHRG-118shrg55026,2023-11-15,ssva00,vetaff,https://www.senate.gov/isvp/?comm=vetaff&filename=vetaff111523
CHRG-118shrg55804,2023-11-15,ssfr00,foreign,https://www.senate.gov/isvp/?comm=foreign&filename=foreign111523
CHRG-118shrg56023,2023-11-15,ssju00,judiciary,https://www.senate.gov/isvp/?comm=judiciary&filename=judiciary111523
CHRG-118shrg63160,2023-11-15,sssb00,smbiz,https://www.senate.gov/isvp/?comm=smbiz&filename=smbiz111523
CHRG-118shrg54250,2023-11-16,spag00,aging,https://www.senate.gov/isvp/?comm=aging&filename=aging111623
CHRG-118shrg60434,2023-11-28,,,
CHRG-118shrg54422,2023-11-29,ssga00,govtaff,https://www.senate.gov/isvp/?comm=govtaff&filename=govtaff112923
CHRG-118shrg56024,2023-11-29,ssju00,judiciary,https://www.senate.gov/isvp/?comm=judiciary&filename=judiciary112923
CHRG-118shrg54423,2023-11-30,ssga00,govtaff,https://www.senate.gov/isvp/?comm=govtaff&filename=govtaff113023
CHRG-118shrg55843,2023-11-30,sseg00,energy,https://www.senate.gov/isvp/?comm=energy&filename=energy113023
CHRG-118shrg56339,2023-11-30,ssaf00,ag,https://www.senate.gov/isvp/?comm=ag&filename=ag113023
CHRG-118shrg62303,2023-12-05,ssfi00,finance,https://www.senate.gov/isvp/?comm=finance&filename=finance120523
CHRG-118shrg62796,2023-12-05,,,
CHRG-118shrg49104035,2023-12-06,ssap00,approps,
CHRG-118shrg56030,2023-12-06,ssfr00,foreign,https://www.senate.gov/isvp/?comm=foreign&filename=foreign120623
CHRG-118shrg56983,2023-12-06,slia00,indian,https://www.senate.gov/isvp/?comm=indian&filename=indian120623
CHRG-118shrg60431,2023-12-06,ssas00,armed,https://www.senate.gov/isvp/?comm=armed&filename=armedA120623
CHRG-118shrg49104034,2023-12-07,ssap00,approps,
CHRG-118shrg54370,2023-12-12,ssra00,rules,https://www.senate.gov/isvp/?comm=rules&filename=rules121223
CHRG-118shrg54433,2023-12-12,ssga00,govtaff,https://www.senate.gov/isvp/?comm=govtaff&filename=govtaff121223
CHRG-118shrg55844,2023-12-12,sseg00,energy,https://www.senate.gov/isvp/?comm=energy&filename=energy121223
CHRG-118shrg62797,2023-12-12,,,
CHRG-118shrg56025,2023-12-13,ssju00,judiciary,https://www.senate.gov/isvp/?comm=judiciary&filename=judiciary121323
CHRG-118shrg60435,2023-12-13,,,
CHRG-118shrg54498,2023-12-14,spag00,aging,https://www.senate.gov/isvp/?comm=aging&filename=aging121423
CHRG-118shrg54524,2023-12-14,sshr00,help,https://www.senate.gov/isvp/?comm=help&filename=help121423
CHRG-118shrg60436,2023-12-14,ssju00,judiciary,https://www.senate.gov/isvp/?comm=judiciary&filename=judiciary121423
CHRG-118shrg60078,2024-01-03,ssfr00,foreign,
CHRG-118shrg60079,2024-01-03,ssfr00,foreign,
CHRG-118shrg57724,2024-01-24,ssju00,judiciary,https://www.senate.gov/isvp/?comm=judiciary&filename=judiciary012424
CHRG-118shrg54781,2024-01-26,ssva00,vetaff,
CHRG-118shrg55314,2024-01-31,ssap00,approps,
CHRG-118shrg57444,2024-01-31,,,
CHRG-118shrg62305,2024-02-15,ssev00,epw,https://www.senate.gov/isvp/?comm=epw&filename=epw021524
CHRG-118shrg55341,2024-02-23,spag00,aging,https://www.senate.gov/isvp/?comm=aging&filename=aging022324
CHRG-118shrg63048,2024-02-28,,,
CHRG-118shrg57748,2024-03-01,ssju00,judiciary,https://www.senate.gov/isvp/?comm=judiciary&filename=judiciary030124
CHRG-118shrg61204,2024-03-01,sscm00,commerce,https://www.senate.gov/isvp/?comm=commerce&filename=commerce030124
CHRG-118shrg57774,2024-03-04,ssju00,judiciary,https://www.senate.gov/isvp/?comm=judiciary&filename=judiciary030424
CHRG-118shrg55887,2024-03-12,sseg00,energy,https://www.senate.gov/isvp/?comm=energy&filename=energy031224
CHRG-118shrg58371,2024-03-12,,,
CHRG-118shrg55311,2024-03-15,ssap00,approps,
CHRG-118shrg58675,2024-03-20,,,
CHRG-118shrg55874,2024-04-03,sshr00,help,https://www.senate.gov/isvp/?comm=help&filename=help040324
CHRG-118shrg55317,2024-04-09,ssap00,approps,https://www.senate.gov/isvp/?comm=approps&filename=appropsA040924
CHRG-118shrg56458,2024-05-06,sssb00,smbiz,https://www.senate.gov/isvp/?comm=smbiz&filename=smbiz050624
CHRG-118shrg56459,2024-05-29,sssb00,smbiz,https://www.senate.gov/isvp/?comm=smbiz&filename=smbiz052924
CHRG-118shrg58646,2024-05-29,ssbk00,banking,https://www.senate.gov/isvp/?comm=banking&filename=banking052924
CHRG-118shrg55299,2024-06-04,ssap00,approps,https://www.senate.gov/isvp/?comm=approps&filename=approps060424
CHRG-118shrg57489,2024-06-26,ssaf00,ag,https://www.senate.gov/isvp/?comm=ag&filename=ag062624
CHRG-118shrg61870,2024-06-26,sscm00,commerce,https://www.senate.gov/isvp/?comm=commerce&filename=commerce062624
CHRG-118shrg61872,2024-07-23,sscm00,commerce,https://www.senate.gov/isvp/?comm=commerce&filename=commerce072324
CHRG-118shrg63049,2024-07-23,ssju00,judiciary,https://www.senate.gov/isvp/?comm=judiciary&filename=judiciary072324
CHRG-118shrg56865,2024-08-07,spag00,aging,https://www.senate.gov/isvp/?comm=aging&filename=aging080724
CHRG-118shrg57029,2024-08-08,ssga00,govtaff,https://www.senate.gov/isvp/?comm=govtaff&filename=govtaff080824
CHRG-118shrg60218,2024-08-15,ssap00,approps,
CHRG-118shrg57903,2024-09-13,sssb00,smbiz,https://www.senate.gov/isvp/?comm=smbiz&filename=smbiz091324
CHRG-118shrg63050,2024-09-17,,,
CHRG-118shrg63051,2024-09-25,,,
CHRG-118shrg61373,2024-10-29,,,
CHRG-118shrg57902,2024-12-11,ssra00,rules,https://www.senate.gov/isvp/?comm=rules&filename=rules121124
CHRG-118shrg58574,2024-12-12,spag00,aging,
CHRG-118shrg61196,2024-12-17,,,
CHRG-119shrg61320,2025-01-15,,,
CHRG-119shrg60264,2025-01-21,ssap00,approps,
CHRG-119shrg62638,2025-01-23,ssev00,epw,https://www.senate.gov/isvp/?comm=epw&filename=epw012325
CHRG-119shrg61390,2025-01-29,sssb00,smbiz,https://www.senate.gov/isvp/?comm=smbiz&filename=smbiz012925
CHRG-119shrg61322,2025-01-30,,,
CHRG-119shrg61321,2025-02-04,,,
CHRG-119shrg61323,2025-02-12,,,
CHRG-119shrg61324,2025-02-19,,,
CHRG-119shrg62485,2025-02-19,ssev00,epw,https://www.senate.gov/isvp/?comm=epw&filename=epw021925
CHRG-119shrg60282,2025-02-20,ssap00,approps,
CHRG-119shrg61325,2025-02-26,,,
CHRG-119shrg61246,2025-02-27,sscm00,commerce,https://www.senate.gov/isvp/?comm=commerce&filename=commerce022725
CHRG-119shrg60343,2025-03-05,ssas00,armed,https://www.senate.gov/isvp/?comm=armed&filename=armedA030525
CHRG-119shrg59496,2025-03-06,ssaf00,ag,https://www.senate.gov/isvp/?comm=ag&filename=ag030625
CHRG-119shrg61560,2025-03-12,ssas00,armed,https://www.senate.gov/isvp/?comm=armed&filename=armedA031225
CHRG-119shrg60836,2025-03-25,ssas00,armed,https://www.senate.gov/isvp/?comm=armed&filename=armedA032525
CHRG-119shrg61561,2025-03-25,ssas00,armed,https://www.senate.gov/isvp/?comm=armed&filename=armedA032525
CHRG-119shrg61838,2025-03-25,,,
CHRG-119shrg60060,2025-03-26,ssfr00,foreign,https://www.senate.gov/isvp/?comm=foreign&filename=foreign032625
CHRG-119shrg61564,2025-03-26,ssas00,armed,https://www.senate.gov/isvp/?comm=armed&filename=armedA032625 https://www.senate.gov/isvp/?comm=armed&filename=armedB032625
CHRG-119shrg61839,2025-03-26,,,
CHRG-119shrg61985,2025-03-26,ssas00,armed,https://www.senate.gov/isvp/?comm=armed&filename=armedA032625 https://www.senate.gov/isvp/?comm=armed&filename=armedB032625
CHRG-119shrg62698,2025-03-26,ssev00,epw,https://www.senate.gov/isvp/?comm=epw&filename=epw032625
CHRG-119shrg60598,2025-03-27,sshr00,help,https://www.senate.gov/isvp/?comm=help&filename=help032725
CHRG-119shrg61840,2025-04-01,,,
CHRG-119shrg61983,2025-04-08,ssas00,armed,https://www.senate.gov/isvp/?comm=armed&filename=armedA040825 https://www.senate.gov/isvp/?comm=armed&filename=armedB040825
CHRG-119shrg62647,2025-04-08,ssas00,armed,https://www.senate.gov/isvp/?comm=armed&filename=armedA040825 https://www.senate.gov/isvp/?comm=armed&filename=armedB040825
CHRG-119shrg61984,2025-04-09,ssas00,armed,https://www.senate.gov/isvp/?comm=armed&filename=armedA040925 https://www.senate.gov/isvp/?comm=armed&filename=armedB040925
CHRG-119shrg61986,2025-04-09,ssas00,armed,https://www.senate.gov/isvp/?comm=armed&filename=armedA040925 https://www.senate.gov/isvp/?comm=armed&filename=armedB040925
CHRG-119shrg60273,2025-04-29,ssap00,approps,https://www.senate.gov/isvp/?comm=approps&filename=appropsA042925
CHRG-119shrg61883,2025-04-30,,,
CHRG-119shrg60249,2025-05-06,ssap00,approps,https://www.senate.gov/isvp/?comm=approps&filename=appropsA050625
CHRG-119shrg60267,2025-05-14,ssap00,approps,https://www.senate.gov/isvp/?comm=approps&filename=appropsA051425
CHRG-119shrg61428,2025-05-15,sscm00,commerce,https://www.senate.gov/isvp/?comm=commerce&filename=commerce051525
CHRG-119shrg60270,2025-05-20,ssap00,approps,https://www.senate.gov/isvp/?comm=approps&filename=appropsA052025
CHRG-119shrg61982,2025-05-20,,,
CHRG-119shrg60258,2025-05-21,ssap00,approps,https://www.senate.gov/isvp/?comm=approps&filename=appropsA052125
CHRG-119shrg61611,2025-05-21,ssas00,armed,https://www.senate.gov/isvp/?comm=armed&filename=armedA052125
CHRG-119shrg61677,2025-05-21,,,
CHRG-119shrg61819,2025-05-21,,,
CHRG-119shrg60615,2025-05-30,sssb00,smbiz,https://www.senate.gov/isvp/?comm=smbiz&filename=smbiz053025
CHRG-119shrg61716,2025-06-03,,,
CHRG-119shrg61981,2025-06-04,,,
CHRG-119shrg61889,2025-06-11,,,
CHRG-119shrg60276,2025-06-17,ssap00,approps,https://www.senate.gov/isvp/?comm=approps&filename=appropsA061725
CHRG-119shrg61520,2025-06-17,sscm00,commerce,https://www.senate.gov/isvp/?comm=commerce&filename=commerce061725
CHRG-119shrg61841,2025-06-17,,,
CHRG-119shrg61521,2025-06-18,sscm00,commerce,https://www.senate.gov/isvp/?comm=commerce&filename=commerce061825
CHRG-119shrg61845,2025-06-18,,,
CHRG-119shrg61887,2025-06-25,,,
CHRG-119shrg63003,2025-06-25,ssas00,armed,https://www.senate.gov/isvp/?comm=armed&filename=armedA062525
CHRG-119shrg61886,2025-07-15,,,
CHRG-119shrg61891,2025-07-16,,,
CHRG-119shrg61892,2025-07-22,,,
CHRG-119shrg61257,2025-07-23,ssaf00,ag,https://www.senate.gov/isvp/?comm=ag&filename=ag072325
CHRG-119shrg61893,2025-07-30,,,
CHRG-119shrg61468,2025-08-07,spag00,aging,https://www.senate.gov/isvp/?comm=aging&filename=aging080725
CHRG-119shrg61532,2025-08-14,ssva00,vetaff,
CHRG-119shrg61533,2025-08-22,ssva00,vetaff,
CHRG-119shrg61890,2025-09-03,,,
CHRG-119shrg62327,2025-09-09,,,
CHRG-119shrg62328,2025-09-16,,,
CHRG-119shrg62461,2025-09-17,,,
CHRG-119shrg62654,2025-09-17,,,
CHRG-119shrg63079,2025-09-22,sssb00,smbiz,https://www.senate.gov/isvp/?comm=smbiz&filename=smbiz092225
CHRG-119shrg62655,2025-09-30,ssju00,judiciary,https://www.senate.gov/isvp/?comm=judiciary&filename=judiciary093025
CHRG-119shrg62961,2025-09-30,ssfr00,foreign,https://www.senate.gov/isvp/?comm=foreign&filename=foreign093025
CHRG-119shrg62398,2025-10-07,ssfr00,foreign,https://www.senate.gov/isvp/?comm=foreign&filename=foreign100725
CHRG-119shrg62460,2025-10-07,ssas00,armed,https://www.senate.gov/isvp/?comm=armed&filename=armedA100725
CHRG-119shrg62725,2025-10-08,,,
CHRG-119shrg62746,2025-10-22,,,
CHRG-119shrg63292,2025-10-23,ssev00,epw,https://www.senate.gov/isvp/?comm=epw&filename=epw102325
CHRG-119shrg62928,2025-10-28,,,
CHRG-119shrg62935,2025-10-28,,,
CHRG-119shrg62970,2025-11-19,ssju00,judiciary,https://www.senate.gov/isvp/?comm=judiciary&filename=judiciary111925
CHRG-119shrg62971,2025-11-19,,,
CHRG-119shrg62250,2025-12-02,sseg00,energy,https://www.senate.gov/isvp/?comm=energy&filename=energy120225
CHRG-119shrg62972,2025-12-09,,,
CHRG-119shrg63358,2026-02-09,sssb00,smbiz,https://www.senate.gov/isvp/?comm=smbiz&filename=smbiz020926
