event_id,page,title,witnesses,documents
325720,https://www.jec.senate.gov/public/index.cfm/hearings-calendar?id=F647A9B1-8F5F-45BB-8F80-75FA2693E14F,"Expanding Opportunity by Strengthening Families, Communities, and Civil Society - Expanding Opportunity by Strengthening Families, Communities, and Civil Society - U.S. Congress Joint Economic Committee",0,7
325842,https://www.jec.senate.gov/public/index.cfm/hearings-calendar?id=3498AE9E-120C-4D20-920A-048A6E9A78B3,Hearing: The Economic Impacts of the 2020 Census and Business Uses of Federal Data - Hearing: The Economic Impacts of the 2020 Census and Business Uses of Federal Data - U.S. Congress Joint Economic Committee,0,7
326342,https://www.jec.senate.gov/public/index.cfm/hearings-calendar?id=5CA925C6-7E7B-4791-A193-9D40CCD5C19E,Hearing: Making it More Affordable to Raise a Family - Hearing: Making it More Affordable to Raise a Family - U.S. Congress Joint Economic Committee,0,7
326390,https://www.jec.senate.gov/public/index.cfm/hearings-calendar?id=55F37147-52CC-4A3B-92DA-390DA481CA7F,Hearing: Gun Violence in America: Understanding and Reducing the Costs of Firearm Injuries and Deaths - Hearing: Gun Violence in America: Understanding and Reducing the Costs of Firearm Injuries and Deaths - U.S. Congress Joint Economic Committee,0,7
326500,https://www.jec.senate.gov/public/index.cfm/hearings-calendar?id=F7C7FD2A-7072-43E9-9E8D-0084F3A57F4C,Hearing: Measuring Economic Inequality in the United States - Hearing: Measuring Economic Inequality in the United States - U.S. Congress Joint Economic Committee,0,7
326669,https://www.jec.senate.gov/public/index.cfm/hearings-calendar?id=E1F7F9B1-57F9-41E1-A5B9-ACAB77784B48,Hearing: The Economic Outlook with Federal Reserve Chairman Jerome H. Powell - Hearing: The Economic Outlook with Federal Reserve Chairman Jerome H. Powell - U.S. Congress Joint Economic Committee,0,4
326692,https://www.jec.senate.gov/public/index.cfm/hearings-calendar?id=EB64E52B-510D-463B-B7D4-85B6BA1187B8,Hearing: Connecting More People to Work - Hearing: Connecting More People to Work - U.S. Congress Joint Economic Committee,0,7
327182,https://www.jec.senate.gov/public/index.cfm/hearings-calendar?id=BA4BF96F-5061-4FB1-A64B-A35B997AE548,Hearing: Improving Family Stability for the Wellbeing of American Children - Hearing: Improving Family Stability for the Wellbeing of American Children - U.S. Congress Joint Economic Committee,0,7
327574,https://www.jec.senate.gov/public/index.cfm/hearings-calendar?id=D8F31B33-A73F-4547-94A4-3D2FB4F18192,Hearing: Supporting Charitable Giving during the COVID-19 Crisis - Hearing: Supporting Charitable Giving during the COVID-19 Crisis - U.S. Congress Joint Economic Committee,0,7
327723,https://www.jec.senate.gov/public/index.cfm/hearings-calendar?id=9AB5D105-6533-49C0-A1F9-0C7FC627A29C,Hearing: Reducing Uncertainty and Restoring Confidence during the Coronavirus Recession - Hearing: Reducing Uncertainty and Restoring Confidence during the Coronavirus Recession - U.S. Congress Joint Economic Committee,0,7
328044,https://www.jec.senate.gov/public/index.cfm/hearings-calendar?id=C6782036-542F-4A61-B04A-E2BE1F3351CB,Hearing: The Economic Impact of America’s Failure to Contain the Coronavirus - Hearing: The Economic Impact of America’s Failure to Contain the Coronavirus - U.S. Congress Joint Economic Committee,0,7
323739,https://www.veterans.senate.gov/2020/3/legislative-presentation-of-the-american-legion-3-11-20,Legislative Presentation of The American Legion - U.S. Senate Committee on Veter...,1,3
323744,https://www.veterans.senate.gov/2020/3/legislative-presentation-of-the-veterans-of-foreign-wars-3-4-20,Legislative Presentation of the Veterans of Foreign Wars - U.S. Senate Committee...,1,3
325120,https://www.veterans.senate.gov/2020/2/legislative-presentation-of-the-disabled-american-veterans-2-25-20,Legislative Presentation of the Disabled American Veterans - U.S. Senate Committ...,1,3
325431,https://www.veterans.senate.gov/2020/3/legislative-presentation-of-multiple-veterans-service-organizations-axpow-pva-sva-gsw-moaa-fra-iava,"Legislative Presentation of Multiple Veterans Service Organizations (AXPOW, PVA,...",7,10
325613,https://www.appropriations.senate.gov/hearings/review-of-the-fy2021-budget-request-for-hhs,Hearing,1,2
325669,https://www.appropriations.senate.gov/hearings/review-of-the-fy2021-budget-request-for-dhs,Hearing,1,2
325901,https://www.foreign.senate.gov/hearings/rule-by-fear-30-years-after-tiananman-square,Hearing: [2019-06-05] Rule By Fear: 30 Years After Tiananmen Square |...,3,4
325902,https://www.hsgac.senate.gov/hearings/sensibly-reforming-the-chemical-facility-anti-terrorism-standards-program/,ROUNDTABLE- Sensibly Reforming the Chemical Facility Anti-Terrorism Standards Program - Committee on Homeland Security & Governmental Affairs,7,9
325903,https://www.energy.senate.gov/hearings/hearings-2019-6-hearing-to-examine-expanded-deployment-of-grid-scale-energy-storage/,Full Committee Hearing to Examine Expanded Deployment of Grid-Scale Energy Storage – U.S. Senate Committee on Energy and Natural Resources,5,8
325920,https://www.judiciary.senate.gov/committee-activity/hearings/the-countdown-fentanyl-analogues-and-the-expiring-emergency-scheduling-order,The Countdown: Fentanyl Analogues & the ...,3,3
325922,https://www.banking.senate.gov/hearings/05/28/2019/nomination-hearing,hearing,6,8
325923,https://www.banking.senate.gov/hearings/confronting-threats-from-china-assessing-controls-on-technology-and-investment-and-measures-to-combat-opioid-trafficking,hearing,3,5
325924,https://www.epw.senate.gov/public/index.cfm/hearings?ID=568F50FF-A13F-43F5-9DB3-B39D8A519E8C,Advanced Nuclear Technology: Protecting U.S. Leadership and Expanding Opportunities for Licensing New Nuclear Energy Technologies - Hearings - U.S. Senate Committee on Environment and Public Works,3,4
325925,https://www.epw.senate.gov/public/index.cfm/hearings?ID=0A030012-28BF-4193-B7FE-B9E69487B746,"Hearing on the Nomination of Robert Wallace to be Assistant Secretary for Fish, Wildlife, and Parks at the Department of the Interior - Hearings - U.S. Senate Committee on Environment and Public Works",1,2
325928,https://www.judiciary.senate.gov/committee-activity/hearings/06/05/2019/nominations,Nominations,4,8
325929,https://www.finance.senate.gov/hearings/foreign-threats-to-taxpayer_funded-research-oversight-opportunities-and-policy-solutions,[2019-06-05] Hearing: Foreign Threats to Taxpayer – Funded Research: Oversight Opportunities and Policy Solutions,5,8
325930,https://www.judiciary.senate.gov/committee-activity/hearings/the-state-of-patent-eligibility-in-america-part-ii,The State of Patent Eligibility in Ameri...,15,30
325931,https://www.commerce.senate.gov/meetings/the-state-of-the-television-and-video-marketplace/,"The State of the Television and Video Marketplace - U.S. Senate Committee on Commerce, Science, & Transportation",4,4
325932,https://www.judiciary.senate.gov/committee-activity/hearings/your-doctor/pharmacist/insurer-will-see-you-now-competitive-implications-of-vertical-consolidation-in-the-healthcare-industry,POSTPONED: Your Doctor/Pharmacist/Insure...,4,6
325940,https://www.judiciary.senate.gov/committee-activity/hearings/the-state-of-patent-eligibility-in-america-part-i,The State of Patent Eligibility in Ameri...,15,28
325960,https://www.judiciary.senate.gov/committee-activity/hearings/the-state-of-patent-eligibility-in-america-part-iii,The State of Patent Eligibility in Ameri...,15,29
325962,https://www.banking.senate.gov/hearings/data-brokers-and-the-impact-on-financial-data-privacy-credit-insurance-employment-and-housing,hearing,2,5
325963,https://www.epw.senate.gov/public/index.cfm/hearings?ID=EA437058-4EE9-4C12-8168-90CEA7D447C9,Subcommittee Hearing on the Nomination of William B. Kilbride to be a Member of the Board of Directors of the Tennessee Valley Authority - Hearings - U.S. Senate Committee on Environment and Public Works,1,2
325981,https://www.epw.senate.gov/public/index.cfm/hearings?ID=08604F20-C3B3-4F98-BB3F-C3D417A9F726,A Review of Waters of the U.S. Regulations: Their Impact on States and the American People - Hearings - U.S. Senate Committee on Environment and Public Works,3,8
325982,https://www.hsgac.senate.gov/hearings/nominations-of-chad-f-wolf-to-be-under-secretary-for-strategy-policy-and-plans-us-department-of-homeland-security-jeffrey-c-byard-to-be-administrator-federal-emergency-management-agency-us-department/,"Nominations of Chad F. Wolf to be Under Secretary for Strategy, Policy, and Plans, U.S. Department of Homeland Security; Jeffrey C. Byard to be Administrator, Federal Emergency Management Agency, U.S. Department of Homeland Security; Troy D. Edgar to be Chief Financial Officer, U.S. Department of Homeland Security; John M. Barger to be a Governor, U.S. Postal Service; and B. Chad Bungard to be a Member, Merit Systems Protection Board - Committee on Homeland Security & Governmental Affairs",5,7
325983,https://www.commerce.senate.gov/meetings/oversight-of-the-federal-communications-commission-2/,"Oversight of the Federal Communications Commission - U.S. Senate Committee on Commerce, Science, & Transportation",5,5
325984,https://www.finance.senate.gov/hearings/chinas-belt-and-road-initiative,[2019-06-12] Hearing: China’s Belt and Road Initiative,4,7
325985,https://www.sbc.senate.gov/public/index.cfm/hearings?ID=C3A06CAC-0B40-41DB-A5F7-FE704D9D8259,Reauthorization of the SBA’s Contracting Programs - Hearings - U.S. Committee on Small Business & Entrepreneurship,5,5
325986,https://www.agriculture.senate.gov/hearings/certainty-in-global-markets-for-the-us-agriculture-sector,Certainty in Global Markets for the U.S....,3,3
325988,https://www.energy.senate.gov/hearings/2019-6-full-committee-hearing-to-examine-the-outlook-for-wildland-fire-and-management-programs-for-2019/,Full Committee Hearing to Examine the Outlook for Wildland Fire and Management Programs for 2019 – U.S. Senate Committee on Energy and Natural Resources,4,6
325990,https://www.foreign.senate.gov/hearings/nato-expansion-examining-the-accession-of-north-macedonia-061219,Hearing: [2019-06-12] NATO Expansion: Examining the Accession of North...,2,3
325992,https://www.aging.senate.gov/hearings/the-complex-web-of-prescription-drug-prices-part-iii-examining-agency-efforts-to-further-competition-and-increase-affordability,The Complex Web of Prescription Drug Pri...,3,6
325995,https://www.foreign.senate.gov/hearings/women-in-conflict-advancing-womens-role-in-peace-and-security-061319,Hearing: [2019-06-13] Women in Conflict: Advancing Women's Role in...,3,4
325998,https://www.energy.senate.gov/hearings/2019-6-full-committee-hearing-to-review-lwcf/,Full Committee Hearing to Review LWCF – U.S. Senate Committee on Energy and Natural Resources,5,7
325999,https://www.energy.senate.gov/hearings/hearings-2019-6-full-committee-hearing-on-geothermal-energy-development/,Full Committee Hearing to Examine Geothermal Energy Development – U.S. Senate Committee on Energy and Natural Resources,5,12
326000,https://www.energy.senate.gov/hearings/hearings-2019-6-full-committee-hearing-to-examine-deferred-maintenance-needs-and-potential-solutions/,Full Committee Hearing to Examine Deferred Maintenance Needs and Potential Solutions – U.S. Senate Committee on Energy and Natural Resources,5,7
326001,https://www.banking.senate.gov/hearings/outside-perspectives-on-the-collection-of-beneficial-ownership-information,hearing,3,5
326003,https://www.energy.senate.gov/hearings/hearings-2019-6-subcommittee-on-national-parks-legislative-hearing/,Subcommittee on National Parks Legislative Hearing – U.S. Senate Committee on Energy and Natural Resources,2,10
326007,https://www.finance.senate.gov/hearings/the-presidents-2019-trade-policy-agenda-and-the-united-states-mexico-canada-agreement,[2019-06-18] Hearing: The President’s 2019 Trade Policy Agenda and the United States-Mexico-Canada Agreement,1,5
326008,https://www.commerce.senate.gov/meetings/drone-security-enhancing-innovation-and-mitigating-supply-chain-risks/,"Drone Security: Enhancing Innovation and Mitigating Supply Chain Risks - U.S. Senate Committee on Commerce, Science, & Transportation",5,5
326009,https://www.judiciary.senate.gov/committee-activity/hearings/keeping-congress-accountable-term-limits-in-the-united-states,TIME CHANGE: Keeping Congress Accountabl...,5,5
326011,https://www.veterans.senate.gov/2019/6/harnessing-the-power-of-community-leveraging-veteran-networks-to-tackle-suicide,Harnessing the Power of Community: Leveraging Veteran Networks to Tackle Suicide...,6,18
326012,https://www.foreign.senate.gov/hearings/five-years-after-the-revolution-of-dignity-ukraines-progress/russias-malign-activities,Hearing: [2019-06-18] Five Years After the Revolution of Dignity:...,4,5
326016,https://www.judiciary.senate.gov/committee-activity/hearings/09/17/2019/07/23/2019/oversight-of-the-enforcement-of-the-antitrust-laws,Oversight of the Enforcement of the Anti...,2,4
326017,https://www.commerce.senate.gov/meetings/fast-act-reauthorization-transportation-and-safety-issues/,"FAST Act Reauthorization: Transportation and Safety Issues - U.S. Senate Committee on Commerce, Science, & Transportation",4,2
326018,https://www.sbc.senate.gov/public/index.cfm/hearings?ID=7E8FBE63-CC89-4528-B737-25527079A3EF,Examining SBA’s Office of Disaster Assistance and the Response to Recent Catastrophic Floods - Hearings - U.S. Committee on Small Business & Entrepreneurship,4,4
326019,https://www.judiciary.senate.gov/committee-activity/hearings/combating-kleptocracy-beneficial-ownership-money-laundering-and-other-reforms,Combating Kleptocracy: Beneficial Owners...,4,8
326022,https://www.foreign.senate.gov/hearings/nominations-061919,Hearing: [2019-06-19] Nominations,1,2
326023,https://www.foreign.senate.gov/hearings/nominations-062019,Hearing: [2019-06-20] Nominations,7,8
326042,https://www.banking.senate.gov/hearings/06/17/2019/oversight-and-reauthorization-of-the-export-import-bank-of-the-united-states,hearing,1,3
326043,https://www.banking.senate.gov/hearings/should-fannie-mae-and-freddie-mac-be-designated-as-systemically-important-financial-institutions,hearing,3,5
326044,https://www.commerce.senate.gov/meetings/optimizing-for-engagement-understanding-the-use-of-persuasive-technology-on-internet-platforms/,"Optimizing for Engagement: Understanding the Use of Persuasive Technology on Internet Platforms - U.S. Senate Committee on Commerce, Science, & Transportation",4,4
326045,https://www.banking.senate.gov/hearings/the-reauthorization-of-the-terrorism-risk-insurance-program,hearing,3,5
326046,https://www.agriculture.senate.gov/hearings/the-state-of-the-derivatives-market-and-perspectives-for-cftc-reauthorization,The State of the Derivatives Market and ...,4,4
326047,https://www.commerce.senate.gov/meetings/examining-technological-innovations-in-transportation/,"Examining Technological Innovations in Transportation - U.S. Senate Committee on Commerce, Science, & Transportation",5,5
326049,https://www.hsgac.senate.gov/hearings/unprecedented-migration-at-the-us-southern-border-the-exploitation-of-migrants-through-smuggling-trafficking-and-involuntary-servitude/,"Unprecedented Migration at the U.S. Southern Border: The Exploitation of Migrants through Smuggling, Trafficking, and Involuntary Servitude - Committee on Homeland Security & Governmental Affairs",3,5
326053,https://www.judiciary.senate.gov/committee-activity/hearings/06/26/2019/nominations,Nominations,4,8
326054,https://www.sbc.senate.gov/public/index.cfm/hearings?ID=E2D31671-DA33-4C51-A897-B9EB999B5DC6,Reauthorization of SBA’s Small Business Investment Company Program - Hearings - U.S. Committee on Small Business & Entrepreneurship,4,4
326055,https://www.commerce.senate.gov/meetings/amtrak-next-steps-for-passenger-rail/,"Amtrak: Next Steps for Passenger Rail - U.S. Senate Committee on Commerce, Science, & Transportation",4,4
326056,https://www.energy.senate.gov/hearings/2019-6-subcommittee-on-water-and-power-legislative-hearing/,Subcommittee on Water and Power Legislative Hearing – U.S. Senate Committee on Energy and Natural Resources,1,2
326058,https://www.judiciary.senate.gov/committee-activity/hearings/oversight-of-the-united-states-copyright-office,Oversight of the United States Copyright...,1,2
326080,https://www.banking.senate.gov/hearings/07/08/2019/the-semiannual-monetary-policy-report-to-the-congress,hearing,1,4
326100,https://www.armed-services.senate.gov/hearings/19-07-09-implementation-of-the-national-defense-strategy-in-the-united-states-southern-command-area-of-responsibility,Implementation of the National Defense S...,1,2
326101,https://www.armed-services.senate.gov/hearings/19-07-11-nomination_--milley,Nomination -- Milley,1,2
326121,https://www.aging.senate.gov/hearings/redefining-reality-how-the-special-diabetes-program-is-changing-the-lives-of-americans-with-type-1-diabetes,Redefining Reality: How the Special Diab...,5,8
326122,https://www.commerce.senate.gov/meetings/nasa-exploration-plans-where-weve-been-and-where-were-going/,"NASA Exploration Plans: Where We’ve Been and Where We’re Going - U.S. Senate Committee on Commerce, Science, & Transportation",5,4
326124,https://www.energy.senate.gov/hearings/hearings-2019-7-full-committee-hearing-on-the-important-role-of-u-s-lng-in-evolving-global-markets/,Full Committee Hearing on the Important Role of U.S. LNG in Evolving Global Markets – U.S. Senate Committee on Energy and Natural Resources,5,8
326127,https://www.judiciary.senate.gov/committee-activity/hearings/protecting-innocence-in-a-digital-world,Protecting Innocence in a Digital World,5,9
326129,https://www.epw.senate.gov/public/index.cfm/hearings?ID=FF9A8EE5-ECD3-44B0-9A5C-9EB617A325E1,Investing in America’s Surface Transportation Infrastructure: The Need for a Multi-Year Reauthorization Bill - Hearings - U.S. Senate Committee on Environment and Public Works,5,6
326130,https://www.foreign.senate.gov/hearings/defense-cooperation-use-of-emergency-authorities-under-the-arms-export-control-act,Hearing: [2019-07-10] Defense Cooperation: Use of Emergency...,1,2
326141,https://www.hsgac.senate.gov/hearings/nominations-of-ann-c-fisher-and-ashley-e-poling-to-be-commissioners-postal-regulatory-commission-catherine-bird-to-be-general-counsel-federal-labor-relations-authority-and-rainey_r-brandt-and-shana-fr/,"Nominations of Ann C. Fisher and Ashley E. Poling to be Commissioners, Postal Regulatory Commission; Catherine Bird to be General Counsel, Federal Labor Relations Authority; and Rainey R. Brandt and Shana Frost Matini to be Associate Judges, Superior Court of the District of Columbia - Committee on Homeland Security & Governmental Affairs",5,7
326142,https://www.hsgac.senate.gov/hearings/2020-census-conducting-a-secure-and-accurate-count/,2020 Census: Conducting a Secure and Accurate Count - Committee on Homeland Security & Governmental Affairs,3,5
326143,https://www.foreign.senate.gov/hearings/iraq-a-crossroads-of-us-policy-071619,Hearing: [2019-07-16] Iraq: A Crossroads of U.S. Policy,2,3
326144,https://www.banking.senate.gov/hearings/examining-facebooks-proposed-digital-currency-and-data-privacy-considerations,hearing,1,3
326145,https://www.banking.senate.gov/hearings/economic-mobility-is-the-american-dream-in-crisis,hearing,5,7
326146,https://www.energy.senate.gov/hearings/2019-7-subcommittee-on-public-lands-forests-and-mining-hearing-to-examine-blm-s-wild-horse-and-burro-program/,"Subcommittee on Public Lands, Forests, and Mining Hearing to Examine BLM’s Wild Horse and Burro Program – U.S. Senate Committee on Energy and Natural Resources",5,8
326148,https://www.judiciary.senate.gov/committee-activity/hearings/google-and-censorship-though-search-engines,Google and Censorship through Search Eng...,6,7
326149,https://www.hsgac.senate.gov/hearings/unprecedented-migration-at-the-us-southern-border-bipartisan-policy-recommendations-from-the-homeland-security-advisory-council/,ROUNDTABLE- Unprecedented Migration at the U.S. Southern Border: Bipartisan Policy Recommendations from the Homeland Security Advisory Council - Committee on Homeland Security & Governmental Affairs,4,5
326150,https://www.judiciary.senate.gov/committee-activity/hearings/07/17/2019/nominations,Nominations,4,8
326151,https://www.foreign.senate.gov/hearings/us-engagement-in-central-america,Hearing: [2019-07-16] CANCELLED: U.S. Engagement in Central America |...,5,0
326152,https://www.hsgac.senate.gov/subcommittees/FSO/hearings/federally-incurred-cost-of-regulatory-changes-and-how-such-changes-are-made/,Federally Incurred Cost of Regulatory Changes and How Such Changes Are Made - Committee on Homeland Security & Governmental Affairs,3,6
326153,https://www.epw.senate.gov/public/index.cfm/hearings?ID=22DBE78B-11F0-491A-B8FB-7A9F3049F8EF,Electric Battery Production and Waste: Opportunities and Challenges - Hearings - U.S. Senate Committee on Environment and Public Works,3,4
326154,https://www.agriculture.senate.gov/hearings/agricultural-research-and-2018-farm-bill-implementation,Agricultural Research and 2018 Farm Bill...,1,2
326155,https://www.energy.senate.gov/hearings/2019-7-full-committee-hearing-on-energy-innovation/,Full Committee Hearing on Energy Innovation – U.S. Senate Committee on Energy and Natural Resources,5,7
326156,https://www.energy.senate.gov/hearings/hearings-2019-7-full-committee-hearing/,Full Committee Hearing on the Freely Associated States – U.S. Senate Committee on Energy and Natural Resources,4,6
326158,https://www.commerce.senate.gov/meetings/moon-to-mars-nasas-plans-for-deep-space-exploration/,"Moon to Mars: NASA’s Plans for Deep Space Exploration - U.S. Senate Committee on Commerce, Science, & Transportation",1,1
326159,https://www.foreign.senate.gov/hearings/nominations-071719,Hearing: [2019-07-17] Nominations,5,6
326162,https://www.armed-services.senate.gov/hearings/19-07-16-nomination_--esper,Nomination -- Esper,1,4
326163,https://www.aging.senate.gov/hearings/combatting-robocall-fraud-using-telecom-advances-and-law-enforcement-to-stop-scammers-and-protect-seniors,Combatting Robocall Fraud: Using Telecom...,4,13
326165,https://www.banking.senate.gov/hearings/export-control-reform-implementation-outside-perspectives,hearing,3,5
326183,https://www.rules.senate.gov/hearings/oversight-of-the-government-publishing-office_-office-of-the-inspector-general,Hearing: [2019-07-24] Oversight of the Government Publishing Office -...,1,3
326184,https://www.judiciary.senate.gov/committee-activity/hearings/07/23/2019/oversight-of-the-federal-bureau-of-investigation,Oversight of the Federal Bureau of Inves...,1,1
326186,https://www.foreign.senate.gov/hearings/confronting-ebola-addressing-a-21st-century-global-health-crisis,Hearing: [2019-07-24] Confronting Ebola: Addressing a 21st Century...,4,5
326187,https://www.commerce.senate.gov/meetings/americas-waterfronts-addressing-economic-recreational-and-environmental-challenges/,"America’s Waterfronts: Addressing Economic, Recreational, and Environmental Challenges - U.S. Senate Committee on Commerce, Science, & Transportation",4,4
326188,https://www.finance.senate.gov/hearings/promoting-elder-justice-a-call-for-reform,[2019-07-23] Hearing: Promoting Elder Justice: A Call for Reform,5,7
326190,https://www.banking.senate.gov/hearings/challenges-for-cannabis-and-banking-outside-perspectives,hearing,6,8
326202,https://www.epw.senate.gov/public/index.cfm/hearings?ID=06C9A137-C32A-43CC-8C04-9BF011C58649,Theodore Roosevelt Genius Prize: Innovative Solutions to Reduce Human-Predator Conflict - Hearings - U.S. Senate Committee on Environment and Public Works,3,4
326203,https://www.hsgac.senate.gov/hearings/examining-state-and-federal-recommendations-for-enhancing-school-safety-against-targeted-violence/,Examining State and Federal Recommendations for Enhancing School Safety Against Targeted Violence - Committee on Homeland Security & Governmental Affairs,4,6
326205,https://www.commerce.senate.gov/meetings/nominations-hearing-9/,"Nominations Hearing - U.S. Senate Committee on Commerce, Science, & Transportation",0,0
326207,https://www.agriculture.senate.gov/hearings/hemp-production-and-the-2018-farm-bill,Hemp Production and the 2018 Farm Bill,7,7
326209,https://www.armed-services.senate.gov/hearings/19-07-24-nomination_--norquist,Nomination -- Norquist,1,3
326220,https://www.foreign.senate.gov/hearings/reviewing-authorities-for-the-use-of-military-force-072419,Hearing: [2019-07-24] Reviewing Authorities for the Use of Military...,2,3
326222,https://www.armed-services.senate.gov/hearings/19-07-30-nomination_--gilday,Nomination -- Gilday,1,2
326224,https://www.hsgac.senate.gov/hearings/unprecedented-migration-at-the-us-southern-border-what-is-required-to-improve-conditions/,Unprecedented Migration at the U.S. Southern Border: What Is Required to Improve Conditions? - Committee on Homeland Security & Governmental Affairs,2,4
326226,https://www.hsgac.senate.gov/subcommittees/RAFM/hearings/solutions-to-improve-federal-hiring/,Solutions to Improve Federal Hiring - Committee on Homeland Security & Governmental Affairs,3,3
326228,https://www.banking.senate.gov/hearings/examining-regulatory-frameworks-for-digital-currencies-and-blockchain,hearing,3,5
326229,https://www.finance.senate.gov/hearings/the-united-states-mexico-canada-agreement,[2019-07-30] Hearing: The United States-Mexico-Canada Agreement,6,9
326230,https://www.foreign.senate.gov/hearings/nominations-073019,Hearing: [2019-07-30] Nominations,4,5
326231,https://www.judiciary.senate.gov/committee-activity/hearings/07/31/2019/nominations,Nominations,4,9
326232,https://www.commerce.senate.gov/meetings/next-steps-for-positive-train-control-implementation/,"Next Steps for Positive Train Control Implementation - U.S. Senate Committee on Commerce, Science, & Transportation",5,5
326233,https://www.agriculture.senate.gov/hearings/perspectives-on-reauthorization-of-the-us-grain-standards-act,Perspectives on Reauthorization of the U...,4,5
326243,https://www.armed-services.senate.gov/hearings/19-07-30-nomination_--hyten,Nomination -- Hyten,1,2
326246,https://www.finance.senate.gov/hearings/hearing-to-consider-pending-nominations-of-the-honorable-brent-james-mcintosh-of-michigan-to-be-an-under-secretary-of-the-treasury-vice-david-malpass-resigned-brian-callanan-of-new-jersey-to-be-general-counsel-for-the-department-of-the-treasury-vice-brent-james-mcintosh-brian-mcguire-of-new-york-to-be-a-deputy-under-secretary-of-the-treasury-vice-andrew-k-maloney-resigned-travis-greaves-of-the-district-of-columbia-to-be-a-judge-of-the-united-states-tax-court-for-a-term-of-fifteen-years-vice-juan-f-vasquez-term-expired,"[2019-07-24] Hearing: Hearing to Consider Pending Nominations of The Honorable Brent James McIntosh, of Michigan, to be an Under Secretary of the Treasury, vice David Malpass, resigned, Brian Callanan, of New Jersey, to be General Counsel for the Department of the Treasury, vice Brent James McIntosh, Brian McGuire, of New York, to be a Deputy Under Secretary of the Treasury, vice Andrew K. Maloney, resigned, Travis Greaves, of the District of Columbia, to be a Judge of the United States Tax Court for a term of fifteen years, vice Juan F. Vasquez, term expired.",4,7
326260,https://www.appropriations.senate.gov/hearings/oversight-of-the-federal-aviation-administration,Hearing,4,1
326344,https://www.judiciary.senate.gov/committee-activity/hearings/09/11/2019/nominations,Nominations,4,9
326346,https://www.armed-services.senate.gov/hearings/19-09-12-nominations_--mccarthy---barrett,Nominations -- McCarthy - Barrett,2,5
326347,https://www.epw.senate.gov/public/index.cfm/hearings?ID=DBBE734D-D0DF-4EEA-8B57-AE82FDEC8E05,Hearing on the Nominations of Aurelia Skipwith to be Director of the U.S. Fish and Wildlife Service and Katherine Lemos to be Member and Chairperson of the Chemical Safety and Hazard Investigation Board - Hearings - U.S. Senate Committee on Environment and Public Works,2,3
326348,https://www.banking.senate.gov/hearings/developments-in-global-insurance-regulatory-and-supervisory-forums,hearing,3,5
326349,https://www.banking.senate.gov/hearings/housing-finance-reform-next-steps,hearing,3,5
326350,https://www.commerce.senate.gov/meetings/protecting-the-nations-transportation-systems-oversight-of-the-transportation-security-administration/,"Protecting the Nation’s Transportation Systems: Oversight of the Transportation Security Administration - U.S. Senate Committee on Commerce, Science, & Transportation",1,1
326351,https://www.judiciary.senate.gov/committee-activity/hearings/innovation-in-america-how-congress-can-make-our-patent-system-stronger,Innovation in America: How Congress can ...,6,12
326363,https://www.judiciary.senate.gov/committee-activity/hearings/competition-in-digital-technology-markets-examining-acquisitions-of-nascent-or-potential-competitors-by-digital-platforms,Competition in Digital Technology Market...,4,8
326381,https://www.armed-services.senate.gov/hearings/19-09-17-situation-in-southeastern-europe,Situation in Southeastern Europe,3,4
326382,https://www.judiciary.senate.gov/committee-activity/hearings/holocaust-era-insurance-claims,Holocaust-Era Insurance Claims,5,14
326383,https://www.energy.senate.gov/hearings/hearings-2019-9-full-committee-hearing-on-minerals-and-clean-energy-technologies/,Full Committee Hearing on Minerals and Clean Energy Technologies – U.S. Senate Committee on Energy and Natural Resources,5,7
326386,https://www.foreign.senate.gov/hearings/us-policy-in-mexico-and-central-america-ensuring-effective-policies-to-address-the-crisis-at-the-border,Hearing: [2019-09-25] U.S. Policy in Mexico and Central America:...,2,3
326387,https://www.indian.senate.gov/hearings/oversight-hearing-gao-report-tribal-access-spectrum-promoting-communications-services-indian/,Oversight Hearing on “GAO Report on Tribal Access to Spectrum: Promoting Communications Services in Indian Country” - Indian Affairs Committee,4,5
326388,https://www.commerce.senate.gov/meetings/mass-violence-extremism-and-digital-responsibility/,"Mass Violence, Extremism, and Digital Responsibility - U.S. Senate Committee on Commerce, Science, & Transportation",4,4
326389,https://www.epw.senate.gov/public/index.cfm/hearings?ID=2FEEDD04-A114-4753-B1CF-BE2182C91CA8,Improving American Economic Competitiveness through Water Resources Infrastructure - Hearings - U.S. Senate Committee on Environment and Public Works,3,4
326392,https://www.foreign.senate.gov/hearings/us-policy-in-the-indo-pacific-region-hong-kong-alliances-and-partnerships-and-other-issues,Hearing: [2019-09-18] U.S. Policy in the Indo-Pacific Region: Hong...,1,2
326395,https://www.foreign.senate.gov/hearings/nominationsa,Hearing: [2019-09-19] Nominations,3,4
326396,https://www.foreign.senate.gov/hearings/us-colombia-relations-new-opportunities-to-reinforce-and-strengthen-our-bilateral-relationship,Hearing: [2019-09-18] U.S.-Colombia Relations: New Opportunities to...,5,6
326404,https://www.commerce.senate.gov/meetings/improving-air-traffic-control-for-the-american-people-examining-the-current-system/,"Improving Air Traffic Control for the American People: Examining the Current System - U.S. Senate Committee on Commerce, Science, & Transportation",5,5
326405,https://www.agriculture.senate.gov/hearings/perspectives-on-the-livestock-and-poultry-sectors,Perspectives on the Livestock and Poultr...,6,7
326407,https://www.hsgac.senate.gov/hearings/countering-domestic-terrorism-examining-the-evolving-threat/,Countering Domestic Terrorism: Examining the Evolving Threat - Committee on Homeland Security & Governmental Affairs,4,6
326408,https://www.foreign.senate.gov/hearings/the-path-forward-key-findings-from-the-syria-study-group-report,Hearing: [2019-09-24] The Path Forward: Key Findings From the Syria...,2,2
326409,https://www.veterans.senate.gov/2019/9/toxic-exposure-examining-the-vas-presumptive-disability-decision-making-process,Toxic Exposure: Examining the VA’s Presumptive Disability Decision-Making Proces...,6,14
326410,https://www.commerce.senate.gov/meetings/fishery-failures-improving-the-disaster-declaration-and-relief-process/,"Fishery Failures: Improving the Disaster Declaration and Relief Process - U.S. Senate Committee on Commerce, Science, & Transportation",5,5
326411,https://www.aging.senate.gov/hearings/promoting-healthy-aging-living-your-best-life-long-into-your-golden-years,Promoting Healthy Aging: Living Your Bes...,4,7
326412,https://www.judiciary.senate.gov/committee-activity/hearings/09/25/2019/nominations,Nominations,5,10
326414,https://www.banking.senate.gov/hearings/facilitating-faster-payments-in-the-us,hearing,5,8
326442,https://www.foreign.senate.gov/hearings/the-hong-kong-emergency-securing-freedom-autonomy-and-human-rights,"Hearing: [2019-09-26] The Hong Kong Emergency: Securing Freedom,...",3,4
326460,https://www.banking.senate.gov/hearings/10/01/2019/the-consumer-financial-protection-bureaus-semi-annual-report-to-congress,hearing,1,4
326481,https://www.foreign.senate.gov/hearings/nominations-101619,Hearing: [2019-10-16] Nominations,5,6
326482,https://www.indian.senate.gov/hearings/oversight-hearing-lending-opportunities-opening-door-homeownership-indian-country/,Oversight Hearing on “Lending Opportunities: Opening the Door to Homeownership in Indian Country.” - Indian Affairs Committee,5,6
326501,https://www.aging.senate.gov/hearings/falls-prevention-national-state-and-local-solutions-to-better-support-seniors,"Falls Prevention: National, State, and L...",5,12
326520,https://www.energy.senate.gov/hearings/hearings-2019-10-full-committee-hearing-on-the-strategic-petroleum-reserve/,Full Committee Hearing on the Strategic Petroleum Reserve – U.S. Senate Committee on Energy and Natural Resources,5,7
326540,https://www.commerce.senate.gov/meetings/feeding-america-making-sustainable-offshore-aquaculture-a-reality/,"Feeding America: Making Sustainable Offshore Aquaculture a Reality - U.S. Senate Committee on Commerce, Science, & Transportation",5,5
326543,https://www.judiciary.senate.gov/committee-activity/hearings/10/16/2019/nominations,Nominations,5,11
326544,https://www.agriculture.senate.gov/hearings/implementing-the-2018-farm-bill,Implementing the 2018 Farm Bill,1,2
326545,https://www.epw.senate.gov/public/index.cfm/hearings?ID=667304EE-7A09-4212-811D-935324B38919,Subcommittee Hearing on Reducing Emissions While Driving Economic Growth: Industry-led Initiatives - Hearings - U.S. Senate Committee on Environment and Public Works,5,5
326546,https://www.epw.senate.gov/public/index.cfm/hearings?ID=82E1CFDC-ECA0-4804-B5F4-F2D9A3BECB1D,Examining the Impacts of Diseases on Wildlife Conservation and Management - Hearings - U.S. Senate Committee on Environment and Public Works,3,4
326560,https://www.foreign.senate.gov/hearings/an-examination-of-us-iran-policy,Hearing: [2019-10-16] An Examination of US-Iran Policy,1,2
326561,https://www.appropriations.senate.gov/hearings/oversight-of-the-fcc-spectrum-auctions-program,Hearing,3,3
326562,https://www.commerce.senate.gov/meetings/improving-security-at-americas-airports-stakeholder-perspectives/,"Improving Security at America’s Airports: Stakeholder Perspectives - U.S. Senate Committee on Commerce, Science, & Transportation",5,5
326566,https://www.banking.senate.gov/hearings/oversight-of-the-status-of-the-consolidated-audit-trail,hearing,3,5
326580,https://www.hsgac.senate.gov/hearings/nominations-of-joshua-d-deahl-to-be-an-associate-judge-district-of-columbia-court-of-appeals-deborah-j-israel-and-andrea-l-hertzfeld-to-be-associate-judges-superior-court-of-the-district-of-columbia-a/,"Nominations of Joshua A. Deahl to be an Associate Judge, District of Columbia Court of Appeals; Deborah J. Israel and Andrea L. Hertzfeld to be Associate Judges, Superior Court of the District of Columbia; and Robert A. Dixon to be United States Marshal for the Superior Court of the District of Columbia - Committee on Homeland Security & Governmental Affairs",4,6
326581,https://www.energy.senate.gov/hearings/hearings-2019-10-full-committee-hearing-on-energy-efficiency-efforts-in-the-united-states-and-internationally/,Full Committee Hearing on Energy Efficiency Efforts in the United States and Internationally – U.S. Senate Committee on Energy and Natural Resources,4,6
326583,https://www.commerce.senate.gov/meetings/research-and-innovation-ensuring-americas-economic-and-strategic-leadership/,"Research and Innovation: Ensuring America's Economic and Strategic Leadership - U.S. Senate Committee on Commerce, Science, & Transportation",4,4
326584,https://www.judiciary.senate.gov/committee-activity/hearings/sanctuary-jurisdictions-the-impact-on-public-safety-and-victims,Sanctuary Jurisdictions: The Impact on P...,4,4
326586,https://www.epw.senate.gov/public/index.cfm/hearings?ID=44BD2998-A955-42FF-8158-49DE2AD56DD3,Improving American Economic Competitiveness through Water Resources Infrastructure: Federal Panel - Hearings - U.S. Senate Committee on Environment and Public Works,4,2
326587,https://www.hsgac.senate.gov/subcommittees/investigations/hearings/review-of-e-rulemaking-comment-systems/,Review of E-Rulemaking Comment Systems - Committee on Homeland Security & Governmental Affairs,4,9
326588,https://www.appropriations.senate.gov/hearings/review-of-us-policy-and-assistance-in-syria,Hearing,1,1
326589,https://www.armed-services.senate.gov/hearings/19-10-24-nomination_--richard,Nomination -- Richard,1,2
326590,https://www.armed-services.senate.gov/hearings/19-10-29-nominations_--hershman----deasy----sander,Nominations -- Hershman -- Deasy -- Sand...,3,7
326594,https://www.foreign.senate.gov/hearings/assessing-the-impact-of-turkeys-offensive-in-northeast-syria-102219,Hearing: [2019-10-22] Assessing the Impact of Turkey's Offensive in...,2,2
326595,https://www.banking.senate.gov/hearings/data-ownership-exploring-implications-for-data-privacy-rights-and-data-valuation,hearing,4,6
326596,https://www.finance.senate.gov/hearings/treating-substance-misuse-in-america-scams-shortfalls-and-solutions,"[2019-10-24] Hearing: Treating Substance Misuse in America: Scams, Shortfalls, and Solutions",4,7
326597,https://www.judiciary.senate.gov/committee-activity/hearings/promoting-the-useful-arts-how-can-congress-prevent-the-issuance-of-poor-quality-patents,TIME CHANGE: Promoting the Useful Arts: ...,5,10
326600,https://www.foreign.senate.gov/hearings/successes-and-unfinished-business-in-the-western-balkans-102319,Hearing: [2019-10-23] Successes and Unfinished Business in the Western...,3,4
326621,https://www.energy.senate.gov/hearings/2019-10-subcommittee-on-water-and-power-hearing/,Subcommittee on Water and Power Hearing – U.S. Senate Committee on Energy and Natural Resources,5,6
326622,https://www.foreign.senate.gov/hearings/nominations-102919,Hearing: [2019-10-29] Nominations,4,5
326623,https://www.hsgac.senate.gov/hearings/supply-chain-security-global-competitiveness-and-5g/,"Supply Chain Security, Global Competitiveness, and 5G - Committee on Homeland Security & Governmental Affairs",4,6
326624,https://www.commerce.senate.gov/meetings/aviation-safety-and-the-future-of-boeings-737-max/,"Aviation Safety and the Future of Boeing’s 737 MAX - U.S. Senate Committee on Commerce, Science, & Transportation",3,3
326625,https://www.hsgac.senate.gov/subcommittees/FSO/hearings/rise-of-the-zombies-the-unauthorized-and-unaccountable-government-you-pay-for/,Rise of the Zombies: The Unauthorized and Unaccountable Government You Pay For - Committee on Homeland Security & Governmental Affairs,3,6
326626,https://www.judiciary.senate.gov/committee-activity/hearings/10/30/2019/nominations,Nominations,5,11
326627,https://www.epw.senate.gov/public/index.cfm/hearings?ID=A41178B1-B923-4C41-8915-311D2CBCF5EC,Hearing on the Nomination of Sean O’Donnell to be Inspector General of the Environmental Protection Agency - Hearings - U.S. Senate Committee on Environment and Public Works,1,2
326628,https://www.finance.senate.gov/hearings/medicaid-compliance-with-eligibility-requirements,[2019-10-30] Hearing: Medicaid: Compliance with Eligibility Requirements,4,5
326635,https://www.foreign.senate.gov/hearings/nominations-103019,Hearing: [2019-10-30] Nominations,1,2
326638,https://www.energy.senate.gov/hearings/hearings-2019-11-full-committee-hearing-to-consider-pending-nominations/,Full Committee Hearing to Consider Pending Nominations – U.S. Senate Committee on Energy and Natural Resources,2,4
326639,https://www.foreign.senate.gov/hearings/nominations-103119,Hearing: [2019-10-31] Nominations,5,6
326641,https://www.hsgac.senate.gov/hearings/threats-to-the-homeland/,Threats to the Homeland - Committee on Homeland Security & Governmental Affairs,3,5
326643,https://www.help.senate.gov/hearings/examining-the-response-to-lung-illnesses-and-rising-youth-electronic-cigarette-use,Examining the Response to Lung Illnesses...,2,3
326644,https://www.commerce.senate.gov/meetings/building-the-space-workforce-of-the-future-stem-engagement-for-a-21st-century-education/,"Building the Space Workforce of the Future: STEM Engagement for a 21st Century Education - U.S. Senate Committee on Commerce, Science, & Transportation",4,4
326645,https://www.judiciary.senate.gov/committee-activity/hearings/how-corporations-and-big-tech-leave-our-data-exposed-to-criminals-china-and-other-bad-actors,How Corporations and Big Tech Leave Our ...,4,6
326646,https://www.aging.senate.gov/hearings/veteran-scams-protecting-those-who-protected-us,Veteran Scams: Protecting Those Who Prot...,4,7
326647,https://www.veterans.senate.gov/2019/11/pending-nominations,Pending Nominations - U.S. Senate Committee on Veterans' Affairs,2,3
326649,https://www.judiciary.senate.gov/committee-activity/hearings/reauthorizing-the-usa-freedom-act-of-2015,POSTPONED: Reauthorizing the USA FREEDOM...,6,6
326662,https://www.agriculture.senate.gov/hearings/implementation-of-the-2018-farm-bill-rural-development-and-energy-programs,Implementation of the 2018 Farm Bill: Ru...,7,8
326663,https://www.energy.senate.gov/hearings/hearings-2019-11-oversight-and-legislative-hearing-on-energy-development-on/,Full Committee Hearing on Issues and Legislation Related to Energy Development on Federal Land – U.S. Senate Committee on Energy and Natural Resources,5,8
326665,https://www.rules.senate.gov/hearings/library-of-congress-modernization-oversight,Hearing: [2019-11-07] Library of Congress Modernization Oversight |...,3,5
326671,https://www.hsgac.senate.gov/hearings/unprecedented-migration-at-the-us-southern-border-the-year-in-review/,Unprecedented Migration at the U.S. Southern Border: The Year in Review - Committee on Homeland Security & Governmental Affairs,4,6
326673,https://www.judiciary.senate.gov/committee-activity/hearings/11/13/2019/nominations,Nominations,4,8
326674,https://www.epw.senate.gov/public/index.cfm/hearings?ID=5AEB1502-8204-4B5A-8E67-8925DF0E69DD,"Preserving and Expanding Clean, Reliable Nuclear Power: U.S. Commercial Nuclear Reactor Performance Trends and Safety Initiatives - Hearings - U.S. Senate Committee on Environment and Public Works",3,4
326676,https://www.help.senate.gov/hearings/nomination-of-stephen-m-hahn-md-to-serve-as-commissioner-of-food-and-drugs,"Nomination of Stephen M. Hahn, MD, to se...",1,2
326677,https://www.hsgac.senate.gov/hearings/nomination-of-the-honorable-peter-t-gaynor-to-be-administrator-federal-emergency-management-agency-us-department-of-homeland-security/,"Nomination of The Honorable Peter T. Gaynor to be Administrator, Federal Emergency Management Agency, U.S. Department of Homeland Security - Committee on Homeland Security & Governmental Affairs",1,3
326679,https://www.armed-services.senate.gov/hearings/19-11-20-department-of-defense-audit,Department of Defense Audit,1,2
326680,https://www.armed-services.senate.gov/hearings/19-12-03-government-accountability-office-on-privatized-housing-findings-to-include-responses-from-the-military-services-on-ongoing-reports-of-substandard-housing-conditions-and-services,Government Accountability Office on Priv...,8,5
326681,https://www.armed-services.senate.gov/hearings/19-12-04-servicemember-family-and-veteran-suicides-and-prevention-strategies,"Servicemember, Family, and Veteran Suici...",5,6
326684,https://www.rules.senate.gov/hearings/nomination-hearing-for-director-of-the-government-publishing-office,Hearing: [2019-11-14] Nomination Hearing for Director of the...,1,3
326685,https://www.energy.senate.gov/hearings/hearings-2019-11-full-committee/,Full Committee Nomination Hearing – U.S. Senate Committee on Energy and Natural Resources,1,3
326687,https://www.hsgac.senate.gov/subcommittees/investigations/hearings/securing-the-us-research-enterprise-from-chinas-talent-recruitment-plans/,Securing the U.S. Research Enterprise from China’s Talent Recruitment Plans - Committee on Homeland Security & Governmental Affairs,5,8
326690,https://www.judiciary.senate.gov/committee-activity/hearings/oversight-of-the-federal-bureau-of-prisons,Oversight of the Federal Bureau of Priso...,1,1
326691,https://www.epw.senate.gov/public/index.cfm/hearings?ID=2C5DAB96-D66E-4D96-8886-D1D841AA6F6B,"Hearing on S. 1087, the Water Quality Certification Improvement Act of 2019, and Other Potential Reforms to Improve Implementation of Section 401 of the Clean Water Act: State Perspectives - Hearings - U.S. Senate Committee on Environment and Public Works",3,4
326694,https://www.commerce.senate.gov/meetings/highly-automated-vehicles-federal-perspectives-on-the-deployment-of-safety-technology/,"Highly Automated Vehicles: Federal Perspectives on the Deployment of Safety Technology - U.S. Senate Committee on Commerce, Science, & Transportation",3,3
326695,https://www.finance.senate.gov/hearings/alzheimers-awareness-barriers-to-diagnosis-treatment-and-care-coordination,"[2019-11-20] Hearing: Alzheimer’s Awareness: Barriers to Diagnosis, Treatment and Care Coordination",4,5
326701,https://www.foreign.senate.gov/hearings/challenges-and-opportunities-for-advancing-us-interests-in-the-united-nations-system-11/20/19,Hearing: [2019-11-20] Challenges and Opportunities For Advancing U.S....,6,7
326704,https://www.armed-services.senate.gov/hearings/19-11-20-biological-threats-to-us-national-security,Biological Threats to U.S. National Secu...,3,4
326706,https://www.appropriations.senate.gov/hearings/oversight-of-the-federal-communications-commission-spectrum-auctions-program-part-2,Hearing,3,2
326710,https://www.armed-services.senate.gov/hearings/19-12-04-united-states-navy-ship-and-submarine-maintenance,United States Navy Ship and Submarine Ma...,3,3
326712,https://www.energy.senate.gov/hearings/hearings-2019-11-full-committee-hearing-to-receive-testimony-on-pending-legislation/,"Full Committee Hearing on SRS and PILT, and to Receive Testimony on Pending Legislation – U.S. Senate Committee on Energy and Natural Resources",4,8
326713,https://www.foreign.senate.gov/hearings/nominations-11/20/19,Hearing: [2019-11-20] Nominations,1,2
326714,https://www.foreign.senate.gov/hearings/the-future-of-us-policy-towards-russia-11-20-19,Hearing: [2019-12-03] The Future of U.S. Policy Towards Russia |...,2,3
326717,https://www.judiciary.senate.gov/committee-activity/hearings/examining-the-inspector-generals-report-on-alleged-abuses-of-the-foreign-intelligence-surveillance-act,Examining the Inspector General’s Report...,1,3
326720,https://www.hsgac.senate.gov/hearings/nomination-of-paul-j-ray-to-be-administrator-office-of-information-and-regulatory-affairs-office-of-management-and-budget/,"Nomination of Paul J. Ray to be Administrator, Office of Information and Regulatory Affairs, Office of Management and Budget - Committee on Homeland Security & Governmental Affairs",1,3
326761,https://www.judiciary.senate.gov/committee-activity/hearings/fraudulent-trademarks-how-they-undermine-the-trademark-system-and-harm-american-consumers-and-businesses,Fraudulent Trademarks: How They Undermin...,5,9
326763,https://www.armed-services.senate.gov/hearings/19-12-05-strategic-threats-ongoing-challenges-and-national-defense-strategy-implementation,"Strategic Threats, Ongoing Challenges, a...",2,2
326783,https://www.epw.senate.gov/public/index.cfm/hearings?ID=50F442A8-3C2D-40FC-9443-BF443311E1B8,Legislative Hearing on a bill to create a U.S. Fish and Wildlife Service Chronic Wasting Disease Task Force - Hearings - U.S. Senate Committee on Environment and Public Works,3,4
326784,https://www.epw.senate.gov/public/index.cfm/hearings?ID=FD310548-D16C-40F6-8AE8-14CE3959CB79,"Hearing on the Nomination of Robert J. Feitel, of Maryland, to be Inspector General of the Nuclear Regulatory Commission - Hearings - U.S. Senate Committee on Environment and Public Works",1,2
326785,https://www.commerce.senate.gov/meetings/examining-legislative-proposals-to-protect-consumer-data-privacy/,"Examining Legislative Proposals to Protect Consumer Data Privacy - U.S. Senate Committee on Commerce, Science, & Transportation",5,5
326786,https://www.commerce.senate.gov/meetings/the-evolution-of-next-generation-technologies-implementing-mobile-now/,"The Evolution of Next-Generation Technologies: Implementing MOBILE NOW - U.S. Senate Committee on Commerce, Science, & Transportation",5,5
326787,https://www.judiciary.senate.gov/committee-activity/hearings/12/04/2019/nominations,Nominations,6,13
326800,https://www.foreign.senate.gov/hearings/illicit-mining-threats-to-us-national-security-and-international-human-rights,Hearing: [2019-12-05] Illicit Mining: Threats to U.S. National...,5,6
326802,https://www.foreign.senate.gov/hearings/oversight-of-the-millennium-challenge-corporation,Hearing: [2019-12-04] Oversight of the Millennium Challenge...,1,2
326803,https://www.foreign.senate.gov/hearings/lebanon-and-iraq-protests-insights-implications-and-objectives-for-us-policy,"Hearing: [2019-12-04] Lebanon and Iraq Protests: Insights,...",1,2
326805,https://www.judiciary.senate.gov/committee-activity/hearings/oversight-of-modernization-of-the-united-states-copyright-office,Oversight of Modernization of the United...,3,6
326806,https://www.energy.senate.gov/hearings/hearings-2019-12-full-committee-oversight-hearing-of-imo-2020/,Full Committee Oversight Hearing of IMO 2020 – U.S. Senate Committee on Energy and Natural Resources,5,10
326807,https://www.judiciary.senate.gov/committee-activity/hearings/encryption-and-lawful-access-evaluating-benefits-and-risks-to-public-safety-and-privacy,Encryption and Lawful Access: Evaluating...,4,6
326812,https://www.commerce.senate.gov/meetings/expanding-opportunities-challenges-and-threats-in-the-arctic-a-focus-on-the-u-s-coast-guard-arctic-strategic-outlook/,"Expanding Opportunities, Challenges, and Threats in the Arctic: A Focus on the U.S. Coast Guard Arctic Strategic Outlook - U.S. Senate Committee on Commerce, Science, & Transportation",4,4
326828,https://www.judiciary.senate.gov/committee-activity/hearings/12/17/2019/tackling-the-opioid-crisis-a-whole-of-government-approach,Tackling the Opioid Crisis: A Whole-of-G...,8,12
326829,https://www.energy.senate.gov/hearings/hearings-2019-12-full-committee-nomination-hearing/,Full Committee Nomination Hearing – U.S. Senate Committee on Energy and Natural Resources,1,2
326831,https://www.sbc.senate.gov/public/index.cfm/hearings?ID=8D8B32DF-C6B3-4A7E-8F27-8F0CF468BF68,Nomination of Jovita Carranza to be Administrator of the Small Business Administration - Hearings - U.S. Committee on Small Business & Entrepreneurship,0,1
326832,https://www.foreign.senate.gov/hearings/nominations-121719,Hearing: [2019-12-17] Nominations,4,5
326834,https://www.energy.senate.gov/hearings/2019-12-full-committee-hearing-to-examine-the-impacts-of-wildfire-on-electric-grid-reliability/,Full Committee Hearing to Examine the Impacts of Wildfire on Electric Grid Reliability – U.S. Senate Committee on Energy and Natural Resources,5,8
326835,https://www.rules.senate.gov/hearings/nomination-hearing-for-the-architect-of-the-capitol,Hearing: [2019-12-12] Nomination Hearing for the Architect of the...,1,2
326860,https://www.epw.senate.gov/public/index.cfm/hearings?ID=E6FC40E5-8DBF-44EA-904D-248E338B7B2C,The Nonpoint Source Management Program Under the Clean Water Act: Perspectives from States - Hearings - U.S. Senate Committee on Environment and Public Works,2,3
326861,https://www.judiciary.senate.gov/committee-activity/hearings/01/08/2020/nominations,Nominations,5,10
326921,https://www.epw.senate.gov/public/index.cfm/hearings?ID=5D6D8D4D-BEF5-4FBE-8C59-76A46C527286,One Year of Progress: An Update on Implementation of the Nuclear Energy Innovation and Modernization Act - Hearings - U.S. Senate Committee on Environment and Public Works,2,3
326925,https://www.armed-services.senate.gov/hearings/20-01-16-nominations_--mcpherson----williams,Nominations -- McPherson -- Williams,2,5
326960,https://www.epw.senate.gov/public/index.cfm/hearings?ID=A4B58FE9-119B-4F4E-AEA7-001B64FCED4B,Oversight of the Economic Development Administration - Hearings - U.S. Senate Committee on Environment and Public Works,1,2
326980,https://www.commerce.senate.gov/meetings/the-5g-workforce-and-obstacles-to-broadband-deployment/,"The 5G Workforce and Obstacles to Broadband Deployment - U.S. Senate Committee on Commerce, Science, & Transportation",5,5
327003,https://www.commerce.senate.gov/meetings/building-infrastructure-in-america-overview-of-the-build-america-bureau-and-the-u-s-department-of-transportation-rural-transportation-initiatives/,"Building Infrastructure in America: Overview of the Build America Bureau and the U.S. Department of Transportation Rural Transportation Initiatives - U.S. Senate Committee on Commerce, Science, & Transportation",3,2
327004,https://www.armed-services.senate.gov/hearings/20-02-11-united-states-strategy-in-afghanistan,United States Strategy in Afghanistan,3,2
327020,https://www.epw.senate.gov/public/index.cfm/hearings?ID=AC86E1F2-3A8A-473E-80BB-7F338CAC16F6,Stakeholder Perspectives on the Importance of the U.S. Chemical Safety and Hazard Investigation Board - Hearings - U.S. Senate Committee on Environment and Public Works,3,4
327041,https://www.aging.senate.gov/hearings/thats-not-the-government-calling-protecting-seniors-from-the-social-security-impersonation-scam,That’s Not the Government Calling: Prote...,5,10
327044,https://www.armed-services.senate.gov/hearings/20-01-30-united-states-africa-command-and-united-states-southern-command,United States Africa Command and United ...,2,3
327060,https://www.veterans.senate.gov/2020/2/va-mission-act-update-on-the-implementation-of-the-community-care-network,VA MISSION Act: Update on the Implementation of the Community Care Network - U.S...,4,7
327061,https://www.commerce.senate.gov/meetings/keep-on-truckin-stakeholder-perspectives-on-trucking-in-america/,"Keep on Truckin’: Stakeholder Perspectives on Trucking in America - U.S. Senate Committee on Commerce, Science, & Transportation",5,5
327062,https://www.epw.senate.gov/public/index.cfm/hearings?ID=DD14A2E8-3F51-4148-BF1A-1AFA0122A591,Oversight of the U.S. Fish and Wildlife Service - Hearings - U.S. Senate Committee on Environment and Public Works,1,2
327063,https://www.commerce.senate.gov/meetings/athlete-safety-and-the-integrity-of-u-s-sport/,"Athlete Safety and the Integrity of U.S. Sport - U.S. Senate Committee on Commerce, Science, & Transportation",3,2
327064,https://www.finance.senate.gov/hearings/hearing-to-consider-pending-nominations-of-kipp-kranbuhl-of-ohio-to-be-an-assistant-secretary-of-the-treasury-vice-matthew-s-rutherford-resigned-sarah-c-arbes-of-virginia-to-be-an-assistant-secretary-of-health-and-human-services-vice-matthew-bassett-resigned-jason-j-fichtner-of-the-district-of-columbia-to-be-a-member-of-the-social-security-advisory-board-for-a-term-expiring-september-30-2024-vice-lanhee-j-chen-term-expired,"[2020-02-05] Hearing: Hearing to Consider Pending Nominations of Kipp Kranbuhl, of Ohio, to be an Assistant Secretary of the Treasury, vice Matthew S. Rutherford, resigned, Sarah C. Arbes, of Virginia, to be an Assistant Secretary of Health and Human Services, vice Matthew Bassett, resigned, Jason J. Fichtner, of the District of Columbia, to be a Member of the Social Security Advisory Board for a term expiring September 30, 2024, vice Lanhee J. Chen, term expired.",3,5
327083,https://www.hsgac.senate.gov/hearings/what-states-locals-and-the-business-community-should-know-and-do-a-roadmap-for-effective-cybersecurity/,"What States, Locals and the Business Community Should Know and Do: A Roadmap for Effective Cybersecurity - Committee on Homeland Security & Governmental Affairs",3,5
327084,https://www.hsgac.senate.gov/hearings/are-we-prepared-protecting-the-us-from-global-pandemics/,ROUNDTABLE: Are We Prepared? Protecting the U.S. from Global Pandemics - Committee on Homeland Security & Governmental Affairs,0,1
327101,https://www.banking.senate.gov/hearings/02/03/2020/nomination-hearing,hearing,2,4
327103,https://www.foreign.senate.gov/hearings/us-libya-policy-021220,Hearing: [2020-02-12] U.S.-Libya Policy,2,3
327104,https://www.hsgac.senate.gov/subcommittees/FSO/hearings/the-afghanistan-papers-costs-and-benefits-of-americas-longest-war/,The Afghanistan Papers: Costs and Benefits of America’s Longest War - Committee on Homeland Security & Governmental Affairs,4,7
327105,https://www.judiciary.senate.gov/committee-activity/hearings/the-digital-millennium-copyright-act-at-22-what-is-it-why-it-was-enacted-and-where-are-we-now,The Digital Millennium Copyright Act at ...,8,16
327106,https://www.judiciary.senate.gov/committee-activity/hearings/the-infant-patient-ensuring-appropriate-medical-care-for-children-born-alive,The Infant Patient: Ensuring Appropriate...,5,8
327107,https://www.commerce.senate.gov/meetings/name-image-and-likeness-the-state-of-intercollegiate-athlete-compensation/,"Name, Image, and Likeness: The State of Intercollegiate Athlete Compensation - U.S. Senate Committee on Commerce, Science, & Transportation",5,5
327108,https://www.judiciary.senate.gov/committee-activity/hearings/02/12/2020/nominations,Nominations,4,5
327109,https://www.commerce.senate.gov/meetings/space-missions-of-global-importance-planetary-defense-space-weather-protection-and-space-situational-awareness/,"Space Missions of Global Importance: Planetary Defense, Space Weather Protection, and Space Situational Awareness - U.S. Senate Committee on Commerce, Science, & Transportation",4,4
327110,https://www.finance.senate.gov/hearings/the-presidents-fiscal-year-2021-budget,[2020-02-12] Hearing: The President’s Fiscal Year 2021 Budget,1,3
327120,https://www.aging.senate.gov/hearings/theres-no-place-like-home-home-health-care-in-rural-america,There’s No Place Like Home: Home Health ...,4,7
327121,https://www.armed-services.senate.gov/hearings/20-02-13-united-states-northern-command-and-united-states-strategic-command,United States Northern Command and Unite...,2,3
327123,https://www.finance.senate.gov/hearings/the-presidents-fiscal-year-2021-budget2,[2020-02-13] Hearing: The President’s Fiscal Year 2021 Budget,1,4
327140,https://www.armed-services.senate.gov/hearings/20-03-05-posture-of-the-navy-,Posture of the Navy,3,2
327141,https://www.armed-services.senate.gov/hearings/20-03-04-navy-shipbuilding-programs-,Navy Shipbuilding Programs,3,2
327161,https://www.banking.senate.gov/hearings/02/03/2020/the-semiannual-monetary-policy-report-to-the-congress,hearing,1,4
327180,https://www.indian.senate.gov/hearings/legislative-hearing-receive-testimony-s-2610-s-2891/,Legislative Hearing to receive testimony on S. 2610 & S. 2891 - Indian Affairs Committee,4,5
327181,https://www.banking.senate.gov/hearings/threats-posed-by-state-owned-and-state-supported-enterprises-to-public-transportation,hearing,6,8
327202,https://www.armed-services.senate.gov/hearings/20-02-25-united-states-european-command-and-united-states-transportation-command,United States European Command and Unite...,2,3
327204,https://www.veterans.senate.gov/2020/2/legislative-presentation-of-multiple-veterans-service-organizations-wwp-bva-nasdva-jwv-vva-moph-amvets,"Legislative Presentation of Multiple Veterans Service Organizations (WWP, BVA, N...",7,9
327207,https://www.foreign.senate.gov/hearings/north-korea-policy-one-year-after-hanoi,Hearing: [2020-02-25] North Korea Policy One Year After Hanoi,3,4
327208,https://www.judiciary.senate.gov/committee-activity/hearings/rule-by-district-judge-the-challenges-of-universal-injunctions,Rule by District Judge: The Challenges o...,5,9
327210,https://www.help.senate.gov/hearings/an-emerging-disease-threat-how-the-us-is-responding-to-covid-19-the-novel-coronavirus,An Emerging Disease Threat: How the U.S....,4,2
327220,https://www.banking.senate.gov/hearings/02/21/2020/the-consumer-financial-protection-bureaus-semi-annual-report-to-congress,hearing,1,4
327240,https://www.hsgac.senate.gov/hearings/resources-and-authorities-needed-to-protect-and-secure-the-homeland-2/,Resources and Authorities Needed to Protect and Secure the Homeland - Committee on Homeland Security & Governmental Affairs,1,3
327241,https://www.energy.senate.gov/hearings/2020-2-budget-hearing-for-the-forest-service/,Full Committee Hearing to Examine the President’s FY 2021 Budget Request for the USDA Forest Service – U.S. Senate Committee on Energy and Natural Resources,1,3
327242,https://www.energy.senate.gov/hearings/2020-3-full-committee-hearing/,Full Committee Hearing for the Energy Outlook of the U.S. from the Perspective of IEA – U.S. Senate Committee on Energy and Natural Resources,1,3
327243,https://www.energy.senate.gov/hearings/2020-3-subcommittee-on-water-and-power-hearing/,Subcommittee on Water and Power Hearing – U.S. Senate Committee on Energy and Natural Resources,5,7
327244,https://www.finance.senate.gov/hearings/censorship-as-a-non-tariff-barrier-to-trade,[2020-06-30] Hearing: Censorship as a Non-Tariff Barrier to Trade,4,7
327245,https://www.appropriations.senate.gov/hearings/review-of-the-fy2021-budget-request-for-the-us-department-of-the-interior,Hearing,1,1
327246,https://www.commerce.senate.gov/meetings/securing-u-s-leadership-in-the-bioeconomy/,"Securing U.S. Leadership in the Bioeconomy - U.S. Senate Committee on Commerce, Science, & Transportation",4,4
327248,https://www.armed-services.senate.gov/hearings/20-03-03-posture-of-the-department-of-the-air-force,Posture of the Department of the Air For...,2,2
327249,https://www.armed-services.senate.gov/hearings/20-03-11-personnel-programs-in-the-department-of-defense,Personnel Programs in the Department of ...,0,2
327250,https://www.armed-services.senate.gov/hearings/20-03-03-us-policy-and-posture-in-support-of-arctic-readiness,U.S. Policy and Posture in Support of Ar...,2,3
327251,https://www.energy.senate.gov/hearings/hearings-2020-3-subcommittee-on-national-parks-legislative-hearing/,Subcommittee on National Parks Legislative Hearing – U.S. Senate Committee on Energy and Natural Resources,1,2
327252,https://www.epw.senate.gov/public/index.cfm/hearings?ID=ED3A18CD-EAB6-472A-B8F6-C6D6F7E6CCF7,Oversight of the Nuclear Regulatory Commission - Hearings - U.S. Senate Committee on Environment and Public Works,4,1
327253,https://www.judiciary.senate.gov/committee-activity/hearings/03/04/2020/nominations,Nominations,3,6
327254,https://www.appropriations.senate.gov/hearings/review-of-the-fy2021-budget-request-for-tsa,Hearing,1,1
327255,https://www.appropriations.senate.gov/hearings/review-of-the-fy2021-budget-request-for-the-us-department-of-transportation,Hearing,1,1
327256,https://www.appropriations.senate.gov/hearings/review-of-the-fy2021-budget-request-for-the-national-guard-and-reserve,Hearing,5,6
327257,https://www.armed-services.senate.gov/hearings/20-03-04-department-of-defense-budget-posture-,Department of Defense Budget Posture,2,3
327258,https://www.judiciary.senate.gov/committee-activity/hearings/dangerous-partners-big-tech-and-beijing,POSTPONED: Dangerous Partners: Big Tech ...,5,7
327259,https://www.appropriations.senate.gov/hearings/review-of-the-fy2021-budget-request-for-the-us-department-of-commerce,Hearing,1,1
327260,https://www.commerce.senate.gov/meetings/from-sars-to-coronavirus-examining-the-role-of-global-aviation-in-containing-the-spread-of-infectious-disease/,"From SARS to Coronavirus: Examining the Role of Global Aviation in Containing the Spread of Infectious Disease - U.S. Senate Committee on Commerce, Science, & Transportation",3,3
327262,https://www.hsgac.senate.gov/hearings/the-federal-interagency-response-to-the-coronavirus-and-preparing-for-future-global-pandemics/,The Federal Interagency Response to the Coronavirus and Preparing for Future Global Pandemics - Committee on Homeland Security & Governmental Affairs,2,4
327263,https://www.appropriations.senate.gov/hearings/review-of-the-fy2021-budget-request-for-the-us-department-of-energy,Hearing,1,1
327264,https://www.appropriations.senate.gov/hearings/review-of-the-fy2021-budget-request-for-the-us-department-of-education,Hearing,1,1
327265,https://www.judiciary.senate.gov/committee-activity/hearings/copyright-law-in-foreign-jurisdictions-how-are-other-countries-handling-digital-piracy,POSTPONED: Copyright Law in Foreign Juri...,8,16
327281,https://www.foreign.senate.gov/hearings/the-global-engagement-center-leading-the-united-states-governments-fight-against-global-disinformation-threat,Hearing: [2020-03-05] The Global Engagement Center: Leading the United...,3,4
327282,https://www.judiciary.senate.gov/committee-activity/hearings/competition-in-digital-technology-markets-examining-self-preferencing-by-digital-platforms,Competition in Digital Technology Market...,5,7
327284,https://www.appropriations.senate.gov/hearings/review-of-the-fragility-in-the-sahel,Hearing,2,2
327285,https://www.appropriations.senate.gov/hearings/review-of-the-fy2021-budget-requests-for-gao-and-cbo,Hearing,2,2
327286,https://www.energy.senate.gov/hearings/2020-3-full-committee-hearing-to-examine-the-president-s-fy-2021-budget-request-for-the-department-of-the-interior/,Full Committee Hearing to Examine the President’s FY 2021 Budget Request for the Department of the Interior – U.S. Senate Committee on Energy and Natural Resources,1,3
327287,https://www.rules.senate.gov/hearings/nomination-hearing-for-a-member-of-the-federal-election-commission,Hearing: [2020-03-10] Nomination Hearing for a Member of the Federal...,1,4
327288,https://www.appropriations.senate.gov/hearings/review-of-the-fy2021-budget-request-for-the-fcc,Hearing,4,4
327289,https://www.armed-services.senate.gov/hearings/20-03-10-nominations_donovan--gillis--mercado,Nominations--Donovan--Gillis--Mercado,3,7
327290,https://www.sbc.senate.gov/public/index.cfm/hearings?ID=A75AE3C7-6C0F-43B8-822C-FFB03B1A723A,The Coronavirus and America’s Small Business Supply Chain - Hearings - U.S. Committee on Small Business & Entrepreneurship,4,4
327291,https://www.armed-services.senate.gov/hearings/20-03-11-marine-corps-ground-modernization-,Marine Corps Ground Modernization,2,2
327292,https://www.appropriations.senate.gov/hearings/review-of-the-fy2021-budget-request-for-the-navy-and-marine-corps,Hearing,3,2
327293,https://www.appropriations.senate.gov/hearings/review-of-the-fy2021-budget-request-for-usda,Hearing,3,1
327295,https://www.epw.senate.gov/public/index.cfm/hearings?ID=35FAC322-B10D-445C-8A86-F895E94791CD,Nominations Hearing - Hearings - U.S. Senate Committee on Environment and Public Works,3,4
327296,https://www.judiciary.senate.gov/committee-activity/hearings/the-earn-it-act-holding-the-tech-industry-accountable-in-the-fight-against-online-child-sexual-exploitation,The EARN IT Act: Holding the Tech Indust...,4,5
327298,https://www.appropriations.senate.gov/hearings/review-of-the-fy2021-budget-request-for-the-dept-of-housing-and-urban-development,Hearing,1,1
327300,https://www.foreign.senate.gov/hearings/nine-years-of-brutality-assads-campaign-against-the-syrian-people-031120,Hearing: [2020-03-11] Nine Years of Brutality: Assad's Campaign...,2,4
327302,https://www.appropriations.senate.gov/hearings/review-of-the-fy2021-budget-request-for-us-army-corps-of-engineers-and-bureau-of-reclamation-within-dept-of-interior,Hearing,4,4
327305,https://www.agriculture.senate.gov/hearings/agriculture-innovation-and-the-federal-biotechnology-regulatory-framework-03-12-2020,Agriculture Innovation and the Federal B...,4,5
327343,https://www.armed-services.senate.gov/hearings/20-03-26-posture-of-the-department-of-the-army-,Posture of the Department of the Army,2,4
327380,https://www.armed-services.senate.gov/hearings/20-04-09-department-of-energy-budget-posture-,POSTPONED: Department of Energy Budget P...,4,0
327400,https://www.banking.senate.gov/hearings/04/28/2020/nomination-hearing,hearing,2,4
327401,https://www.judiciary.senate.gov/committee-activity/hearings/05/06/2020/nominations,Nominations,1,2
327402,https://www.commerce.senate.gov/meetings/the-state-of-the-aviation-industry-examining-the-impact-of-the-covid-19-pandemic/,"The State of the Aviation Industry: Examining the Impact of the COVID-19 Pandemic - U.S. Senate Committee on Commerce, Science, & Transportation",4,4
327403,https://www.help.senate.gov/hearings/shark-tank-new-tests-for-covid-19,Shark Tank: New Tests for COVID-19,2,3
327404,https://www.armed-services.senate.gov/hearings/20-05-06-department-of-defense-spectrum-policy-and-the-impact-of-the-federal-communications-commissions-ligado-decision-on-national-security,Department of Defense Spectrum Policy an...,4,9
327408,https://www.armed-services.senate.gov/hearings/20-05-07-nominations_braithwaite--anderson--brown,Nominations--Braithwaite--Anderson--Brow...,3,7
327409,https://www.hsgac.senate.gov/hearings/covid-19-how-new-information-should-drive-policy/,Roundtable - COVID-19: How New Information Should Drive Policy - Committee on Homeland Security & Governmental Affairs,6,8
327412,https://www.help.senate.gov/hearings/covid-19-safely-getting-back-to-work-and-back-to-school,COVID-19: Safely Getting Back to Work an...,4,2
327413,https://www.judiciary.senate.gov/committee-activity/hearings/examining-liability-during-the-covid-19-pandemic,Examining Liability During the COVID-19 ...,6,11
327414,https://www.hsgac.senate.gov/hearings/evolving-the-us-cybersecurity-strategy-and-posture-reviewing-the-cyberspace-solarium-commission-report/,Evolving the U.S. Cybersecurity Strategy and Posture: Reviewing the Cyberspace Solarium Commission Report - Committee on Homeland Security & Governmental Affairs,4,6
327416,https://www.commerce.senate.gov/meetings/the-state-of-broadband-amid-the-covid-19-pandemic/,"The State of Broadband Amid the COVID-19 Pandemic - U.S. Senate Committee on Commerce, Science, & Transportation",4,4
327420,https://www.foreign.senate.gov/hearings/nominations-051320,Hearing: [2020-05-13] Nominations,5,6
327440,https://www.epw.senate.gov/public/index.cfm/hearings?ID=BC706CD0-0BB7-4FEB-9D09-B8E99DFC3205,"Hearing on the Nominations of Beth Harwell and Brian Noland to be Members of the Board of Directors, and Katherine Crytzer to be Inspector General of the Tennessee Valley Authority - Hearings - U.S. Senate Committee on Environment and Public Works",3,4
327441,https://www.banking.senate.gov/hearings/the-quarterly-cares-act-report-to-congress,hearing,2,4
327443,https://www.epw.senate.gov/public/index.cfm/hearings?ID=AEBB7217-CF07-4D4F-B661-BD0A8996A2DB,Oversight of the Environmental Protection Agency - Hearings - U.S. Senate Committee on Environment and Public Works,1,2
327444,https://www.energy.senate.gov/hearings/2020-5-nomination-hearing/,Full Committee Nomination Hearing – U.S. Senate Committee on Energy and Natural Resources,1,4
327445,https://www.judiciary.senate.gov/committee-activity/hearings/05/20/2020/nominations,Nominations,1,2
327447,https://www.aging.senate.gov/hearings/caring-for-seniors-amid-the-covid-19-crisis,Caring for Seniors Amid the COVID-19 Cri...,3,6
327500,https://www.hsgac.senate.gov/hearings/nomination-of-the-honorable-russell-vought-to-be-director-office-of-management-and-budget-and-craig-e-leen-to-be-inspector-general-office-of-personnel-management/,"Nominations of The Honorable Russell Vought to be Director, Office of Management and Budget, and Craig E. Leen to be Inspector General, Office of Personnel Management - Committee on Homeland Security & Governmental Affairs",2,4
327528,https://www.judiciary.senate.gov/committee-activity/hearings/examining-best-practices-for-incarceration-and-detention-during-covid-19,Examining Best Practices for Incarcerati...,6,9
327529,https://www.judiciary.senate.gov/committee-activity/hearings/is-the-dmcas-notice-and-takedown-system-working-in-the-21st-century,Is the DMCA's Notice-and-Takedown System...,8,15
327530,https://www.hsgac.senate.gov/hearings/nominations-of-donald-l-moak-and-william-zollars-to-be-governors-us-postal-service-and-hon-mark-a-robbins-carl-e-ross-and-elizabeth-j-shapiro-to-be-associate-judges-superior-court-of-the-district-of-c/,"Nominations of Donald L. Moak and William Zollars to be Governors, U.S. Postal Service, and Hon. Mark A. Robbins, Carl E. Ross, and Elizabeth J. Shapiro to be Associate Judges, Superior Court of the District of Columbia - Committee on Homeland Security & Governmental Affairs",5,7
327532,https://www.finance.senate.gov/hearings/covid-19-and-beyond-oversight-of-the-fdas-foreign-drug-manufacturing-inspection-process,[2020-06-02] Hearing: COVID-19 and Beyond: Oversight of the FDA’s Foreign Drug Manufacturing Inspection Process,6,16
327534,https://www.judiciary.senate.gov/committee-activity/hearings/oversight-of-the-crossfire-hurricane-investigation-day-2,Oversight of the Crossfire Hurricane Inv...,1,1
327536,https://www.hsgac.senate.gov/hearings/evaluating-the-federal-governments-procurement-and-distribution-strategies-in-response-to-the-covid-19-pandemic/,Evaluating the Federal Government’s Procurement and Distribution Strategies in Response to the COVID-19 Pandemic - Committee on Homeland Security & Governmental Affairs,3,5
327537,https://www.veterans.senate.gov/2020/6/review-of-the-fy-2021-budget-and-fy-2022-advance-appropriations-request-and-oversight-of-cares-act-supplemental-appropriations-for-the-department-of-veterans-affairs,Review of the FY 2021 Budget and FY 2022 Advance Appropriations Request and Over...,1,4
327538,https://www.commerce.senate.gov/meetings/the-state-of-transportation-and-critical-infrastructure-examining-the-impact-of-the-covid-19-pandemic/,"The State of Transportation and Critical Infrastructure: Examining the Impact of the COVID-19 Pandemic - U.S. Senate Committee on Commerce, Science, & Transportation",5,5
327539,https://www.help.senate.gov/hearings/covid-19-going-back-to-school-safely,COVID-19: Going Back to School Safely,4,5
327540,https://www.help.senate.gov/hearings/covid-19-going-back-to-college-safely,COVID-19: Going Back to College Safely,4,5
327541,https://www.sbc.senate.gov/public/index.cfm/hearings?ID=C0E44E40-CC47-469C-9404-BE3EB4020AA0,Implementation of Title I of the CARES Act - Hearings - U.S. Committee on Small Business & Entrepreneurship,2,2
327560,https://www.epw.senate.gov/public/index.cfm/hearings?ID=60F7F92C-AE2B-40BB-ABEC-2626F1B5D4E3,Infrastructure: The Road to Recovery - Hearings - U.S. Senate Committee on Environment and Public Works,3,4
327564,https://www.foreign.senate.gov/hearings/nominations-060420,Hearing: [2020-06-04] Nominations,5,6
327565,https://www.banking.senate.gov/hearings/oversight-of-housing-regulators,hearing,2,4
327567,https://www.judiciary.senate.gov/committee-activity/hearings/covid-19-fraud-law-enforcements-response-to-those-exploiting-the-pandemic,COVID-19 Fraud: Law Enforcement’s Respon...,4,6
327568,https://www.finance.senate.gov/hearings/unemployment-insurance-during-covid-19-the-cares-act-and-the-role-of-unemployment-insurance-during-the-pandemic,[2020-06-09] Hearing: Unemployment Insurance During COVID-19: The CARES Act and the Role of Unemployment Insurance During the Pandemic,6,9
327570,https://www.judiciary.senate.gov/committee-activity/hearings/06/17/2020/nominations,Nominations,5,10
327573,https://www.aging.senate.gov/hearings/combating-social-isolation-and-loneliness-during-the-covid-19-pandemic,Combating Social Isolation and Lonelines...,4,7
327575,https://www.hsgac.senate.gov/hearings/cbp-oversight-examining-the-evolving-challenges-facing-the-agency/,CBP Oversight: Examining the Evolving Challenges Facing the Agency - Committee on Homeland Security & Governmental Affairs,1,3
327576,https://www.veterans.senate.gov/2020/6/building-a-more-resilient-va-supply-chain,Building a More Resilient VA Supply Chain - U.S. Senate Committee on Veterans' A...,5,7
327577,https://www.banking.senate.gov/hearings/06/08/2020/the-semiannual-monetary-policy-report-to-the-congress,hearing,1,4
327580,https://www.energy.senate.gov/hearings/hearings-2020-6-full-committee-hearing-to-examine-the-impacts-of-covid-19-on-the-energy-industry/,Full Committee Hearing to Examine the Impacts of COVID-19 on the Energy Industry – U.S. Senate Committee on Energy and Natural Resources,5,9
327581,https://www.judiciary.senate.gov/committee-activity/hearings/police-use-of-force-and-community-relations,Police Use of Force and Community Relati...,11,22
327582,https://www.commerce.senate.gov/meetings/nominations-hearing-7/,"Nominations Hearing - U.S. Senate Committee on Commerce, Science, & Transportation",5,4
327583,https://www.finance.senate.gov/hearings/the-presidents-2020-trade-policy-agenda,[2020-06-17] Hearing: The President’s 2020 Trade Policy Agenda,1,5
327584,https://www.epw.senate.gov/public/index.cfm/hearings?ID=9243CF3C-41EA-4D1C-A4A4-E60CAA9F503B,Responding to the Challenges Facing Recycling in the United States - Hearings - U.S. Senate Committee on Environment and Public Works,3,2
327586,https://www.appropriations.senate.gov/hearings/oversight-of-fcc-spectrum-auctions-program,Hearing,1,2
327587,https://www.commerce.senate.gov/meetings/examining-the-federal-aviation-administrations-oversight-of-aircraft-certification/,"Examining the Federal Aviation Administration’s Oversight of Aircraft Certification - U.S. Senate Committee on Commerce, Science, & Transportation",1,1
327591,https://www.armed-services.senate.gov/hearings/20-06-18-nominations_--hokanson----perna,Nominations--Hokanson--Perna,2,3
327592,https://www.help.senate.gov/hearings/covid-19-lessons-learned-to-prepare-for-the-next-pandemic,COVID-19: Lessons Learned to Prepare for...,4,5
327600,https://www.indian.senate.gov/hearings/oversight-hearing-evaluating-response-and-mitigation-covid-19-pandemic-native-communities/,Oversight Hearing on “Evaluating the Response and Mitigation to the COVID-19 Pandemic in Native Communities” and Legislative Hearing to Receive Testimony on S. 3650 - Indian Affairs Committee,4,5
327601,https://www.banking.senate.gov/hearings/06/15/2020/oversight-of-the-export-import-bank-of-the-united-states,hearing,1,3
327602,https://www.judiciary.senate.gov/committee-activity/hearings/the-foreign-sovereign-immunities-act-coronavirus-and-addressing-chinas-culpability,"The Foreign Sovereign Immunities Act, Co...",3,7
327603,https://www.hsgac.senate.gov/subcommittees/RAFM/hearings/improving-public-service-a-review-of-recommendations-made-by-the-national-commission-on-military-national-and-public-service/,"Improving Public Service: A Review of Recommendations Made by the National Commission on Military, National, and Public Service - Committee on Homeland Security & Governmental Affairs",1,1
327604,https://www.energy.senate.gov/hearings/hearings-2020-6-full-committee-hearing-on-the-impact-of-covid-19-on-mineral-supply-chains/,Full Committee Hearing on the Impact of COVID-19 on Mineral Supply Chains – U.S. Senate Committee on Energy and Natural Resources,5,7
327605,https://www.hsgac.senate.gov/hearings/the-role-of-the-strategic-national-stockpile-in-pandemic-response/,The Role of the Strategic National Stockpile in Pandemic Response - Committee on Homeland Security & Governmental Affairs,4,6
327608,https://www.judiciary.senate.gov/committee-activity/hearings/06/24/2020/nominations-1,Nominations,6,35
327612,https://www.help.senate.gov/hearings/covid-19-update-on-progress-toward-safely-getting-back-to-work-and-back-to-school,COVID-19: Update on Progress Toward Safe...,4,2
327615,https://www.hsgac.senate.gov/hearings/nomination-of-the-honorable-derek-t-kan-to-be-deputy-director-office-of-management-and-budget/,"Nomination of The Honorable Derek T. Kan to be Deputy Director, Office of Management and Budget - Committee on Homeland Security & Governmental Affairs",1,3
327620,https://www.finance.senate.gov/hearings/2020-filing-season-and-irs-covid-19-recovery,[2020-06-30] Hearing: 2020 Filing Season and IRS COVID-19 Recovery,1,4
327621,https://www.judiciary.senate.gov/committee-activity/hearings/the-judicial-conferences-recommendation-for-more-judgeships,The Judicial Conference’s Recommendation...,2,9
327622,https://www.commerce.senate.gov/meetings/safety-on-our-roads-overview-of-traffic-safety-and-nhtsa-grant-programs/,"Safety on Our Roads: Overview of Traffic Safety and NHTSA Grant Programs - U.S. Senate Committee on Commerce, Science, & Transportation",3,3
327623,https://www.foreign.senate.gov/hearings/covid-19-and-us-international-pandemic-preparedness-prevention-and-response-additional-perspectives,Hearing: [2020-06-30] COVID-19 and U.S. International Pandemic...,4,5
327624,https://www.epw.senate.gov/public/index.cfm/hearings?ID=3DDCB73F-C8C2-44F2-823E-68D9EE05A9F8,"Better, Faster, Cheaper, Smarter, and Stronger: Infrastructure Development Opportunities to Drive Economic Recovery and Resiliency - Hearings - U.S. Senate Committee on Environment and Public Works",3,4
327625,https://www.veterans.senate.gov/2020/7/recruitment-retention-and-building-a-resilient-veterans-health-care-workforce,"“Recruitment, Retention and Building a Resilient Veterans Health Care Workforce”...",1,3
327626,https://www.commerce.senate.gov/meetings/exploring-a-compensation-framework-for-intercollegiate-athletes/,"Exploring a Compensation Framework for Intercollegiate Athletes - U.S. Senate Committee on Commerce, Science, & Transportation",5,5
327627,https://www.appropriations.senate.gov/hearings/review-of-operation-warp-speed-researching-manufacturing-and-distributing-a-safe_effective-coronavirus-vaccine,Hearing,3,2
327640,https://www.banking.senate.gov/hearings/07/10/2020/nomination-hearing,hearing,3,5
327642,https://www.banking.senate.gov/hearings/07/10/2020/the-consumer-financial-protection-bureaus-semi-annual-report-to-congress,hearing,1,4
327643,https://www.rules.senate.gov/hearings/2020-general-election-preparations,Hearing: [2020-07-22] 2020 General Election Preparations,4,10
327661,https://www.appropriations.senate.gov/hearings/hearing-to-review-us-government-efforts-to-address-ocean-plastic-pollution,Hearing,4,2
327662,https://www.commerce.senate.gov/meetings/protecting-americans-from-covid-19-scams/,"Protecting Americans from COVID-19 Scams - U.S. Senate Committee on Commerce, Science, & Transportation",5,5
327663,https://www.aging.senate.gov/hearings/the-covid-19-pandemic-and-seniors-a-look-at-racial-health-disparities,The COVID-19 Pandemic and Seniors: A Loo...,4,7
327665,https://www.energy.senate.gov/hearings/2020-7-full-committee-hearing-to-examine-the-impacts-of-the-covid-19-pandemic-on-users-of-public-lands-forests-and-national-parks/,"Full Committee Hearing to Examine the Impacts of the COVID-19 Pandemic on Users of Public Lands, Forests, and National Parks – U.S. Senate Committee on Energy and Natural Resources",5,7
327666,https://www.finance.senate.gov/hearings/hearing-to-consider-the-nominations-of-michael-n-nemelka-of-utah-to-be-a-deputy-united-states-trade-representative-christian-n-weiler-of-louisiana-to-be-a-judge-of-the-united-states-tax-court-and-alina-i-marshall-of-virginia-to-be-a-judge-of-the-united-states-tax-court,"[2020-07-21] Hearing: Hearing to Consider the Nominations of Michael N. Nemelka, of Utah, to be a Deputy United States Trade Representative, Christian N. Weiler, of Louisiana, to be a Judge of the United States Tax Court, and Alina I. Marshall, of Virginia, to be a Judge of the United States Tax Court",3,6
327668,https://www.foreign.senate.gov/hearings/nominations-072120,Hearing: [2020-07-21] Nominations,3,4
327682,https://www.judiciary.senate.gov/committee-activity/hearings/protecting-the-integrity-of-college-athletics,Protecting the Integrity of College Athl...,7,12
327683,https://www.epw.senate.gov/public/index.cfm/hearings?ID=65B2FBBB-9AD4-4A3E-84EC-2148406B271D,Stopping the Spread: Examining the Increased Risk of Zoonotic Disease from Illegal Wildlife Trafficking - Hearings - U.S. Senate Committee on Environment and Public Works,3,4
327685,https://www.commerce.senate.gov/meetings/the-state-of-u-s-spectrum-policy/,"The State of U.S. Spectrum Policy - U.S. Senate Committee on Commerce, Science, & Transportation",4,4
327687,https://www.foreign.senate.gov/hearings/advancing-effective-us-competition-with-china-objectives-priorities-and-next-steps,Hearing: [2020-07-22] Advancing Effective U.S. Competition With China:...,1,2
327689,https://www.foreign.senate.gov/hearings/nominations-072320,Hearing: [2020-07-23] Nominations,4,5
327701,https://www.hsgac.senate.gov/hearings/oversight-of-covid-19-financial-relief-packages/,Oversight of COVID-19 Financial Relief Packages - Committee on Homeland Security & Governmental Affairs,5,7
327720,https://www.energy.senate.gov/hearings/2020-7-full-committee-hearing-to-examine-the-development-and-deployment-of-large-scale-carbon-dioxide-management-technologies/,Full Committee Hearing to Examine Development and Deployment of Large-Scale Carbon Dioxide Management Technologies – U.S. Senate Committee on Energy and Natural Resources,5,8
327721,https://www.hsgac.senate.gov/subcommittees/RAFM/hearings/modernizing-telework-review-of-private-sector-telework-policies-during-the-covid-19-pandemic/,Modernizing Telework: Review of Private Sector Telework Policies during the COVID-19 Pandemic - Committee on Homeland Security & Governmental Affairs,4,5
327722,https://www.commerce.senate.gov/meetings/the-pact-act-and-section-230-the-impact-of-the-law-that-helped-create-the-internet-and-an-examination-of-proposed-reforms-for-todays-online-world/,"The PACT Act and Section 230: The Impact of the Law that Helped Create the Internet and an Examination of Proposed Reforms for Today’s Online World - U.S. Senate Committee on Commerce, Science, & Transportation",4,4
327724,https://www.finance.senate.gov/hearings/part-1-protecting-the-reliability-of-the-us-medical-supply-chain-during-the-covid-19-pandemic,[2020-07-28] Hearing: Part 1: Protecting the Reliability of the U.S. Medical Supply Chain During the COVID-19 Pandemic,3,6
327725,https://www.armed-services.senate.gov/hearings/20-07-28-nominations_vanherck--dickinson,Nominations--VanHerck--Dickinson,2,3
327726,https://www.judiciary.senate.gov/committee-activity/hearings/how-does-the-dmca-contemplate-limitations-and-exceptions-like-fair-use,How Does the DMCA Contemplate Limitation...,9,18
327740,https://www.veterans.senate.gov/2020/7/va-telehealth-during-and-beyond-covid-19-challenges-and-opportunities-in-rural-america-2020,“VA Telehealth During and Beyond COVID-19: Challenges and Opportunities in Rural...,1,3
327741,https://www.judiciary.senate.gov/committee-activity/hearings/07/29/2020/nominations,Nominations,5,5
327742,https://www.finance.senate.gov/hearings/wto-reform-making-global-rules-work-for-global-challenges,[2020-07-29] Hearing: WTO Reform: Making Global Rules Work For Global Challenges,5,8
327743,https://www.commerce.senate.gov/meetings/building-a-stronger-and-more-resilient-seafood-sector/,"Building a Stronger and More Resilient Seafood Sector - U.S. Senate Committee on Commerce, Science, & Transportation",4,4
327744,https://www.armed-services.senate.gov/hearings/20-08-04-findings-and-recommendations-of-the-cyberspace-solarium-commission,Findings and Recommendations of the Cybe...,3,2
327745,https://www.epw.senate.gov/public/index.cfm/hearings?ID=1EEAF1B8-B954-4C1B-965E-02BD49EF4E71,Lessons Learned from Remote Working during COVID-19: Can the Government Save Money Through Maximizing Efficient Use of Leased Space? - Hearings - U.S. Senate Committee on Environment and Public Works,3,4
327760,https://www.judiciary.senate.gov/committee-activity/hearings/the-right-of-the-people-peaceably-to-assemble-protecting-speech-by-stopping-anarchist-violence,The Right of the People Peaceably to Ass...,9,11
327761,https://www.foreign.senate.gov/hearings/review-of-the-fy-2021-state-department-budget-request-073020,Hearing: [2020-07-30] Review of the FY 2021 State Department Budget...,1,2
327783,https://www.commerce.senate.gov/meetings/the-china-challenge-realignment-of-u-s-economic-policies-to-build-resiliency-and-competitiveness/,"The China Challenge: Realignment of U.S. Economic Policies to Build Resiliency and Competitiveness - U.S. Senate Committee on Commerce, Science, & Transportation",4,4
327784,https://www.finance.senate.gov/hearings/part-2-protecting-the-reliability-of-the-us-medical-supply-chain-during-the-covid-19-pandemic,[2020-07-30] Hearing: Part 2: Protecting the Reliability of the U.S. Medical Supply Chain During the COVID-19 Pandemic,4,7
327800,https://www.foreign.senate.gov/hearings/venezuela-in-maduros-grasp-assessing-the-deteriorating-security-and-humanitarian-situation,Hearing: [2020-08-04] Venezuela in Maduro's Grasp: Assessing the...,2,3
327840,https://www.armed-services.senate.gov/hearings/20-08-04-nominations_whitley--manasco--pearce--hardy,Nominations--Whitley--Manasco--Pearce--H...,4,9
327841,https://www.armed-services.senate.gov/hearings/20-08-06-nominations_abend--hansell--polakowski--bremer,Nominations--Abend--Hansell--Polakowski-...,4,9
327860,https://www.epw.senate.gov/public/index.cfm/hearings?ID=8B42027F-E217-4831-9711-B905711C4253,"Hearing to Examine a Discussion Draft Bill, S.____, American Nuclear Infrastructure Act of 2020 - Hearings - U.S. Senate Committee on Environment and Public Works",3,4
327861,https://www.judiciary.senate.gov/committee-activity/hearings/oversight-of-the-crossfire-hurricane-investigation-day-1,Oversight of the Crossfire Hurricane Inv...,1,1
327862,https://www.commerce.senate.gov/meetings/oversight-of-the-federal-trade-commission/,"Oversight of the Federal Trade Commission - U.S. Senate Committee on Commerce, Science, & Transportation",5,5
327863,https://www.energy.senate.gov/hearings/hearings-2020-8-full-committee-hearing-to-examine-federal-and-industry-efforts-to-improve-cybersecurity-for-the-energy-sector/,Full Committee Hearing to Examine Efforts to Improve Cybersecurity for the Energy Sector – U.S. Senate Committee on Energy and Natural Resources,4,6
327880,https://www.foreign.senate.gov/hearings/nominations-080520p,Hearing: [2020-08-05] Nominations,5,6
327881,https://www.foreign.senate.gov/hearings/nominations-08052001,Hearing: [2020-08-05] Nominations,5,6
327882,https://www.hsgac.senate.gov/hearings/oversight-of-dhs-personnel-deployments-to-recent-protests/,Oversight of DHS Personnel Deployments to Recent Protests - Committee on Homeland Security & Governmental Affairs,1,3
327900,https://www.foreign.senate.gov/hearings/nominations-080620,Hearing: [2020-08-06] Nominations,6,7
327940,https://www.hsgac.senate.gov/hearings/examining-the-finances-and-operations-of-the-united-states-postal-service-during-covid-19-and-upcoming-elections/,Examining the Finances and Operations of the United States Postal Service During COVID-19 and Upcoming Elections - Committee on Homeland Security & Governmental Affairs,1,3
327960,https://www.armed-services.senate.gov/hearings/20-09-16-supply-chain-integrity,Supply Chain Integrity,1,1
327980,https://www.banking.senate.gov/hearings/the-status-of-the-federal-reserve-emergency-lending-facilities,hearing,3,5
327984,https://www.help.senate.gov/hearings/covid-19-an-update-on-the-federal-response,COVID-19: An Update on the Federal Respo...,4,2
327985,https://www.hsgac.senate.gov/hearings/nominations-of-john-gibbs-to-be-director-office-of-personnel-management-and-the-honorable-john-m-barger-the-honorable-christopher-b-burnham-and-frank-dunlevy-to-be-members-federal-retirement-thrift-in/,"Nominations of John Gibbs to be Director, Office of Personnel Management, and The Honorable John M. Barger, The Honorable Christopher B. Burnham, and Frank Dunlevy to be Members, Federal Retirement Thrift Investment Board - Committee on Homeland Security & Governmental Affairs",4,6
327986,https://www.veterans.senate.gov/2020/9/s785-leading-the-way-to-comprehensive-mental-health-care-and-suicide-prevention-for-veterans,“S.785: Leading the Way to Comprehensive Mental Health Care and Suicide Preventi...,4,11
327987,https://www.judiciary.senate.gov/committee-activity/hearings/09/09/2020/nominations,Nominations,5,10
327988,https://www.armed-services.senate.gov/hearings/20-09-17-matters-relating-to-the-budget-of-the-national-nuclear-security-administration,Matters Relating to the Budget of the Na...,3,4
328001,https://www.judiciary.senate.gov/committee-activity/hearings/are-reforms-to-section-1201-needed-and-warranted,Are Reforms to Section 1201 Needed and W...,7,14
328002,https://www.judiciary.senate.gov/committee-activity/hearings/stacking-the-tech-has-google-harmed-competition-in-online-advertising,Stacking the Tech: Has Google harmed com...,4,8
328003,https://www.help.senate.gov/hearings/compensating-college-athletes-examining-the-potential-impact-on-athletes-and-institutions,Compensating College Athletes: Examining...,4,5
328009,https://www.energy.senate.gov/hearings/hearings-2020-9-full-committee-hearing-to-consider-pending-nominations/,Hearing to Consider Pending Nominations – U.S. Senate Committee on Energy and Natural Resources,2,6
328010,https://www.epw.senate.gov/public/index.cfm/hearings?ID=6A3E6846-755D-44C8-94CF-3D9167385E8D,Stakeholder Reactions: The Navigable Waters Protection Rule under the Clean Water Act - Hearings - U.S. Senate Committee on Environment and Public Works,3,4
328011,https://www.energy.senate.gov/hearings/2020-9-subcommittee-on-public-lands-forests-and-mining-legislative-hearing/,PLFM Subcommittee Legislative Hearing – U.S. Senate Committee on Energy and Natural Resources,8,8
328013,https://www.help.senate.gov/hearings/time-to-finish-fixing-the-fafsa,Time to Finish Fixing the FAFSA,5,6
328016,https://www.foreign.senate.gov/hearings/advancing-us-engagement-and-countering-china-in-the-indo-pacific-and-beyond,Hearing: [2020-09-17] Advancing U.S. Engagement and Countering China...,3,4
328017,https://www.appropriations.senate.gov/hearings/review-of-coronavirus-response-efforts,Hearing,3,2
328018,https://www.banking.senate.gov/hearings/09/14/2020/the-quarterly-cares-act-report-to-congress,hearing,2,4
328019,https://www.hsgac.senate.gov/hearings/09-14-2020-threats-to-the-homeland/,Threats to the Homeland - Committee on Homeland Security & Governmental Affairs,3,5
328041,https://www.energy.senate.gov/hearings/2020-9-full-committee-hearing-to-consider-pending-nominations-85c7d272-fa08-46d9-91e9-5399cf24f824/,Full Committee Hearing on Offshore Energy Technologies – U.S. Senate Committee on Energy and Natural Resources,5,7
328047,https://www.indian.senate.gov/hearings/legislative-hearing-receive-testimony-s-3126-s-3264-s-3937-s-4079-s-4556/,"Legislative Hearing to receive testimony on S. 3126, S. 3264, S. 3937, S. 4079 & S. 4556 - Indian Affairs Committee",4,5
328049,https://www.epw.senate.gov/public/index.cfm/hearings?ID=D5185E02-178C-42B6-81DD-B3D16A765E78,"Modernizing the Endangered Species Act: Legislative Hearing on S. 4589, the Endangered Species Act Amendments of 2020 - Hearings - U.S. Senate Committee on Environment and Public Works",3,4
328050,https://www.appropriations.senate.gov/hearings/oversight-of-nasas-budget-and-activities,Hearing,1,1
328051,https://www.commerce.senate.gov/meetings/revisiting-the-need-for-federal-data-privacy-legislation/,"Revisiting the Need for Federal Data Privacy Legislation - U.S. Senate Committee on Commerce, Science, & Transportation",5,5
328053,https://www.aging.senate.gov/hearings/women-and-retirement-unique-challenges-and-opportunities-to-pave-a-brighter-future,Women and Retirement: Unique Challenges ...,1,4
328054,https://www.commerce.senate.gov/meetings/an-evaluation-of-firstnets-progress/,"An Evaluation of FirstNet’s Progress - U.S. Senate Committee on Commerce, Science, & Transportation",4,4
328055,https://www.foreign.senate.gov/hearings/us-policy-in-a-changing-middle-east,Hearing: [2020-09-24] U.S. Policy in a Changing Middle East,2,3
328081,https://www.judiciary.senate.gov/committee-activity/hearings/oversight-of-the-crossfire-hurricane-investigation-day-3,Oversight of the Crossfire Hurricane Inv...,1,0
328082,https://www.commerce.senate.gov/meetings/nasa-missions-and-programs-update-and-future-plans/,"NASA Missions and Programs: Update and Future Plans - U.S. Senate Committee on Commerce, Science, & Transportation",1,1
328120,https://www.judiciary.senate.gov/committee-activity/hearings/11/10/2020/oversight-of-the-crossfire-hurricane-investigation-day-4,Oversight of the Crossfire Hurricane Inv...,1,1
328121,https://www.hsgac.senate.gov/hearings/nomination-of-the-honorable-chad-f-wolf-to-be-secretary-us-department-of-homeland-security/,"Nomination of The Honorable Chad F. Wolf to be Secretary, U.S. Department of Homeland Security - Committee on Homeland Security & Governmental Affairs",1,3
328160,https://www.finance.senate.gov/hearings/the-fiscal-outlook,[2020-10-07] Hearing: The Fiscal Outlook,2,5
328162,https://www.judiciary.senate.gov/committee-activity/hearings/nomination-of-the-honorable-amy-coney-barrett-to-be-an-associate-justice-of-the-supreme-court-of-the-united-states,Nomination of the Honorable Amy Coney Ba...,4,5
328163,https://www.judiciary.senate.gov/committee-activity/hearings/nomination-of-the-honorable-amy-coney-barrett-to-be-an-associate-justice-of-the-supreme-court-of-the-united-states-day-2,Nomination of the Honorable Amy Coney Ba...,0,0
328164,https://www.judiciary.senate.gov/committee-activity/hearings/nomination-of-the-honorable-amy-coney-barrett-to-be-an-associate-justice-of-the-supreme-court-of-the-united-states-day-3,Nomination of the Honorable Amy Coney Ba...,0,0
328180,https://www.veterans.senate.gov/2020/10/va-mission-act-assessing,VA MISSION Act: Assessing Progress Implementing Title I - U.S. Senate Committee...,4,10
328181,https://www.commerce.senate.gov/meetings/passenger-and-freight-rail-the-current-status-of-the-rail-network-and-the-track-ahead/,"Passenger and Freight Rail: The Current Status of the Rail Network and the Track Ahead - U.S. Senate Committee on Commerce, Science, & Transportation",7,7
328200,https://www.commerce.senate.gov/meetings/does-section-230s-sweeping-immunity-enable-big-tech-bad-behavior/,"Does Section 230’s Sweeping Immunity Enable Big Tech Bad Behavior? - U.S. Senate Committee on Commerce, Science, & Transportation",3,3
328221,https://www.banking.senate.gov/hearings/10/23/2020/oversight-of-financial-regulators,hearing,4,7
328240,https://www.commerce.senate.gov/meetings/nominations-hearing-5/,"Nominations Hearing - U.S. Senate Committee on Commerce, Science, & Transportation",3,3
328261,https://www.commerce.senate.gov/meetings/examining-the-american-manufacturing-industrys-response-to-the-covid-19-pandemic/,"Examining the American Manufacturing Industry’s Response to the COVID-19 Pandemic - U.S. Senate Committee on Commerce, Science, & Transportation",5,5
328262,https://www.hsgac.senate.gov/subcommittees/RAFM/hearings/modernizing-federal-telework-moving-forward-using-the-lessons-learned-during-the-covid-19-pandemic/,Modernizing Federal Telework: Moving Forward Using the Lessons Learned During the COVID-19 Pandemic - Committee on Homeland Security & Governmental Affairs,4,4
328263,https://www.judiciary.senate.gov/committee-activity/hearings/11/18/2020/nominations,Nominations,5,11
328264,https://www.judiciary.senate.gov/committee-activity/hearings/breaking-the-news-censorship-suppression-and-the-2020-election,"Breaking the News: Censorship, Suppressi...",2,6
328267,https://www.rules.senate.gov/hearings/hearing-to-review-s959-smithsonian-american-womens-history-museum-act-and-s1267-national-museum-of-the-american-latino-act,"Hearing: [2020-11-17] Hearing to Review S.959, Smithsonian American...",8,15
328268,https://www.rules.senate.gov/hearings/nomination-hearing-for-members-of-the-federal-election-commission,Hearing: [2020-11-18] Nomination Hearing for Members of the Federal...,3,7
328269,https://www.hsgac.senate.gov/hearings/early-outpatient-treatment-an-essential-part-of-a-covid-19-solution/,Early Outpatient Treatment: An Essential Part of a COVID-19 Solution - Committee on Homeland Security & Governmental Affairs,4,6
328320,https://www.hsgac.senate.gov/subcommittees/FSO/hearings/state-and-local-cybersecurity-defending-our-communities-from-cyber-threats-amid-covid-19/,State and Local Cybersecurity: Defending Our Communities from Cyber Threats amid COVID-19 - Committee on Homeland Security & Governmental Affairs,5,8
328321,https://www.armed-services.senate.gov/hearings/20-12-02-navy-and-marine-corps-readiness,Navy and Marine Corps Readiness,3,5
328322,https://www.banking.senate.gov/hearings/11/20/2020/the-quarterly-cares-act-report-to-congress,hearing,2,4
328341,https://www.hsgac.senate.gov/hearings/congressional-oversight-in-the-face-of-executive-branch-and-media-suppression-the-case-study-of-crossfire-hurricane/,Congressional Oversight in the Face of Executive Branch and Media Suppression: The Case Study of Crossfire Hurricane - Committee on Homeland Security & Governmental Affairs,3,5
328342,https://www.agriculture.senate.gov/hearings/agricultural-research-and-securing-the-united-states-food-supply,Agricultural Research and Securing the U...,4,5
328380,https://www.foreign.senate.gov/hearings/nominations-120220,Hearing: [2020-12-02] Nominations,5,6
328381,https://www.hsgac.senate.gov/hearings/early-outpatient-treatment-an-essential-part-of-a-covid-19-solution-part-ii/,"Early Outpatient Treatment: An Essential Part of a COVID-19 Solution, Part II - Committee on Homeland Security & Governmental Affairs",6,8
328382,https://www.commerce.senate.gov/meetings/u-s-coast-guard-capabilities-for-safeguarding-national-interests-and-promoting-economic-security-in-the-arctic/,"U.S. Coast Guard Capabilities for Safeguarding National Interests and Promoting Economic Security in the Arctic - U.S. Senate Committee on Commerce, Science, & Transportation",4,4
328383,https://www.veterans.senate.gov/2020/12/vas-response-to-covid-19-across-the-va-enterprise,VA’s Response to COVID-19 across the VA Enterprise - U.S. Senate Committee on Ve...,2,4
328384,https://www.indian.senate.gov/hearings/oversight-hearing-languages-homelands-advancing-tribal-self-governance-and-cultural/,Oversight Hearing on “From Languages to Homelands: Advancing Tribal Self-Governance and Cultural Sovereignty for Future Generations.” - Indian Affairs Committee,3,4
328385,https://www.commerce.senate.gov/meetings/the-invalidation-of-the-eu-us-privacy-shield-and-the-future-of-transatlantic-data-flows/,"The Invalidation of the EU-US Privacy Shield and the Future of Transatlantic Data Flows - U.S. Senate Committee on Commerce, Science, & Transportation",5,5
328386,https://www.finance.senate.gov/hearings/investigating-challenges-to-american-retirement-security,[2020-12-09] Hearing: Investigating Challenges to American Retirement Security,4,6
328387,https://www.epw.senate.gov/public/index.cfm/hearings?ID=DCD634CB-BB37-4569-98A1-4EC932CC1AA0,"Subcommittee Hearing on the Nomination of Charles W. Cook, Jr. to be a Member of the Board of Directors of the Tennessee Valley Authority - Hearings - U.S. Senate Committee on Environment and Public Works",1,1
328400,https://www.hsgac.senate.gov/subcommittees/investigations/hearings/combatting-the-opioid-crisis-oversight-of-the-implementation-of-the-stop-act/,Combatting the Opioid Crisis: Oversight of the Implementation of the STOP Act - Committee on Homeland Security & Governmental Affairs,3,6
328403,https://www.commerce.senate.gov/meetings/the-logistics-of-transporting-a-covid-19-vaccine/,"The Logistics of Transporting a COVID-19 Vaccine - U.S. Senate Committee on Commerce, Science, & Transportation",3,3
328421,https://www.commerce.senate.gov/meetings/examining-the-impact-of-covid-19-on-the-live-event-entertainment-industry/,"Examining the Impact of COVID-19 on the Live Event Entertainment Industry - U.S. Senate Committee on Commerce, Science, & Transportation",5,5
328423,https://www.judiciary.senate.gov/committee-activity/hearings/the-role-of-private-agreements-and-existing-technology-in-curbing-online-piracy,The Role of Private Agreements and Exist...,8,15
328440,https://www.hsgac.senate.gov/hearings/examining-irregularities-in-the-2020-election/,Examining Irregularities in the 2020 Election - Committee on Homeland Security & Governmental Affairs,6,8
328441,https://www.banking.senate.gov/hearings/us-china-winning-the-economic-competition-part-ii,hearing,4,6
328442,https://www.judiciary.senate.gov/committee-activity/hearings/12/16/2020/nominations,Nominations,1,2
328443,https://www.judiciary.senate.gov/committee-activity/hearings/supporting-hong-kongs-pro-democracy-movement-through-us-refugee-policy,Supporting Hong Kong’s Pro-Democracy Mov...,7,7
328445,https://www.finance.senate.gov/hearings/the-alzheimers-crisis-examining-testing-and-treatment-pipelines-and-fiscal-implications,[2020-12-16] Hearing: The Alzheimer’s Crisis: Examining Testing and Treatment Pipelines and Fiscal Implications,4,5
328980,https://www.jec.senate.gov/public/index.cfm/hearings-calendar?id=F3D068EB-4099-48E8-BCB6-60909C0A4A6B,Vaccinations and the Economic Recovery - Vaccinations and the Economic Recovery - U.S. Congress Joint Economic Committee,0,5
329320,https://www.jec.senate.gov/public/index.cfm/hearings-calendar?id=C72E7B3D-9065-47A4-AA9A-CD84F21AAA4E,Examining the Racial Wealth Gap in the United States - Examining the Racial Wealth Gap in the United States - U.S. Congress Joint Economic Committee,0,7
329661,https://www.jec.senate.gov/public/index.cfm/hearings-calendar?id=1B8D150A-7013-42A2-B275-6D316D60EC90,The Gender Wage Gap: Breaking Through Stalled Progress - The Gender Wage Gap: Breaking Through Stalled Progress - U.S. Congress Joint Economic Committee,0,7
329947,https://www.jec.senate.gov/public/index.cfm/hearings-calendar?id=78DBAEE2-AE7C-424D-8F3B-CE80BA8CE930,A Second Gilded Age: How Concentrated Corporate Power Undermines Shared Prosperity - A Second Gilded Age: How Concentrated Corporate Power Undermines Shared Prosperity - U.S. Congress Joint Economic Committee,0,7
330442,https://www.jec.senate.gov/public/index.cfm/hearings-calendar?id=AAE08A08-E951-47B8-8E00-4D565B5E6A35,Examining the Economic Benefits of Electrifying America’s Homes and Buildings - Examining the Economic Benefits of Electrifying America’s Homes and Buildings - U.S. Congress Joint Economic Committee,0,8
330680,https://www.jec.senate.gov/public/index.cfm/hearings-calendar?id=0A62ACFC-7B45-406F-A53A-EC990F96A3EC,Building Back Better: Raising Revenue to Invest in Shared Prosperity - Building Back Better: Raising Revenue to Invest in Shared Prosperity - U.S. Congress Joint Economic Committee,0,7
330828,https://www.jec.senate.gov/public/index.cfm/hearings-calendar?id=4D9B34A7-0D42-4C60-B922-1A1343861386,Help Wanted: A Stronger Labor Market for Robust Growth - Help Wanted: A Stronger Labor Market for Robust Growth - U.S. Congress Joint Economic Committee,0,7
331028,https://www.jec.senate.gov/public/index.cfm/hearings-calendar?id=215B7EAF-1838-4CE3-A499-55B99EA864F9,Demystifying Crypto: Digital Assets and the Role of Government - Demystifying Crypto: Digital Assets and the Role of Government - U.S. Congress Joint Economic Committee,0,8
331802,https://www.jec.senate.gov/public/index.cfm/hearings-calendar?id=C8279722-9393-41E7-9565-5A90EFBF7049,Building a Better Labor Market: Empowering Older Workers for a Stronger Economy - Building a Better Labor Market: Empowering Older Workers for a Stronger Economy - U.S. Congress Joint Economic Committee,0,6
332085,https://www.jec.senate.gov/public/index.cfm/hearings-calendar?id=AC1BE278-DE25-4BD3-B25B-144A2CBF4984,Examining the Impact of Shareholder Primacy: What it Means to Put Stock Prices First - Examining the Impact of Shareholder Primacy: What it Means to Put Stock Prices First - U.S. Congress Joint Economic Committee,0,7
332385,https://www.jec.senate.gov/public/index.cfm/hearings-calendar?id=304E86D8-0989-430E-9541-BC6EDC48D0F5,Building on a Strong Foundation: Investments Today for a More Competitive Tomorrow - Building on a Strong Foundation: Investments Today for a More Competitive Tomorrow - U.S. Congress Joint Economic Committee,0,7
332876,https://www.jec.senate.gov/public/index.cfm/hearings-calendar?id=8A4CC94E-1968-40F5-95BF-A1829A1875A8,The Economic Toll of Gun Violence - The Economic Toll of Gun Violence - U.S. Congress Joint Economic Committee,0,6
321961,https://www.veterans.senate.gov/2021/1/hearing-to-consider-pending-nomination,Hearing to Consider Pending Nomination - U.S. Senate Committee on Veterans' Affa...,1,3
328480,https://www.armed-services.senate.gov/hearings/21-01-12-civilian-control-of-the-armed-forces,Civilian Control of the Armed Forces,2,3
328500,https://www.armed-services.senate.gov/hearings/21-01-19-nomination,Nomination--Austin III,0,3
328520,https://www.foreign.senate.gov/hearings/nominations-011921,Hearing: [2021-01-19] Nominations,1,3
328521,https://www.finance.senate.gov/hearings/hearing-to-consider-the-anticipated-nomination-of-to-be-the-honorable-janet-l-yellen-to-secretary-of-the-treasury,[2021-01-19] Hearing: Hearing to Consider the Anticipated Nomination of the Honorable Janet L. Yellen to Secretary of the Treasury,1,6
328522,https://www.hsgac.senate.gov/hearings/nomination-of-the-honorable-alejandro-n-mayorkas-to-be-secretary-us-department-of-homeland-security/,"Nomination of the Honorable Alejandro N. Mayorkas to be Secretary, U.S. Department of Homeland Security - Committee on Homeland Security & Governmental Affairs",1,3
328540,https://www.commerce.senate.gov/meetings/nomination-hearing-18/,"Nomination Hearing - U.S. Senate Committee on Commerce, Science, & Transportation",1,1
328581,https://www.commerce.senate.gov/meetings/nomination-hearing-17/,"Nomination Hearing - U.S. Senate Committee on Commerce, Science, & Transportation",1,1
328584,https://www.foreign.senate.gov/hearings/nominations-012721,Hearing: [2021-01-27] Nominations,1,2
328585,https://www.banking.senate.gov/hearings/01/21/2021/nomination-hearing,hearing,2,5
328603,https://www.armed-services.senate.gov/hearings/21-02-02-nomination_hicks,Nomination--Hicks,1,3
328604,https://www.agriculture.senate.gov/hearings/to-consider-the-following-nomination-thomas-j-vilsack-of-iowa-to-be-secretary-of-agriculture,To consider the following nomination: Th...,1,2
328605,https://www.epw.senate.gov/public/index.cfm/hearings?ID=D825A7BE-3D52-4651-9664-A373EB3699A5,Hearing on the Nomination of Michael S. Regan to be Administrator of the Environmental Protection Agency - Hearings - U.S. Senate Committee on Environment and Public Works,3,4
328620,https://www.help.senate.gov/hearings/nomination-of-miguel-cardona-to-serve-as-secretary-of-education,Nomination of Miguel Cardona to serve as...,1,2
328640,https://www.sbc.senate.gov/public/index.cfm/hearings?ID=4F65B401-1ED4-42E2-9548-998C44A6C6F6,Nomination of Isabella Casillas Guzman to be Administrator of the Small Business Administration - Hearings - U.S. Committee on Small Business & Entrepreneurship,1,1
328642,https://www.hsgac.senate.gov/hearings/nomination-of-neera-tanden-to-be-director-office-of-management-and-budget/,"Nomination of Neera Tanden to be Director, Office of Management and Budget - Committee on Homeland Security & Governmental Affairs",1,3
328740,https://www.banking.senate.gov/hearings/the-coronavirus-crisis-paving-the-way-to-an-equitable-recovery,hearing,5,6
328743,https://www.banking.senate.gov/hearings/02/12/2021/the-semiannual-monetary-policy-report-to-the-congress,hearing,1,3
328761,https://www.judiciary.senate.gov/committee-activity/hearings/the-nomination-of-the-honorable-merrick-brian-garland-to-be-attorney-general-of-the-united-states-day-2,The Nomination of the Honorable Merrick ...,5,5
328762,https://www.judiciary.senate.gov/committee-activity/hearings/the-nomination-of-the-honorable-merrick-brian-garland-to-be-attorney-general-of-the-united-states-day-1,The Nomination of the Honorable Merrick ...,3,3
328764,https://www.help.senate.gov/hearings/nomination-of-xavier-becerra-to-serve-as-secretary-of-health-and-human-services,Nomination of Xavier Becerra to serve as...,1,2
328765,https://www.hsgac.senate.gov/hearings/examining-the-january-6-attack-on-the-us-capitol/,Examining the January 6 Attack on the U.S. Capitol - Committee on Homeland Security & Governmental Affairs,5,7
328766,https://www.finance.senate.gov/hearings/hearing-to-consider-the-nomination-of-adewale-o-adeyemo-of-california-to-be-deputy-secretary-of-the-treasury,"[2021-02-23] Hearing: Hearing to Consider the Nomination of Adewale O. Adeyemo, of California, to be Deputy Secretary of the Treasury",1,5
328767,https://www.armed-services.senate.gov/hearings/21-02-23-emerging-technologies-and-their-impact-on-national-security,Emerging Technologies and Their Impact o...,3,4
328768,https://www.energy.senate.gov/hearings/hearings-2021-2-hearing-to-consider-nomination-of-the-honorable-debra-haaland-to-be-the-secretary-of-the-interior/,Hearing to Consider the Nomination of the Honorable Debra Haaland to be the Secretary of the Interior – U.S. Senate Committee on Energy and Natural Resources,1,4
328769,https://www.veterans.senate.gov/2021/2/vaccines-for-vets-our-best-shot-at-ending-the-covid-19-pandemic,Vaccines for Vets: Our Best Shot at Ending the COVID-19 Pandemic - U.S. Senate C...,1,2
328771,https://www.epw.senate.gov/public/index.cfm/hearings?ID=A076F488-6A1E-41DB-9279-7C943023D8D9,"Building Back Better: Investing in Transportation while Addressing Climate Change, Improving Equity, and Fostering Economic Growth and Innovation - Hearings - U.S. Senate Committee on Environment and Public Works",4,5
328773,https://www.indian.senate.gov/hearings/oversight-hearing-call-action-native-communities-priorities-focus-117th-congress/,Oversight Hearing “A call to action: Native communities’ priorities in focus for the 117th Congress.” - Indian Affairs Committee,4,5
328774,https://www.banking.senate.gov/hearings/the-coronavirus-crisis-next-steps-for-rebuilding-main-street,hearing,5,6
328775,https://www.armed-services.senate.gov/hearings/21-02-25-department-of-defense-support-to-the-covid-19-response,Department of Defense Support to the COV...,3,3
328780,https://www.finance.senate.gov/hearings/hearing-to-consider-the-nomination-of-katherine-c-tai-of-the-district-of-columbia-to-be-united-states-trade-representative-with-the-rank-of-ambassador-extraordinary-and-plenipotentiary,"[2021-02-25] Hearing: Hearing to Consider the Nomination of Katherine C. Tai, of the District of Columbia, to be United States Trade Representative, with the rank of Ambassador Extraordinary and Plenipotentiary",1,5
328781,https://www.help.senate.gov/hearings/nominations-of-vivek-murthy-to-serve-as-medical-director-in-the-regular-corps-of-the-public-health-service-and-surgeon-general-of-the-public-health-service-and-rachel-levine-to-serve-as-assistant-secretary-of-health-and-human-services,Nominations of Vivek Murthy to serve as ...,2,3
328800,https://www.banking.senate.gov/hearings/02/22/2021/nomination-hearing,hearing,2,6
328801,https://www.hsgac.senate.gov/hearings/gaos-2021-high-risk-list-addressing-waste-fraud-and-abuse/,"GAO’s 2021 High Risk List: Addressing Waste, Fraud, and Abuse - Committee on Homeland Security & Governmental Affairs",1,3
328802,https://www.finance.senate.gov/hearings/hearing-to-consider-the-nomination-of-xavier-becerra-of-california-to-be-secretary-of-health-and-human-services,"[2021-02-24] Hearing: Hearing to Consider the Nomination of The Honorable Xavier Becerra, of California, to be Secretary of Health and Human Services",1,5
328803,https://www.energy.senate.gov/hearings/hearings-2021-2-hearing-to-consider-nomination-of-the-honorable-debra-haaland-to-be-the-secretary-of-the-interior/,Hearing to Consider the Nomination of the Honorable Debra Haaland to be the Secretary of the Interior – U.S. Senate Committee on Energy and Natural Resources,1,4
328806,https://www.armed-services.senate.gov/hearings/21-03-02-global-security-challenges-and-strategy,Global Security Challenges and Strategy,2,4
328807,https://www.epw.senate.gov/public/index.cfm/hearings?ID=9F541393-48E4-4DD7-A8D7-33937647673E,Hearing on the Nominations of Brenda Mallory to serve as Chair of CEQ and Janet McCabe to be Deputy Administrator of EPA - Hearings - U.S. Senate Committee on Environment and Public Works,4,5
328808,https://www.commerce.senate.gov/meetings/nomination-hearing-16/,"Nomination Hearing - U.S. Senate Committee on Commerce, Science, & Transportation",1,1
328809,https://www.foreign.senate.gov/hearings/nominations-030321,Hearing: [2021-03-03] Nominations,2,3
328810,https://www.hsgac.senate.gov/hearings/nominations-of-shalanda-d-young-to-be-deputy-director-office-of-management-and-budget-and-jason-s-miller-to-be-deputy-director-for-management-office-of-management-and-budget/,"Nominations of Shalanda D. Young to be Deputy Director, Office of Management and Budget, and Jason S. Miller to be Deputy Director for Management, Office of Management and Budget - Committee on Homeland Security & Governmental Affairs",2,3
328813,https://www.judiciary.senate.gov/committee-activity/hearings/02/25/2021/nominations,Nominations,2,4
328815,https://www.armed-services.senate.gov/hearings/21-03-04-nomination_kahl,Nomination--Kahl,1,3
328816,https://www.banking.senate.gov/hearings/wall-street-vs-workers-how-the-financial-system-hurts-workers-and-widens-the-racial-wealth-gap,hearing,3,4
328825,https://www.help.senate.gov/hearings/examining-our-covid-19-response-an-update-from-the-frontlines,Examining Our COVID-19 Response: An Upda...,4,5
328826,https://www.epw.senate.gov/public/index.cfm/hearings?ID=B26712B4-FE3B-4259-A3C6-82FDCA9B9949,Building Back Better: Addressing Climate Change in the Electricity Sector and Fostering Economic Growth - Hearings - U.S. Senate Committee on Environment and Public Works,5,6
328827,https://www.judiciary.senate.gov/committee-activity/hearings/oversight-of-the-federal-bureau-of-investigation-the-january-6-insurrection-domestic-terrorism-and-other-threats,Oversight of the Federal Bureau of Inves...,1,3
328828,https://www.banking.senate.gov/hearings/who-wins-on-wall-street-gamestop-robinhood-and-the-state-of-retail-investing,hearing,5,6
328829,https://www.agriculture.senate.gov/hearings/farmers-and-foresters-opportunities-to-lead-in-tackling-climate-change,Farmers and Foresters: Opportunities to ...,5,5
328832,https://www.veterans.senate.gov/2021/3/military-toxic-exposures-the-human-consequences-of-war,Military Toxic Exposures: The Human Consequences of War - U.S. Senate Committee...,0,7
328834,https://www.judiciary.senate.gov/committee-activity/hearings/whats-wrong-with-the-supreme-court-the-big-money-assault-on-our-judiciary,What's Wrong with the Supreme Court: The...,5,12
328837,https://www.foreign.senate.gov/hearings/the-state-of-democracy-around-the-world-031021,Hearing: [2021-03-10] The State of Democracy Around the World,5,6
328841,https://www.judiciary.senate.gov/committee-activity/hearings/competition-policy-for-the-twenty-first-century-the-case-for-antitrust-reform,Competition Policy for the Twenty-First ...,5,8
328842,https://www.armed-services.senate.gov/hearings/21-03-11-final-recommendations-and-report-of-the-national-commission-on-military-national-and-public-service,Final Recommendations and Report of the ...,3,2
328880,https://www.help.senate.gov/hearings/nomination-of-julie-su-to-serve-as-deputy-secretary-of-labor,Nomination of Julie Su to serve as Deput...,1,2
328881,https://www.epw.senate.gov/public/index.cfm/hearings?ID=DE00984F-4EC0-4CD9-BA77-A781E4F94DA1,Examining the Challenges Facing Drinking Water and Wastewater Infrastructure Projects - Hearings - U.S. Senate Committee on Environment and Public Works,4,5
328882,https://www.finance.senate.gov/hearings/made-in-america-effect-of-the-us-tax-code-on-domestic-manufacturing,[2021-03-16] Hearing: Made in America: Effect of the U.S. Tax Code on Domestic Manufacturing,5,8
328884,https://www.banking.senate.gov/hearings/home_life-the-state-of-housing-in-america,hearing,5,6
328885,https://www.armed-services.senate.gov/hearings/21-03-16-united-states-southern-command-and-united-states-northern-command,United States Southern Command and Unite...,2,5
328888,https://www.sbc.senate.gov/public/index.cfm/hearings?ID=1FFAEDC5-0691-4271-8874-7E6D185A4DE6,"The Paycheck Protection Program: Performance, Impact, and Next Steps - Hearings - U.S. Committee on Small Business & Entrepreneurship",4,4
328889,https://www.hsgac.senate.gov/hearings/understanding-and-responding-to-the-solarwinds-supply-chain-attack-the-federal-perspective/,Understanding and Responding to the SolarWinds Supply Chain Attack: The Federal Perspective - Committee on Homeland Security & Governmental Affairs,3,5
328890,https://www.budget.senate.gov/hearings/the-income-and-wealth-inequality-crisis-in-america,Hearing,5,5
328891,https://www.commerce.senate.gov/meetings/recent-federal-actions-to-expand-broadband-are-we-making-progress/,"Recent Federal Actions to Expand Broadband: Are We Making Progress? - U.S. Senate Committee on Commerce, Science, & Transportation",4,4
328892,https://www.foreign.senate.gov/hearings/advancing-effective-us-policy-for-strategic-competition-with-china-in-the-twenty-first-century-031721,Hearing: [2021-03-17] Advancing Effective U.S. Policy for Strategic...,3,4
328893,https://www.help.senate.gov/hearings/examining-our-covid-19-response-an-update-from-federal-officials,Examining Our COVID-19 Response: An Upda...,4,5
328894,https://www.judiciary.senate.gov/committee-activity/hearings/the-equality-act-lgbtq-rights-are-human-rights,The Equality Act: LGBTQ Rights are Human...,13,10
328896,https://www.aging.senate.gov/hearings/covid-19-one-year-later-addressing-health-care-needs-for-at-risk-americans,COVID-19 One Year Later: Addressing Heal...,4,7
328898,https://www.finance.senate.gov/hearings/a-national-tragedy-covid-19-in-the-nations-nursing-homes,[2021-03-17] Hearing: A National Tragedy: COVID-19 in the Nation’s Nursing Homes,6,9
328900,https://www.finance.senate.gov/hearings/fighting-forced-labor-closing-loopholes-and-improving-customs-enforcement-to-mandate-clean-supply-chains-and-protect-worker,[2021-03-18] Hearing: Fighting Forced Labor: Closing Loopholes and Improving Customs Enforcement to Mandate Clean Supply Chains and Protect Workers,4,7
328901,https://www.banking.senate.gov/hearings/21st-century-economy-protecting-the-financial-system-from-risks-associated-with-climate-change,hearing,5,6
328921,https://www.hsgac.senate.gov/hearings/the-2020-census-and-current-activities-of-the-us-census-bureau/,The 2020 Census and Current Activities of the U.S. Census Bureau - Committee on Homeland Security & Governmental Affairs,3,4
328922,https://www.energy.senate.gov/hearings/hearings-2021-3-subcommittee-on-water-power/,Water & Power Subcommittee Hearing – U.S. Senate Committee on Energy and Natural Resources,4,5
328923,https://www.judiciary.senate.gov/committee-activity/hearings/constitutional-and-common-sense-steps-to-reduce-gun-violence,Constitutional and Common Sense Steps to...,8,15
328924,https://www.finance.senate.gov/hearings/how-us-international-tax-policy-impacts-american-workers-jobs-and-investment,"[2021-03-25] Hearing: RESCHEDULED:How U.S. International Tax Policy Impacts American Workers, Jobs, and Investment",4,7
328925,https://www.armed-services.senate.gov/hearings/21-03-23-nomination_aquilino,Nomination--Aquilino,1,2
328927,https://www.foreign.senate.gov/hearings/bolstering-democracy-in-georgia-032321,Hearing: [2021-03-23] Bolstering Democracy in Georgia,2,3
328928,https://www.banking.senate.gov/hearings/03/17/2021/the-quarterly-cares-act-report-to-congress,hearing,2,3
328929,https://www.hsgac.senate.gov/subcommittees/etso/hearings/preparing-for-future-crises-examining-the-national-response-enterprise/,Preparing for Future Crises: Examining the National Response Enterprise - Committee on Homeland Security & Governmental Affairs,0,3
328930,https://www.help.senate.gov/hearings/nomination-of-cynthia-marten-to-serve-as-deputy-secretary-of-education,Nomination of Cynthia Marten to serve as...,1,2
328931,https://www.veterans.senate.gov/2021/3/coping-during-covid-veterans-mental-health-and-implementation-of-the-hannon-act,Coping during COVID: Veterans' Mental Health and Implementation of the Hannon Ac...,0,6
328935,https://www.hsgac.senate.gov/hearings/nomination-of-deanne-b-criswell-to-be-administrator-federal-emergency-management-agency-us-department-of-homeland-security/,"Nomination of Deanne B. Criswell to be Administrator, Federal Emergency Management Agency, U.S. Department of Homeland Security - Committee on Homeland Security & Governmental Affairs",1,3
328937,https://www.sbc.senate.gov/public/index.cfm/hearings?ID=0F6355E2-3296-4AA9-8CA8-05C71EE75060,Oversight of SBA’s COVID-19 Relief Programs - Hearings - U.S. Committee on Small Business & Entrepreneurship,4,4
328938,https://www.armed-services.senate.gov/hearings/21-03-24-sexual-assault-in-the-military,Sexual Assault in the Military,0,1
328939,https://www.energy.senate.gov/hearings/hearings-2021-3-full-committee-hearing-on-nuclear-energy/,Full Committee Hearing on Nuclear Energy – U.S. Senate Committee on Energy and Natural Resources,5,7
328944,https://www.agriculture.senate.gov/hearings/child-nutrition-reauthorization-healthy-meals-and-healthy-futures,Child Nutrition Reauthorization: Healthy...,6,7
328960,https://www.banking.senate.gov/hearings/american-rescue-plan-shots-in-arms-and-money-in-pockets,hearing,4,6
328962,https://www.foreign.senate.gov/hearings/us-response-to-the-coup-in-burma-032521,Hearing: [2021-03-25] U.S. Response to the Coup in Burma,4,5
328963,https://www.armed-services.senate.gov/hearings/21-03-25-united-states-special-operations-command-and-united-states-cyber-command,United States Special Operations Command...,3,4
328965,https://www.budget.senate.gov/hearings/ending-a-rigged-tax-code-the-need-to-make-the-wealthiest-people-and-largest-corporations-pay-their-fair-share-of-taxes,Hearing,5,5
329004,https://www.banking.senate.gov/hearings/separate-and-unequal-the-legacy-of-racial-discrimination-in-housing,hearing,5,7
329005,https://www.banking.senate.gov/hearings/the-student-debt-burden-and-its-impact-on-racial-justice-borrowers-and-the-economy,hearing,11,12
329006,https://www.finance.senate.gov/hearings/the-2021-filing-season-and-21st-century-irs,[2021-04-13] Hearing: The 2021 Filing Season and 21st Century IRS,1,4
329007,https://www.commerce.senate.gov/meetings/subcommittee-the-state-of-travel-and-tourism-during-covid/,"Subcommittee: The State of Travel and Tourism During COVID - U.S. Senate Committee on Commerce, Science, & Transportation",4,4
329020,https://www.indian.senate.gov/hearings/oversight-hearing-examining-covid-19-response-native-communities-native-health-systems-one/,Oversight Hearing “Examining the COVID-19 Response in Native Communities: Native Health Systems One Year Later” - Indian Affairs Committee,5,6
329022,https://www.hsgac.senate.gov/hearings/preparedness-for-covid-19-the-initial-pandemic-response-and-lessons-learned/,Preparedness for COVID-19: The Initial Pandemic Response and Lessons Learned - Committee on Homeland Security & Governmental Affairs,4,6
329024,https://www.veterans.senate.gov/2021/4/hearing-to-consider-pending-nomination-04-14-21,Hearing to Consider Pending Nomination - U.S. Senate Committee on Veterans' Affa...,1,2
329026,https://www.commerce.senate.gov/meetings/legislative-hearing-on-the-endless-frontier-act/,"Legislative Hearing on the Endless Frontier Act - U.S. Senate Committee on Commerce, Science, & Transportation",6,6
329027,https://www.judiciary.senate.gov/committee-activity/hearings/04/07/2021/nominations,Nominations,2,4
329041,https://www.help.senate.gov/hearings/nomination-of-james-kvaal-to-serve-as-undersecretary-of-education,Nomination of James Kvaal to serve as Un...,1,2
329042,https://www.budget.senate.gov/hearings/the-cost-of-inaction-on-climate-change,Hearing,5,5
329043,https://www.armed-services.senate.gov/hearings/21-04-14-to-receive-testimony-on-future-cybersecurity-architectures,To receive testimony on Future Cybersecu...,3,2
329044,https://www.judiciary.senate.gov/committee-activity/hearings/04/08/2021/oversight-of-the-federal-bureau-of-prisons,Oversight of the Federal Bureau of Priso...,1,2
329045,https://www.commerce.senate.gov/meetings/subcommittee-shot-of-truth-communicating-trusted-vaccine-information/,"Subcommittee: Shot of Truth: Communicating Trusted Vaccine Information - U.S. Senate Committee on Commerce, Science, & Transportation",3,3
329047,https://www.appropriations.senate.gov/hearings/the-american-jobs-plan-infrastructure-climate-change-and-investing-in-our-nations-future,Hearing,4,4
329048,https://www.finance.senate.gov/hearings/hearing-to-consider-the-nominations-of-andrea-joan-palm-to-be-deputy-secretary-of-health-and-human-services-and-chiquita-brooks-lasure-to-be-administrator-of-the-centers-for-medicare-and-medicaid-services,[2021-04-15] Hearing: Hearing to Consider the Nominations of Andrea Joan Palm to be Deputy Secretary of Health and Human Services and Chiquita Brooks-LaSure to be Administrator of the Centers for Medicare and Medicaid Services,2,8
329060,https://www.energy.senate.gov/hearings/hearings-2021-4-hearing-to-examine-the-role-of-the-doe-and-energy-innovation-in-american-economic-competitiveness/,Hearing to Examine the Role of the DOE and Energy Innovation in American Economic Competitiveness – U.S. Senate Committee on Energy and Natural Resources,4,6
329080,https://www.appropriations.senate.gov/hearings/defense-health-program,Hearing,4,4
329100,https://www.help.senate.gov/hearings/covid-19-recovery-supporting-workers-and-modernizing-the-workforce-through-quality-education-training-and-employment-opportunities,COVID-19 Recovery: Supporting Workers an...,4,5
329102,https://www.judiciary.senate.gov/committee-activity/hearings/improving-access-and-inclusivity-in-the-patent-system-unleashing-americas-economic-engine,Improving Access and Inclusivity in the ...,4,6
329104,https://www.finance.senate.gov/hearings/combatting-inequality-the-tax-code-and-racial-ethnic-and-gender-disparities,"[2021-04-20] Hearing: Combating Inequality: The Tax Code and Racial, Ethnic, and Gender Disparities",4,7
329106,https://www.commerce.senate.gov/meetings/strengthening-the-federal-trade-commissions-authority-to-protect-consumers/,"Strengthening the Federal Trade Commission’s Authority to Protect Consumers - U.S. Senate Committee on Commerce, Science, & Transportation",0,1
329107,https://www.banking.senate.gov/hearings/an-economy-that-works-for-everyone-investing-in-rural-communities,hearing,5,7
329121,https://www.appropriations.senate.gov/hearings/fiscal-year-2022-budget-requests-,Hearing,3,3
329122,https://www.judiciary.senate.gov/committee-activity/hearings/behavioral-health-and-policing-interactions-and-solutions,Behavioral Health and Policing: Interact...,7,12
329123,https://www.judiciary.senate.gov/committee-activity/hearings/antitrust-applied-examining-competition-in-app-stores,Antitrust Applied: Examining Competition...,6,11
329125,https://www.commerce.senate.gov/meetings/subcommittee-prepare-for-takeoff-americas-safe-return-to-air-travel/,"Subcommittee: Prepare for Takeoff: America’s Safe Return to Air Travel - U.S. Senate Committee on Commerce, Science, & Transportation",4,4
329126,https://www.sbc.senate.gov/public/index.cfm/hearings?ID=94F474D7-4DB9-4927-B9B9-24DA6753257F,Nomination of Dilawar Syed to be Deputy Administrator of the Small Business Administration - Hearings - U.S. Committee on Small Business & Entrepreneurship,1,1
329127,https://www.armed-services.senate.gov/hearings/to-receive-testimony-on-the-current-and-future-cyber-workforce-of-the-department-of-defense-and-the-military-services,To receive testimony on the current and ...,4,5
329128,https://www.armed-services.senate.gov/hearings/-to-receive-testimony-on-science-and-technology-technology-maturation-and-technology-transition-activities,To receive testimony on science and tec...,4,5
329129,https://www.hsgac.senate.gov/hearings/nominations-of-kiran-a-ahuja-to-be-director-office-of-personnel-management-and-anton-a-hajjar-amber-f-mcreynolds-and-ronald-stroman-to-be-governors-us-postal-service/,"Nominations of Kiran A. Ahuja to be Director, Office of Personnel Management, and Anton A. Hajjar, Amber F. McReynolds, and Ronald Stroman to be Governors, U.S. Postal Service - Committee on Homeland Security & Governmental Affairs",4,6
329130,https://www.commerce.senate.gov/meetings/nomination-hearing-14/,"Nomination Hearing - U.S. Senate Committee on Commerce, Science, & Transportation",3,3
329140,https://www.foreign.senate.gov/hearings/us-policy-on-yemen-042121,Hearing: [2021-04-21] U.S. Policy on Yemen,3,4
329144,https://www.energy.senate.gov/hearings/hearings-2021-4-full-committee-hearing-on-carbon-utilization-technologies/,Full Committee Hearing On Carbon Utilization Technologies – U.S. Senate Committee on Energy and Natural Resources,4,6
329161,https://www.commerce.senate.gov/meetings/nomination-hearing-13/,"Nomination Hearing - U.S. Senate Committee on Commerce, Science, & Transportation",1,1
329162,https://www.banking.senate.gov/hearings/21st-century-communities_capitalizing-on-opportunities-in-the-clean-energy-economy,hearing,5,7
329163,https://www.finance.senate.gov/hearings/us-china-relations-improving-us-competitiveness-through-trade,[2021-04-22] Hearing: U.S.-China Relations: Improving U.S. Competitiveness Through Trade,4,7
329181,https://www.energy.senate.gov/hearings/hearings-2021-4-full-committee-hearing-on-the-department-of-the-interior-s-onshore-oil-and-gas-leasing-program/,Full Committee Hearing On The Department Of The Interior’s Onshore Oil And Gas Leasing Program – U.S. Senate Committee on Energy and Natural Resources,5,7
329183,https://www.epw.senate.gov/public/index.cfm/hearings?ID=3F35F82A-12FB-4CAF-B12F-294BC45899BC,"Legislative Hearing on S.283, National Climate Bank Act - Hearings - U.S. Senate Committee on Environment and Public Works",5,6
329184,https://www.finance.senate.gov/hearings/creating-opportunity-through-a-fairer-tax-system,[2021-04-27] Hearing: Creating Opportunity Through a Fairer Tax System,6,9
329200,https://www.hsgac.senate.gov/subcommittees/etso/hearings/controlling-federal-legacy-it-costs-and-crafting-21st-century-it-management-solutions/,Controlling Federal Legacy IT Costs and Crafting 21st Century IT Management Solutions - Committee on Homeland Security & Governmental Affairs,4,6
329201,https://www.help.senate.gov/hearings/supporting-children-workers-and-families-by-strengthening-americas-child-care-sector,"Supporting Children, Workers and Familie...",4,5
329202,https://www.commerce.senate.gov/meetings/subcommittee-driving-innovation-the-future-of-automotive-mobility-safety-and-technology/,"Subcommittee: Driving Innovation: the Future of Automotive Mobility, Safety, and Technology - U.S. Senate Committee on Commerce, Science, & Transportation",4,4
329203,https://www.finance.senate.gov/hearings/climate-challenges-the-tax-codes-role-in-creating-american-jobs-achieving-energy-independence-and-providing-consumers-with-affordable-clean-energy,"[2021-04-27] Hearing: Climate Challenges: The Tax Code’s Role in Creating American Jobs, Achieving Energy Independence, and Providing Consumers with Affordable, Clean Energy",4,7
329204,https://www.appropriations.senate.gov/hearings/va-telehealth-program-leveraging-recent-investments-to-build-future-capacity,Hearing,3,1
329205,https://www.commerce.senate.gov/meetings/subcommittee-curbing-covid-cons-warning-consumers-about-pandemic-frauds-scams-and-swindles/,"Subcommittee: Curbing COVID Cons: Warning Consumers about Pandemic Frauds, Scams, and Swindles - U.S. Senate Committee on Commerce, Science, & Transportation",5,5
329206,https://www.judiciary.senate.gov/committee-activity/hearings/algorithms-and-amplification-how-social-media-platforms-design-choices-shape-our-discourse-and-our-minds,Algorithms and Amplification: How Social...,5,7
329207,https://www.appropriations.senate.gov/hearings/a-review-of-the-fiscal-year-2022-budget-requests-of-the-library-of-congress-the-congressional-budget-office-and-the-government-accountability-office,Hearing,3,3
329208,https://www.judiciary.senate.gov/committee-activity/hearings/supreme-court-fact-finding-and-the-distortion-of-american-democracy,Supreme Court Fact-Finding and the Disto...,5,6
329209,https://www.armed-services.senate.gov/hearings/department-of-defenses-management-challenges-and-opportunities,Department of Defense’s management chall...,3,3
329210,https://www.foreign.senate.gov/hearings/us-policy-on-afghanistan-042721,Hearing: [2021-04-27] U.S. Policy on Afghanistan,1,2
329211,https://www.appropriations.senate.gov/hearings/review-of-the-activities-and-fiscal-year-2022-funding-priorities-of-the-office-of-the-us-trade-representative-,Hearing,1,1
329220,https://www.appropriations.senate.gov/hearings/addressing-health-disparities-in-indian-country-review-of-the-indian-health-services-covid-response-and-future-needs,Hearing,2,1
329221,https://www.judiciary.senate.gov/committee-activity/hearings/04/21/2021/nominations,Nominations,5,6
329225,https://www.energy.senate.gov/hearings/hearings-2021-4-hearing-to-consider-the-nomination-of-tommy-p-beaudreau-to-be-deputy-secretary-of-the-interior/,Hearing to Consider the Nomination of Tommy P. Beaudreau to be Deputy Secretary of the Interior – U.S. Senate Committee on Energy and Natural Resources,1,4
329227,https://www.indian.senate.gov/hearings/oversight-hearing-examining-covid-19-response-native-communities-native-education-systems/,Oversight Hearing “Examining the COVID-19 Response in Native Communities: Native Education Systems One Year Later.” - Indian Affairs Committee,5,6
329228,https://www.foreign.senate.gov/hearings/nominations-042821,Hearing: [2021-04-28] Nominations,2,3
329229,https://www.armed-services.senate.gov/hearings/defense-acquisition-programs-and-acquisition-reform,Defense acquisition programs and acquisi...,3,4
329230,https://www.armed-services.senate.gov/hearings/united-states-special-operations-commands-efforts-to-sustain-the-readiness-of-special-operations-forces-and-transform-the-force-for-future-security-challenges,United States Special Operations Command...,4,5
329231,https://www.epw.senate.gov/public/index.cfm/hearings?ID=54655DCA-CB16-49C2-8A87-E32C4765F5B2,Hearing on the Fiscal Year 2022 Proposed Budget for the U.S. Environmental Protection Agency - Hearings - U.S. Senate Committee on Environment and Public Works,1,2
329232,https://www.armed-services.senate.gov/hearings/united-states-nuclear-deterrence-policy-and-strategy-1,United States nuclear deterrence policy ...,4,5
329234,https://www.judiciary.senate.gov/committee-activity/hearings/stop-gun-violence-extreme-risk-order-/-red-flag-laws,Stop Gun Violence: Extreme Risk Order / ...,5,5
329240,https://www.appropriations.senate.gov/hearings/diversifying-on-farm-income-opportunities-to-strengthen-rural-america,Hearing,5,5
329241,https://www.banking.senate.gov/hearings/the-reemergence-of-rent-a-bank,hearing,5,7
329242,https://www.help.senate.gov/hearings/nominations-of-jennifer-abruzzo-to-serve-as-general-counsel-of-the-national-labor-relations-board-and-seema-nanda-to-serve-as-solicitor-for-the-department-of-labor,Nominations of Jennifer Abruzzo to serve...,2,3
329245,https://www.finance.senate.gov/hearings/social-security-during-covid_how-the-pandemic-hampered-access-to-benefits-and-strategies-for-improving--service-delivery,[2021-04-29] Hearing: Social Security During COVID: How the Pandemic Hampered Access to Benefits and Strategies for Improving Service Delivery,4,7
329246,https://www.appropriations.senate.gov/hearings/domestic-violent-extremism-in-america,Hearing,2,3
329261,https://www.banking.senate.gov/hearings/the-dignity-of-work,hearing,5,7
329281,https://www.aging.senate.gov/hearings/a-changing-workforce-supporting-older-workers-amid-the-covid-19-pandemic-and-beyond,A Changing Workforce: Supporting Older W...,4,7
329300,https://www.hsgac.senate.gov/hearings/dhs-actions-to-address-unaccompanied-minors-at-the-southern-border/,DHS Actions to Address Unaccompanied Minors at the Southern Border - Committee on Homeland Security & Governmental Affairs,1,1
329321,https://www.finance.senate.gov/hearings/closing-the-tax-gap-lost-revenue-from-noncompliance-and-the-role-of-offshore-tax-evasion,[2021-05-11] Hearing: Closing the Tax Gap: Lost Revenue from Noncompliance and the Role of Offshore Tax Evasion,5,8
329322,https://www.armed-services.senate.gov/hearings/military-and-civilian-personnel-programs-in-the-department-of-defense-in-review-on-the-defense-authorization-request-for-fiscal-year-2022-and-the-future-years-defense-program,Military and civilian personnel programs...,8,9
329323,https://www.judiciary.senate.gov/committee-activity/hearings/stop-gun-violence-ghost-guns,Stop Gun Violence: Ghost Guns,5,7
329324,https://www.banking.senate.gov/hearings/05/04/2021/nomination-hearing,hearing,2,6
329325,https://www.epw.senate.gov/public/index.cfm/hearings?ID=B03E1516-88B7-45F3-9473-5F223E5FD873,"Equity in Transportation Infrastructure: Connecting Communities, Removing Barriers, and Repairing Networks across America - Hearings - U.S. Senate Committee on Environment and Public Works",4,5
329327,https://www.help.senate.gov/hearings/an-update-from-federal-officials-on-efforts-to-combat-covid-19,An Update from Federal Officials on Effo...,4,5
329328,https://www.hsgac.senate.gov/hearings/prevention-response-and-recovery-improving-federal-cybersecurity-post-solarwinds/,"Prevention, Response, and Recovery: Improving Federal Cybersecurity Post-SolarWinds - Committee on Homeland Security & Governmental Affairs",3,5
329329,https://www.armed-services.senate.gov/hearings/nomination_mccord-and-moultrie,Nomination--McCord and Moultrie,2,5
329330,https://www.armed-services.senate.gov/hearings/department-of-defense-budget-posture-for-nuclear-forces-in-review-of-the-defense-authorization-request-for-fiscal-year-2022-and-the-future-years-defense-program,Department of Defense budget posture for...,4,5
329341,https://www.commerce.senate.gov/meetings/subcommittee-freight-mobility-strengthening-americas-supply-chains-and-competitiveness/,"Subcommittee: Freight Mobility: Strengthening America’s Supply Chains and Competitiveness - U.S. Senate Committee on Commerce, Science, & Transportation",4,4
329343,https://www.epw.senate.gov/public/index.cfm/hearings?ID=1F9BED2A-2CE1-4F72-8A12-895E0F140036,"Hearing on the Nominations of Shannon Estenoz to be Assistant Secretary of Fish and Wildlife and Parks of the Department of Interior, Radhika Fox to be Assistant Administrator for Water of the Environmental Protection Agency, and Michal Freedhoff to be Assistant Administrator for Chemical Safety and Pollution Prevention of the Environmental Protection Agency - Hearings - U.S. Senate Committee on Environment and Public Works",3,4
329344,https://www.indian.senate.gov/hearings/oversight-hearing-examining-covid-19-response-native-communities-native-tourism-economies/,Oversight Hearing “Examining the COVID-19 Response in Native Communities: Native Tourism Economies One Year Later” - Indian Affairs Committee,5,6
329345,https://www.judiciary.senate.gov/committee-activity/hearings/05/05/2021/nominations,Nominations,3,3
329347,https://www.finance.senate.gov/hearings/the-presidents-2021-trade-policy-agenda,[2021-05-12] Hearing: The President’s 2021 Trade Policy Agenda,1,4
329348,https://www.veterans.senate.gov/2021/5/supporting-disabled-veterans-the-state-of-claims-processing-during-and-after-covid-19,Supporting Disabled Veterans: The State of Claims Processing During and After CO...,5,6
329349,https://www.finance.senate.gov/hearings/the-covid-19-pandemic-and-beyond-improving-mental-health-and-addiction-services-in-our-communities,[2021-05-12] Hearing: The COVID-19 Pandemic and Beyond: Improving Mental Health and Addiction Services in Our Communities,4,7
329350,https://www.hsgac.senate.gov/subcommittees/etso/hearings/examining-the-findings-and-recommendations-of-gaos-2021-report-on-duplication-overlap-fragmentation-and-opportunities-to-achieve-financial-benefits/,"Examining the Findings and Recommendations of GAO’s 2021 Report on Duplication, Overlap, Fragmentation and Opportunities to Achieve Financial Benefits - Committee on Homeland Security & Governmental Affairs",1,4
329352,https://www.budget.senate.gov/hearings/waste-fraud-cost-overruns-and-auditing-at-the-pentagon,Hearing,5,5
329361,https://www.foreign.senate.gov/hearings/covid-19-pandemic-and-the-international-response-051221,Hearing: [2021-05-12] COVID-19 Pandemic and the International Response...,2,3
329362,https://www.help.senate.gov/hearings/retirement-security-building-a-better-future,Retirement Security: Building a Better F...,4,5
329363,https://www.appropriations.senate.gov/hearings/rethinking-disaster-recovery-and-resiliency-part-i-protecting_our-nations-transportation-systems,Hearing,4,4
329380,https://www.armed-services.senate.gov/hearings/nomination_wormuth,Nomination--Wormuth,1,3
329400,https://www.appropriations.senate.gov/hearings/a-review-of-the-fy22-state-department-budget-request,Hearing,1,0
329401,https://www.appropriations.senate.gov/hearings/national-guard-and-reserve,Hearing,5,5
329402,https://www.epw.senate.gov/public/index.cfm/hearings?ID=0B3AA494-62F3-48DC-946F-8EC531EAF487,"Examining Biodiversity Loss: Drivers, Impacts, and Potential Solutions - Hearings - U.S. Senate Committee on Environment and Public Works",4,5
329420,https://www.hsgac.senate.gov/hearings/examining-the-role-of-the-department-of-homeland-securitys-office-of-intelligence-and-analysis/,Examining the Role of the Department of Homeland Security’s Office of Intelligence and Analysis - Committee on Homeland Security & Governmental Affairs,4,6
329421,https://www.help.senate.gov/hearings/paid-leave-for-working-families-examining-access-options-and-impacts,Paid Leave for Working Families: Examini...,4,5
329422,https://www.appropriations.senate.gov/hearings/rethinking-disaster-recovery-and-resiliency-part-2-protecting-communities-and-accelerating-assistance,Hearing,2,2
329423,https://www.commerce.senate.gov/meetings/subcommittee-reviving-international-travel-and-tourism-to-create-and-restore-jobs/,"Subcommittee: Reviving International Travel and Tourism to Create and Restore Jobs - U.S. Senate Committee on Commerce, Science, & Transportation",3,3
329424,https://www.armed-services.senate.gov/hearings/nomination_lacamera,Nomination--LaCamera,1,2
329425,https://www.finance.senate.gov/hearings/funding-and-financing-options-to-bolster-american-infrastructure,[2021-05-18] Hearing: Funding and Financing Options to Bolster American Infrastructure,4,7
329426,https://www.appropriations.senate.gov/hearings/review-of-the-fy2022-budget-blueprint-for-the-centers-for-disease_control-and-prevention,Hearing,2,1
329427,https://www.hsgac.senate.gov/hearings/covid-19-part-ii-evaluating-the-medical-supply-chain-and-pandemic-response-gaps/,COVID-19 Part II: Evaluating the Medical Supply Chain and Pandemic Response Gaps - Committee on Homeland Security & Governmental Affairs,4,6
329428,https://www.armed-services.senate.gov/hearings/cybersecurity-of-the-defense-industrial-base,Cybersecurity of the Defense Industrial ...,2,3
329429,https://www.commerce.senate.gov/meetings/subcommittee-protecting-kids-online-internet-privacy-and-manipulative-marketing/,"Subcommittee: Protecting Kids Online: Internet Privacy and Manipulative Marketing - U.S. Senate Committee on Commerce, Science, & Transportation",3,3
329440,https://www.veterans.senate.gov/2021/5/hearing-on-pending-nominations-051921,Hearing on Pending Nominations - U.S. Senate Committee on Veterans' Affairs,4,5
329441,https://www.banking.senate.gov/hearings/05/11/2021/reauthorization-of-the-national-flood-insurance-program-part-i,hearing,5,7
329442,https://www.appropriations.senate.gov/hearings/internal-revenue-service-narrowing-the-tax-gap-and-improving-taxpayer-services,Hearing,3,3
329443,https://www.armed-services.senate.gov/hearings/department-of-energys-atomic-defense-activities-and-programs-in-review-of-the-defense-authorization-request-for-fiscal-year-2022-and-future-years-defense-program,Department of Energy’s atomic defense ac...,3,4
329444,https://www.appropriations.senate.gov/hearings/military-infrastructure-and-climate-resilience,Hearing,4,4
329445,https://www.judiciary.senate.gov/committee-activity/hearings/antitrust-applied-hospital-consolidation-concerns-and-solutions,Antitrust Applied: Hospital Consolidatio...,6,10
329446,https://www.sbc.senate.gov/public/index.cfm/hearings?ID=155BE2A6-5F42-4BDE-9999-9282208D1BDE,Realizing the Vision of Parren Mitchell – Untapping the Potential of Minority and Women Contracting. - Hearings - U.S. Committee on Small Business & Entrepreneurship,2,2
329447,https://www.finance.senate.gov/hearings/covid-19-health-care-flexibilities_perspectives-experiences-and-lessons-learned,"[2021-05-19] Hearing: COVID-19 Health Care Flexibilities: Perspectives, Experiences, and Lessons Learned",5,8
329462,https://www.energy.senate.gov/hearings/hearings-2021-5-subcommittee-hearing-on-the-state-of-the-national-parks/,Subcommittee Hearing on the State of the National Park System – U.S. Senate Committee on Energy and Natural Resources,4,5
329464,https://www.agriculture.senate.gov/hearings/federal-state-and-private-forestlands-opportunities-for-addressing-climate-change,"Federal, State, and Private Forestlands:...",5,6
329465,https://www.aging.senate.gov/hearings/taking-aim-at-alzheimers-frontline-perspectives-and-caregiver-challenges,Taking Aim at Alzheimer’s: Frontline Per...,4,7
329467,https://www.banking.senate.gov/hearings/21st-century-communities-expanding-opportunity-through-infrastructure-investments,hearing,2,4
329480,https://www.appropriations.senate.gov/hearings/a-review-of-the-presidents-fiscal-year-2022-funding-request-for-the-us-department-of-commerce,Hearing,1,1
329481,https://www.appropriations.senate.gov/hearings/rethinking-resiliency-budgeting-for-the-future-of-forest-management,Hearing,1,1
329482,https://www.appropriations.senate.gov/hearings/a-review-of-the-fy-2022-department-of-defense-budget-request,Hearing,2,2
329485,https://www.appropriations.senate.gov/hearings/review-of-the-fiscal-year-2022-us-agency-for-international-development-budget-request,Hearing,1,1
329486,https://www.energy.senate.gov/hearings/hearings-2021-5-full-committee-hearing-to-consider-pending-nominations/,Full Committee Hearing To Consider Pending Nominations – U.S. Senate Committee on Energy and Natural Resources,3,8
329500,https://www.banking.senate.gov/hearings/05/19/2021/the-semiannual-testimony-on-the-federal-reserves-supervision-and-regulation-of-the-financial-system,hearing,1,3
329504,https://www.judiciary.senate.gov/committee-activity/hearings/stop-gun-violence-safe-storage,Stop Gun Violence: Safe Storage,5,5
329505,https://www.appropriations.senate.gov/hearings/a-review-of-the-presidents-fiscal-year-2022-funding-request-for-the-us-department-of-homeland-security-,Hearing,1,1
329507,https://www.appropriations.senate.gov/hearings/national-institutes-of-healths-fy22-budget-and-the-state-of-medical-research,Hearing,7,1
329508,https://www.commerce.senate.gov/meetings/subcommittee-investing-in-americas-tourism-and-hospitality-workforce-and-small-businesses/,"Subcommittee: Investing In America’s Tourism and Hospitality Workforce and Small Businesses - U.S. Senate Committee on Commerce, Science, & Transportation",4,4
329521,https://www.agriculture.senate.gov/hearings/to-consider-the-following-nomination-janie-simms-hipp-of-arkansas-to-be-general-counsel-of-the-department-of-agriculture,To consider the following nomination: Ja...,1,2
329522,https://www.judiciary.senate.gov/committee-activity/hearings/05/19/2021/nominations,Nominations,6,6
329523,https://www.foreign.senate.gov/hearings/nominations_immediately-following-the-business-meeting-051921,Hearing: [2021-05-19] Nominations,2,3
329524,https://www.armed-services.senate.gov/hearings/nomination_kendall-shyu-blume-,"Nomination--Kendall, Shyu, Blume",3,9
329540,https://www.banking.senate.gov/hearings/annual-oversight-of-wall-street-firms,hearing,6,11
329541,https://www.hsgac.senate.gov/hearings/nominations-of-john-k-tien-to-be-deputy-secretary-dhs-robert-p-silvers-to-be-under-secretary-for-strategy-policy-and-plans-dhs-and-jonathan-e-meyer-to-be-general-counsel-dhs/,"Nominations of John K. Tien to be Deputy Secretary, DHS; Robert P. Silvers to be Under Secretary for Strategy, Policy, and Plans, DHS; and Jonathan E. Meyer to be General Counsel, DHS - Committee on Homeland Security & Governmental Affairs",3,5
329542,https://www.help.senate.gov/hearings/nominations-of-rajesh-nayak-for-assistant-secretary-of-labor-for-policy-taryn-mackenzie-williams-for-assistant-secretary-of-labor-for-disability-employment-policy-and-doug-parker-for-assistant-secretary-of-labor-for-occupational-safety-and-health,Nominations of Rajesh Nayak for Assistan...,3,4
329543,https://www.sbc.senate.gov/public/index.cfm/hearings?ID=D4D2E8B1-15C9-4BFB-A866-02563C00CD27,The Pandemic Response and the Small Business Economy: An Update from the U.S. Small Business Administration - Hearings - U.S. Committee on Small Business & Entrepreneurship,1,1
329546,https://www.foreign.senate.gov/hearings/ethiopia-in-crisis-us-strategy-and-policy-response-052721,Hearing: [2021-05-27] Ethiopia in Crisis: U.S. Strategy and Policy...,2,3
329547,https://www.armed-services.senate.gov/hearings/to-receive-testimony-on-space-force-military-space-operations-policy-and-programs,"To receive testimony on space force, mil...",3,3
329560,https://www.armed-services.senate.gov/hearings/nominations_hruby-rose-rosenblum-maier,"Nominations--Hruby, Rose, Rosenblum, Mai...",4,11
329583,https://www.banking.senate.gov/hearings/housing-for-native-americans-review-of-federal-programs-barriers-and-opportunities,hearing,5,5
329585,https://www.epw.senate.gov/public/index.cfm/hearings?ID=B7B4D8A8-6EDA-4907-82BB-2E86E2117DB3,PFAS: the View from Affected Citizens and States - Hearings - U.S. Senate Committee on Environment and Public Works,4,5
329620,https://www.appropriations.senate.gov/hearings/fiscal-year-2022-budget-request-for-the-us-department-of-agriculture,Hearing,2,1
329621,https://www.foreign.senate.gov/hearings/nominations-060921,Hearing: [2021-06-09] Nominations,6,7
329640,https://www.help.senate.gov/hearings/nominations-of-dawn-oconnell-to-be-assistant-secretary-for-preparedness-and-response-and-miriam-delphin-rittmon-to-be-assistant-secretary-for-mental-health-and-substance-use,Nominations of Dawn O’Connell to be Assi...,2,3
329641,https://www.hsgac.senate.gov/hearings/threats-to-critical-infrastructure-examining-the-colonial-pipeline-cyber-attack/,Threats to Critical Infrastructure: Examining the Colonial Pipeline Cyber Attack - Committee on Homeland Security & Governmental Affairs,1,1
329642,https://www.appropriations.senate.gov/hearings/air-force-and-space-force-budget,Hearing,3,1
329660,https://www.energy.senate.gov/hearings/hearings-2021-6-full-committee-hearing-to-examine-the-president-s-fy-2022-budget-request-for-the-department-of-energy/,Full Committee Hearing to Examine the President’s FY 2022 Budget Request for the Department of Energy – U.S. Senate Committee on Energy and Natural Resources,1,3
329662,https://www.armed-services.senate.gov/hearings/the-united-states-strategic-competition-with-china,The United States’ strategic competition...,4,6
329663,https://www.energy.senate.gov/hearings/hearings-2021-6-nominations-hearing/,Full Committee Hearing to Consider Pending Nominations – U.S. Senate Committee on Energy and Natural Resources,4,10
329664,https://www.appropriations.senate.gov/hearings/a-review-of-the-fiscal-year-2022-budget-submission-for-the-us-army-corps-of-engineers-and-the-bureau-of-reclamation,Hearing,3,3
329665,https://www.armed-services.senate.gov/hearings/navy-and-marine-corps-investment-programs-in-review-of-the-defense-authorization-request-for-fiscal-year-2022,Navy and Marine Corps investment program...,3,2
329666,https://www.foreign.senate.gov/hearings/review-of-the-fy-2022-state-department-budget-request,Hearing: [2021-06-08] Review of the FY 2022 State Department Budget...,1,1
329667,https://www.budget.senate.gov/hearings/the-presidents-fiscal-year-2022-budget-proposal,Hearing,1,1
329681,https://www.indian.senate.gov/hearings/nomination-hearing-consider-bryan-todd-newland-serve-assistant-secretary-indian-affairs-us/,"Nomination Hearing to consider Bryan Todd Newland to serve as Assistant Secretary for Indian Affairs, U.S. Department of the Interior - Indian Affairs Committee",1,2
329682,https://www.veterans.senate.gov/2021/6/a-system-to-better-serve-americas-veterans-investing-in-vas-infrastructure,A System to Better Serve America's Veterans: Investing in VA's Infrastructure -...,4,5
329683,https://www.appropriations.senate.gov/hearings/fiscal-year-2022-budget-request-for-the-environmental-protection-agency,Hearing,1,1
329684,https://www.judiciary.senate.gov/committee-activity/hearings/06/02/2021/nominations,Nominations,5,5
329686,https://www.armed-services.senate.gov/hearings/missile-defense-strategy-policies-and-programs-in-review-of-the-defense-authorization-request-for-fiscal-year-2022-and-the-future-years-defense-program,"Missile defense strategy, policies, and ...",6,7
329687,https://www.appropriations.senate.gov/hearings/fiscal-year-2022-budget-request-for-the-food-and-drug-administration,Hearing,1,1
329688,https://www.appropriations.senate.gov/hearings/hearing-on-the-presidents-fiscal-year-2022-budget-request-for-the-united-states-department-of-health-and-human-services,Hearing,1,1
329689,https://www.appropriations.senate.gov/hearings/a-review-of-the-presidents-fy-2022-funding-request-and-budget-justification-for-the-us-department-of-housing-and-urban-development-,Hearing,1,0
329690,https://www.sbc.senate.gov/public/index.cfm/hearings?ID=18B1A3EC-5BAD-4ED9-B7E1-DCCAF3034157,Review of the Small Business Investment Company Program - Hearings - U.S. Committee on Small Business & Entrepreneurship,2,2
329691,https://www.banking.senate.gov/hearings/building-a-stronger-financial-system-opportunities-of-a-central-bank-digital-currency,hearing,4,6
329692,https://www.commerce.senate.gov/meetings/ncaa-athlete-nil-rights/,"NCAA Athlete NIL Rights - U.S. Senate Committee on Commerce, Science, & Transportation",6,6
329693,https://www.foreign.senate.gov/hearings/us-policy-on-belarus-060921,Hearing: [2021-06-09] U.S. Policy on Belarus,3,4
329696,https://www.hsgac.senate.gov/hearings/nominations-of-robin-carnahan-to-be-administrator-general-services-administration-jen-easterly-to-be-director-cybersecurity-and-infrastructure-security-agency-dhs-and-chris-inglis-to-be-national-cyber/,"Nominations of Robin Carnahan to be Administrator, General Services Administration; Jen Easterly to be Director, Cybersecurity and Infrastructure Security Agency, DHS; and Chris Inglis to be National Cyber Director - Committee on Homeland Security & Governmental Affairs",3,3
329700,https://www.foreign.senate.gov/hearings/atrocities-in-xinjiang-where-do-we-go-from-here-061021,Hearing: [2021-06-10] Atrocities in Xinjiang: Where Do We Go From...,3,4
329702,https://www.appropriations.senate.gov/hearings/a-review-of-the-fy22-state-department-budget-request1,Hearing,1,1
329703,https://www.finance.senate.gov/hearings/the-presidents-fy-2022-hhs-budget,[2021-06-10] Hearing: The President’s FY 2022 HHS Budget,1,4
329705,https://www.finance.senate.gov/hearings/hearing-to-consider-the-pending-nominations-of-lily-lawrence-batchelder-to-be-an-assistant-secretary-of-the-treasury-benjamin-harris-to-be-an-assistant-secretary-of-the-treasury-j-nellie-liang-to-be-an-under-secretary-of-the-treasury-and-jonathan-davidson-to-be-deputy-under-secretary-of-the-treasury,"[2021-05-25] Hearing: Hearing to Consider the Pending Nominations of Lily Lawrence Batchelder to be an Assistant Secretary of the Treasury, Benjamin Harris to be an Assistant Secretary of the Treasury, J. Nellie Liang to be an Under Secretary of the Treasury, and Jonathan Davidson to be Deputy Under Secretary of the Treasury",4,9
329720,https://www.energy.senate.gov/hearings/hearings-2021-6-public-lands-forests-mining-subcommittee-legislative-hearing/,"Public Lands, Forests, & Mining Subcommittee Legislative Hearing – U.S. Senate Committee on Energy and Natural Resources",11,7
329721,https://www.judiciary.senate.gov/committee-activity/hearings/protecting-competition-and-innovation-in-home-technologies,Protecting Competition and Innovation in...,5,8
329722,https://www.appropriations.senate.gov/hearings/a-review-of-the-presidents-fiscal-year-2022-funding-request-for-the-us-department-of-justice,Hearing,1,1
329726,https://www.appropriations.senate.gov/hearings/fiscal-year-2022-budget-request-for-the-department-of-the-interior,Hearing,1,1
329728,https://www.appropriations.senate.gov/hearings/hearing-on-the-presidents-fiscal-year-2022-budget-request-for-the-united-states-department-of-education,Hearing,1,1
329729,https://www.appropriations.senate.gov/hearings/review-of-the-fy-2022-budget-request-for-the-national-aeronautics-and-space-administration,Hearing,1,1
329730,https://www.appropriations.senate.gov/hearings/a-review-of-the-presidents-fy-2022-funding-request-and-budget-justification-for-the-us-department-of-transportation-,Hearing,1,1
329731,https://www.armed-services.senate.gov/hearings/army-modernization-in-review-of-the-defense-authorization-request-for-fiscal-year-2022-,Army Modernization in review of the Defe...,3,2
329732,https://www.finance.senate.gov/hearings/mental-health-care-in-america-addressing-root-causes-and-identifying-policy-solutions,[2021-06-15] Hearing: Mental Health Care in America: Addressing Root Causes and Identifying Policy Solutions,4,7
329733,https://www.commerce.senate.gov/meetings/subcommittee-the-state-of-outdoor-tourism-recreation-ecotourism/,"Subcommittee: The State of Outdoor Tourism, Recreation, & Ecotourism - U.S. Senate Committee on Commerce, Science, & Transportation",4,4
329735,https://www.foreign.senate.gov/hearings/nominations-061521,Hearing: [2021-06-15] Nominations,3,4
329741,https://www.veterans.senate.gov/2021/6/review-of-the-fiscal-year-2022-budget-and-2023-advance-appropriations-requests_for-the-department-of-veterans-affairs,Review of the Fiscal Year 2022 Budget and 2023 Advance Appropriations Requests...,4,6
329743,https://www.hsgac.senate.gov/subcommittees/gobm/hearings/improving-security-trade-and-travel-at-land-ports-of-entry-at-the-southwest-border/,"Improving Security, Trade, and Travel at Land Ports of Entry at the Southwest Border - Committee on Homeland Security & Governmental Affairs",4,6
329744,https://www.armed-services.senate.gov/hearings/united-states-nuclear-deterrence-policy-and-strategy-,United States Nuclear Deterrence Policy ...,5,5
329745,https://www.epw.senate.gov/public/index.cfm/hearings?ID=8A8E58A2-0923-42A8-82B2-D9EF854369E7,"Hearing on the Nominations of Jeffrey Prieto to be General Counsel of the Environmental Protection Agency, Jane Nishida to be Assistant Administrator for International and Tribal Affairs of the Environmental Protection Agency, and Alejandra Castillo to be Assistant Secretary for Economic Development of the Department of Commerce - Hearings - U.S. Senate Committee on Environment and Public Works",3,4
329746,https://www.appropriations.senate.gov/hearings/review-of-the-fy2022-budget-request-for-military-construction-and-family-housing,Hearing,5,5
329747,https://www.rules.senate.gov/hearings/oversight-of-the-us-capitol-police-following-the-january-6th-attack-on-the-capitol,Hearing: [2021-06-16] Oversight of the U.S. Capitol Police following...,1,4
329763,https://www.judiciary.senate.gov/committee-activity/hearings/protecting-roe-why-we-need-the-womens-health-protection-act,Protecting Roe: Why We Need the Women’s ...,5,6
329764,https://www.finance.senate.gov/hearings/hearing-on-the-presidents-fiscal-year-2022-budget,[2021-06-16] Hearing: Hearing on the President’s Fiscal Year 2022 Budget,1,4
329780,https://www.help.senate.gov/hearings/covid-19-response-and-recovery-supporting-the-needs-of-students-in-higher-education-and-lessons-on-safely-returning-to-campus-on-safely-returning-to-campus,COVID-19 Response and Recovery: Supporti...,4,5
329781,https://www.hsgac.senate.gov/subcommittees/etso/hearings/addressing-emerging-cybersecurity-threats-to-state-and-local-government/,Addressing Emerging Cybersecurity Threats to State and Local Government - Committee on Homeland Security & Governmental Affairs,5,8
329782,https://www.aging.senate.gov/hearings/-21st-century-caregiving-supporting-workers-family-caregivers-seniors-and-people-with-disabilities,21st Century Caregiving: Supporting Wor...,4,7
329784,https://www.armed-services.senate.gov/hearings/nominations_-krass-jones-ratner-skelly-berger,"Nominations - Krass, Jones, Ratner, Skel...",5,11
329786,https://www.energy.senate.gov/hearings/hearings-2021-6-full-committee-hearing-to-examine-the-president-s-fy-2022-budget-request-for-the-u-s-forest-service/,Full Committee Hearing to Examine the President’s FY 2022 Budget Request for the U.S. Forest Service – U.S. Senate Committee on Energy and Natural Resources,1,3
329787,https://www.banking.senate.gov/hearings/06/10/2021/reauthorization-of-the-national-flood-insurance-program-part-ii,hearing,1,3
329802,https://www.foreign.senate.gov/hearings/strength-through-partnership-building-the-us-taiwan-relationship-061721,Hearing: [2021-06-17] Strength Through Partnership: Building the...,2,3
329803,https://www.commerce.senate.gov/meetings/ncaa-student-athletes-and-nil-rights/,"NCAA Student Athletes and NIL Rights - U.S. Senate Committee on Commerce, Science, & Transportation",4,4
329805,https://www.appropriations.senate.gov/hearings/navy-and-marine-corps-budget,Hearing,3,0
329806,https://www.energy.senate.gov/hearings/hearings-2021-6-energy-subcommittee-hearing/,Energy Subcommittee Hearing – U.S. Senate Committee on Energy and Natural Resources,3,4
329807,https://www.energy.senate.gov/hearings/hearings-2021-6-national-park-subcommittee-legislative-hearing/,National Parks Subcommittee Legislative Hearing – U.S. Senate Committee on Energy and Natural Resources,6,5
329821,https://www.help.senate.gov/hearings/vaccines-americas-shot-at-ending-the-covid-19-pandemic,Vaccines: America’s Shot at Ending the C...,4,5
329822,https://www.appropriations.senate.gov/hearings/fiscal-year-2022-budget-for-the-department-of-the-treasury,Hearing,4,1
329823,https://www.finance.senate.gov/hearings/the-strategic-benefits-of-a-multilateral-approach-to-trade-policy-in-the-asia-pacific-region,[2021-06-22] Hearing: The Strategic Benefits of a Multilateral Approach to Trade Policy in the Asia-Pacific Region,4,7
329824,https://www.commerce.senate.gov/meetings/subcommittee-building-resilient-networks/,"Subcommittee: Building Resilient Networks - U.S. Senate Committee on Commerce, Science, & Transportation",4,4
329825,https://www.appropriations.senate.gov/hearings/a-review-of-the-fiscal-year-2022-budget-submission-for-the-us-department-of-energy-including-the-national-nuclear-security-administration,Hearing,2,0
329826,https://www.banking.senate.gov/hearings/06/15/2021/nomination-hearing,hearing,2,4
329827,https://www.judiciary.senate.gov/committee-activity/hearings/protecting-real-innovations-by-improving-patent-quality,Protecting Real Innovations by Improving...,4,11
329828,https://www.agriculture.senate.gov/hearings/renewable-energy_-growth-and-opportunities-for-our-rural-economies,Renewable Energy - Growth and Opportunit...,5,6
329829,https://www.armed-services.senate.gov/hearings/modernization-efforts-of-the-department-of-the-air-force-in-review-of-the-defense-authorization-request-for-fiscal-year-2022-and-the-future-years-defense-program,Modernization efforts of the Department ...,3,2
329841,https://www.judiciary.senate.gov/committee-activity/hearings/06/16/2021/nominations,Nominations,5,5
329843,https://www.judiciary.senate.gov/committee-activity/hearings/examining-federal-sentencing-for-crack-and-powder-cocaine,Examining Federal Sentencing for Crack a...,6,11
329844,https://www.judiciary.senate.gov/committee-activity/hearings/honoring-veterans-and-military-families-an-examination-of-immigration-and-citizenship-policies-for-us-military-service-members-veterans-and-their-families,Honoring Veterans and Military Families:...,4,4
329845,https://www.armed-services.senate.gov/hearings/to-receive-testimony-on-recent-ransomware-attacks-,To receive testimony on recent ransomwar...,3,2
329846,https://www.appropriations.senate.gov/hearings/a-review-of-the-presidents-fiscal-year-2022-funding-request-for-the-federal-bureau-of-investigation1,Hearing,1,1
329847,https://www.agriculture.senate.gov/hearings/renewable-energy_-growth-and-opportunities-for-our-rural-economies,Renewable Energy - Growth and Opportunit...,5,6
329848,https://www.commerce.senate.gov/meetings/subcommittee-aviation-infrastructure-for-the-21st-century/,"Subcommittee: Aviation Infrastructure for the 21st Century - U.S. Senate Committee on Commerce, Science, & Transportation",5,5
329860,https://www.banking.senate.gov/hearings/the-role-of-child-care-in-an-equitable-post-pandemic-economy,hearing,5,5
329861,https://www.agriculture.senate.gov/hearings/examining-markets-transparency-and-prices-from-cattle-producer-to-consumer,"Examining Markets, Transparency, and Pri...",5,6
329862,https://www.epw.senate.gov/public/index.cfm/hearings?ID=D7111B8E-592E-40DC-A4EB-4745EEA31E99,The Role of Natural and Nature-Based Features in Water Resources Projects - Hearings - U.S. Senate Committee on Environment and Public Works,5,6
329863,https://www.commerce.senate.gov/meetings/nomination-hearing-12/,"Nomination Hearing - U.S. Senate Committee on Commerce, Science, & Transportation",4,3
329880,https://www.indian.senate.gov/hearings/roundtable-discussion-concrete-solutions-building-successful-foundation-native-communities/,"Roundtable discussion on “Concrete Solutions: Building a Successful Foundation for Native Communities’ Infrastructure Development"" - Indian Affairs Committee",8,0
329883,https://www.finance.senate.gov/hearings/hearing-to-consider-the-nomination-of-melanie-anne-egorin-of-the-district-of-columbia-to-be-an-assistant-secretary-of-health-and-human-services,"[2021-06-24] Hearing: Hearing to Consider the Pending Nominations of Sarah Bianchi, of Virginia, to be Deputy United States Trade Representative (Asia, Africa, Investment, Services, Textiles, and Industrial Competitiveness), with the rank of Ambassador, Jayme Ray White, of Washington, to be a Deputy United States Trade Representative (Western Hemisphere, Europe, the Middle East, Labor, and Environment), with the rank of Ambassador, and Melanie Anne Egorin, of the District of Columbia, to be an Assistant Secretary of Health and Human Services",3,9
329888,https://www.appropriations.senate.gov/hearings/a-review-of-the-fy-2022-budget-and-fy-2023-advance-appropriations-requests-for-the-department-of-veterans-affairs,Hearing,2,1
329941,https://www.foreign.senate.gov/hearings/nominations-071321,Hearing: [2021-07-13] Nominations,4,5
329942,https://www.armed-services.senate.gov/hearings/nomination_-del-toro-cisneros-miller-karlin-connor,"Nomination - Del Toro, Cisneros, Miller,...",5,12
329943,https://www.judiciary.senate.gov/committee-activity/hearings/a-prescription-for-change-cracking-down-on-anticompetitive-conduct-in-prescription-drug-markets,A Prescription for Change: Cracking Down...,5,6
329944,https://www.banking.senate.gov/hearings/07/06/2021/nomination-hearing,hearing,2,5
329946,https://www.help.senate.gov/hearings/nominations-of-catherine-lhamon-to-be-assistant-secretary-for-civil-rights-at-the-department-of-education-elizabeth-brown-to-be-general-counsel-of-the-department-of-education-and-roberto-rodriguez-to-be-assistant-secretary-for-planning-evaluation-and-policy-development-of-the-department-of-education,Nominations of Catherine Lhamon to be As...,3,4
329961,https://www.appropriations.senate.gov/hearings/a-hearing-to-review-the-fy-2022-budget-request-for-the-usps-office-of-inspector-general-and-usps-service-issues-,Hearing,4,4
329962,https://www.finance.senate.gov/hearings/defending-and-investing-in-us-competitiveness,[2021-07-14] Hearing: Defending and Investing in U.S. Competitiveness,6,9
329970,https://www.appropriations.senate.gov/hearings/hearing-on-the-presidents-fiscal-year-2022-budget-request-for-the-united-states-department-of-labor,Hearing,1,1
329971,https://www.judiciary.senate.gov/committee-activity/hearings/restoring-the-voting-rights-act-after-brnovich-and-shelby-county,Restoring the Voting Rights Act after Br...,5,8
329973,https://www.hsgac.senate.gov/hearings/nominations-of-robert-l-santos-to-be-director-us-census-bureau-us-department-of-commerce-and-ed-gonzalez-to-be-assistant-secretary-for-immigration-and-customs-enforcement-us-department-of-homeland-sec/,"Nominations of Robert L. Santos to be Director, U.S. Census Bureau, U.S. Department of Commerce, and Ed Gonzalez to be Assistant Secretary for Immigration and Customs Enforcement, U.S. Department of Homeland Security - Committee on Homeland Security & Governmental Affairs",2,4
329974,https://www.veterans.senate.gov/2021/7/va-electronic-health-records-modernization-and-the-path-ahead-07-14-21,VA Electronic Health Records: Modernization and the Path Ahead - U.S. Senate Com...,3,4
329976,https://www.judiciary.senate.gov/committee-activity/hearings/07/07/2021/nominations,Nominations,6,6
329979,https://www.aging.senate.gov/hearings/building-wealth-and-fostering-independence-creating-opportunities-to-save,Building Wealth and Fostering Independen...,4,7
329980,https://www.help.senate.gov/hearings/nominations-of-david-weil-to-be-the-administrator-of-the-wage-and-hour-division-for-the-department-of-labor-gwynne-wilcox-to-be-a-member-of-the-national-labor-relations-board-and-david-prouty-to-be-a-member-of-the-national-labor-relations-board,Nominations of David Weil to be the Admi...,3,4
329982,https://www.agriculture.senate.gov/hearings/to-consider-the-following-nomination-jennifer-l-moffitt-to-be-under-secretary-of-agriculture-for-marketing-and-regulatory-programs,To consider the following nomination: Je...,1,2
329983,https://www.commerce.senate.gov/meetings/implementing-supply-chain-resiliency/,"Implementing Supply Chain Resiliency - U.S. Senate Committee on Commerce, Science, & Transportation",6,6
330000,https://www.epw.senate.gov/public/index.cfm/hearings?ID=524520EC-E9AA-41A2-9DEA-A87D6ADFFFD9,Addressing Cybersecurity Vulnerabilities Facing Our Nation’s Physical Infrastructure - Hearings - U.S. Senate Committee on Environment and Public Works,6,7
330021,https://www.epw.senate.gov/public/index.cfm/hearings?ID=4FE47609-73C9-4A1F-BC4E-9E2E9B7A3CC4,Examining Current Issues Adversely Affecting Environmental Justice Populations - Hearings - U.S. Senate Committee on Environment and Public Works,4,5
330022,https://www.banking.senate.gov/hearings/21st-century-communities_climate-change-resilience-and-reinsurance,hearing,5,7
330023,https://www.foreign.senate.gov/hearings/-modernizing-the-state-department-for-the-21st-century-072021,Hearing: [2021-07-20] Modernizing the State Department for the 21st...,3,4
330040,https://www.appropriations.senate.gov/hearings/navy-and-air-force-weapons-systems-divestments,Hearing,3,3
330041,https://www.banking.senate.gov/hearings/safe-at-home-preserving-and-improving-federally-assisted-housing,hearing,3,5
330043,https://www.help.senate.gov/hearings/addressing-disparities-in-life-expectancy,Addressing Disparities in Life Expectanc...,3,4
330045,https://www.foreign.senate.gov/hearings/us-policy-on-turkey-071421,Hearing: [2021-07-21] U.S. Policy on Turkey,1,2
330046,https://www.foreign.senate.gov/hearings/combatting-climate-change-in-east-asia-and-the-pacific-072121,Hearing: [2021-07-21] Combatting Climate Change in East Asia and the...,7,8
330047,https://www.judiciary.senate.gov/committee-activity/hearings/immigrant-farmworkers-are-essential-to-feeding-america,Immigrant Farmworkers are Essential to F...,6,6
330060,https://www.help.senate.gov/hearings/the-right-to-organize-empowering-american-workers-in-a-21st-century-economy,The Right to Organize: Empowering Americ...,4,5
330080,https://www.hsgac.senate.gov/hearings/resources-and-authorities-needed-to-protect-and-secure-the-homeland/,Resources and Authorities Needed to Protect and Secure the Homeland - Committee on Homeland Security & Governmental Affairs,1,3
330082,https://www.foreign.senate.gov/hearings/nominations-072021,Hearing: [2021-07-20] Nominations,4,5
330083,https://www.banking.senate.gov/hearings/examining-frameworks-to-address-future-pandemic-risk,hearing,6,10
330084,https://www.commerce.senate.gov/meetings/subcommittee-space-situational-awareness-space-traffic-management-and-orbital-debris-examining-solutions-for-emerging-threats/,"Subcommittee: Space Situational Awareness, Space Traffic Management, and Orbital Debris: Examining Solutions for Emerging Threats - U.S. Senate Committee on Commerce, Science, & Transportation",5,5
330085,https://www.energy.senate.gov/hearings/hearings-2021-7-full-committee-hearing-to-examine-the-president-s-fy-2022-budget-request-for-the-department-of-the-interior/,Full Committee Hearing to Examine the President’s FY 2022 Budget Request for the Department of the Interior – U.S. Senate Committee on Energy and Natural Resources,1,3
330100,https://www.help.senate.gov/hearings/the-path-forward-building-on-lessons-learned-from-the-covid-19-pandemic,The Path Forward: Building on Lessons Le...,4,5
330121,https://www.judiciary.senate.gov/committee-activity/hearings/america-under-cyber-siege-preventing-and-responding-to-ransomware-attacks,America Under Cyber Siege: Preventing an...,4,8
330122,https://www.finance.senate.gov/hearings/implementation-and-enforcement-of-the-united-states_mexico--canada-agreement-one-year-after-entry-into-force,[2021-07-27] Hearing: Implementation and Enforcement of the United States – Mexico – Canada Agreement: One Year After Entry into Force,4,7
330123,https://www.commerce.senate.gov/meetings/pipeline-cybersecurity-protecting-critical-infrastructure/,"Pipeline Cybersecurity: Protecting Critical Infrastructure - U.S. Senate Committee on Commerce, Science, & Transportation",3,3
330124,https://www.foreign.senate.gov/hearings/nominations-072821,Hearing: [2021-07-28] Nominations Immediately Following the Business...,4,5
330125,https://www.foreign.senate.gov/hearings/nominations-072721,Hearing: [2021-07-27] Nominations,4,5
330126,https://www.banking.senate.gov/hearings/protecting-student-loan-borrowers-and-the-economy-in-upcoming-transitions,hearing,3,3
330127,https://www.energy.senate.gov/hearings/hearings-2021-7-national-parks-subcommittee-hearing/,National Parks Subcommittee Hearing – U.S. Senate Committee on Energy and Natural Resources,4,4
330128,https://www.banking.senate.gov/hearings/cryptocurrencies-what-are-they-good-for,hearing,3,5
330129,https://www.judiciary.senate.gov/committee-activity/hearings/07/21/2021/nominations,Nominations,6,6
330130,https://www.epw.senate.gov/public/index.cfm/hearings?ID=B6BD63B3-A38E-4DD1-8A53-271486DBDDA8,Examining the Benefits of Investing in USACE Water Infrastructure Projects - Hearings - U.S. Senate Committee on Environment and Public Works,4,5
330131,https://www.finance.senate.gov/hearings/building-on-bipartisan-retirement-legislation-how-can-congress-help,[2021-07-28] Hearing: Building on Bipartisan Retirement Legislation: How Can Congress Help?,4,8
330132,https://www.judiciary.senate.gov/committee-activity/hearings/beefing-up-competition-examining-americas-food-supply-chain,Beefing up Competition: Examining Americ...,6,12
330133,https://www.commerce.senate.gov/meetings/nomination-hearing-11/,"Nomination Hearing - U.S. Senate Committee on Commerce, Science, & Transportation",4,4
330134,https://www.foreign.senate.gov/hearings/us-trade-and-investment-in-africa-072821,Hearing: [2021-07-28] U.S. Trade and Investment in Africa,3,4
330141,https://www.foreign.senate.gov/hearings/authorizations-of-use-of-force-administration-perspectives-080321,Hearing: [2021-08-03] Authorizations of Use of Force: Administration...,3,3
330145,https://www.epw.senate.gov/public/index.cfm/hearings?ID=603D45A0-ED84-4A47-8D0B-3F9AFA62D9A6,"Hearing on the Nominations of Stephen A. Owens, Jennifer Beth Sass, and Sylvia E. Johnson to be members of the U.S. Chemical Safety and Hazard Investigations Board - Hearings - U.S. Senate Committee on Environment and Public Works",3,4
330147,https://www.agriculture.senate.gov/hearings/to-consider-the-following-nominations-the-honorable-xochitl-torres-small-to-be-under-secretary-of-agriculture-for-rural-development-and-the-honorable-robert-f-bonnie-to-be-under-secretary-of-agriculture-for-farm-production-and-conservation,To consider the following nominations: t...,2,3
330180,https://www.finance.senate.gov/hearings/implementation-and-enforcement-of-the-united-states_mexico--canada-agreement-one-year-after-entry-into-force,[2021-07-27] Hearing: Implementation and Enforcement of the United States – Mexico – Canada Agreement: One Year After Entry into Force,4,7
330181,https://www.banking.senate.gov/hearings/protecting-americans-from-debt-traps-by-extending-the-militarys-36-interest-rate-cap-to-everyone,hearing,9,11
330184,https://www.hsgac.senate.gov/hearings/domestic-terrorism-and-violent-extremism-examining-the-threat-of-racially-ethnically-religiously-and-politically-motivated-attacks-part-i/,"Domestic Terrorism and Violent Extremism: Examining the Threat of Racially, Ethnically, Religiously, and Politically Motivated Attacks, Part I - Committee on Homeland Security & Governmental Affairs",5,7
330201,https://www.judiciary.senate.gov/committee-activity/hearings/breaking-the-logjam-principles-and-practice-of-congressional-oversight-and-executive-privilege,Breaking the Logjam: Principles and Prac...,4,4
330202,https://www.energy.senate.gov/hearings/hearings-2021-8-full-committee-hearing-to-consider-pending-nominations/,Full Committee Hearing to Consider Pending Nominations – U.S. Senate Committee on Energy and Natural Resources,3,8
330203,https://www.judiciary.senate.gov/committee-activity/hearings/student-loan-bankruptcy-reform,Student Loan Bankruptcy Reform,5,8
330204,https://www.commerce.senate.gov/meetings/subcommittee-toxic-marketing-claims-and-their-dangers/,"Subcommittee: Toxic Marketing Claims and Their Dangers - U.S. Senate Committee on Commerce, Science, & Transportation",4,4
330205,https://www.armed-services.senate.gov/hearings/nomination_-richardson,Nomination - Richardson,1,2
330221,https://www.banking.senate.gov/hearings/protecting-consumers-from-financial-fraud-and-scams-in-the-pandemic-recovery-economy,hearing,3,3
330224,https://www.hsgac.senate.gov/hearings/examining-the-threat-of-racially-ethnically-religiously-and-politically-motivated-attacks-part-ii/,"Domestic Terrorism and Violent Extremism: Examining the Threat of Racially, Ethnically, Religiously, and Politically Motivated Attacks, Part II - Committee on Homeland Security & Governmental Affairs",4,6
330243,https://www.energy.senate.gov/hearings/hearings-2021-8-full-committee-hearing-on-the-role-of-and-programs-within-the-doe-s-office-of-science/,Full Committee Hearing On The Role Of And Programs Within the DOE’s Office Of Science – U.S. Senate Committee on Energy and Natural Resources,3,5
330244,https://www.banking.senate.gov/hearings/07/29/2021/nomination-hearing,hearing,3,8
330263,https://www.agriculture.senate.gov/hearings/to-consider-the-following-nomination-dr-homer-l-wilkes-to-be-under-secretary-of-agriculture-for-natural-resources-and-environment,To consider the following nomination: Dr...,1,2
330280,https://www.foreign.senate.gov/hearings/nominations-080521,Hearing: [2021-08-05] Nominations,3,5
330300,https://www.foreign.senate.gov/hearings/us-security-assistance-in-the-middle-east-081021,Hearing: [2021-08-10] U.S. Security Assistance in the Middle East |...,2,3
330321,https://www.judiciary.senate.gov/committee-activity/hearings/08/04/2021/nominations,POSTPONED: Nominations,4,0
330380,https://www.judiciary.senate.gov/committee-activity/hearings/dereliction-of-duty-examining-the-inspector-generals-report-on-the-fbis-handling-of-the-larry-nassar-investigation,Dereliction of Duty: Examining the Inspe...,6,9
330400,https://www.judiciary.senate.gov/committee-activity/hearings/09/07/2021/nominations,Nominations,4,4
330401,https://www.foreign.senate.gov/hearings/examining-the-us-withdrawal-from-afghanistan-091421,Hearing: [2021-09-14] Examining the U.S. Withdrawal from Afghanistan |...,1,2
330402,https://www.hsgac.senate.gov/hearings/nominations-of-tovah-r-calderon-to-be-an-associate-judge-district-of-columbia-court-of-appeals-and-kenia-s-lopez-rupa-r-puttagunta-and-sean-c-staples-to-be-associate-judges-superior-court-of-the-distr/,"Nominations of Tovah R. Calderon to be an Associate Judge, District of Columbia Court of Appeals, and Kenia Seoane Lopez, Rupa R. Puttagunta, and Sean C. Staples to be Associate Judges, Superior Court of the District of Columbia - Committee on Homeland Security & Governmental Affairs",4,5
330423,https://www.agriculture.senate.gov/hearings/milk-pricing-areas-for-improvement-and-reform,Milk Pricing: Areas for Improvement and ...,6,7
330424,https://www.foreign.senate.gov/hearings/nominations-09152101,Hearing: [2021-09-15] Nominations,4,5
330425,https://www.foreign.senate.gov/hearings/nominations-09152102,Hearing: [2021-09-15] Nominations,5,6
330426,https://www.energy.senate.gov/hearings/hearings-2021-9-full-committee-hearing-to-consider-pending-nominations/,Full Committee Hearing to Consider Pending Nominations – U.S. Senate Committee on Energy and Natural Resources,3,8
330429,https://www.hsgac.senate.gov/hearings/threats-to-the-homeland-evaluating-the-landscape-20-years-after-9-11/,Threats to the Homeland: Evaluating the Landscape 20 Years After 9/11 - Committee on Homeland Security & Governmental Affairs,3,5
330440,https://www.finance.senate.gov/hearings/policy-options-for-improving-ssi,[2021-09-21] Hearing: Policy Options for Improving SSI,4,7
330441,https://www.epw.senate.gov/public/index.cfm/hearings?ID=D970CDAA-CAF0-4745-9125-05724D70E9C6,"Hearing on the Nominations of Amanda Howe to be Assistant Administrator for Mission Support of the Environmental Protection Agency, David Uhlmann to be Assistant Administrator for Enforcement and Compliance Assurance of the Environmental Protection Agency, and Carlton Waterhouse to be Assistant Administrator of Land and Emergency Management of the Environmental Protection Agency. - Hearings - U.S. Senate Committee on Environment and Public Works",3,5
330443,https://www.judiciary.senate.gov/committee-activity/hearings/big-data-big-questions-implications-for-competition-and-consumers,"Big Data, Big Questions: Implications fo...",5,10
330444,https://www.hsgac.senate.gov/hearings/nominations-of-cathy-a-harris-to-be-a-member-and-chair-and-tristan-l-leavitt-and-raymond-a-limon-to-be-members-merit-systems-protection-board/,"Nominations of Cathy A. Harris to be a Member and Chair, and Tristan L. Leavitt and Raymond A. Limon to be Members, Merit Systems Protection Board - Committee on Homeland Security & Governmental Affairs",3,5
330445,https://www.banking.senate.gov/hearings/09/14/2021/nomination-hearing,hearing,4,10
330460,https://www.help.senate.gov/hearings/getting-america-ready-to-work_successful-on-the-job-apprenticeship-training-programs-to-help-workers-and-business-get-ready-to-work,Getting America Ready to Work – Successf...,3,4
330461,https://www.commerce.senate.gov/meetings/subcommittee-legislative-solutions-to-revive-travel-and-tourism-and-create-jobs/,"Subcommittee: Legislative Solutions to Revive Travel and Tourism and Create Jobs - U.S. Senate Committee on Commerce, Science, & Transportation",4,4
330464,https://www.finance.senate.gov/hearings/hearing-to-consider-the-nominations-of-christi-a-grimm-of-colorado-to-be-inspector-general-department-of-health-and-human-services-and-neil-harvey-macbride-of-virginia-to-be-general-counsel-for-the-department-of-the-treasury_,"[2021-09-22] Hearing: Hearing to Consider the Nominations of Christi A. Grimm, of Colorado, to be Inspector General, Department of Health and Human Services and Neil Harvey MacBride, of Virginia, to be General Counsel for the Department of the Treasury.",2,7
330480,https://www.judiciary.senate.gov/committee-activity/hearings/restoring-the-voting-rights-act-combating-discriminatory-abuses,Restoring the Voting Rights Act: Combati...,5,9
330481,https://www.hsgac.senate.gov/hearings/national-cybersecurity-strategy-protection-of-federal-and-critical-infrastructure-systems/,National Cybersecurity Strategy: Protection of Federal and Critical Infrastructure Systems - Committee on Homeland Security & Governmental Affairs,3,5
330482,https://www.aging.senate.gov/hearings/frauds-scams-and-covid-19-how-con-artists-have-targeted-older-americans-during-the-pandemic,"Frauds, Scams and COVID-19: How Con Arti...",4,7
330485,https://www.armed-services.senate.gov/hearings/nomination_-van-ovost,Nomination - Van Ovost,1,3
330502,https://www.foreign.senate.gov/hearings/nominations-09292102,Hearing: [2021-09-29] Nominations,7,8
330503,https://www.foreign.senate.gov/hearings/nominations-09222101,Hearing: [2021-09-22] Nominations,5,6
330504,https://www.energy.senate.gov/hearings/hearings-2021-9-full-committee-hearing-to-review-administration-of-laws-within-ferc-jurisdiction/,Full Committee Hearing To Review Administration Of Laws Within FERC’s Jurisdiction – U.S. Senate Committee on Energy and Natural Resources,4,6
330520,https://www.hsgac.senate.gov/subcommittees/etso/hearings/existing-resources-and-innovations-needed-to-replace-legacy-it-and-save-taxpayer-dollars/,Existing Resources and Innovations Needed to Replace Legacy IT and Save Taxpayer Dollars - Committee on Homeland Security & Governmental Affairs,3,5
330521,https://www.banking.senate.gov/hearings/cares-act-oversight-of-the-treasury-and-federal-reserve-supporting-an-equitable-pandemic-recovery,hearing,2,4
330523,https://www.judiciary.senate.gov/committee-activity/hearings/toxic-conservatorships-the-need-for-reform,Toxic Conservatorships: The Need for Ref...,5,7
330540,https://www.hsgac.senate.gov/hearings/addressing-the-threat-of-worsening-natural-disasters/,Addressing the Threat of Worsening Natural Disasters - Committee on Homeland Security & Governmental Affairs,4,6
330541,https://www.foreign.senate.gov/hearings/nominations-092821,Hearing: [2021-09-28] Nominations,4,6
330543,https://www.epw.senate.gov/public/index.cfm/hearings?ID=6A08923A-AA31-4879-A693-C6F69D291AE9,The U.S. Army Corps of Engineers Emergency Response to Hurricane Ida - Hearings - U.S. Senate Committee on Environment and Public Works,3,4
330544,https://www.commerce.senate.gov/meetings/protecting-consumer-privacy/,"Protecting Consumer Privacy - U.S. Senate Committee on Commerce, Science, & Transportation",4,4
330546,https://www.judiciary.senate.gov/committee-activity/hearings/texass-unconstitutional-abortion-ban-and-the-role-of-the-shadow-docket,Texas’s Unconstitutional Abortion Ban an...,5,8
330560,https://www.help.senate.gov/hearings/school-reopening-during-covid-19-supporting-students-educators-and-families,School Reopening During COVID-19: Suppor...,2,3
330563,https://www.armed-services.senate.gov/hearings/to-receive-testimony-on-afghanistan,To receive testimony on Afghanistan,2,5
330564,https://www.commerce.senate.gov/meetings/subcommittee-protecting-kids-online-facebook-instagram-and-mental-health-harms/,"Subcommittee: Protecting Kids Online: Facebook, Instagram, and Mental Health Harms - U.S. Senate Committee on Commerce, Science, & Transportation",1,1
330566,https://www.energy.senate.gov/hearings/hearings-2021-10-full-committee-to-examine-and-consider-updates-to-the-mining-law-of-1872/,Full Committee To Examine And Consider Updates To The Mining Law Of 1872 – U.S. Senate Committee on Energy and Natural Resources,5,7
330567,https://www.banking.senate.gov/hearings/09/23/2021/nomination-hearing,hearing,3,8
330581,https://www.foreign.senate.gov/hearings/nominations-093021,Hearing: [2021-09-30] Nominations,4,5
330600,https://www.energy.senate.gov/hearings/hearings-2021-10-water-power-subcommittee-hearing/,Water & Power Subcommittee Hearing – U.S. Senate Committee on Energy and Natural Resources,4,5
330601,https://www.armed-services.senate.gov/hearings/nomination_-camarillo-hunter-jacobson-wagner,"Nomination - Camarillo, Hunter, Jacobson...",4,9
330603,https://www.commerce.senate.gov/meetings/subcommittee-protecting-kids-online-testimony-from-a-facebook-whistleblower/,"Subcommittee: Protecting Kids Online: Testimony from a Facebook Whistleblower - U.S. Senate Committee on Commerce, Science, & Transportation",1,1
330620,https://www.foreign.senate.gov/hearings/nominations-10052102foreign100521pforeign100521pforeign100521pforeign100521p,Hearing: [2021-10-05] Nominations,4,5
330621,https://www.veterans.senate.gov/2021/10/hearing-to-consider-pending-nominations-100621,Hearing to Consider Pending Nominations - U.S. Senate Committee on Veterans' Aff...,2,3
330623,https://www.rules.senate.gov/hearings/oversight-of-library-of-congress-modernization-efforts,Hearing: [2021-10-20] Oversight of Library of Congress Modernization...,4,11
330624,https://www.judiciary.senate.gov/committee-activity/hearings/09/29/2021/nominations,Nominations,6,6
330625,https://www.judiciary.senate.gov/committee-activity/hearings/protecting-a-precious-almost-sacred-right-the-john-r-lewis-voting-rights-advancement-act,"Protecting a Precious, Almost Sacred Rig...",5,10
330626,https://www.commerce.senate.gov/meetings/enhancing-data-security/,"Enhancing Data Security - U.S. Senate Committee on Commerce, Science, & Transportation",4,4
330640,https://www.help.senate.gov/hearings/nominations-of-lisa-gomez-to-be-the-assistant-secretary-for-employee-benefits-security-department-of-labor-and-jose-javier-rodriguez-to-be-the-assistant-secretary-for-employment-and-training-department-of-labor,Nominations of Lisa Gomez to be the Assi...,2,3
330641,https://www.armed-services.senate.gov/hearings/nominations_-honey-fulton-hinderstein,"Nominations - Honey, Fulton, Hinderstein",3,7
330642,https://www.indian.senate.gov/hearings/legislative-hearing-receive-testimony-s-648-s-1911/,Legislative Hearing to receive testimony on S. 648 & S. 1911 - Indian Affairs Committee,3,4
330646,https://www.banking.senate.gov/hearings/09/30/2021/nomination-hearing,hearing,4,7
330647,https://www.commerce.senate.gov/meetings/subcommittee-state-of-telehealth-removing-barriers-to-access-and-improving-patient-outcomes/,"Subcommittee: State of Telehealth: Removing Barriers to Access and Improving Patient Outcomes - U.S. Senate Committee on Commerce, Science, & Transportation",4,4
330648,https://www.foreign.senate.gov/hearings/nominations-10052101,Hearing: [2021-10-05] Nominations,3,4
330660,https://www.epw.senate.gov/public/index.cfm/hearings?ID=A426A1B2-B066-4128-86A1-08578A1FBC34,Evaluating the Federal Response to the Persistence and Impacts of PFAS Chemicals on our Environment - Hearings - U.S. Senate Committee on Environment and Public Works,1,2
330700,https://www.energy.senate.gov/hearings/hearings-2021-10-full-committee-hearing-to-consider-pending-nominations/,Full Committee Hearing to Consider Pending Nominations – U.S. Senate Committee on Energy and Natural Resources,3,8
330701,https://www.energy.senate.gov/hearings/hearings-2021-10-public-lands-forests-mining-subcommittee-legislative-hearing/,"Public Lands, Forests, & Mining Subcommittee Legislative Hearing – U.S. Senate Committee on Energy and Natural Resources",4,3
330720,https://www.hsgac.senate.gov/hearings/nominations-of-the-honorable-ernest-w-dubester-and-the-honorable-susan-t-grundmann-to-be-members-federal-labor-relations-authority-and-kurt-t-rumsfeld-to-be-general-counsel-federal-labor-relations-aut/,"Nominations of the Honorable Ernest W. DuBester and the Honorable Susan T. Grundmann to be Members, Federal Labor Relations Authority, and Kurt T. Rumsfeld to be General Counsel, Federal Labor Relations Authority - Committee on Homeland Security & Governmental Affairs",3,5
330740,https://www.indian.senate.gov/hearings/roundtable-discussion-investing-economic-sovereignty-leveraging-federal-financing-new-and/,Roundtable discussion on “Investing in Economic Sovereignty: Leveraging Federal Financing for New and Sustained Development in Native Communities” - Indian Affairs Committee,9,0
330741,https://www.finance.senate.gov/hearings/health-insurance-coverage-in-america-current-and-future-role-of-federal-programs,[2021-10-20] Hearing: Health Insurance Coverage in America: Current and Future Role of Federal Programs,6,7
330742,https://www.judiciary.senate.gov/committee-activity/hearings/restoring-the-voting-rights-act-protecting-the-native-american-and-alaska-native-vote,Restoring the Voting Rights Act: Protect...,5,7
330745,https://www.judiciary.senate.gov/committee-activity/hearings/10/13/2021/nominations,Nominations,6,6
330748,https://www.foreign.senate.gov/hearings/nominations_-immediately-following-the-business-meeting-102021,Hearing: [2021-10-20] Nominations,3,4
330749,https://www.commerce.senate.gov/meetings/subcommittee-coast-guard-oversight/,"Subcommittee: Coast Guard Oversight - U.S. Senate Committee on Commerce, Science, & Transportation",2,2
330750,https://www.armed-services.senate.gov/hearings/nomination_-guertin-baker-coffey-bush,"Nomination - Guertin, Baker, Coffey, Bus...",4,11
330751,https://www.energy.senate.gov/hearings/hearings-2021-10-hearing-to-consider-pending-legislation/,Hearing To Consider Pending Legislation – U.S. Senate Committee on Energy and Natural Resources,5,7
330752,https://www.judiciary.senate.gov/committee-activity/hearings/pride-in-patent-ownership-the-value-of-knowing-who-owns-a-patent,Pride in Patent Ownership: The Value of ...,4,8
330753,https://www.banking.senate.gov/hearings/international-policy-update-the-treasury-departments-sanctions-policy-review-and-other-issues,hearing,1,3
330754,https://www.finance.senate.gov/hearings/hearing-to-consider-the-nomination-of-chris-magnus-of-arizona-to-be-commissioner-of-us-customs-and-border-protection-department-of-homeland-security-vice-kevin-k-mcaleenan-resigned-,"[2021-10-19] Hearing: Hearing to Consider the Nomination of Chris Magnus, of Arizona, to be Commissioner of U.S. Customs and Border Protection, Department of Homeland Security, vice Kevin K. McAleenan, resigned.",1,5
330758,https://www.banking.senate.gov/hearings/protecting-companies-and-communities-from-private-equity-abuse,hearing,6,6
330759,https://www.commerce.senate.gov/meetings/subcommittee-international-collaboration-and-competition-in-space-oversight-of-nasas-role-and-programs/,"Subcommittee: International Collaboration and Competition in Space: Oversight of NASA’s Role and Programs - U.S. Senate Committee on Commerce, Science, & Transportation",5,4
330760,https://www.judiciary.senate.gov/committee-activity/hearings/10/20/2021/oversight-of-the-department-of-homeland-security,Oversight of the Department of Homeland ...,1,4
330780,https://www.banking.senate.gov/hearings/how-private-equity-landlords-are-changing-the-housing-market,hearing,5,7
330781,https://www.foreign.senate.gov/hearings/nominations10202102,Hearing: [2021-10-20] Nominations,7,8
330782,https://www.epw.senate.gov/public/index.cfm/hearings?ID=256D08CE-44DC-47B4-9663-F9AC5AA8950E,Examining Programs at the Economic Development Administration - Hearings - U.S. Senate Committee on Environment and Public Works,5,6
330783,https://www.foreign.senate.gov/hearings/training-the-department-of-states-workforce-for-21st-century-diplomacy-110221,Hearing: [2021-11-02] Training the Department of State's Workforce for...,3,4
330802,https://www.epw.senate.gov/public/index.cfm/hearings?ID=A654BF51-1207-411A-BD0E-914CCFBDB60B,"Hearing on the Nominations of Christopher Frey to be Assistant Administrator for Research and Development, at the Environmental Protection Agency and Jennifer Clyburn Reed to be Federal Co-Chair of the Southeast Crescent Regional Commission - Hearings - U.S. Senate Committee on Environment and Public Works",2,3
330803,https://www.rules.senate.gov/hearings/emerging-threats-to-election-administration,Hearing: [2021-10-26] Emerging Threats to Election Administration |...,5,8
330804,https://www.aging.senate.gov/hearings/a-financially-secure-future-building-a-stronger-retirement-system-for-all-americans,A Financially Secure Future: Building a ...,4,7
330806,https://www.finance.senate.gov/hearings/hearing-to-consider-the-nominations-of-maria-l-pagan-of-puerto-rico-to-be-a-deputy-united-states-trade-representative-geneva-office-with-the-rank-of-ambassador-brent-neiman-of-illinois-to-be-a-deputy-under-secretary-of-the-treasury-for-international-finance-and-development-joshua-frost-of-new-york-to-be-an-assistant-secretary-of-the-treasury-for-financial-markets-samuel-r-bagenstos-of-michigan-to-be-general-counsel-of-the-department-of-health-and-human-services-and-christopher-s-wilson-of-the-district-of-columbia-to-be-chief-innovation-and-intellectual-property-negotiator-office-of-the-united-states-trade-representative-with-the-rank-of-ambassador,"[2021-10-26] Hearing: Hearing to Consider the Nominations of Maria L. Pagan, of Puerto Rico, to be a Deputy United States Trade Representative (Geneva Office), with the rank of Ambassador, Brent Neiman, of Illinois, to be a Deputy Under Secretary of the Treasury for International Finance and Development, Joshua Frost, of New York, to be an Assistant Secretary of the Treasury for Financial Markets, Samuel R. Bagenstos, of Michigan, to be General Counsel of the Department of Health and Human Services, and Christopher S. Wilson, of the District of Columbia, to be Chief Innovation and Intellectual Property Negotiator, Office of the United States Trade Representative, with the rank of Ambassador.",5,13
330807,https://www.banking.senate.gov/hearings/10/19/2021/nomination-hearing,hearing,2,6
330808,https://www.commerce.senate.gov/meetings/subcommittee-protecting-kids-online-snapchat-tiktok-and-youtube/,"Subcommittee: Protecting Kids Online: Snapchat, TikTok, and YouTube - U.S. Senate Committee on Commerce, Science, & Transportation",3,3
330820,https://www.foreign.senate.gov/hearings/nominations102621,Hearing: [2021-10-26] Nominations,5,6
330821,https://www.veterans.senate.gov/2021/10/success-after-service-improving-veterans-employment-education-and-home-loan-opportunities10-27-21,"Success After Service: Improving Veterans’ Employment, Education, and Home Loan...",6,7
330822,https://www.judiciary.senate.gov/committee-activity/hearings/10/20/2021/oversight-of-the-department-of-justice,Oversight of the Department of Justice,1,3
330823,https://www.hsgac.senate.gov/subcommittees/gobm/hearings/strategies-for-improving-critical-energy-infrastructure/,Strategies for Improving Critical Energy Infrastructure - Committee on Homeland Security & Governmental Affairs,5,5
330824,https://www.hsgac.senate.gov/hearings/social-media-platforms-and-the-amplification-of-domestic-extremism-and-other-harmful-content/,Social Media Platforms and the Amplification of Domestic Extremism & Other Harmful Content - Committee on Homeland Security & Governmental Affairs,5,6
330826,https://www.agriculture.senate.gov/hearings/to-consider-the-following-nomination-the-honorable-rostin-behnam-of-maryland-to-be-chairman-and-a-commissioner-of-the-commodity-futures-trading-commission,To consider the following nomination: Th...,1,2
330829,https://www.foreign.senate.gov/hearings/black-sea-security-reviving-us-policy-toward-the-region102721,Hearing: [2021-10-27] Black Sea Security: Reviving U.S. Policy Toward...,3,4
330860,https://www.banking.senate.gov/hearings/new-era-for-consumer-protection-the-consumer-financial-protection-bureaus-semi-annual-report-to-congress,hearing,1,3
330861,https://www.armed-services.senate.gov/hearings/nominations_-sherman-vazirani-ricci,"Nominations - Sherman, Vazirani, Ricci",3,7
330880,https://www.judiciary.senate.gov/committee-activity/hearings/cleaning-up-online-marketplaces-protecting-against-stolen-counterfeit-and-unsafe-goods,Cleaning Up Online Marketplaces: Protect...,4,7
330881,https://www.agriculture.senate.gov/hearings/the-state-of-nutrition-in-america-2021,The State of Nutrition in America 2021,5,6
330900,https://www.banking.senate.gov/hearings/the-libor-transition-protecting-consumers-and-investors,hearing,4,6
330901,https://www.judiciary.senate.gov/committee-activity/hearings/10/27/2021/nominations,Nominations,6,6
330902,https://www.veterans.senate.gov/2021/11/va-and-dod-collaboration-improving-outcomes-for-servicemembers-and-veterans11-3-21,VA and DoD Collaboration: Improving Outcomes for Servicemembers and Veterans - U...,5,6
330905,https://www.commerce.senate.gov/meetings/implementation-of-aviation-safety-reform/,"Implementation of Aviation Safety Reform - U.S. Senate Committee on Commerce, Science, & Transportation",1,1
330924,https://www.help.senate.gov/hearings/next-steps-the-road-ahead-for-the-covid-19-response,Next Steps: The Road Ahead for the COVID...,4,5
330926,https://www.energy.senate.gov/hearings/hearings-2021-11-full-committee-hearing-on-potential-non-electric-applications-of-civilian-nuclear-energy/,Full Committee Hearing On Potential Non-Electric Applications Of Civilian Nuclear Energy – U.S. Senate Committee on Energy and Natural Resources,3,5
330930,https://www.foreign.senate.gov/hearings/nominations110221,Hearing: [2021-11-02] Nominations,4,5
330980,https://www.epw.senate.gov/public/index.cfm/hearings?ID=85632347-8A00-4685-B55D-D2AE7C6ED641,Hearing on the Nomination of Martha Williams to be Director of the U.S. Fish and Wildlife Service of the Department of the Interior - Hearings - U.S. Senate Committee on Environment and Public Works,1,2
331021,https://www.hsgac.senate.gov/subcommittees/gobm/hearings/federal-government-perspective-improving-security-trade-and-travel-flows-at-the-southwest-border-ports-of-entry/,"Federal Government Perspective: Improving Security, Trade, and Travel Flows at the Southwest Border Ports of Entry - Committee on Homeland Security & Governmental Affairs",3,3
331022,https://www.finance.senate.gov/hearings/hearing-to-consider-the-nomination-of-lisa-w-wang-of-the-district-of-columbia-to-be-an-assistant-secretary-of-commerce-vice-jeffrey-kessler,"[2021-11-16] Hearing: Hearing to Consider the Nominations of The Honorable Maria Louise Lago, of New York, to be Under Secretary of Commerce for International Trade and Lisa W. Wang, of the District of Columbia, to be an Assistant Secretary of Commerce",2,7
331023,https://www.judiciary.senate.gov/committee-activity/hearings/11/17/2021/nominations,Nominations,4,4
331024,https://www.hsgac.senate.gov/hearings/nominations-of-erik-a-hooks-to-be-deputy-administrator-federal-emergency-management-agency-us-department-of-homeland-security-the-honorable-michael-kubayanda-to-be-a-commissioner-postal-regulatory-com/,"Nominations of Erik A. Hooks to be Deputy Administrator, Federal Emergency Management Agency, U.S. Department of Homeland Security; the Honorable Michael Kubayanda to be a Commissioner, Postal Regulatory Commission; Laurel A. Blatchford to be Controller, Office of Federal Financial Management, Office of Management and Budget; and Ebony M. Scott and Donald W. Tunnage to be Associate Judges, Superior Court of the District of Columbia - Committee on Homeland Security & Governmental Affairs",5,7
331025,https://www.aging.senate.gov/hearings/inclusive-disaster-management-improving-preparedness-response-and-recovery,Inclusive Disaster Management: Improving...,4,7
331031,https://www.foreign.senate.gov/hearings/afghanistan-2001-2021-us-policy-lessons-learned-111721,Hearing: [2021-11-17] Afghanistan 2001-2021: U.S. Policy Lessons...,2,3
331032,https://www.banking.senate.gov/hearings/11/10/2021/nomination-hearing,hearing,1,3
331040,https://www.agriculture.senate.gov/hearings/to-consider-the-following-nominations-chavonda-j-jacobs-young-to-be-under-secretary-of-agriculture-for-research-education-and-economics-usda-and-margo-schlanger-to-be-an-assistant-secretary-of-agriculture-usda,To consider the following nominations: C...,2,3
331063,https://www.foreign.senate.gov/hearings/vaccine-diplomacy-in-latin-america-and-the-caribbean-the-importance-of-us-engagement,Hearing: [2021-11-18] Vaccine Diplomacy in Latin America and the...,5,6
331120,https://www.foreign.senate.gov/hearings/nominations-120121,Hearing: [2021-12-01] Nominations,4,5
331121,https://www.armed-services.senate.gov/hearings/nomination_-grady-,Nomination - Grady,1,4
331141,https://www.hsgac.senate.gov/hearings/roundtable-fedramp-reform-recommendations-to-reduce-burden-enhance-security-and-address-inefficiencies-in-the-government-cloud-authorization-process/,"ROUNDTABLE: FedRAMP Reform: Recommendations to Reduce Burden, Enhance Security, and Address Inefficiencies in the Government Cloud Authorization Process - Committee on Homeland Security & Governmental Affairs",0,2
331162,https://www.commerce.senate.gov/meetings/subcommittee-hidden-holiday-hazards-product-safety-during-the-holiday-season/,"Subcommittee: Hidden Holiday Hazards: Product Safety During the Holiday Season - U.S. Senate Committee on Commerce, Science, & Transportation",4,4
331163,https://www.foreign.senate.gov/hearings/us-policy-on-democracy-in-latin-america-and-the-caribbean-113021,Hearing: [2021-11-30] U.S. Policy on Democracy in Latin America and...,2,3
331167,https://www.banking.senate.gov/hearings/cares-act-oversight-of-treasury-and-the-federal-reserve-building-a-resilient-economy,hearing,2,4
331169,https://www.hsgac.senate.gov/hearings/nominations-of-loren-l-alikhan-and-john-p-howard-iii-to-be-associate-judges-district-of-columbia-court-of-appeals-and-adrienne-jennings-noti-to-be-an-associate-judge-superior-court-of-the-district-of/,"Nominations of Loren L. AliKhan and John P. Howard III to be Associate Judges, District of Columbia Court of Appeals, and Adrienne Jennings Noti to be an Associate Judge, Superior Court of the District of Columbia - Committee on Homeland Security & Governmental Affairs",3,5
331171,https://www.veterans.senate.gov/2021/12/an-end-of-year-look-at-the-state-of-va-12-1-21,An End-of-Year Look at the State of VA - U.S. Senate Committee on Veterans' Affa...,1,2
331180,https://www.rules.senate.gov/hearings/oversight-of-the-us-capitol-police-following-the-january-6th-attack-on-the-capitol-part-ii,Hearing: [2021-12-07] Oversight of the U.S. Capitol Police following...,1,4
331182,https://www.commerce.senate.gov/meetings/subcommittee-uncharted-waters-challenges-posed-by-ocean-shipping-supply-chains/,"Subcommittee: Uncharted Waters: Challenges Posed by Ocean Shipping Supply Chains - U.S. Senate Committee on Commerce, Science, & Transportation",4,4
331183,https://www.judiciary.senate.gov/committee-activity/hearings/11/24/2021/nominations,Nominations,6,6
331185,https://www.finance.senate.gov/hearings/promoting-competition-growth-and-privacy-protection-in-the-technology-sector,"[2021-12-07] Hearing: Promoting Competition, Growth, and Privacy Protection in the Technology Sector",6,9
331186,https://www.banking.senate.gov/hearings/11/30/2021/nomination-hearing,hearing,2,6
331187,https://www.foreign.senate.gov/hearings/update-on-us_russia-policy120721,Hearing: [2021-12-07] Update on U.S.- Russia Policy,1,2
331188,https://www.judiciary.senate.gov/committee-activity/hearings/closing-guantanamo-ending-20-years-of-injustice,Closing Guantanamo: Ending 20 Years of I...,6,9
331200,https://www.veterans.senate.gov/2021/12/to-consider-the-nomination-of-kurt-d-delbene-to-be_assistant-secretary-of-veterans-affairs-for-information-and-technology,To Consider the Nomination of Kurt D. DelBene to be Assistant Secretary of Vete...,1,2
331201,https://www.hsgac.senate.gov/hearings/examining-federal-efforts-to-address-pfas-contamination/,Examining Federal Efforts to Address PFAS Contamination - Committee on Homeland Security & Governmental Affairs,7,9
331203,https://www.indian.senate.gov/hearings/oversight-hearing-restoring-justice-addressing-violence-native-communities-through-vawa/,Oversight Hearing “Restoring Justice: Addressing Violence in Native Communities through VAWA Title IX Special Jurisdiction” - Indian Affairs Committee,7,8
331204,https://www.foreign.senate.gov/hearings/the-future-of-us-policy-on-taiwan120821,Hearing: [2021-12-08] The Future of U.S. Policy on Taiwan,2,3
331205,https://www.commerce.senate.gov/meetings/subcommittee-protecting-kids-online-instagram-and-reforms-for-young-users/,"Subcommittee: Protecting Kids Online: Instagram and Reforms for Young Users - U.S. Senate Committee on Commerce, Science, & Transportation",1,1
331223,https://www.commerce.senate.gov/meetings/subcommittee-disrupting-dangerous-algorithms-addressing-the-harms-of-persuasive-technology/,"Subcommittee: Disrupting Dangerous Algorithms: Addressing the Harms of Persuasive Technology - U.S. Senate Committee on Commerce, Science, & Transportation",4,4
331260,https://www.help.senate.gov/hearings/nomination-of-dr-robert-califf-to-be-commissioner-of-food-and-drugs-food-and-drug-administration-department-of-health-and-human-services,Nomination of Dr. Robert Califf to be Co...,1,2
331261,https://www.banking.senate.gov/hearings/stablecoins-how-do-they-work-how-are-they-used-and-what-are-their-risks,hearing,4,6
331262,https://www.foreign.senate.gov/hearings/nominations12142101,Hearing: [2021-12-14] Nominations,3,4
331263,https://www.foreign.senate.gov/hearings/nominations12142102,Hearing: [2021-12-14] Nominations,8,9
331264,https://www.judiciary.senate.gov/committee-activity/hearings/12/08/2021/nominations,Nominations,6,6
331282,https://www.judiciary.senate.gov/committee-activity/hearings/the-impact-of-consolidation-and-monopoly-power-on-american-innovation,The Impact of Consolidation and Monopoly...,5,9
331283,https://www.commerce.senate.gov/meetings/oversight-of-the-u-s-airline-industry/,"Oversight of the U.S. Airline Industry - U.S. Senate Committee on Commerce, Science, & Transportation",8,8
331302,https://www.commerce.senate.gov/meetings/nominations-hearing-4/,"Nominations Hearing - U.S. Senate Committee on Commerce, Science, & Transportation",3,3
331360,https://www.rules.senate.gov/hearings/oversight-of-the-us-capitol-police-following-the-january-6th-attack-on-the-capitol-part-iii,Hearing: [2022-01-05] Oversight of the U.S. Capitol Police following...,1,3
331380,https://www.energy.senate.gov/hearings/hearings-2022-1-full-committee-hydropower-hearing/,Full Committee Hydropower Hearing – U.S. Senate Committee on Energy and Natural Resources,4,6
331460,https://www.help.senate.gov/hearings/addressing-new-variants-a-federal-perspective-on-the-covid-19-response,Addressing New Variants: A Federal Persp...,4,5
331480,https://www.banking.senate.gov/hearings/01/04/2022/nomination-hearing,hearing,1,3
331500,https://www.banking.senate.gov/hearings/01/04/2022/nomination-hearing-1,hearing,2,4
331501,https://www.aging.senate.gov/hearings/postponed-financial-literacy-addressing-the-unique-just-in-time-decisions-older-americans-and-people-with-disabilities-face,Financial Literacy: Addressing the Uniqu...,4,7
331520,https://www.judiciary.senate.gov/committee-activity/hearings/the-domestic-terrorism-threat-one-year-after-january-6,The Domestic Terrorism Threat One Year A...,2,3
331521,https://www.indian.senate.gov/hearings/roundtable-discussion-closing-digital-divide-native-communities-through-infrastructure/,Roundtable discussion on “Closing the Digital Divide in Native Communities through Infrastructure Investment” - Indian Affairs Committee,7,0
331522,https://www.judiciary.senate.gov/committee-activity/hearings/01/05/2022/nominations,Nominations,6,6
331541,https://www.hsgac.senate.gov/hearings/nominations-of-margaret-a-burnham-gabrielle-m-dudley-henry-klibanoff-and-brenda-e-stevenson-to-be-members-civil-rights-cold-case-records-review-board/,"Nominations of Margaret A. Burnham, Gabrielle M. Dudley, Henry Klibanoff, and Brenda E. Stevenson to be Members, Civil Rights Cold Case Records Review Board - Committee on Homeland Security & Governmental Affairs",4,6
331560,https://www.armed-services.senate.gov/hearings/nomination_-plumb-dalton-wallander,"Nomination - Plumb, Dalton, Wallander",3,7
331580,https://www.energy.senate.gov/hearings/hearings-2022-1-national-parks-subcommittee-hearing-on-the-great-american-outdoors-act/,National Parks Subcommittee Hearing on the Great American Outdoors Act – U.S. Senate Committee on Energy and Natural Resources,2,3
331600,https://www.energy.senate.gov/hearings/hearings-2022-2-full-committee-hearing-to-examine-the-state-of-the-u-s-territories/,Full Committee Hearing To Examine The State Of The U.S. Territories – U.S. Senate Committee on Energy and Natural Resources,5,7
331620,https://www.foreign.senate.gov/hearings/sudans-imperiled-transition-us-policy-in-the-wake-of-the-october-25th-coup-020122,Hearing: [2022-02-01] Sudan's Imperiled Transition: U.S. Policy in the...,4,5
331680,https://www.energy.senate.gov/hearings/hearings-2022-2-full-committee-hearing-to-consider-pending-nominations/,Full Committee Hearing to Consider Pending Nominations – U.S. Senate Committee on Energy and Natural Resources,3,8
331700,https://www.epw.senate.gov/public/index.cfm/hearings?ID=D78048FB-6456-4E91-BC99-AFDD71E61E91,Legislative Proposals to Improve Domestic Recycling and Composting Programs - Hearings - U.S. Senate Committee on Environment and Public Works,4,5
331720,https://www.hsgac.senate.gov/hearings/nominations-of-the-honorable-shalanda-d-young-to-be-director-office-of-management-and-budget-and-nani-a-coloretti-to-be-deputy-director-office-of-management-and-budget/,"Nominations of the Honorable Shalanda D. Young to be Director, Office of Management and Budget, and the Honorable Nani A. Coloretti to be Deputy Director, Office of Management and Budget - Committee on Homeland Security & Governmental Affairs",2,4
331721,https://www.judiciary.senate.gov/committee-activity/hearings/01/25/2022/nominations,Nominations,3,3
331722,https://www.help.senate.gov/hearings/mental-health-and-substance-use-disorders-responding-to-the-growing-crisis,Mental Health and Substance Use Disorder...,5,6
331723,https://www.appropriations.senate.gov/hearings/expanding-broadband-access-department-of-commerce-broadband-programs-in-the-infrastructure-investment-and-jobs-act,Hearing,1,1
331725,https://www.budget.senate.gov/hearings/the-nomination-of-the-hon-shalanda-d-young-to-be-director-of-omb-and-the-nomination-of-the-hon-nani-a-coloretti-to-be-deputy-director-of-omb,Hearing,2,2
331726,https://www.sbc.senate.gov/public/index.cfm/hearings?ID=15796716-90A3-4DC0-93CD-42451E9B7408,Review of SBA Entrepreneurial Development Programs and Initiatives - Hearings - U.S. Committee on Small Business & Entrepreneurship,7,7
331727,https://www.banking.senate.gov/hearings/01/25/2022/nomination-hearing,hearing,3,5
331728,https://www.commerce.senate.gov/meetings/subcommittee-stopping-covid-19-fraud-and-price-gouging/,"Subcommittee: Stopping COVID-19 Fraud and Price Gouging - U.S. Senate Committee on Commerce, Science, & Transportation",0,0
331741,https://www.indian.senate.gov/hearings/oversight-hearing-long-journey-home-advancing-native-american-graves-protection-and/,"Oversight Hearing ""The Long Journey Home: Advancing the Native American Graves Protection and Repatriation Act’s Promise After 30 Years of Practice” - Indian Affairs Committee",5,6
331743,https://www.finance.senate.gov/hearings/the-hospital-insurance-trust-fund-and-the-future-of-medicare-financing,[2022-02-02] Hearing: The Hospital Insurance Trust Fund and the Future of Medicare Financing,5,7
331761,https://www.hsgac.senate.gov/hearings/nominations-of-william-j-valdez-to-be-under-secretary-for-management-us-department-of-homeland-security-dimitri-kusnezov-to-be-under-secretary-for-science-and-technology-us-department-of-homeland-secu/,"Nominations of William J. Valdez to be Under Secretary for Management, U.S. Department of Homeland Security; Dimitri Kusnezov to be Under Secretary for Science & Technology, U.S. Department of Homeland Security; and the Honorable Kenneth L. Wainstein to be Under Secretary for Intelligence & Analysis, U.S. Department of Homeland Security - Committee on Homeland Security & Governmental Affairs",3,5
331762,https://www.hsgac.senate.gov/hearings/responding-to-and-learning-from-the-log4shell-vulnerability/,Responding to and Learning from the Log4Shell Vulnerability - Committee on Homeland Security & Governmental Affairs,4,6
331780,https://www.help.senate.gov/hearings/lessons-learned-from-covid-19-highlighting-innovations-maximizing-inclusive-practices-and-overcoming-barriers-to-employment-for-people-with-disabilities,Lessons Learned from COVID-19: Highlight...,4,5
331781,https://www.energy.senate.gov/hearings/hearings-2022-2-full-committee-hearing-on-clean-hydrogen/,Full Committee Hearing On Clean Hydrogen – U.S. Senate Committee on Energy and Natural Resources,5,7
331782,https://www.finance.senate.gov/hearings/protecting-youth-mental-health-part-i_-an-advisory-and-call-to-action,[2022-02-08] Hearing: Protecting Youth Mental Health: Part I - An Advisory and Call to Action,1,4
331783,https://www.judiciary.senate.gov/committee-activity/hearings/abusing-chapter-11-corporate-efforts-to-side-step-accountability-through-bankruptcy,Abusing Chapter 11: Corporate Efforts to...,5,9
331784,https://www.foreign.senate.gov/hearings/nominations020822,Hearing: [2022-02-08] Nominations,4,5
331800,https://www.agriculture.senate.gov/hearings/examining-digital-assets-risks-regulation-and-innovation,"Examining Digital Assets: Risks, Regulat...",5,6
331804,https://www.armed-services.senate.gov/hearings/nomination_-kurilla,Nomination - Kurilla,1,4
331805,https://www.commerce.senate.gov/meetings/nominations-hearing-3/,"Nominations Hearing - U.S. Senate Committee on Commerce, Science, & Transportation",1,1
331806,https://www.finance.senate.gov/hearings/hearing-to-consider-the-nominations-of-robert-michael-gordon-of-the-district-of-columbia-to-be-an-assistant-secretary-of-health-and-human-services-january-contreras-of-arizona-to-be-assistant-secretary-for-family-support-department-of-health-and-human-services-and-rebecca-e-jones-gaston-of-oregon-to-be-commissioner-on-children-youth-and-families-department-of-health-and-human-services,"[2022-02-09] Hearing: Hearing to Consider the Nominations of Robert Michael Gordon, of the District of Columbia, to be an Assistant Secretary of Health and Human Services, January Contreras, of Arizona, to be Assistant Secretary for Family Support, Department of Health and Human Services, and Rebecca E. Jones Gaston, of Oregon, to be Commissioner on Children, Youth, and Families, Department of Health and Human Services",3,9
331808,https://www.commerce.senate.gov/meetings/subcommittee-nasa-accountability-and-oversight/,"Subcommittee: NASA Accountability and Oversight - U.S. Senate Committee on Commerce, Science, & Transportation",3,3
331809,https://www.foreign.senate.gov/hearings/afghanistan-the-humanitarian-crisis-and-us-response020922,Hearing: [2022-02-09] Afghanistan: The Humanitarian Crisis and U.S....,1,3
331810,https://www.judiciary.senate.gov/committee-activity/hearings/targeted-killing-and-the-rule-of-law_the-legal-and-human-costs-of-20-years-of-us-drone-strikes,'Targeted Killing' and the Rule of Law: ...,5,11
331820,https://www.banking.senate.gov/hearings/the-role-that-community-development-financial-institutions-and-minority-depository-institutions-serve-in-supporting-communities,hearing,3,5
331821,https://www.help.senate.gov/hearings/recruiting-revitalizing-and-diversifying-examining-the-health-care-workforce-shortage,"Recruiting, Revitalizing & Diversifying:...",4,5
331822,https://www.aging.senate.gov/hearings/improving-care-experiences-for-people-with-both-medicare-and-medicaid,Improving Care Experiences for People wi...,4,7
331841,https://www.epw.senate.gov/public/index.cfm/hearings?ID=5AC11745-E5F6-4918-BB15-06AA28FA332E,Implementation of the Infrastructure Investment and Jobs Act by the U.S. Department of Transportation - Hearings - U.S. Senate Committee on Environment and Public Works,1,2
331842,https://www.epw.senate.gov/public/index.cfm/hearings?ID=4D3B03FA-EEE2-4DD2-909D-A184B51294E6,The Environmental Protection Agency’s Renewable Fuel Standard Program: Challenges and Opportunities - Hearings - U.S. Senate Committee on Environment and Public Works,4,5
331861,https://www.banking.senate.gov/hearings/examining-the-presidents-working-group-on-financial-markets-report-on-stablecoins,hearing,1,3
331863,https://www.armed-services.senate.gov/hearings/nominations_-storch-martinez-lopez-lowman-beshar,"Nominations - Storch, Martinez-Lopez, Lo...",4,11
331864,https://www.finance.senate.gov/hearings/protecting-youth-mental-health-part-ii_-identifying-and-addressing-barriers-to-care,[2022-02-15] Hearing: Protecting Youth Mental Health: Part II - Identifying and Addressing Barriers to Care,4,7
331880,https://www.judiciary.senate.gov/committee-activity/hearings/02/09/2022/nominations,Nominations,4,8
331881,https://www.foreign.senate.gov/hearings/western-balkans-supporting-peace-and-prosperity021622,Hearing: [2022-02-16] Western Balkans: Supporting Peace and Prosperity...,2,3
331882,https://www.hsgac.senate.gov/hearings/addressing-the-gaps-in-americas-biosecurity-preparedness/,Addressing the Gaps in America’s Biosecurity Preparedness - Committee on Homeland Security & Governmental Affairs,3,5
331884,https://www.foreign.senate.gov/hearings/reinvigorating-us_-colombia-relations021622,Hearing: [2022-02-16] Reinvigorating U.S. - Colombia Relations |...,5,6
331900,https://www.budget.senate.gov/hearings/warrior-met-and-wall-street-greed-what-corporate-raiders-are-doing-to-workers-and-consumers,Hearing,8,8
331901,https://www.finance.senate.gov/hearings/spotlighting-irs-customer-service-challenges,[2022-02-17] Hearing: Spotlighting IRS Customer Service Challenges,3,6
331903,https://www.armed-services.senate.gov/hearings/nominations_-parker-schaefer-chaudhary-calvelli,"Nominations - Parker, Schaefer, Chaudhar...",4,11
331923,https://www.banking.senate.gov/hearings/the-state-of-the-american-economy-a-year-of-unprecedented-economic-growth-and-future-plans,hearing,3,3
331960,https://www.veterans.senate.gov/2022/3/legislative-presentation-of-the-disabled-american-veterans_7,Legislative Presentation of the Disabled American Veterans - U.S. Senate Committ...,1,2
331963,https://www.energy.senate.gov/hearings/hearings-2022-3-full-committee-hearing-to-consider-pending-legislation/,Full Committee Hearing To Consider Pending Legislation – U.S. Senate Committee on Energy and Natural Resources,1,3
331964,https://www.agriculture.senate.gov/hearings/to-consider-the-following-nominations-the-honorable-christy-goldsmith-romero-ms-kristin-n-johnson-mrs-summer-kristine-mersinger-and-ms-caroline-d-pham-03-02-2022,To consider the following nominations: T...,4,5
331966,https://www.judiciary.senate.gov/committee-activity/hearings/federal-support-for-preventing-and-responding-to-carjackings,Federal Support for Preventing and Respo...,6,13
331968,https://www.energy.senate.gov/hearings/hearings-2022-3-full-committee-hearing-to-review-ferc-s-recent-guidance-on-natural-gas-pipelines/,Full Committee Hearing To Review FERC’s Recent Guidance On Natural Gas Pipelines – U.S. Senate Committee on Energy and Natural Resources,5,12
331969,https://www.hsgac.senate.gov/subcommittees/gobm/hearings/chief-human-capital-officers-at-20-what-is-needed-to-empower-chcos-to-ensure-hr-practices-support-agencies-mission-success/,Chief Human Capital Officers at 20: What is Needed to Empower CHCOs to Ensure HR Practices Support Agencies’ Mission Success - Committee on Homeland Security & Governmental Affairs,4,4
331970,https://www.hsgac.senate.gov/hearings/examining-the-senate-confirmation-process-and-federal-vacancies/,Examining the Senate Confirmation Process and Federal Vacancies - Committee on Homeland Security & Governmental Affairs,3,5
331971,https://www.judiciary.senate.gov/committee-activity/hearings/03/02/2022/nominations,Nominations,5,10
331972,https://www.foreign.senate.gov/hearings/us-policy-towards-india030222,Hearing: [2022-03-02] U.S. Policy Towards India,1,2
331978,https://www.foreign.senate.gov/hearings/nominations030322,Hearing: [2022-03-03] Nominations,4,5
332002,https://www.judiciary.senate.gov/committee-activity/hearings/combating-the-rise-in-hate-crimes,Combating the Rise in Hate Crimes,6,13
332021,https://www.hsgac.senate.gov/hearings/nominations-of-krista-boyd-to-be-inspector-general-office-of-personnel-management-and-the-honorable-dana-k-bilyeu-leona-m-bridges-michael-f-gerber-stacie-olivares-and-javier-e-saade-to-be-members-fede/,"Nominations of Krista Boyd to be Inspector General, Office of Personnel Management, and the Honorable Dana K. Bilyeu, Leona M. Bridges, Michael F. Gerber, Stacie Olivares, and Javier E. Saade to be Members, Federal Retirement Thrift Investment Board - Committee on Homeland Security & Governmental Affairs",6,8
332061,https://www.epw.senate.gov/public/index.cfm/hearings?ID=D6992873-1253-4FD4-AB08-CBCD062C5872,Oversight of the Clean Water State Revolving Loan Fund Formula - Hearings - U.S. Senate Committee on Environment and Public Works,4,4
332062,https://www.foreign.senate.gov/hearings/examining-us-security-cooperation-and-assistance-031022,Hearing: [2022-03-10] Examining U.S. Security Cooperation and...,2,2
332063,https://www.energy.senate.gov/hearings/hearings-2022-3-full-committee-hearing-to-examine-the-use-of-energy-as-a-tool-and-a-weapon/,Full Committee Hearing To Examine The Use Of Energy As A Tool And A Weapon – U.S. Senate Committee on Energy and Natural Resources,5,7
332065,https://www.hsgac.senate.gov/hearings/correcting-the-public-record-reforming-federal-and-presidential-records-management/,Correcting the Public Record: Reforming Federal and Presidential Records Management - Committee on Homeland Security & Governmental Affairs,3,5
332067,https://www.finance.senate.gov/hearings/the-promise-and-challenge-of-strategic-trade-engagement-in-the-indo-pacific-region,[2022-03-15] Hearing: The Promise and Challenge of Strategic Trade Engagement in the Indo-Pacific Region,4,7
332068,https://www.judiciary.senate.gov/committee-activity/hearings/removing-barriers-to-legal-migration-to-strengthen-our-communities-and-economy,Removing Barriers to Legal Migration to ...,3,4
332071,https://www.foreign.senate.gov/hearings/combatting-authoritarianism-us-tools-and-responses-031522,Hearing: [2022-03-15] Combatting Authoritarianism: U.S. Tools and...,4,5
332080,https://www.armed-services.senate.gov/hearings/to-receive-testimony-on-the-health-effects-of-exposure-to-airborne-hazards-including-toxic-fumes-from-burn-pits,To receive testimony on the health effec...,8,6
332081,https://www.hsgac.senate.gov/hearings/pandemic-response-and-accountability-reducing-fraud-and-expanding-access-to-covid-19-relief-through-effective-oversight/,Pandemic Response and Accountability: Reducing Fraud and Expanding Access to COVID-19 Relief through Effective Oversight - Committee on Homeland Security & Governmental Affairs,4,6
332082,https://www.finance.senate.gov/hearings/prescription-drug-price-inflation-an-urgent-need-to-lower-drug-prices-in-medicare,[2022-03-16] Hearing: Prescription Drug Price Inflation: An Urgent Need to Lower Drug Prices in Medicare,4,7
332088,https://www.foreign.senate.gov/hearings/nominations-031522,Hearing: [2022-03-15] Nominations,4,5
332089,https://www.finance.senate.gov/hearings/examining-charitable-giving-and-trends-in-the-nonprofit-sector,[2022-03-17] Hearing: Examining Charitable Giving and Trends in the Nonprofit Sector,4,7
332090,https://www.aging.senate.gov/hearings/unbanked-and-credit-invisible-building-financial-inclusion-for-americas-underserved-populations,Unbanked and Credit Invisible: Building ...,4,7
332091,https://www.banking.senate.gov/hearings/understanding-the-role-of-digital-assets-in-illicit-finance,hearing,4,6
332102,https://www.epw.senate.gov/public/index.cfm/hearings?ID=79279D16-E2C3-4DAF-80C9-C1DFEFF5860F,Promoting American Energy Security by Facilitating Investments and Innovation in Climate Solutions - Hearings - U.S. Senate Committee on Environment and Public Works,4,5
332104,https://www.judiciary.senate.gov/committee-activity/hearings/the-nomination-of-ketanji-brown-jackson-to-be-an-associate-justice-of-the-supreme-court-of-the-united-states-day-4,The Nomination of Ketanji Brown Jackson ...,13,13
332105,https://www.judiciary.senate.gov/committee-activity/hearings/the-nomination-of-ketanji-brown-jackson-to-be-an-associate-justice-of-the-supreme-court-of-the-united-states,The Nomination of Ketanji Brown Jackson ...,3,1
332106,https://www.judiciary.senate.gov/committee-activity/hearings/03/14/2022/the-nomination-of-ketanji-brown-jackson-to-be-an-associate-justice-of-the-supreme-court-of-the-united-states-day-2,The Nomination of Ketanji Brown Jackson ...,0,0
332107,https://www.judiciary.senate.gov/committee-activity/hearings/the-nomination-of-ketanji-brown-jackson-to-be-an-associate-justice-of-the-supreme-court-of-the-united-states-day-3,The Nomination of Ketanji Brown Jackson ...,0,0
332108,https://www.hsgac.senate.gov/hearings/violent-extremism-and-terrorism-examining-the-threat-to-houses-of-worship-and-public-spaces/,Violent Extremism and Terrorism: Examining the Threat to Houses of Worship and Public Spaces - Committee on Homeland Security & Governmental Affairs,4,6
332109,https://www.help.senate.gov/hearings/child-care-and-preschool-cutting-costs-for-working-families-,Child Care and Preschool: Cutting Costs ...,4,5
332110,https://www.agriculture.senate.gov/hearings/rural-quality-of-life-opportunities-and-challenges-for-the-rural-care-economy,Rural Quality of Life: Opportunities and...,5,6
332111,https://www.armed-services.senate.gov/hearings/nominations_-laplante-raven-johnson-adams,"Nominations - LaPlante, Raven, Johnson, ...",4,11
332114,https://www.help.senate.gov/hearings/strengthening-federal-mental-health-and-substance-use-disorder-programs-opportunities-challenges-and-emerging-issues,Strengthening Federal Mental Health and ...,4,5
332115,https://www.veterans.senate.gov/2022/3/honoring-our-commitment-improving-va-s-program-of-comprehensive-assistance-for-family-caregivers,Honoring Our Commitment: Improving VA's Program of Comprehensive Assistance for...,6,7
332117,https://www.indian.senate.gov/hearings/legislative-hearing-receive-testimony-s-1397-s-3168-s-3308-s-3443-s-3773-s-3789/,"Legislative Hearing to receive testimony on S. 1397, S. 3168, S. 3308, S. 3443, S. 3773 & S. 3789 - Indian Affairs Committee",7,8
332118,https://www.commerce.senate.gov/meetings/developing-next-generation-technology-for-innovation/,"Developing Next Generation Technology for Innovation - U.S. Senate Committee on Commerce, Science, & Transportation",4,4
332119,https://www.aging.senate.gov/hearings/an-economy-that-cares-the-importance-of-home-based-services,An Economy That Cares: The Importance of...,4,7
332120,https://www.energy.senate.gov/hearings/hearings-2022-3-full-committee-hearing-on-the-freely-associated-states/,Full Committee Hearing On The Freely Associated States – U.S. Senate Committee on Energy and Natural Resources,3,5
332142,https://www.armed-services.senate.gov/hearings/to-receive-testimony-on-strategic-competition-and-security-cooperation-in-the-western-hemisphere,To receive testimony on strategic compet...,3,2
332160,https://www.foreign.senate.gov/hearings/nominations-04072201,Hearing: [2022-04-07] Nominations,4,5
332165,https://www.banking.senate.gov/hearings/strengthening-oversight-and-equity-in-the-appraisal-process,hearing,2,4
332167,https://www.appropriations.senate.gov/hearings/defense-health-program1,Hearing,5,4
332168,https://www.veterans.senate.gov/2022/3/honoring-our-promise-to-address-comprehensive-toxics-act-of-2021,Honoring Our Promise to Address Comprehensive Toxics Act of 2021 - U.S. Senate C...,4,5
332169,https://www.help.senate.gov/hearings/rise-and-shine-improving-retirement-and-enhancing-savings,Rise and Shine: Improving Retirement and...,4,5
332170,https://www.energy.senate.gov/hearings/hearings-2022-3-full-committee-hearing-on-domestic-critical-mineral-supply-chain/,Full Committee Hearing On Domestic Critical Mineral Supply Chains – U.S. Senate Committee on Energy and Natural Resources,5,7
332173,https://www.banking.senate.gov/hearings/economic-impact-of-the-growing-burden-of-medical-debt,hearing,5,9
332175,https://www.budget.senate.gov/hearings/the-presidents-fiscal-year-2023-budget-proposal,Hearing,1,1
332177,https://www.rules.senate.gov/hearings/oversight-of-the-smithsonian-institution,Hearing: [2022-03-30] Oversight of the Smithsonian Institution,1,3
332178,https://www.foreign.senate.gov/hearings/the-assault-on-freedom-of-expression-in-asia-033022,Hearing: [2022-03-30] The Assault on Freedom of Expression in Asia |...,3,4
332179,https://www.finance.senate.gov/hearings/behavioral-health-care-when-americans-need-it-ensuring-parity-and-care-integration,[2022-03-30] Hearing: Behavioral Health Care When Americans Need It: Ensuring Parity and Care Integration,4,7
332181,https://www.hsgac.senate.gov/hearings/nominations-of-hon-derek-t-kan-and-hon-daniel-m-tangherlini-to-be-governors-us-postal-service/,"Nominations of Hon. Derek T. Kan and Hon. Daniel M. Tangherlini to be Governors, U.S. Postal Service - Committee on Homeland Security & Governmental Affairs",2,4
332185,https://www.aging.senate.gov/hearings/preventing-tragedies-and-promoting-safe-accessible-and-affordable-homes,"Preventing Tragedies and Promoting Safe,...",4,7
332186,https://www.epw.senate.gov/public/index.cfm/hearings?ID=AF80422F-ABA5-4396-AE5D-98810B6403C3,Implementation of the Drinking Water and Wastewater Infrastructure Act: Stakeholders’ needs and experiences - Hearings - U.S. Senate Committee on Environment and Public Works,4,3
332187,https://www.epw.senate.gov/public/index.cfm/hearings?ID=DA64EA24-989B-44FE-9AFA-D29E8FD63EED,"Hearing on the Nominations of Beth Geer, Robert Klein, and L. Michelle Moore to be Members of the Board of Directors, of the Tennessee Valley Authority, and Ben Wagner to be Inspector General, of the Tennessee Valley Authority - Hearings - U.S. Senate Committee on Environment and Public Works",4,5
332188,https://www.foreign.senate.gov/hearings/chinas-role-in-latin-america-and-the-caribbean-033122,Hearing: [2022-03-31] China's Role in Latin America and the Caribbean...,5,6
332201,https://www.banking.senate.gov/hearings/affordability-and-accessibility-addressing-the-housing-needs-of-americas-seniors,hearing,5,7
332203,https://www.judiciary.senate.gov/committee-activity/hearings/the-freedom-of-information-act-improving-transparency-and-the-american-publics-right-to-know-for-the-21st-century,The Freedom of Information Act: Improvin...,3,7
332220,https://www.help.senate.gov/hearings/fda-user-fee-agreements-advancing-medical-product-regulation-and-innovation-for-the-benefit-of-patients,FDA User Fee Agreements: Advancing Medic...,4,5
332221,https://www.finance.senate.gov/hearings/the-presidents-fiscal-year-2023-health-and-human-services-budget,[2022-04-05] Hearing: The President’s Fiscal Year 2023 Health and Human Services Budget,1,4
332222,https://www.epw.senate.gov/public/index.cfm/hearings?ID=2724973B-C0B8-4DDC-B651-14DE09D6B80A,The U.S. Environmental Protection Agency’s Proposed 2023 Budget - Hearings - U.S. Senate Committee on Environment and Public Works,1,2
332225,https://www.budget.senate.gov/hearings/corporate-profits-are-soaring-as-prices-rise-are-corporate-greed-and-profiteering-fueling-inflation,Hearing,3,3
332226,https://www.commerce.senate.gov/meetings/ensuring-transparency-in-petroleum-markets/,"Ensuring Transparency in Petroleum Markets - U.S. Senate Committee on Commerce, Science, & Transportation",2,3
332241,https://www.banking.senate.gov/hearings/03/29/2022/nomination-hearing,hearing,2,4
332243,https://www.appropriations.senate.gov/hearings/a-review-of-the-fiscal-year-2023-budget-submission-for-the-us-army-corps-of-engineers-and-the-bureau-of-reclamation,Hearing,3,2
332244,https://www.rules.senate.gov/hearings/dara-lindenbaum-to-be-a-member-of-the-federal-election-commission,Hearing: [2022-04-06] Nomination Hearing,1,3
332246,https://www.energy.senate.gov/hearings/hearings-2022-4-full-committee-hearing-on-the-scope-and-scale-of-critical-mineral-demand-and-recycling/,Full Committee Hearing On The Scope And Scale Of Critical Mineral Demand And Recycling – U.S. Senate Committee on Energy and Natural Resources,5,7
332247,https://www.armed-services.senate.gov/hearings/to-receive-testimony-on-the-department-of-defenses-posture-for-supporting-and-fostering-innovation,To receive testimony on the Department o...,3,4
332249,https://www.armed-services.senate.gov/hearings/to-receive-testimony-on-suicide-prevention-and-related-behavioral-health-interventions-in-the-department-of-defense,To receive testimony on suicide preventi...,8,10
332250,https://www.foreign.senate.gov/hearings/treaties-040622,Hearing: [2022-04-06] Treaties,5,8
332262,https://www.finance.senate.gov/hearings/the-irs-the-presidents-fiscal-year-2023-budget-and-the-2022-filing-season,"[2022-04-07] Hearing: The IRS, the President's Fiscal Year 2023 Budget, and the 2022 Filing Season",1,4
332320,https://www.foreign.senate.gov/hearings/nominations050422,Hearing: [2022-05-04] Nominations,4,5
332360,https://www.hsgac.senate.gov/subcommittees/investigations/hearings/mistreatment-of-military-families-in-privatized-housing/,Mistreatment of Military Families in Privatized Housing - Committee on Homeland Security & Governmental Affairs,6,7
332361,https://www.help.senate.gov/hearings/fda-user-fee-agreements-advancing-medical-product-regulation-and-innovation-for-the-benefit-of-patients-fda-center-directors,FDA User Fee Agreements: Advancing Medic...,3,4
332364,https://www.banking.senate.gov/hearings/child-care-and-other-policy-tools-to-combat-bottlenecks-and-inflation,hearing,5,5
332366,https://www.armed-services.senate.gov/hearings/to-receive-testimony-on-military-and-civilian-personnel-programs-in-the-department-of-defense-in-review-of-the-defense-authorization-request-for-fiscal-year-2023-and-the-future-years-defense-program,To receive testimony on military and civ...,9,8
332367,https://www.armed-services.senate.gov/hearings/to-receive-testimony-on-navy-and-marine-corps-investment-programs-in-review-of-the-defense-authorization-request-for-fiscal-year-2023-and-the-future-years-defense-program,To receive testimony on Navy and Marine ...,3,2
332368,https://www.armed-services.senate.gov/hearings/to-receive-testimony-on-the-department-of-energys-atomic-energy-defense-activities-and-department-of-defense-nuclear-weapons-programs-in-review-of-the-defense-authorization-request-for-fiscal-year-2023-and-the-future-years-defense-program,To receive testimony on the Department o...,0,1
332380,https://www.veterans.senate.gov/2022/4/nomination-hearing,Nomination Hearing - U.S. Senate Committee on Veterans' Affairs,2,3
332381,https://www.armed-services.senate.gov/hearings/to-receive-testimony-on-the-health-of-the-defense-industrial-base,To receive testimony on the health of th...,2,4
332382,https://www.judiciary.senate.gov/committee-activity/hearings/04/20/2022/nominations,Nominations,5,10
332383,https://www.commerce.senate.gov/meetings/department-of-commerce-fiscal-year-2023-budget-priorities/,"Department of Commerce Fiscal Year 2023 Budget Priorities - U.S. Senate Committee on Commerce, Science, & Transportation",0,1
332384,https://www.armed-services.senate.gov/hearings/to-receive-testimony-on-united-states-special-operations-commands-efforts-to-sustain-the-readiness-of-special-operations-forces-and-transform-the-force-for-future-security-challenges,To receive testimony on United States Sp...,4,5
332386,https://www.commerce.senate.gov/meetings/nomination-hearing-for-u-s-coast-guard-commandant-nominee-admiral-linda-fagan/,"Nomination Hearing for U.S. Coast Guard Commandant Nominee Admiral Linda Fagan - U.S. Senate Committee on Commerce, Science, & Transportation",1,1
332389,https://www.appropriations.senate.gov/hearings/a-review-of-the-presidents-fiscal-year-2023-budget-request-for-the-food-and-drug-administration,Hearing,1,1
332390,https://www.appropriations.senate.gov/hearings/a-review-of-the-presidents-fy-2023-funding-request-and-budget-justification-for-the-us-department-of-transportation-,Hearing,1,1
332391,https://www.appropriations.senate.gov/hearings/review-of-the-fiscal-year-2023-budget-request-for-the-us-department-of-state,Hearing,1,1
332392,https://www.appropriations.senate.gov/hearings/a-review-of-the-presidents-fiscal-year-2023-funding-request-for-the-us-department-of-justice,Hearing,1,1
332401,https://www.veterans.senate.gov/2022/5/the-va-workforce-assessing-ways-to-bolster-recruitment-and-retention,The VA Workforce: Assessing Ways to Bolster Recruitment and Retention - U.S. Sen...,1,2
332402,https://www.help.senate.gov/hearings/connecting-workers-and-communities-preparing-and-supporting-the-broadband-workforce,Connecting Workers and Communities: Prep...,4,5
332403,https://www.appropriations.senate.gov/hearings/a-review-of-the-presidents-fiscal-year-2023-funding-request-and-budget-justification-for-the-department-of-defense,Hearing,2,2
332405,https://www.judiciary.senate.gov/committee-activity/hearings/an-ethical-judiciary-transparency-and-accountability-for-21st-century-courts,An Ethical Judiciary: Transparency and A...,5,9
332406,https://www.appropriations.senate.gov/hearings/the-fiscal-year-2023-budget-request-from-the-u-s-internal-revenue-service,Hearing,1,1
332407,https://www.appropriations.senate.gov/hearings/a-review-of-the-presidents-fiscal-year-2023-funding-request-for-the-national-aeronautics-and-space-administration-and-the-national-science-foundation,Hearing,2,2
332408,https://www.appropriations.senate.gov/hearings/a-review-of-the-presidents-fy-2023-funding-request-and-budget-justification-for-the-department-of-health-and-human-services-,Hearing,1,1
332409,https://www.hsgac.senate.gov/hearings/05-04-2022-resources-and-authorities-needed-to-protect-and-secure-the-homeland/,Resources and Authorities Needed to Protect and Secure the Homeland - Committee on Homeland Security & Governmental Affairs,1,3
332411,https://www.commerce.senate.gov/meetings/department-of-transportation-fiscal-year-2023-budget-priorities/,"Department of Transportation Fiscal Year 2023 Budget Priorities - U.S. Senate Committee on Commerce, Science, & Transportation",0,1
332413,https://www.finance.senate.gov/hearings/laws-and-enforcement-governing-the-political-activities-of-tax-exempt-entities,[2022-05-04] Hearing: Laws and Enforcement Governing the Political Activities of Tax Exempt Entities,4,8
332414,https://www.appropriations.senate.gov/hearings/-a-review-of-the-fiscal-year-2023-presidents-budget-for-the-us-forest-service,Hearing,1,1
332415,https://www.appropriations.senate.gov/hearings/a-review-of-the-fy-2023-budget-and-fy-2024-advance-appropriations-requests-for-the-department-of-veterans-affairs,Hearing,1,1
332416,https://www.appropriations.senate.gov/hearings/a-review-of-the-presidents-fiscal-year-2023-funding-request-for-the-us-department-of-homeland-security,Hearing,1,0
332417,https://www.appropriations.senate.gov/hearings/a-review-of-the-fiscal-year-2023-budget-submission-for-the-us-department-of-energy,Hearing,1,0
332418,https://www.foreign.senate.gov/hearings/state-department-authorization-strengthening-us-diplomacy-for-the-21st-century050322,Hearing: [2022-05-03] State Department Authorization: Strengthening...,1,2
332419,https://www.judiciary.senate.gov/committee-activity/hearings/platform-transparency-understanding-the-impact-of-social-media,Platform Transparency: Understanding the...,5,5
332420,https://www.hsgac.senate.gov/hearings/securing-and-ensuring-order-on-the-southwest-border/,Securing and Ensuring Order on the Southwest Border - Committee on Homeland Security & Governmental Affairs,5,7
332421,https://www.indian.senate.gov/hearings/oversight-hearing-setting-new-foundations-implementing-infrastructure-investment-and-jobs/,Oversight Hearing “Setting New Foundations: Implementing the Infrastructure Investment and Jobs Act for Native Communities” - Indian Affairs Committee,8,9
332423,https://www.judiciary.senate.gov/committee-activity/hearings/excessive-swipe-fees-and-barriers-to-competition-in-the-credit-and-debit-card-systems,Excessive Swipe Fees and Barriers to Com...,6,11
332441,https://www.banking.senate.gov/hearings/examining-student-loan-servicers-and-their-impact-on-workers,hearing,3,5
332442,https://www.energy.senate.gov/hearings/hearings-2022-5-full-committee-hearing-to-examine-the-president-s-fy-2023-budget-request-for-the-department-of-energy/,Full Committee Hearing to Examine the President’s FY 2023 Budget Request for the Department of Energy – U.S. Senate Committee on Energy and Natural Resources,1,3
332443,https://www.budget.senate.gov/hearings/should-taxpayer-dollars-go-to-companies-that-violate-labor-laws,Hearing,6,6
332445,https://www.armed-services.senate.gov/hearings/to-receive-testimony-on-the-nuclear-weapons-council,To receive testimony on the Nuclear Weap...,6,2
332446,https://www.armed-services.senate.gov/hearings/to-receive-testimony-on-artificial-intelligence-applications-to-operations-in-cyberspace,To receive testimony on artificial intel...,3,4
332447,https://www.commerce.senate.gov/meetings/subcommittee-ensuring-fairness-and-transparency-in-the-market-for-prescription-drugs/,"Subcommittee: Ensuring Fairness and Transparency in the Market for Prescription Drugs - U.S. Senate Committee on Commerce, Science, & Transportation",4,4
332465,https://www.epw.senate.gov/public/index.cfm/hearings?ID=CBBB7707-3493-4CEB-A0E6-61874F0210A5,Oversight of the Council on Environmental Quality: A Year in Review - Hearings - U.S. Senate Committee on Environment and Public Works,1,2
332466,https://www.energy.senate.gov/hearings/hearings-2022-5-national-parks-subcommittee-legislative-hearing/,National Parks Subcommittee Legislative Hearing – U.S. Senate Committee on Energy and Natural Resources,1,3
332467,https://www.foreign.senate.gov/hearings/nominations-051022,Hearing: [2022-05-10] Nominations,3,3
332469,https://www.help.senate.gov/hearings/nomination-of-kalpana-kotagal-to-be-a-member-of-the-equal-employment-opportunity-commission,Nomination of Kalpana Kotagal to be a Me...,1,2
332471,https://www.appropriations.senate.gov/hearings/a-review-of-the-fiscal-year-2023-budget-requests-of-the-architect-of-the-capitol-the-senate-sergeant-at-arms-and-the-congressional-budget-office,Hearing,3,3
332472,https://www.appropriations.senate.gov/hearings/a-review-of-the-presidents-fiscal-year-2023-funding-request-for-the-department-of-commerce,Hearing,1,1
332473,https://www.appropriations.senate.gov/hearings/a-review-of-the-presidents-fiscal-year-2023-budget-request-for-the-us-department-of-agriculture,Hearing,1,1
332474,https://www.appropriations.senate.gov/hearings/a-review-of-the-fiscal-year-2023-presidents-budget-for-the-indian-health-service-,Hearing,1,1
332475,https://www.appropriations.senate.gov/hearings/a-review-of-the-presidents-fiscal-year-2023-funding-request-and-budget-justification-for-the-department-of-the-army,Hearing,2,1
332480,https://www.veterans.senate.gov/2022/5/examining-quality-of-care-in-va-and-the-private-sector,Examining Quality of Care in VA and the Private Sector - U.S. Senate Committee o...,4,5
332481,https://www.judiciary.senate.gov/committee-activity/hearings/05/11/2022/nominations,Nominations,5,10
332482,https://www.hsgac.senate.gov/hearings/pathways-to-procurement-innovation/,Pathways to Procurement Innovation - Committee on Homeland Security & Governmental Affairs,3,5
332483,https://www.appropriations.senate.gov/hearings/a-review-of-the-presidents-fy-2023-funding-request-and-budget-justification-for-the-us-department-of-housing-and-urban-development,Hearing,1,1
332484,https://www.appropriations.senate.gov/hearings/the-global-food-security-and-covid-19-crises-us-response-and-policy-options,Hearing,6,6
332485,https://www.armed-services.senate.gov/hearings/to-receive-testimony-on-the-shipyard-infrastructure-optimization-program,To receive testimony on the Shipyard Inf...,4,3
332486,https://www.armed-services.senate.gov/hearings/to-receive-testimony-on-army-modernization-in-review-of-the-defense-authorization-request-for-fiscal-year-2023-and-the-future-years-defense-program-,To receive testimony on Army Modernizati...,3,2
332487,https://www.armed-services.senate.gov/hearings/to-receive-testimony-on-the-united-states-space-force-programs-in-review-of-the-defense-authorization-request-for-fiscal-year-2023-and-the-future-years-defense-program,To receive testimony on the United State...,3,4
332488,https://www.foreign.senate.gov/hearings/review-of-the-fy-2023-usaid-budget-request,Hearing: [2022-05-11] REVIEW OF THE FY 2023 USAID BUDGET REQUEST |...,1,2
332523,https://www.foreign.senate.gov/hearings/us-efforts-to-support-ukraine-against-russian-aggression-051222,Hearing: [2022-05-12] U.S. Efforts to Support Ukraine Against Russian...,4,4
332524,https://www.budget.senate.gov/hearings/medicare-for-all-protecting-health-saving-lives-saving-money,Hearing,6,6
332525,https://www.appropriations.senate.gov/hearings/a-review-of-the-fiscal-year-2023-presidents-budget-for-the-environmental-protection-agency,Hearing,1,1
332526,https://www.appropriations.senate.gov/hearings/a-review-of-the-presidents-fy-2023-funding-request-and-budget-justification-for-the-national-institutes-of-health,Hearing,6,1
332527,https://www.epw.senate.gov/public/index.cfm/hearings?ID=B4743884-B6EF-4A24-8AA3-153EEF80F13E,The U.S. Fish and Wildlife Service’s Proposed 2023 Budget - Hearings - U.S. Senate Committee on Environment and Public Works,1,2
332528,https://www.epw.senate.gov/public/index.cfm/hearings?ID=45B89CBC-ED6F-463B-AF31-BFDEA7A1BBED,Toxic Substances Control Act Amendments Implementation - Hearings - U.S. Senate Committee on Environment and Public Works,1,2
332529,https://www.appropriations.senate.gov/hearings/a-review-of-the-presidents-fiscal-year-2023-funding-request-and-budget-justification-for-the-air-force-and-space-force,Hearing,3,1
332531,https://www.armed-services.senate.gov/hearings/to-receive-testimony-on-modernization-efforts-of-the-department-of-the-air-force-in-review-of-the-defense-authorization-request-for-fiscal-year-2023-and-the-future-years-defense-program,To receive testimony on modernization ef...,3,2
332532,https://www.energy.senate.gov/hearings/hearings-2022-5-full-committee-hearing-to-examine-the-u-s-canada-energy-and-minerals-partnership/,Full Committee Hearing To Examine The U.S.-Canada Energy And Minerals Partnership – U.S. Senate Committee on Energy and Natural Resources,4,6
332540,https://www.appropriations.senate.gov/hearings/a-review-of-the-fiscal-year-2023-budget-submission-for-national-nuclear-security-administration,Hearing,4,2
332541,https://www.appropriations.senate.gov/hearings/review-of-the-fy2023-budget-request-for-military-construction-and-family-housing,Hearing,6,5
332542,https://www.help.senate.gov/hearings/cybersecurity-in-the-health-and-education-sectors,Cybersecurity in the Health and Educatio...,4,5
332544,https://www.energy.senate.gov/hearings/hearings-2022-6-full-committee-hearing-to-examine-the-president-s-fy-2023-budget-request-for-the-u-s-forest-service/,Full Committee Hearing to Examine the President’s FY 2023 Budget Request for the U.S. Forest Service – U.S. Senate Committee on Energy and Natural Resources,1,3
332545,https://www.armed-services.senate.gov/hearings/to-receive-testimony-on-missile-defense-strategy-policies-and-programs-in-review-of-the-defense-authorization-request-for-fiscal-year-2023-and-the-future-years-defense-program,To receive testimony on missile defense ...,5,6
332547,https://www.judiciary.senate.gov/committee-activity/hearings/stop-gun-violence-the-jackson-elias-domestic-violence-survivor-protection-act,Stop Gun Violence: The Jackson-Elias Dom...,3,4
332550,https://www.banking.senate.gov/hearings/05/12/2022/nomination-hearing,hearing,3,5
332551,https://www.foreign.senate.gov/hearings/nominations051822,Hearing: [2022-05-18] Nominations,4,4
332552,https://www.rules.senate.gov/hearings/administration-of-upcoming-elections,Hearing: [2022-05-19] Administration of Upcoming Elections,5,9
332553,https://www.energy.senate.gov/hearings/hearings-2022-5-water-power-subcommittee-legislative-hearing/,Water & Power Subcommittee Legislative Hearing – U.S. Senate Committee on Energy and Natural Resources,4,1
332556,https://www.aging.senate.gov/hearings/mental-health-care-for-older-adults-raising-awareness-addressing-stigma-and-providing-support,“Mental Health Care for Older Adults: Ra...,4,5
332561,https://www.epw.senate.gov/public/index.cfm/hearings?ID=38AFE5AA-68AE-4690-9589-59BB34FC3171,"Hearing on the Nomination of Joseph Goffman to be Assistant Administrator for the Office of Air and Radiation, at the Environmental Protection Agency - Hearings - U.S. Senate Committee on Environment and Public Works",2,3
332564,https://www.foreign.senate.gov/hearings/the-path-forward-on-us-syria-policy-strategy-and-accountability-060822,Hearing: [2022-06-08] The Path Forward On U.S.-Syria Policy: Strategy...,3,4
332566,https://www.appropriations.senate.gov/hearings/a-review-of-the-presidents-fiscal-year-2023-funding-request-for-the-federal-bureau-of-investigation,Hearing,1,1
332567,https://www.foreign.senate.gov/hearings/the-jcpoa-negotiations-and-united-states-policy-on-iran-moving-forward,Hearing: [2022-05-25] THE JCPOA NEGOTIATIONS AND UNITED STATES’ POLICY...,3,4
332569,https://www.appropriations.senate.gov/hearings/review-of-the-fiscal-year-2023-budget-request-for-the-us-agency-for-international-development,Hearing,1,1
332570,https://www.armed-services.senate.gov/hearings/nomination_-cavoli,Nomination - Cavoli,1,4
332571,https://www.judiciary.senate.gov/committee-activity/hearings/05/25/2022/nominations,Nominations,5,11
332573,https://www.foreign.senate.gov/hearings/nominations052422,Hearing: [2022-05-24] Nominations,6,7
332576,https://www.appropriations.senate.gov/hearings/hearing-to-review-the-fiscal-year-2023-budget-request-for-the-treasury-office-of-terrorism-and-financial-intelligence-and-the-treasury-financial-crimes-enforcement-network,Hearing,1,0
332577,https://www.indian.senate.gov/hearings/nomination-hearing-consider-roselyn-tso-be-director-indian-health-service-department-health/,"Nomination Hearing to consider Roselyn Tso to be Director of the Indian Health Service, Department of Health and Human Services - Indian Affairs Committee",1,2
332579,https://www.finance.senate.gov/hearings/supply-chain-resiliency-alleviating-backlogs-and-strengthening-long-term-security,[2022-06-15] Hearing: RESCHEDULED:Supply Chain Resiliency: Alleviating Backlogs and Strengthening Long-Term Security,4,7
332581,https://www.agriculture.senate.gov/hearings/opportunities-and-challenges-facing-farmers-families-and-rural-communities,Opportunities and Challenges Facing Farm...,1,2
332603,https://www.appropriations.senate.gov/hearings/a-review-of-the-presidents-fiscal-year-2023-funding-request-and-budget-justification-for-the-navy-and-marine-corps,Hearing,3,3
332622,https://www.foreign.senate.gov/hearings/ninth-summit-of-the-americas052622,Hearing: [2022-05-26] Ninth Summit of The Americas,3,4
332632,https://www.epw.senate.gov/public/index.cfm/hearings?ID=BF643B5F-5236-4FE2-B618-BEEE743394A6,Hearing on the Nominations of Annie Caputo and Bradley R. Crowell to be Commissioner of the Nuclear Regulatory Commission - Hearings - U.S. Senate Committee on Environment and Public Works,3,4
332633,https://www.energy.senate.gov/hearings/hearings-2022-6-public-lands-forests-mining-subcommittee-legislative-hearing/,"Public Lands, Forests & Mining Subcommittee Legislative Hearing – U.S. Senate Committee on Energy and Natural Resources",5,5
332640,https://www.appropriations.senate.gov/hearings/a-review-of-the-presidents-fiscal-year-2023-funding-request-and-budget-justification-for-the-national-guard-and-reserve,Hearing,5,5
332643,https://www.hsgac.senate.gov/hearings/rising-threats-ransomware-attacks-and-ransom-payments-enabled-by-cryptocurrency/,Rising Threats: Ransomware Attacks and Ransom Payments Enabled by Cryptocurrency - Committee on Homeland Security & Governmental Affairs,3,5
332660,https://www.agriculture.senate.gov/hearings/the-western-water-crisis-confronting-persistent-drought-and-building-resilience-on-our-forests-and-farmland,The Western Water Crisis: Confronting Pe...,5,6
332661,https://www.finance.senate.gov/hearings/the-presidents-fiscal-year-2023-budget,[2022-06-07] Hearing: The President’s Fiscal Year 2023 Budget,1,4
332664,https://www.commerce.senate.gov/meetings/subcommittee-reviving-conventions-tourism-through-international-travel/,"Subcommittee: Reviving Conventions & Tourism Through International Travel - U.S. Senate Committee on Commerce, Science, & Transportation",3,3
332665,https://www.judiciary.senate.gov/committee-activity/hearings/examining-the-metastasizing-domestic-terrorism-threat-after-the-buffalo-attack,Examining the ‘Metastasizing’ Domestic T...,5,10
332666,https://www.appropriations.senate.gov/hearings/hearing-on-the-presidents-fiscal-year-2023-budget-request-for-the-united-states-department-of-education1,Hearing,1,1
332670,https://www.sbc.senate.gov/public/index.cfm/hearings?ID=745726FB-DEBD-4F12-9519-919759FD4E53,"The Small Business Workforce Challenge: Causes, Impacts and Solutions - Hearings - U.S. Committee on Small Business & Entrepreneurship",4,4
332671,https://www.commerce.senate.gov/meetings/nomination-hearing-10/,"Nomination Hearing - U.S. Senate Committee on Commerce, Science, & Transportation",3,3
332672,https://www.foreign.senate.gov/hearings/nominations060722,Hearing: [2022-06-07] Nominations,1,1
332673,https://www.hsgac.senate.gov/hearings/domestic-extremism-in-america-examining-white-supremacist-violence-in-the-wake-of-recent-attacks/,Domestic Extremism in America: Examining White Supremacist Violence in the Wake of Recent Attacks - Committee on Homeland Security & Governmental Affairs,4,6
332675,https://www.commerce.senate.gov/meetings/subcommittee-oversight-of-the-national-telecommunications-and-information-administration/,"Subcommittee: Oversight of the National Telecommunications and Information Administration - U.S. Senate Committee on Commerce, Science, & Transportation",1,1
332677,https://www.agriculture.senate.gov/hearings/agricultural-trade-priorities-and-issues-facing-americas-farmers-06-09-2022,Agricultural Trade: Priorities and Issue...,3,4
332678,https://www.energy.senate.gov/hearings/hearings-2022-6-full-committee-hearing-to-examine-short-and-long-term-solutions-to-extreme-drought-in-the-western-u-s/,Full Committee Hearing To Examine Short And Long Term Solutions To Extreme Drought In The Western U.S. – U.S. Senate Committee on Energy and Natural Resources,5,7
332679,https://www.budget.senate.gov/hearings/saving-social-security-expanding-benefits-and-demanding-the-wealthy-pay-their-fair-share-or-cutting-benefits-and-increasing-retirement-anxiety,Hearing,6,6
332681,https://www.foreign.senate.gov/hearings/european-energy-security-americas-role-in-supporting-europes-energy-diversification-agenda060922,Hearing: [2022-06-09] European Energy Security: America's Role in...,1,2
332700,https://www.foreign.senate.gov/hearings/european-energy-security-americas-role-in-supporting-europes-energy-diversification-agenda060922,Hearing: [2022-06-09] European Energy Security: America's Role in...,1,2
332701,https://www.finance.senate.gov/hearings/examining-the-impact-of-south-dakota-v-wayfair-on-small-businesses-and-remote-sales,[2022-06-14] Hearing: Examining the Impact of South Dakota v. Wayfair on Small Businesses and Remote Sales,5,8
332702,https://www.veterans.senate.gov/2022/6/review-of-the-fiscal-year-2023-budget-and-2024-advance-appropriations-requests-for-the-department-of-veterans-affairs,Review of the Fiscal Year 2023 Budget and 2024 Advance Appropriations Requests...,4,5
332704,https://www.hsgac.senate.gov/subcommittees/etso/hearings/examining-the-findings-and-recommendations-of-gaos-2022-report-on-duplication-overlap-fragmentation-and-opportunities-to-achieve-financial-benefits/,"Examining the Findings and Recommendations of GAO’s 2022 Report on Duplication, Overlap, Fragmentation and Opportunities to Achieve Financial Benefits - Committee on Homeland Security & Governmental Affairs",1,4
332705,https://www.judiciary.senate.gov/committee-activity/hearings/strengthening-our-workforce-and-economy-through-higher-education-and-immigration,Strengthening our Workforce and Economy ...,3,3
332706,https://www.judiciary.senate.gov/committee-activity/hearings/08/03/2022/protecting-our-democracys-frontline-workers,Protecting Our Democracy’s Frontline Wor...,9,36
332708,https://www.appropriations.senate.gov/hearings/hearing-on-the-presidents-fiscal-year-2023-budget-request-for-the-united-states-department-of-labor,Hearing,1,0
332709,https://www.foreign.senate.gov/hearings/nominations-06-16-2022,Hearing: [2022-06-16] NOMINATIONS,4,2
332710,https://www.judiciary.senate.gov/committee-activity/hearings/protecting-americas-children-from-gun-violence,Protecting America’s Children From Gun V...,5,11
332712,https://www.judiciary.senate.gov/committee-activity/hearings/baby-formula-and-beyond-the-impact-of-consolidation-on-families-and-consumers,Baby Formula and Beyond: The Impact of C...,4,7
332720,https://www.help.senate.gov/hearings/an-update-on-the-ongoing-federal-response-to-covid-19-current-status-and-future-planning,An Update on the Ongoing Federal Respons...,4,5
332740,https://www.banking.senate.gov/hearings/reauthorization-of-the-national-flood-insurance-program-protecting-communities-from-flood-risk,hearing,5,7
332742,https://www.hsgac.senate.gov/hearings/examining-femas-strategic-priorities-and-disaster-preparedness/,Examining FEMA’s Strategic Priorities and Disaster Preparedness - Committee on Homeland Security & Governmental Affairs,1,3
332760,https://www.hsgac.senate.gov/hearings/putting-people-first-building-trust-in-government-through-customer-experience/,Putting People First: Building Trust in Government through Customer Experience - Committee on Homeland Security & Governmental Affairs,3,5
332762,https://www.judiciary.senate.gov/committee-activity/hearings/06/22/2022/nominations,Nominations,5,10
332763,https://www.appropriations.senate.gov/hearings/a-review-of-the-activities-and-fiscal-year-2023-funding-request-of-the-office-of-the-us-trade-representative,Hearing,1,1
332765,https://www.appropriations.senate.gov/hearings/a-review-of-the-fiscal-year-2023-budget-requests-of-the-library-of-congress-and-the-government-accountability-office-,Hearing,2,2
332766,https://www.judiciary.senate.gov/committee-activity/hearings/the-patent-trial-and-appeal-board-examining-proposals-to-address-predictability-certainty-and-fairness,The Patent Trial and Appeal Board: Exami...,4,8
332767,https://www.foreign.senate.gov/hearings/nato-expansion-examining-the-proposed-accession-of-sweden-and-finland,Hearing: [2022-06-22] NATO Enlargement: Examining the Proposed...,2,2
332768,https://www.indian.senate.gov/hearings/oversight-hearing-volume-1-department-interior-s-federal-indian-boarding-school-initiative/,"Oversight Hearing on ""Volume 1 of the Department of the Interior’s Federal Indian Boarding School Initiative Investigative Report"" & Legislative Hearing to receive testimony on S. 2907 - Indian Affairs Committee",5,6
332772,https://www.aging.senate.gov/hearings/strengthening-support-for-grandfamilies-during-the-covid-19-pandemic-and-beyond,Strengthening Support for Grandfamilies ...,4,7
332774,https://www.banking.senate.gov/hearings/reauthorization-of-the-national-flood-insurance-program-administration-perspectives,hearing,1,4
332775,https://www.foreign.senate.gov/hearings/nominations062322,Hearing: [2022-06-23] Nominations,4,4
332783,https://www.finance.senate.gov/hearings/hearing-to-consider-the-nominations-of-jay-curtis-shambaugh-of-maryland-to-be-an-under-secretary-of-the-treasury-and-rebecca-lee-haffajee-of-massachusetts-to-be-an-assistant-secretary-of-health-and-human-services,"[2022-07-12] Hearing: Hearing to Consider the Nominations of Jay Curtis Shambaugh, of Maryland, to be an Under Secretary of the Treasury and Rebecca Lee Haffajee, of Massachusetts, to be an Assistant Secretary of Health and Human Services",2,7
332800,https://www.energy.senate.gov/hearings/hearings-2022-7-energy-subcommittee-hearing-on-pathways-to-lower-energy-prices/,Energy Subcommittee Hearing On Pathways To Lower Energy Prices – U.S. Senate Committee on Energy and Natural Resources,4,4
332820,https://www.hsgac.senate.gov/hearings/nominations-of-errol-r-arthur-kendra-d-briggs-and-carl-ezekiel-ross-to-be-associate-judges-superior-court-of-the-district-of-columbia/,"Nominations of Errol R. Arthur, Kendra D. Briggs, and Carl Ezekiel Ross to be Associate Judges, Superior Court of the District of Columbia - Committee on Homeland Security & Governmental Affairs",3,5
332843,https://www.sbc.senate.gov/public/index.cfm/hearings?ID=9AE9E497-2D18-44C8-BBFB-526C4A59083F,Oversight of SBA's Office of Disaster Assistance - Hearings - U.S. Committee on Small Business & Entrepreneurship,1,1
332844,https://www.foreign.senate.gov/hearings/instability-and-the-state-of-democracy-in-the-sahel-and-the-us-policy-response071222,Hearing: [2022-07-12] Instability and the State of Democracy in the...,3,3
332845,https://www.judiciary.senate.gov/committee-activity/hearings/a-post-roe-america-the-legal-consequences-of-the-dobbs-decision,A Post-Roe America: The Legal Consequenc...,5,10
332846,https://www.commerce.senate.gov/meetings/subcommittee-examining-the-2022-national-travel-and-tourism-strategy/,"Subcommittee: Examining the 2022 National Travel and Tourism Strategy - U.S. Senate Committee on Commerce, Science, & Transportation",3,3
332848,https://www.foreign.senate.gov/hearings/nominations071322,Hearing: [2022-07-13] Nominations,5,5
332849,https://www.judiciary.senate.gov/committee-activity/hearings/07/13/2022/nominations,Nominations,5,10
332850,https://www.help.senate.gov/hearings/reproductive-care-in-a-post-roe-america-barriers-challenges-and-threats-to-womens-health,Reproductive Care in a Post-Roe America:...,4,5
332851,https://www.veterans.senate.gov/2022/7/hearing-to-consider-pending-legislation,Hearing to Consider Pending Legislation - U.S. Senate Committee on Veterans' Aff...,4,5
332852,https://www.hsgac.senate.gov/hearings/protecting-the-homeland-from-unmanned-aircraft-systems/,Protecting the Homeland from Unmanned Aircraft Systems - Committee on Homeland Security & Governmental Affairs,3,4
332853,https://www.appropriations.senate.gov/hearings/a-review-of-the-fiscal-year-2023-presidents-budget-for-the-department-of-interior,Hearing,1,0
332854,https://www.commerce.senate.gov/meetings/nomination-hearing-9/,"Nomination Hearing - U.S. Senate Committee on Commerce, Science, & Transportation",1,1
332856,https://www.epw.senate.gov/public/index.cfm/hearings?ID=36FFE88D-DAA5-458B-9AB7-B1BEBCCA849C,"A Legislative Hearing to Examine S. 1345, the Comprehensive National Mercury Monitoring Act; S. 2476, the Environmental Justice Air Quality Monitoring Act of 2021; and S. ___, the Public Health Air Quality Act - Hearings - U.S. Senate Committee on Environment and Public Works",7,11
332858,https://www.commerce.senate.gov/meetings/nomination-hearing-8/,"Nomination Hearing - U.S. Senate Committee on Commerce, Science, & Transportation",0,0
332860,https://www.judiciary.senate.gov/committee-activity/hearings/06/08/2022/nominations,Nominations,7,14
332861,https://www.hsgac.senate.gov/hearings/addressing-weapons-of-mass-destruction-and-health-security-threats-to-the-homeland/,Addressing Weapons of Mass Destruction and Health Security Threats to the Homeland - Committee on Homeland Security & Governmental Affairs,3,5
332862,https://www.judiciary.senate.gov/committee-activity/hearings/kleptocapture-aiding-ukraine-through-forfeiture-of-russian-oligarchs-illicit-assets,KleptoCapture: Aiding Ukraine through Fo...,4,8
332865,https://www.energy.senate.gov/hearings/hearings-2022-7-full-committee-hearing-on-federal-hydrogen-pipeline-regulatory-authorities/,Full Committee Hearing On Federal Hydrogen Pipeline Regulatory Authorities – U.S. Senate Committee on Energy and Natural Resources,4,6
332866,https://www.banking.senate.gov/hearings/opportunities-and-challenges-in-addressing-homelessness,hearing,5,7
332867,https://www.veterans.senate.gov/2022/7/examining-the-status-of-va-s-electronic-health-record-modernization-program,Examining the Status of VA’s Electronic Health Record Modernization Program - U....,3,4
332871,https://www.appropriations.senate.gov/hearings/food-safety-and-the-food-and-drug-administration,Hearing,6,3
332872,https://www.hsgac.senate.gov/hearings/nomination-of-the-honorable-david-p-pekoske-to-be-administrator-transportation-security-administration-us-department-of-homeland-security/,"Nomination of the Honorable David P. Pekoske to be Administrator, Transportation Security Administration, U.S. Department of Homeland Security - Committee on Homeland Security & Governmental Affairs",1,1
332873,https://www.judiciary.senate.gov/committee-activity/hearings/after-the-highland-park-attack-protecting-our-communities-from-mass-shootings,After the Highland Park Attack: Protecti...,6,10
332874,https://www.finance.senate.gov/hearings/the-role-of-tax-incentives-in-affordable-housing,[2022-07-20] Hearing: The Role of Tax Incentives in Affordable Housing,5,9
332875,https://www.commerce.senate.gov/meetings/nomination-hearing-7/,"Nomination Hearing - U.S. Senate Committee on Commerce, Science, & Transportation",1,1
332877,https://www.foreign.senate.gov/hearings/global-food-security-crisis-and-the-us-response_-immediately-following-the-business-meeting072022,Hearing: [2022-07-20] Global Food Security Crisis and The U.S....,3,3
332904,https://www.armed-services.senate.gov/hearings/nomination_fenton-and-langley,Nomination- Fenton and Langley,2,5
332906,https://www.help.senate.gov/hearings/fighting-fentanyl-the-federal-response-to-a-growing-crisis,Fighting Fentanyl: The Federal Response ...,4,5
332907,https://www.hsgac.senate.gov/subcommittees/investigations/hearings/corruption-abuse-and-misconduct-at-u-s-penitentiary-atlanta/,"Corruption, Abuse, and Misconduct at U.S. Penitentiary Atlanta - Committee on Homeland Security & Governmental Affairs",4,6
332908,https://www.judiciary.senate.gov/committee-activity/hearings/law-enforcement-officer-safety-protecting-those-who-protect-and-serve,Law Enforcement Officer Safety: Protecti...,6,10
332910,https://www.judiciary.senate.gov/committee-activity/hearings/decriminalizing-cannabis-at-the-federal-level-necessary-steps-to-address-past-harms,Decriminalizing Cannabis at the Federal ...,5,5
332911,https://www.foreign.senate.gov/hearings/diversity-equity-inclusion-and-accessibility-in-us-diplomacy-and-development,"Hearing: [2022-07-26] Diversity, Equity, Inclusion, and Accessibility...",2,2
332912,https://www.judiciary.senate.gov/committee-activity/hearings/07/27/2022/nominations,Nominations,6,12
332913,https://www.veterans.senate.gov/2022/7/hearing-to-consider-pending-nominations,Hearing to Consider Pending Nominations - U.S. Senate Committee on Veterans' Aff...,2,3
332914,https://www.foreign.senate.gov/hearings/fy-2023-budget-request-for-africa072722,Hearing: [2022-07-27] FY 2023 Budget Request For Africa,2,2
332915,https://www.foreign.senate.gov/hearings/nominations072822am,Hearing: [2022-07-28] Nominations,5,5
332916,https://www.epw.senate.gov/public/index.cfm/hearings?ID=3348C551-F1E5-48F1-A354-33AD6E79F738,"Committee Business Meeting & Examining the Development of Projects and Implementation of Policies that Support Carbon Capture, Utilization, and Storage (CCUS) Technologies - Hearings - U.S. Senate Committee on Environment and Public Works",5,22
332917,https://www.sbc.senate.gov/public/index.cfm/hearings?ID=8BDF5E57-2CE4-4AF6-8B87-22D79AFE7216,A New Start: Opportunities and Barriers to Entrepreneurship for Returning Citizens and Justice Impacted Individuals - Hearings - U.S. Committee on Small Business & Entrepreneurship,4,4
332918,https://www.indian.senate.gov/hearings/oversight-hearing-select-provisions-1866-reconstruction-treaties-between-united-states-and/,"Oversight Hearing on ""Select Provisions of the 1866 Reconstruction Treaties between the United States and Oklahoma Tribes"" - Indian Affairs Committee",8,9
332919,https://www.foreign.senate.gov/hearings/us-national-security-and-economic-statecraft-ensuring-us-global-leadership-for-the-twenty-first-century,Hearing: [2022-07-27] U.S. National Security And Economic Statecraft:...,3,3
332940,https://www.aging.senate.gov/hearings/click-here-accessible-federal-technology-for-people-with-disabilities-older-americans-and-veterans,Click Here: Accessible Federal Technolog...,4,7
332942,https://www.armed-services.senate.gov/hearings/nomination_-harris-plumb-owens-taylor-kale,"Nomination - Harris, Plumb, Owens, Taylo...",4,6
332945,https://www.foreign.senate.gov/hearings/nominations072722am,Hearing: [2022-07-27] Nominations,5,5
332946,https://www.foreign.senate.gov/hearings/nominations072822pm,Hearing: [2022-07-28] Nominations,5,6
332948,https://www.energy.senate.gov/hearings/hearings-2022-7-full-committee-hearing-to-consider-pending-legislation/,Full Committee Hearing To Consider Pending Legislation – U.S. Senate Committee on Energy and Natural Resources,5,5
332960,https://www.foreign.senate.gov/hearings/nominations080322am,Hearing: [2022-08-03] Nominations,5,6
332962,https://www.sbc.senate.gov/public/index.cfm/hearings?ID=0A1DC5C1-7CE6-41C2-BA68-8E2EF7335FC7,Oversight of SBA’s COVID Economic Injury Disaster Loan Program - Hearings - U.S. Committee on Small Business & Entrepreneurship,1,1
332964,https://www.commerce.senate.gov/meetings/subcommittee-future-of-spectrum/,"Subcommittee: Future of Spectrum - U.S. Senate Committee on Commerce, Science, & Transportation",4,4
332966,https://www.rules.senate.gov/hearings/the-electoral-count-act-the-need-for-reform,Hearing: [2022-08-03] The Electoral Count Act: The Need for Reform |...,7,12
332968,https://www.hsgac.senate.gov/subcommittees/etso/hearings/revisiting-gain-of-function-research-what-the-pandemic-taught-us-and-where-do-we-go-from-here/,Revisiting Gain of Function Research: What the Pandemic Taught Us and Where Do We Go From Here - Committee on Homeland Security & Governmental Affairs,3,4
332969,https://www.finance.senate.gov/hearings/a-system-in-need-of-repair-addressing-organizational-failures-of-the-uss-organ-procurement-and-transplantation-network,[2022-08-03] Hearing: A System in Need of Repair: Addressing Organizational Failures of the U.S.’s Organ Procurement and Transplantation Network,5,24
332971,https://www.judiciary.senate.gov/committee-activity/hearings/08/04/2022/oversight-of-the-federal-bureau-of-investigation,Oversight of the Federal Bureau of Inves...,1,1
332981,https://www.foreign.senate.gov/hearings/chinas-role-in-the-middle-east080422,Hearing: [2022-08-04] China's Role in the Middle East,1,1
333041,https://www.epw.senate.gov/public/index.cfm/hearings?ID=5DD22444-52B1-483D-927E-5DE6965B7B6D,"Hearing on the Nominations of William J. Renick, Adam Wade White, and Joe H. Ritch to be Members of the Board of Directors of the Tennessee Valley Authority - Hearings - U.S. Senate Committee on Environment and Public Works",4,5
333060,https://www.foreign.senate.gov/hearings/assessing-us-policy-towards-venezuela-091522,Hearing: [2022-09-15] Assessing U.S. Policy Towards Venezuela,2,2
333081,https://www.judiciary.senate.gov/committee-activity/hearings/09/07/2022/nominations,Nominations,6,12
333082,https://www.judiciary.senate.gov/committee-activity/hearings/oversight-of-the-us-copyright-office,TIME CHANGE: Oversight of the U.S. Copyr...,1,2
333083,https://www.commerce.senate.gov/meetings/nomination-hearing-6/,"Nomination Hearing - U.S. Senate Committee on Commerce, Science, & Transportation",6,6
333086,https://www.epw.senate.gov/public/index.cfm/hearings?ID=8567294C-BE01-42E5-9223-2395959EE720,Hearing on the Nomination of Shailen P. Bhatt to be Administrator of the Federal Highway Administration of the Department of Transportation - Hearings - U.S. Senate Committee on Environment and Public Works,2,3
333101,https://www.help.senate.gov/hearings/nominations-of-karla-gilbride-to-be-general-counsel-equal-employment-opportunity-commission-and-jessica-looman-to-be-administrator-wage-and-hour-division-department-of-labor,Nominations of Karla Gilbride to be Gene...,2,3
333103,https://www.judiciary.senate.gov/committee-activity/hearings/data-security-at-risk-testimony-from-a-twitter-whistleblower,Data Security at Risk: Testimony from a ...,1,51
333104,https://www.armed-services.senate.gov/hearings/nomination_-saltzman,Nomination - Saltzman,1,3
333106,https://www.hsgac.senate.gov/hearings/social-medias-impact-on-homeland-security/,Social Media’s Impact on Homeland Security - Committee on Homeland Security & Governmental Affairs,7,9
333107,https://www.help.senate.gov/hearings/stopping-the-spread-of-monkeypox-examining-the-federal-response,Stopping the Spread of Monkeypox: Examin...,4,5
333108,https://www.judiciary.senate.gov/committee-activity/hearings/flatlining-care-why-immigrants-are-crucial-to-bolstering-our-health-care-workforce,Flatlining Care: Why Immigrants Are Cruc...,3,4
333111,https://www.judiciary.senate.gov/committee-activity/hearings/protecting-americans-private-information-from-hostile-foreign-powers,POSTPONED: Protecting Americans’ Private...,4,7
333115,https://www.armed-services.senate.gov/hearings/nomination_-cotton,Nomination - Cotton,1,2
333120,https://www.energy.senate.gov/hearings/hearings-2022-9-u-s-senate-committee-on-energy-and-natural-resources-subcommittee-on-national-parks-hearing-on-pending-legislation/,National Parks Subcommittee Hearing on Pending Legislation – U.S. Senate Committee on Energy and Natural Resources,4,15
333122,https://www.energy.senate.gov/hearings/hearings-2022-9-full-committee-hearing-on-opportunities-and-challenges-in-deploying-innovative-battery-and-non-battery-technologies-for-energy-storage/,Full Committee Hearing On Opportunities and Challenges in Deploying Innovative Battery and Non-Battery Technologies for Energy Storage – U.S. Senate Committee on Energy and Natural Resources,3,3
333123,https://www.judiciary.senate.gov/committee-activity/hearings/oversight-of-federal-enforcement-of-the-antitrust-laws,Oversight of Federal Enforcement of the ...,2,4
333124,https://www.armed-services.senate.gov/hearings/to-receive-testimony-on-united-states-nuclear-strategy-and-policy,To receive testimony on United States Nu...,4,5
333125,https://www.hsgac.senate.gov/hearings/nominations-of-colleen-j-shogan-to-be-archivist-of-the-united-states-national-archives-and-records-administration-vijay-shanker-to-be-an-associate-judge-district-of-columbia-court-of-appeals-and-laura/,"Nominations of Colleen J. Shogan to be Archivist of the United States, National Archives and Records Administration; Vijay Shanker to be an Associate Judge, District of Columbia Court of Appeals; and Laura E. Crane, Leslie A. Meek, and Veronica M. Sanchez to be Associate Judges, Superior Court of the District of Columbia - Committee on Homeland Security & Governmental Affairs",5,6
333126,https://www.hsgac.senate.gov/subcommittees/investigations/hearings/uncounted-deaths-in-americas-prisons-and-jails-how-the-department-of-justice-failed-to-implement-the-death-in-custody-reporting-act/,Uncounted Deaths in America’s Prisons and Jails: How the Department of Justice Failed to Implement the Death in Custody Reporting Act - Committee on Homeland Security & Governmental Affairs,5,13
333130,https://www.judiciary.senate.gov/committee-activity/hearings/09/21/2022/nominations,Nominations,6,12
333132,https://www.armed-services.senate.gov/hearings/to-receive-testimony-on-the-status-of-military-recruiting-and-retention-efforts-across-the-department-of-defense,To receive testimony on the status of mi...,5,1
333133,https://www.sbc.senate.gov/public/index.cfm/hearings?ID=51EB574E-DA83-4AE3-8B27-E34140854B2F,Oversight of SBA’s State Trade Expansion Program - Hearings - U.S. Committee on Small Business & Entrepreneurship,3,3
333134,https://www.epw.senate.gov/public/index.cfm/hearings?ID=6B817AB8-3913-4A22-913E-0F6FDD335B87,Putting the Bipartisan Infrastructure Law to Work: The State and Local Perspectives - Hearings - U.S. Senate Committee on Environment and Public Works,4,4
333136,https://www.appropriations.senate.gov/hearings/vas-electronic-health-record-modernization_an-update-on-rollout-cost-and-schedule,Hearing,7,4
333137,https://www.foreign.senate.gov/hearings/women-leaders-countering-authoritarianism,Hearing: [2022-09-21] WOMEN LEADERS COUNTERING AUTHORITARIANISM |...,3,3
333140,https://www.indian.senate.gov/hearings/roundtable-discussion-titled-promoting-and-supporting-tribal-access-spectrum-and-related/,"Roundtable discussion titled “Promoting and Supporting Tribal Access to Spectrum and Related Benefits in Native Communities"" - Indian Affairs Committee",8,0
333141,https://www.aging.senate.gov/hearings/stopping-senior-scams-empowering-communities-to-fight-fraud,“Stopping Senior Scams: Empowering Commu...,4,6
333161,https://www.epw.senate.gov/public/index.cfm/hearings?ID=FE992DAC-C04D-4BBC-A3E7-B20EF14A2942,A Legislative Hearing on S.3571 - Good Samaritan Remediation of Abandoned Hardrock Mines Act of 2022 - Hearings - U.S. Senate Committee on Environment and Public Works,6,8
333162,https://www.agriculture.senate.gov/hearings/nomination-hearing-09-22-2022,Nomination Hearing,3,4
333163,https://www.epw.senate.gov/public/index.cfm/hearings?ID=AA00ACF4-68D5-4E0E-9D8F-ADE8690CF661,Putting the Bipartisan Infrastructure Law to Work: The Private Sector Perspective - Hearings - U.S. Senate Committee on Environment and Public Works,5,6
333164,https://www.foreign.senate.gov/hearings/keeping-the-pressure-on-russia-and-its-enablers-examining-the-reach-of-and-next-steps-for-us-sanctions,Hearing: [2022-09-28] Keeping the Pressure on Russia and its Enablers:...,2,3
333166,https://www.epw.senate.gov/public/index.cfm/hearings?ID=6B817AB8-3913-4A22-913E-0F6FDD335B87,Putting the Bipartisan Infrastructure Law to Work: The State and Local Perspectives - Hearings - U.S. Senate Committee on Environment and Public Works,4,4
333169,https://www.judiciary.senate.gov/committee-activity/hearings/from-nuremberg-to-ukraine-accountability-for-war-crimes-and-crimes-against-humanity,From Nuremberg to Ukraine: Accountabilit...,2,6
333171,https://www.hsgac.senate.gov/hearings/nominations-of-robert-h-shriver-iii-to-be-deputy-director-office-of-personnel-management-and-richard-l-revesz-to-be-administrator-office-of-information-and-regulatory-affairs-office-of-management-and/,"Nominations of Robert H. Shriver III to be Deputy Director, Office of Personnel Management, and Richard L. Revesz to be Administrator, Office of Information and Regulatory Affairs, Office of Management and Budget - Committee on Homeland Security & Governmental Affairs",2,3
333173,https://www.commerce.senate.gov/meetings/subcommittee-faa-reauthorization-integrating-new-entrants-into-the-national-airspace-system/,"Subcommittee: FAA Reauthorization: Integrating New Entrants into the National Airspace System - U.S. Senate Committee on Commerce, Science, & Transportation",5,5
333174,https://www.judiciary.senate.gov/committee-activity/hearings/09/29/2022/oversight-of-the-federal-bureau-of-prisons,Oversight of the Federal Bureau of Priso...,3,5
333180,https://www.energy.senate.gov/hearings/hearings-2022-9-full-committee-hearing-to-consider-pending-legislation/,Full Committee Hearing To Consider Pending Legislation – U.S. Senate Committee on Energy and Natural Resources,4,4
333181,https://www.commerce.senate.gov/meetings/securing-u-s-leadership-in-emerging-compute-technologies/,"Securing U.S. Leadership in Emerging Compute Technologies - U.S. Senate Committee on Commerce, Science, & Transportation",6,6
333205,https://www.epw.senate.gov/public/index.cfm/hearings?ID=8AAB033A-7320-46E2-9D31-AC5584BCA1B3,Stakeholder Views on the Brownfields Program Reauthorization - Hearings - U.S. Senate Committee on Environment and Public Works,4,5
333220,https://www.judiciary.senate.gov/committee-activity/hearings/10/12/2022/nominations,Nominations,6,14
333240,https://www.judiciary.senate.gov/committee-activity/hearings/breaking-the-logjam-part-2-the-office-of-legal-counsels-role-in-shaping-executive-privilege-doctrine,Breaking the Logjam Part 2: The Office o...,1,2
333260,https://www.foreign.senate.gov/hearings/assessing-us-policy-in-the-caucasus,Hearing: [2022-11-16] Assessing U.S. Policy in the Caucasus,2,2
333280,https://www.epw.senate.gov/public/index.cfm/hearings?ID=E78D3FF9-CEFF-41EB-B245-0B01DB808E52,Hearing on the Nominations of Stephen A. Owens to be Chairperson of the Chemical Safety and Hazard Investigations Board and Catherine J.K Sandoval to be Member of the Chemical Safety and Hazard Investigations Board - Hearings - U.S. Senate Committee on Environment and Public Works,2,3
333281,https://www.epw.senate.gov/public/index.cfm/hearings?ID=ACF87044-BE46-47B1-A909-C03BEDBCF0C2,Implementing IIJA: Opportunities for Local Jurisdictions to Address Transportation Challenges - Hearings - U.S. Senate Committee on Environment and Public Works,4,5
333300,https://www.aging.senate.gov/hearings/setting-the-table-promoting-healthy-and-affordable-food-for-older-americans,Setting the Table: Promoting Healthy and...,4,6
333301,https://www.hsgac.senate.gov/hearings/11-16-2022-threats-to-the-homeland/,Threats to the Homeland - Committee on Homeland Security & Governmental Affairs,3,5
333320,https://www.hsgac.senate.gov/subcommittees/investigations/hearings/medical-mistreatment-of-women-in-ice-detention/,Medical Mistreatment of Women in ICE Detention - Committee on Homeland Security & Governmental Affairs,6,8
333321,https://www.judiciary.senate.gov/committee-activity/hearings/11/15/2022/nominations,Nominations,6,12
333323,https://www.agriculture.senate.gov/hearings/farm-bill-2023-rural-development-and-energy-programs-11-15-2022,Farm Bill 2023: Rural Development and En...,6,7
333327,https://www.veterans.senate.gov/2022/11/hearing-on-the-department-of-veterans-affairs-implementation-of-the-sfc-heath-robinson-honoring-our-pact-act,Hearing on the Department of Veterans Affairs Implementation of the SFC Heath Ro...,1,2
333329,https://www.energy.senate.gov/hearings/hearings-2022-11-full-committee-hearing-to-consider-pending-nominations-a78d2e01-2125-4c37-97a3-6a76c7649456/,Full Committee Hearing To Consider Pending Nominations – U.S. Senate Committee on Energy and Natural Resources,3,4
333382,https://www.veterans.senate.gov/2022/11/native-american-veterans-ensuring-access-to-va-health-care-and-benefits,Native American Veterans: Ensuring Access to VA Health Care and Benefits - U.S....,6,7
333383,https://www.commerce.senate.gov/meetings/subcommittee-landsat-at-50-the-future-of-u-s-satellite-based-earth-observation/,"Subcommittee: Landsat at 50 & the Future of U.S. Satellite-based Earth Observation - U.S. Senate Committee on Commerce, Science, & Transportation",5,5
333384,https://www.judiciary.senate.gov/committee-activity/hearings/examining-the-competitive-impact-of-the-proposed-kroger-albertsons-transaction,Examining the Competitive Impact of the ...,5,10
333385,https://www.agriculture.senate.gov/hearings/why-congress-needs-to-act-lessons-learned-from-the-ftx-collapse-12-01-2022,Why Congress Needs to Act: Lessons Learn...,1,2
333386,https://www.banking.senate.gov/hearings/11/23/2022/nomination-hearing,hearing,4,6
333387,https://www.foreign.senate.gov/hearings/nominations-11-30-2022,Hearing: [2022-11-30] NOMINATIONS,5,5
333390,https://www.finance.senate.gov/hearings/opportunities-and-challenges-for-trade-policy-in-the-digital-economy,[2022-11-30] Hearing: Opportunities and Challenges for Trade Policy in the Digital Economy,4,7
333391,https://www.judiciary.senate.gov/committee-activity/hearings/11/30/2022/nominations,Nominations,6,13
333392,https://www.foreign.senate.gov/hearings/nominations-11-29-2022,Hearing: [2022-11-29] NOMINATIONS,10,11
333401,https://www.agriculture.senate.gov/hearings/farm-bill-2023-research-programs-12-06-2022,Farm Bill 2023: Research Programs,6,7
333442,https://www.epw.senate.gov/public/index.cfm/hearings?ID=D8583DB7-BFEE-480C-BBE3-AC1DCE04711B,Examining the Impact of Plastic Use and Identifying Solutions for Reducing Plastic Waste - Hearings - U.S. Senate Committee on Environment and Public Works,4,5
333444,https://www.hsgac.senate.gov/subcommittees/investigations/hearings/sexual-abuse-of-female-inmates-in-federal-prisons/,Sexual Abuse of Female Inmates in Federal Prisons - Committee on Homeland Security & Governmental Affairs,6,10
333445,https://www.rules.senate.gov/hearings/oversight-of-the-us-capitol-police-,Hearing: [2022-12-19] Oversight of the U.S. Capitol Police,1,3
333446,https://www.judiciary.senate.gov/committee-activity/hearings/12/13/2022/nominations,Nominations,5,10
333448,https://www.commerce.senate.gov/meetings/ensuring-solutions-to-meet-americas-broadband-needs/,"Ensuring Solutions to Meet America’s Broadband Needs - U.S. Senate Committee on Commerce, Science, & Transportation",4,4
333449,https://www.commerce.senate.gov/meetings/promoting-and-investing-in-small-american-manufacturers/,"Promoting and Investing in Small American Manufacturers - U.S. Senate Committee on Commerce, Science, & Transportation",5,5
333450,https://www.agriculture.senate.gov/hearings/food-as-medicine-current-efforts-and-potential-opportunities-12-13-2022,Food as Medicine: Current Efforts and Po...,5,6
333466,https://www.banking.senate.gov/hearings/12/08/2022/the-consumer-financial-protection-bureaus-semi-annual-report-to-congress,hearing,1,3
334146,https://www.jec.senate.gov/public/index.cfm/hearings-calendar?id=D9625C4C-BCD1-4BCE-B01D-C4D3FB38C07A,Counting the Costs: How a U.S. Default Crisis Harms American Families and Businesses - Counting the Costs: How a U.S. Default Crisis Harms American Families and Businesses - U.S. Congress Joint Economic Committee,0,3
334541,https://www.jec.senate.gov/public/index.cfm/hearings-calendar?id=B5E2BB31-B157-4618-8972-EBF09C3D061C,The Economic Impact of Diabetes - The Economic Impact of Diabetes - U.S. Congress Joint Economic Committee,0,5
334841,https://www.jec.senate.gov/public/index.cfm/hearings-calendar?id=77F27DBA-E42E-4B69-8441-595EA8BFBD95,Growing the Economy Of the Future: Job Training For the Clean Energy Transition - Growing the Economy Of the Future: Job Training For the Clean Energy Transition - U.S. Congress Joint Economic Committee,0,5
335107,https://www.jec.senate.gov/public/index.cfm/hearings-calendar?id=B06EA009-ECD1-4504-81A2-D69F43F97479,Aging Americans and a Waning Workforce: Demographic Drivers of our Deficit - Aging Americans and a Waning Workforce: Demographic Drivers of our Deficit - U.S. Congress Joint Economic Committee,0,0
335321,https://www.jec.senate.gov/public/index.cfm/hearings-calendar?id=AA2FD24A-5BC6-4F0B-8764-C532D26709BC,Rebuilding the American Dream: Policy Approaches to Increasing the Supply of Affordable Housing - Rebuilding the American Dream: Policy Approaches to Increasing the Supply of Affordable Housing - U.S. Congress Joint Economic Committee,0,5
335529,https://www.jec.senate.gov/public/index.cfm/hearings-calendar?id=73E7E2D4-78D3-4436-AC71-0D66FE2BB714,The Fiscal Situation of the United States - The Fiscal Situation of the United States - U.S. Congress Joint Economic Committee,0,5
335647,https://www.jec.senate.gov/public/index.cfm/hearings-calendar?id=E90C9994-C491-4C6E-9BF9-D91E589B10AC,Building Blocks for Success: Investing in Early Childhood Education - Building Blocks for Success: Investing in Early Childhood Education - U.S. Congress Joint Economic Committee,0,5
335866,https://www.jec.senate.gov/public/index.cfm/hearings-calendar?id=991A4E73-DCFF-43A8-9A2C-52CF2871D05C,Artificial Intelligence and Its Potential to Fuel Economic Growth and Improve Governance - Artificial Intelligence and Its Potential to Fuel Economic Growth and Improve Governance - U.S. Congress Joint Economic Committee,0,5
335901,https://www.jec.senate.gov/public/index.cfm/hearings-calendar?id=64634074-E9CF-4864-9400-E017645CC14B,Made in America: The Boom in U.S. Manufacturing Investment - Made in America: The Boom in U.S. Manufacturing Investment - U.S. Congress Joint Economic Committee,0,5
336308,https://www.jec.senate.gov/public/index.cfm/hearings-calendar?id=5947C1AA-886F-4852-AF76-4D7F7476A8C1,Building on the Success of TCJA: The 2025 Tax Policy Debate - Building on the Success of TCJA: The 2025 Tax Policy Debate - U.S. Congress Joint Economic Committee,0,4
336463,https://www.jec.senate.gov/public/index.cfm/hearings-calendar?id=DD4C8D27-3A5A-429D-84A3-8308A564AB26,Trade Wars & Higher Costs: The Case Against Trump’s Tariffs - Trade Wars & Higher Costs: The Case Against Trump’s Tariffs - U.S. Congress Joint Economic Committee,0,4
333500,https://www.judiciary.senate.gov/committee-activity/hearings/01/25/2023/nominations,Nominations,5,58
333501,https://www.judiciary.senate.gov/committee-activity/hearings/thats-the-ticket-promoting-competition-and-protecting-consumers-in-live-entertainment,LOCATION CHANGE: That’s the Ticket: Prom...,6,12
333521,https://www.foreign.senate.gov/hearings/countering-russian-aggression-ukraine-and-beyond,Hearing: [2023-01-26] COUNTERING RUSSIAN AGGRESSION: UKRAINE AND...,3,4
333522,https://www.agriculture.senate.gov/hearings/farm-bill-2023-trade-and-horticulture,Farm Bill 2023: Trade and Horticulture,3,4
333547,https://www.energy.senate.gov/hearings/hearings-2023-2-full-committee-hearing-to-examine-the-department-of-energy-s-implementation-of-the-infrastructure-investment-and-jobs-act/,Full Committee Hearing to Examine the Department of Energy’s Implementation of the Infrastructure Investment and Jobs Act. – U.S. Senate Committee on Energy and Natural Resources,1,3
333562,https://www.foreign.senate.gov/hearings/evaluating-us-china-policy-in-the-era-of-strategic-competition,Hearing: [2023-02-09] EVALUATING U.S.-CHINA POLICY IN THE ERA OF...,2,3
333564,https://www.agriculture.senate.gov/hearings/farm-bill-2023-commodity-programs-crop-insurance-and-credit,"Farm Bill 2023: Commodity Programs, Crop...",3,2
333568,https://www.armed-services.senate.gov/hearings/to-receive-testimony-on-global-security-challenges-and-strategy,To receive testimony on Global Security ...,3,6
333584,https://www.epw.senate.gov/public/index.cfm/hearings?ID=E1E24A1B-6A3C-4B0F-8794-15D1AA5AB7D9,The Future of Low Carbon Transportation Fuels and Considerations for a National Clean Fuels Program - Hearings - U.S. Senate Committee on Environment and Public Works,3,4
333586,https://www.energy.senate.gov/hearings/hearings-2023-2-full-committee-hearing-one-year-later-the-impact-of-the-russian-federation-s-war-in-ukraine-on-european-and-global-energy-security/,Full Committee Hearing — One Year Later: The Impact of the Russian Federation’s War in Ukraine on European and Global Energy Security – U.S. Senate Committee on Energy and Natural Resources,3,5
333587,https://www.foreign.senate.gov/hearings/nominations-02-14-2023,Hearing: [2023-02-16] NOMINATIONS,1,2
333588,https://www.judiciary.senate.gov/committee-activity/hearings/protecting-our-children-online,TIME CHANGE: Protecting Our Children Onl...,6,14
333589,https://www.commerce.senate.gov/meetings/nomination-hearing-5/,"Nomination Hearing - U.S. Senate Committee on Commerce, Science, & Transportation",2,2
333591,https://www.banking.senate.gov/hearings/crypto-crash-why-financial-system-safeguards-are-needed-for-digital-assets,hearing,3,5
333593,https://www.veterans.senate.gov/2023/2/to-consider-the-nomination-of-joshua-d-jacobs-to-be-under-secretary-for-benefits-department-of-veterans-affairs,To Consider the Nomination of Joshua D. Jacobs to be Under Secretary for Benefit...,1,2
333594,https://www.commerce.senate.gov/meetings/the-federal-aviation-administrations-notam-system-failure-and-its-impacts-on-a-resilient-national-airspace/,"The Federal Aviation Administration’s NOTAM System Failure and its Impacts on a Resilient National Airspace - U.S. Senate Committee on Commerce, Science, & Transportation",1,1
333595,https://www.budget.senate.gov/hearings/climate-related-economic-risks-and-their-costs-to-the-federal-budget-and-the-global-economy,Hearing,3,5
333596,https://www.foreign.senate.gov/hearings/countering-illicit-fentanyl-trafficking,Hearing: [2023-02-15] COUNTERING ILLICIT FENTANYL TRAFFICKING |...,3,4
333598,https://www.judiciary.senate.gov/committee-activity/hearings/02/15/2023/nominations,Nominations,6,14
333600,https://www.help.senate.gov/hearings/examining-health-care-workforce-shortages-where-do-we-go-from-here,Examining Health Care Workforce Shortage...,5,3
333601,https://www.agriculture.senate.gov/hearings/farm-bill-2023-nutrition-programs,Farm Bill 2023: Nutrition Programs,2,2
333602,https://www.finance.senate.gov/hearings/ending-trade-that-cheats-american-workers-by-modernizing-trade-laws-and-enforcement-fighting-forced-labor-eliminating-counterfeits-and-leveling-the-playing-field,"[2023-02-16] Hearing: Ending Trade that Cheats American Workers By Modernizing Trade Laws and Enforcement, Fighting Forced Labor, Eliminating Counterfeits, and Leveling the Playing Field",5,8
333620,https://www.commerce.senate.gov/meetings/bringing-transparency-and-accountability-to-pharmacy-benefit-managers/,"Bringing Transparency and Accountability to Pharmacy Benefit Managers - U.S. Senate Committee on Commerce, Science, & Transportation",4,5
333660,https://www.sbc.senate.gov/public/index.cfm/hearings?ID=007192B6-BBD2-4D70-88ED-DFDA24F7D205,Nomination of Dilawar Syed to be Deputy Administrator of the Small Business Administration - Hearings - U.S. Committee on Small Business & Entrepreneurship,0,1
333661,https://www.help.senate.gov/hearings/taxpayers-paid-billions-for-it-so-why-would-moderna-consider-quadrupling-the-price-of-the-covid-vaccine,Taxpayers Paid Billions For It: So Why W...,4,5
333680,https://www.epw.senate.gov/public/index.cfm/hearings?ID=B5C6E74C-AE80-4B9A-9B4F-64514E98E3DD,Implementing IIJA: Perspectives on The Drinking Water and Wastewater Infrastructure Act - Hearings - U.S. Senate Committee on Environment and Public Works,4,5
333681,https://www.epw.senate.gov/public/index.cfm/hearings?ID=1192BA24-5F7F-446A-AE81-711B3A037E8F,Hearing on the Nomination of Joseph Goffman to be Assistant Administrator for Air and Radiation of the Environmental Protection Agency - Hearings - U.S. Senate Committee on Environment and Public Works,1,2
333700,https://www.hsgac.senate.gov/hearings/nomination-of-colleen-j-shogan-to-be-archivist-of-the-united-states-national-archives-and-records-administration/,"Nomination of Colleen J. Shogan to be Archivist of the United States, National Archives and Records Administration - Committee on Homeland Security & Governmental Affairs",1,0
333701,https://www.veterans.senate.gov/2023/3/legislative-presentation-of-veterans-of-foreign-wars-of-the-united-states-multi-vsos-jwv-wwp-taps-moaa-amvets-gsw-moph-bva-nacvso,Legislative Presentation of Veterans of Foreign Wars of the United States & Mult...,10,12
333702,https://www.veterans.senate.gov/2023/3/legislative-presentation-of-the-american-legion-multi-vsos-pva-sva-iava-nasdva-bvec-vva-fra-ncai-ngaus,"Legislative Presentation of The American Legion & Multi VSOs: PVA, SVA, IAVA, N...",10,11
333703,https://www.veterans.senate.gov/2023/2/legislative-presentation-of-disabled-american-veterans,Legislative Presentation of Disabled American Veterans - U.S. Senate Committee o...,1,2
333706,https://www.foreign.senate.gov/hearings/nominations-03-01-2023,Hearing: [2023-03-01] NOMINATIONS,5,6
333707,https://www.judiciary.senate.gov/committee-activity/hearings/the-equal-rights-amendment-how-congress-can-recognize-ratification-and-enshrine-equality-in-our-constitution,The Equal Rights Amendment: How Congress...,8,10
333709,https://www.armed-services.senate.gov/hearings/to-receive-testimony-on-conflict-in-ukraine,To receive testimony on conflict in Ukra...,3,5
333710,https://www.budget.senate.gov/hearings/rising-seas-rising-costs-climate-change-and-the-economic-risks-to-coastal-communities,Hearing,5,6
333711,https://www.agriculture.senate.gov/hearings/farm-bill-2023-conservation-and-forestry-programs,Farm Bill 2023: Conservation and Forestr...,3,4
333712,https://www.commerce.senate.gov/meetings/nomination-hearing-4/,"Nomination Hearing - U.S. Senate Committee on Commerce, Science, & Transportation",1,3
333713,https://www.judiciary.senate.gov/committee-activity/hearings/02/22/2023/oversight-of-the-department-of-justice,Oversight of the Department of Justice,1,2
333714,https://www.help.senate.gov/hearings/community-health-centers-saving-lives-saving-money,"Community Health Centers: Saving Lives, ...",5,5
333722,https://www.finance.senate.gov/hearings/tax-policys-role-in-increasing-affordable-housing-supply-for-working-families,[2023-03-07] Hearing: Tax Policy’s Role in Increasing Affordable Housing Supply for Working Families,5,8
333723,https://www.banking.senate.gov/hearings/02/28/2023/the-semiannual-monetary-policy-report-to-the-congress,hearing,1,3
333725,https://www.epw.senate.gov/public/index.cfm/hearings?ID=2B39B9FC-316B-4273-946C-ED4F839BE64D,"Air, Climate, and Environmental Impacts of Crypto-Asset Mining: Legislative Hearing on S___, The Crypto-Asset Environmental Transparency Act of 2023 - Hearings - U.S. Senate Committee on Environment and Public Works",3,4
333726,https://www.judiciary.senate.gov/committee-activity/hearings/reining-in-dominant-digital-platforms-restoring-competition-to-our-digital-markets,Reining in Dominant Digital Platforms: R...,5,5
333729,https://www.agriculture.senate.gov/hearings/oversight-of-the-commodity-futures-trading-commission-03-08-2023,Oversight of the Commodity Futures Tradi...,1,2
333730,https://www.banking.senate.gov/hearings/the-federal-debt-limit-and-its-economic-and-financial-consequences,hearing,5,7
333731,https://www.help.senate.gov/hearings/defending-the-right-of-workers-to-organize-unions-free-from-illegal-corporate-union-busting,Defending the Right of Workers to Organi...,5,6
333732,https://www.hsgac.senate.gov/hearings/artificial-intelligence-risks-and-opportunities/,Artificial Intelligence: Risks and Opportunities - Committee on Homeland Security & Governmental Affairs,3,0
333737,https://www.indian.senate.gov/hearings/oversight-hearing-native-communities-priorities-118th-congress/,"Oversight Hearing on ""Native communities’ priorities for the 118th Congress"" - Indian Affairs Committee",7,8
333739,https://www.aging.senate.gov/hearings/uplifting-families-workers-and-older-adults-supporting-communities-of-care,"Uplifting Families, Workers, and Older A...",4,7
333740,https://www.banking.senate.gov/hearings/the-federal-strategic-plan-to-prevent-and-end-homelessness,hearing,2,4
333741,https://www.epw.senate.gov/public/index.cfm/hearings?ID=27D60C48-F310-4375-8616-B3CA87EBA01F,"Protecting Public Health and the Environment in the Wake of the Norfolk Southern Train Derailment and Chemical Release in East Palestine, Ohio - Hearings - U.S. Senate Committee on Environment and Public Works",8,9
333742,https://www.budget.senate.gov/hearings/a-burning-issue-the-economic-costs-of-wildfires,Hearing,5,7
333744,https://www.judiciary.senate.gov/committee-activity/hearings/platform-accountability-gonzalez-and-reform,Platform Accountability: Gonzalez and Re...,5,7
333760,https://www.commerce.senate.gov/meetings/implementation-and-oversight-of-the-aircraft-certification-safety-and-accountability-act/,"Implementation and Oversight of the Aircraft Certification, Safety, and Accountability Act - U.S. Senate Committee on Commerce, Science, & Transportation",1,1
333800,https://www.energy.senate.gov/hearings/hearings-2023-3-full-committee-hearing-to-examine-the-nuclear-fuel-cycle/,Full Committee Hearing to Examine the Nuclear Fuel Cycle – U.S. Senate Committee on Energy and Natural Resources,3,5
333801,https://www.foreign.senate.gov/hearings/geopolitical-competition-and-energy-security-in-central-asia-03-01-23,Hearing: [2023-03-08] GEOPOLITICAL COMPETITION AND ENERGY SECURITY IN...,2,3
333802,https://www.foreign.senate.gov/hearings/usaid-localization-challenges-opportunities-and-next-steps-to-further-development-initiatives-on-the-local-level-03-09-23,"Hearing: [2023-03-09] USAID LOCALIZATION: CHALLENGES, OPPORTUNITIES,...",4,5
333805,https://www.budget.senate.gov/hearings/the-presidents-fiscal-year-2024-budget-proposal,Hearing,1,3
333806,https://www.armed-services.senate.gov/hearings/to-receive-testimony-on-the-united-states-space-force-programs-in-review-of-the-defense-authorization-request-for-fiscal-year-2024-and-the-future-years-defense-program,To receive testimony on the United State...,1,1
333807,https://www.veterans.senate.gov/2023/3/examining-the-future-path-of-va-s-electronic-health-record-modernization-program,Examining the Future Path of VA’s Electronic Health Record Modernization Program...,3,6
333808,https://www.judiciary.senate.gov/committee-activity/hearings/protecting-public-safety-after-new-york-state-rifle-and-pistol-association-v-bruen,Protecting Public Safety After New York ...,5,9
333809,https://www.appropriations.senate.gov/hearings/fy2024-budget-requests-for-the-congressional-budget-office-the-government-accountability-office-and-the-government-publishing-office,Hearing,3,3
333810,https://www.armed-services.senate.gov/hearings/to-consider-the-nominations-of-keohane-and-guertin,To consider the nominations of Keohane a...,2,6
333811,https://www.armed-services.senate.gov/hearings/to-receive-testimony-on-military-and-civilian-personnel-programs-in-the-department-of-defense-in-review-of-the-defense-authorization-request-for-fiscal-year-2024-and-the-future-years-defense-program,To receive testimony on military and civ...,8,9
333812,https://www.finance.senate.gov/hearings/the-presidents-fiscal-year-2024-budget-with-treasury-secretary-janet-l-yellen,[2023-03-16] Hearing: The President’s Fiscal Year 2024 Budget with Treasury Secretary Janet L. Yellen,1,4
333813,https://www.foreign.senate.gov/hearings/nominations-03-15-2023,Hearing: [2023-03-15] NOMINATIONS,5,5
333821,https://www.foreign.senate.gov/hearings/the-future-of-us-brazil-relations-03-15-2023,Hearing: [2023-03-15] THE FUTURE OF U.S.-BRAZIL RELATIONS,2,3
333822,https://www.hsgac.senate.gov/hearings/in-need-of-a-checkup-examining-the-cybersecurity-risks-to-the-healthcare-sector/,In Need of a Checkup: Examining the Cybersecurity Risks to the Healthcare Sector - Committee on Homeland Security & Governmental Affairs,4,0
333840,https://www.agriculture.senate.gov/hearings/oversight-of-the-us-department-of-agriculture,Oversight of the U.S. Department of Agri...,1,2
333842,https://www.commerce.senate.gov/meetings/strengthening-the-aviation-workforce/,"Strengthening the Aviation Workforce - U.S. Senate Committee on Commerce, Science, & Transportation",6,6
333843,https://www.epw.senate.gov/public/index.cfm/hearings?ID=10B6180F-3696-4B30-A5A9-FF418B078448,The U.S. Environmental Protection Agency’s Proposed Fiscal Year 2024 Budget - Hearings - U.S. Senate Committee on Environment and Public Works,1,2
333860,https://www.hsgac.senate.gov/hearings/drug-shortage-health-and-national-security-risks-underlying-causes-and-needed-reforms/,Drug Shortage Health and National Security Risks: Underlying Causes and Needed Reforms - Committee on Homeland Security & Governmental Affairs,4,0
333862,https://www.appropriations.senate.gov/hearings/review-of-the-fiscal-year-2024-budget-request-for-the-us-department-of-state,Hearing,1,1
333863,https://www.appropriations.senate.gov/hearings/a-review-of-the-fiscal-year-2024-presidents-budget-for-the-us-forest-service,Hearing,1,1
333864,https://www.finance.senate.gov/hearings/the-presidents-fiscal-year-2024-health-and-human-services-budget,[2023-03-22] Hearing: The President’s Fiscal Year 2024 Health and Human Services Budget,1,4
333865,https://www.veterans.senate.gov/2023/3/strengthening-methods-of-recruitment-and-retention-for-va-s-workforce,Strengthening Methods of Recruitment and Retention for VA’s Workforce - U.S. Sen...,1,3
333866,https://www.appropriations.senate.gov/hearings/a-review-of-the-presidents-fy-2024-funding-request-and-budget-justification-for-the-department-of-health-and-human-services-2023,Hearing,1,1
333867,https://www.appropriations.senate.gov/hearings/review-of-the-fy-2024-budget-for-the-department-of-the-treasury,Hearing,1,1
333868,https://www.judiciary.senate.gov/committee-activity/hearings/03/22/2023/nominations,Nominations,3,7
333870,https://www.appropriations.senate.gov/hearings/fy2024-budget-requests-for-the-library-of-the-congress-and-the-architect-of-the-capitol,Hearing,2,2
333871,https://www.indian.senate.gov/hearings/roundtable-discussion-titled-native-priorities-2023-farm-bill-reauthorization/,Roundtable Discussion titled “Native Priorities for the 2023 Farm Bill Reauthorization” - Indian Affairs Committee,8,0
333872,https://www.judiciary.senate.gov/committee-activity/hearings/living-up-to-americas-promise-the-need-to-bolster-the-us-refugee-admissions-program,Living Up to America’s Promise: The Need...,3,3
333873,https://www.budget.senate.gov/hearings/risky-business-how-climate-change-is-changing-insurance-markets,Hearing,5,7
333874,https://www.armed-services.senate.gov/hearings/to-receive-testimony-on-department-of-defense-small-business-tools-for-enhancing-the-industrial-base,To receive testimony on Department of De...,4,5
333875,https://www.armed-services.senate.gov/hearings/to-receive-testimony-on-the-recruiting-challenges-facing-the-united-states-military,To receive testimony on the recruiting c...,3,5
333877,https://www.hsgac.senate.gov/hearings/modernizing-the-governments-classification-system/,Modernizing the Government's Classification System - Committee on Homeland Security & Governmental Affairs,4,0
333878,https://www.foreign.senate.gov/hearings/american-diplomacy-and-global-leadership-review-of-the-fy24-state-department-budget-request-03-22-2023,Hearing: [2023-03-22] AMERICAN DIPLOMACY AND GLOBAL LEADERSHIP: REVIEW...,1,2
333879,https://www.appropriations.senate.gov/hearings/review-of-the-presidents-fy-2024-funding-request-and-budget-justification-for-the-us-department-of-transportation,Hearing,1,1
333881,https://www.finance.senate.gov/hearings/the-presidents-2023-trade-policy-agenda,[2023-03-23] Hearing: The President’s 2023 Trade Policy Agenda,1,5
333882,https://www.commerce.senate.gov/meetings/enhancing-consumer-protections-and-connectivity-in-air-transportation/,"Enhancing Consumer Protections and Connectivity in Air Transportation - U.S. Senate Committee on Commerce, Science, & Transportation",6,6
333900,https://www.judiciary.senate.gov/committee-activity/hearings/03/28/2023/oversight-of-the-department-of-homeland-security,Oversight of the Department of Homeland ...,1,3
333901,https://www.appropriations.senate.gov/hearings/a-review-of-the-presidents-fiscal-year-2024-funding-request-for-the-us-department-of-justice,Hearing,1,1
333903,https://www.epw.senate.gov/public/index.cfm/hearings?ID=ED3D1E3B-3357-4A37-9F85-854648FD3028,The EPA Good Neighbor Rule: Healthier Air for Downwind States - Hearings - U.S. Senate Committee on Environment and Public Works,5,6
333904,https://www.rules.senate.gov/hearings/state-and-local-perspectives-on-election-administration,Hearing: [2023-03-28] State and Local Perspectives on Election...,5,11
333905,https://www.appropriations.senate.gov/hearings/review-of-the-presidents-fiscal-year-2024-budget-request-for-the-navy-and-marine-corps,Hearing,3,3
333906,https://www.armed-services.senate.gov/hearings/to-receive-testimony-on-navy-and-marine-corps-investment-programs-in-review-of-the-defense-authorization-request-for-fiscal-year-2024-and-the-future-years-defense-program,To receive testimony on Navy and Marine ...,3,3
333907,https://www.armed-services.senate.gov/hearings/to-receive-testimony-on-regional-nuclear-deterrence,To receive testimony on regional nuclear...,4,2
333909,https://www.banking.senate.gov/hearings/recent-bank-failures-and-the-federal-regulatory-response,hearing,3,5
333921,https://www.help.senate.gov/hearings/no-company-is-above-the-law-the-need-to-end-illegal-union-busting-at-starbucks,No Company is Above the Law: The Need to...,6,7
333922,https://www.appropriations.senate.gov/hearings/a-review-of-the-presidents-fiscal-year-2024-budget-request-for-the-department-of-interior,Hearing,1,1
333923,https://www.appropriations.senate.gov/hearings/a-review-of-the-presidents-fiscal-year-2024-budget-request-for-the-us-department-of-agriculture,Hearing,1,1
333924,https://www.foreign.senate.gov/hearings/us-support-of-democracy-and-human-rights-03-28-2023,Hearing: [2023-03-28] U.S. SUPPORT OF DEMOCRACY AND HUMAN RIGHTS |...,3,4
333925,https://www.budget.senate.gov/hearings/left-holding-the-bag-the-cost-of-oil-dependence-in-a-low-carbon-world,Hearing,5,7
333926,https://www.armed-services.senate.gov/hearings/to-receive-testimony-on-enterprise-cybersecurity-to-protect-the-department-of-defense-information-networks,To receive testimony on enterprise cyber...,2,1
333928,https://www.finance.senate.gov/hearings/an-oral-health-crisis-identifying-and-addressing-health-disparities,[2023-03-29] Hearing: An Oral Health Crisis: Identifying and Addressing Health Disparities,4,5
333929,https://www.commerce.senate.gov/meetings/advancing-next-generation-aviation-technologies/,"Advancing Next Generation Aviation Technologies - U.S. Senate Committee on Commerce, Science, & Transportation",7,7
333931,https://www.agriculture.senate.gov/hearings/forestry-in-the-farm-bill-the-importance-of-americas-forests,Forestry in the Farm Bill: The Importanc...,5,6
333934,https://www.epw.senate.gov/public/index.cfm/hearings?ID=8E2A8148-F4DB-477C-A9FD-5C7BA9C7351F,Petrochemicals to Waste: Examining the Lifecycle Environmental and Climate Effects of Plastic - Hearings - U.S. Senate Committee on Environment and Public Works,3,3
333936,https://www.finance.senate.gov/hearings/pharmacy-benefit-managers-and-the-prescription-drug-supply-chain-impact-on-patients-and-taxpayers,[2023-03-30] Hearing: Pharmacy Benefit Managers and the Prescription Drug Supply Chain: Impact on Patients and Taxpayers,5,8
333940,https://www.foreign.senate.gov/hearings/nominations-03-30-2023,Hearing: [2023-03-30] NOMINATIONS,4,5
333942,https://www.aging.senate.gov/hearings/guardianship-and-alternatives-protection-and-empowerment,Guardianship and Alternatives: Protectio...,4,7
333943,https://www.epw.senate.gov/public/index.cfm/hearings?ID=45AD5657-CE0B-4EFD-BD00-B7C3DB5E11D2,US Army Corps Budget 2024 and Implementation of Water Resources Development Act of 2022 - Hearings - U.S. Senate Committee on Environment and Public Works,2,3
333944,https://www.appropriations.senate.gov/hearings/a-review-of-the-presidents-fy-2024-budget-request-for-the-department-of-homeland-security,Hearing,1,1
333960,https://www.epw.senate.gov/public/index.cfm/hearings?ID=DD1B6EC6-588A-4A56-9961-F9961BE12270,The Nuclear Regulatory Commission’s Proposed Fiscal Year 2024 Budget - Hearings - U.S. Senate Committee on Environment and Public Works,5,6
333961,https://www.epw.senate.gov/public/index.cfm/hearings?ID=E5270C1D-EAC2-4B48-B3D6-1E864EDC589A,Cleaner Vehicles: Good for Consumers and Public Health - Hearings - U.S. Senate Committee on Environment and Public Works,3,4
333982,https://www.appropriations.senate.gov/hearings/a-review-of-the-fy2024-budget-request-for-military-construction-and-family-housing,Hearing,6,5
333983,https://www.appropriations.senate.gov/hearings/a-review-of-the-presidents-fiscal-year-2024-funding-request-and-budget-justification-for-the-us-department-of-housing-and-urban-development,Hearing,1,1
333984,https://www.budget.senate.gov/hearings/a-rigged-system-the-cost-of-tax-dodging-by-the-wealthy-and-big-corporations,Hearing,3,5
333988,https://www.judiciary.senate.gov/committee-activity/hearings/foreign-competitive-threats-to-american-innovation-and-economic-leadership,Foreign Competitive Threats to American ...,4,7
333991,https://www.armed-services.senate.gov/hearings/to-receive-testimony-on-army-modernization-in-review-of-the-defense-authorization-request-for-fiscal-year-2024-and-the-future-years-defense-program,To receive testimony on Army modernizati...,3,2
333992,https://www.armed-services.senate.gov/hearings/to-receive-testimony-on-the-department-of-energys-atomic-energy-defense-activities-and-department-of-defense-nuclear-weapons-programs-in-review-of-the-defense-authorization-request-for-fiscal-year-2024-and-the-future-years-defense-program,To receive testimony on the Department o...,0,1
333993,https://www.judiciary.senate.gov/committee-activity/hearings/04/18/2023/nominations,Nominations,3,7
333994,https://www.energy.senate.gov/hearings/hearings-2023-4-full-committee-hearing-to-examine-the-president-s-budget-request-for-the-u-s-forest-service-for-fiscal-year-2024/,Full Committee Hearing to Examine the President’s Budget Request for the U.S. Forest Service for Fiscal Year 2024 – U.S. Senate Committee on Energy and Natural Resources,1,2
333995,https://www.armed-services.senate.gov/hearings/to-receive-testimony-on-military-construction-energy-installations-environmental-and-base-closure-programs-in-review-of-the-defense-authorization-request-for-fiscal-year-2024-and-the-future-years-defense-program,To receive testimony on military constru...,5,6
333996,https://www.agriculture.senate.gov/hearings/conservation-in-the-farm-bill-making-conservation-programs-work-for-farmers-and-ranchers,Conservation in the Farm Bill: Making Co...,5,6
333997,https://www.appropriations.senate.gov/hearings/a-review-of-the-presidents-fiscal-year-2024-budget-request-for-the-food-and-drug-administration,Hearing,1,1
333999,https://www.aging.senate.gov/hearings/beyond-the-9-to-5-dismantling-barriers-and-building-economic-resilience-for-older-workers,Beyond the 9 to 5: Dismantling Barriers ...,4,7
334001,https://www.foreign.senate.gov/hearings/pepfar-at-20-achieving-and-sustaining-epidemic-control,Hearing: [2023-04-19] PEPFAR AT 20: ACHIEVING AND SUSTAINING EPIDEMIC...,3,4
334003,https://www.agriculture.senate.gov/hearings/snap-and-other-nutrition-assistance-in-the-farm-bill,SNAP and Other Nutrition Assistance in t...,5,6
334005,https://www.hsgac.senate.gov/hearings/gaos-2023-high-risk-list-recommendations-for-reducing-waste-fraud-and-abuse/,"GAO's 2023 High Risk List: Recommendations for Reducing Waste, Fraud, and Abuse - Committee on Homeland Security & Governmental Affairs",1,0
334006,https://www.judiciary.senate.gov/committee-activity/hearings/holding-russian-kleptocrats-and-human-rights-violators-accountable-for-their-crimes-against-ukraine,Holding Russian Kleptocrats and Human Ri...,1,1
334007,https://www.armed-services.senate.gov/hearings/to-receive-testimony-on-the-state-of-artificial-intelligence-and-machine-learning-applications-to-improve-department-of-defense-operations,To receive testimony on the state of art...,3,4
334008,https://www.energy.senate.gov/hearings/hearings-2023-4-full-committee-hearing-to-examine-the-president-s-budget-request-for-the-u-s-forest-service-for-fiscal-year-2024/,Full Committee Hearing to Examine the President’s Budget Request for the U.S. Forest Service for Fiscal Year 2024 – U.S. Senate Committee on Energy and Natural Resources,1,2
334009,https://www.appropriations.senate.gov/hearings/review-of-the-presidents-fiscal-year-2024-budget-request-for-the-air-force-and-space-force,Hearing,3,1
334011,https://www.appropriations.senate.gov/hearings/a-review-of-the-presidents-fiscal-year-2024-funding-request-for-the-national-aeronautics-and-space-administration-and-for-the-national-science-foundation,Hearing,2,2
334012,https://www.appropriations.senate.gov/hearings/a-review-of-the-presidents-fiscal-year-2024-budget-request-for-the-us-agency-for-international-development,Hearing,1,1
334013,https://www.veterans.senate.gov/2023/4/veterans-consumer-protection-preventing-financial-exploitation-of-veterans-and-their-benefits,Veterans Consumer Protection: Preventing Financial Exploitation of Veterans and...,3,4
334014,https://www.energy.senate.gov/hearings/hearings-2023-4-full-committee-hearing-to-examine-the-president-s-budget-request-for-the-u-s-department-of-energy-for-fiscal-year-2024/,Full Committee Hearing to Examine the President’s Budget Request for the U.S. Department of Energy for Fiscal Year 2024. – U.S. Senate Committee on Energy and Natural Resources,1,3
334020,https://www.appropriations.senate.gov/hearings/a-review-of-the-presidents-fiscal-year-2024-budget-requests-for-the-sergeant-at-arms-and-doorkeeper-of-the-senate-and-the-united-states-capitol-police,Hearing,2,2
334022,https://www.foreign.senate.gov/hearings/us-policy-on-tunisia,Hearing: [2023-04-26] U.S. POLICY ON TUNISIA,2,3
334024,https://www.appropriations.senate.gov/hearings/a-review-of-the-fy-2024-budget-and-fy-2025-advance-appropriations-requests-for-the-department-of-veterans-affairs,Hearing,1,1
334025,https://www.hsgac.senate.gov/subcommittees/etso/hearings/lessons-learned-10-years-since-the-boston-marathon-bombings/,Lessons Learned: 10 Years Since the Boston Marathon Bombings - Committee on Homeland Security & Governmental Affairs,3,0
334026,https://www.appropriations.senate.gov/hearings/a-review-of-the-presidents-fiscal-year-2024-funding-request-for-the-department-of-commerce,Hearing,1,1
334028,https://www.hsgac.senate.gov/subcommittees/gobm/hearings/examining-the-effects-of-increased-migration-on-communities-along-the-southern-border/,Examining the Effects of Increased Migration on Communities Along the Southern Border - Committee on Homeland Security & Governmental Affairs,4,0
334029,https://www.judiciary.senate.gov/committee-activity/hearings/the-assault-on-reproductive-rights-in-a-post-dobbs-america,The Assault on Reproductive Rights in a ...,5,6
334030,https://www.sbc.senate.gov/public/index.cfm/hearings?ID=279CE4E4-5086-41B8-A5A2-C3391C626D07,Oversight of SBA’s Implementation of Final Rules to Expand Access to Capital - Hearings - U.S. Committee on Small Business & Entrepreneurship,2,4
334031,https://www.budget.senate.gov/hearings/under-the-weather-diagnosing-the-health-costs-of-climate-change,Hearing,5,7
334032,https://www.armed-services.senate.gov/hearings/to-receive-testimony-on-public-integrity-and-anti-corruption-laws-at-the-department-of-defense,To receive testimony on public integrity...,0,1
334033,https://www.armed-services.senate.gov/hearings/to-receive-testimony-on-air-force-modernization-in-review-of-the-defense-authorization-request-for-fiscal-year-2024-and-the-future-years-defense-program,To receive testimony on Air Force modern...,4,2
334034,https://www.banking.senate.gov/hearings/building-consensus-to-address-housing-challenges,hearing,3,6
334037,https://www.banking.senate.gov/hearings/oversight-of-the-credit-reporting-agencies,hearing,3,5
334040,https://www.help.senate.gov/hearings/the-need-to-make-insulin-affordable-for-all-americans,The Need to Make Insulin Affordable for ...,6,7
334042,https://www.energy.senate.gov/hearings/hearings-2023-5-full-committee-hearing-to-examine-the-president-s-budget-request-for-the-u-s-department-of-the-interior-for-fiscal-year-2024/,Full Committee Hearing to Examine the President’s Budget Request for the U.S. Department of the Interior for Fiscal Year 2024 – U.S. Senate Committee on Energy and Natural Resources,1,3
334043,https://www.epw.senate.gov/public/index.cfm/hearings?ID=5AF87E5A-E303-4A97-B408-69589268F9A5,Perspectives on New and Existing US Army Corps of Engineers Authorities to Respond to Water Management Issues Including Drought and Water Conservation - Hearings - U.S. Senate Committee on Environment and Public Works,5,6
334044,https://www.epw.senate.gov/public/index.cfm/hearings?ID=B4E18FBD-904D-4042-8B1B-4040550779EC,Water Affordability and Small System Assistance - Hearings - U.S. Senate Committee on Environment and Public Works,3,4
334045,https://www.appropriations.senate.gov/hearings/advancing-security-and-prosperity-through-international-conservation,Hearing,3,3
334048,https://www.hsgac.senate.gov/hearings/improving-access-to-federal-grants-for-underserved-communities/,Improving Access to Federal Grants for Underserved Communities - Committee on Homeland Security & Governmental Affairs,3,0
334049,https://www.appropriations.senate.gov/hearings/review-of-the-presidents-fiscal-year-2024-budget-request-for-the-army,Hearing,2,2
334050,https://www.foreign.senate.gov/hearings/fy-2024-budget-request-for-east-asia-and-the-pacific,Hearing: [2023-05-02] FY 2024 BUDGET REQUEST FOR EAST ASIA AND THE...,2,3
334052,https://www.appropriations.senate.gov/hearings/a-review-of-the-fiscal-year-2024-budget-request-for-the-us-army-corps-of-engineers-and-the-bureau-of-reclamation,Hearing,3,3
334053,https://www.armed-services.senate.gov/hearings/to-receive-testimony-on-the-department-of-defense-space-activities-in-review-of-the-defense-authorization-request-for-fiscal-year-2024-and-the-future-years-defense-program,To receive testimony on the Department o...,3,4
334054,https://www.agriculture.senate.gov/hearings/commodity-programs-credit-and-crop-insurance_-part-1-producer-perspectives-on-the-farm-safety-net,"Commodity Programs, Credit, and Crop Ins...",12,13
334055,https://www.agriculture.senate.gov/hearings/commodity-programs-credit-and-crop-insurance_-part-2-industry-perspectives-on-risk-management-and-access-to-credit,"Commodity Programs, Credit, and Crop Ins...",6,7
334056,https://www.banking.senate.gov/hearings/rural-housing-legislation,hearing,5,6
334058,https://www.banking.senate.gov/hearings/reauthorization-of-the-national-flood-insurance-program-improving-community-resilience,hearing,3,5
334060,https://www.judiciary.senate.gov/committee-activity/hearings/supreme-court-ethics-reform,Supreme Court Ethics Reform,5,6
334061,https://www.appropriations.senate.gov/hearings/a-review-of-the-fiscal-year-2024-budget-request-for-the-us-department-of-energy-including-the-national-nuclear-security-administration,Hearing,2,1
334063,https://www.finance.senate.gov/hearings/barriers-to-mental-health-care-improving-provider-directory-accuracy-to-reduce-the-prevalence-of-ghost-networks,[2023-05-03] Hearing: Barriers to Mental Health Care: Improving Provider Directory Accuracy to Reduce the Prevalence of Ghost Networks,5,8
334068,https://www.budget.senate.gov/hearings/who-pays-the-price-the-real-cost-of-fossil-fuels,Hearing,3,5
334069,https://www.judiciary.senate.gov/committee-activity/hearings/competition-in-the-digital-advertising-ecosystem,Competition in the Digital Advertising E...,5,10
334070,https://www.energy.senate.gov/hearings/hearings-2023-5-full-committee-hearing-to-conduct-oversight-of-ferc/,Full Committee Hearing to Conduct Oversight of FERC – U.S. Senate Committee on Energy and Natural Resources,4,6
334071,https://www.energy.senate.gov/hearings/hearings-2023-5-subcommittee-on-national-parks-hearing-to-examine-the-president-s-budget-request-for-the-national-park-service-for-fiscal-year-2024/,Subcommittee on National Parks Hearing to Examine the President’s Budget Request for the National Park Service for Fiscal Year 2024 – U.S. Senate Committee on Energy and Natural Resources,2,2
334072,https://www.foreign.senate.gov/hearings/the-global-information-wars-is-the-us-winning-or-losing050323,Hearing: [2023-05-03] THE GLOBAL INFORMATION WARS: IS THE U.S. WINNING...,4,5
334073,https://www.appropriations.senate.gov/hearings/a-review-of-the-presidents-fy-2024-funding-request-and-budget-justification-for-the-national-institutes-of-health,Hearing,5,1
334080,https://www.appropriations.senate.gov/hearings/combatting-transnational-criminal-organizations-and-related-trafficking,Hearing,3,2
334081,https://www.appropriations.senate.gov/hearings/a-review-of-the-presidents-fy-2024-funding-request-and-budget-justification-for-the-national-institutes-of-health,Hearing,5,1
334083,https://www.foreign.senate.gov/hearings/nominations-05-04-2023,Hearing: [2023-05-04] NOMINATIONS,4,4
334085,https://www.appropriations.senate.gov/hearings/a-review-of-the-presidents-fiscal-year-2024-budget-request-for-the-environmental-protection-agency,Hearing,1,1
334087,https://www.epw.senate.gov/public/index.cfm/hearings?ID=6963283F-FC4A-460C-B1B9-E019AA844F2D,Hearing on the Nomination of Jeffery Martin Baran to be a Member of the Nuclear Regulatory Commission - Hearings - U.S. Senate Committee on Environment and Public Works,2,3
334088,https://www.armed-services.senate.gov/hearings/to-receive-testimony-on-the-department-of-defense-missile-defense-activities-in-review-of-the-defense-authorization-request-for-fiscal-year-2024-and-the-future-years-defense-program,To receive testimony on the Department o...,4,5
334089,https://www.appropriations.senate.gov/hearings/a-review-of-the-presidents-fy-24-budget-request-investing-in-us-security-competitiveness-and-the-path-ahead-for-the-us-china-relationship,Hearing,3,3
334091,https://www.budget.senate.gov/hearings/lessons-learned-leadership-perspectives-and-experience-on-the-national-costs-of-climate-change,Hearing,3,5
334092,https://www.rules.senate.gov/hearings/oversight-of-the-library-of-congress,Hearing: [2023-05-10] Oversight of the Library of Congress,1,3
334094,https://www.appropriations.senate.gov/hearings/a-review-of-the-presidents-fiscal-year-2024-budget-request-for-indian-country,Hearing,2,2
334098,https://www.foreign.senate.gov/hearings/conflict-in-sudan-options-for-an-effective-policy-response,Hearing: [2023-05-10] CONFLICT IN SUDAN: OPTIONS FOR AN EFFECTIVE...,2,3
334099,https://www.finance.senate.gov/hearings/cross-border-rx-pharmaceutical-manufacturers-and-us-international-tax-policy,[2023-05-11] Hearing: Cross-border Rx: Pharmaceutical Manufacturers and U.S. International Tax Policy,4,8
334100,https://www.appropriations.senate.gov/hearings/a-review-of-the-presidents-fiscal-year-2024-funding-request-and-budget-justification-for-the-department-of-education,Hearing,1,1
334102,https://www.appropriations.senate.gov/hearings/review-of-the-presidents-fiscal-year-2024-budget-request-for-the-department-of-defense,Hearing,2,2
334120,https://www.commerce.senate.gov/meetings/subcommittee-the-state-of-universal-service/,"Subcommittee: The State of Universal Service - U.S. Senate Committee on Commerce, Science, & Transportation",5,6
334124,https://www.epw.senate.gov/public/index.cfm/hearings?ID=19FC7AF4-4C4A-4119-8038-E043C832E80F,The U.S. Fish and Wildlife Service’s Proposed Fiscal Year 2024 Budget - Hearings - U.S. Senate Committee on Environment and Public Works,1,2
334125,https://www.epw.senate.gov/public/index.cfm/hearings?ID=E5E222F6-935A-4365-9845-0CECAF750553,Federal Actions to Improve Project Reviews for a Cleaner and Stronger Economy - Hearings - U.S. Senate Committee on Environment and Public Works,3,4
334126,https://www.veterans.senate.gov/2023/5/review-of-the-fiscal-year-2024-budget-and-2025-advance-appropriations-requests-for-the-department-of-veterans-affairs,Review of the Fiscal Year 2024 Budget and 2025 Advance Appropriations Requests...,4,8
334128,https://www.finance.senate.gov/hearings/house-republican-supplemental-irs-funding-cuts-analyzing-the-impact-on-federal-law-enforcement-and-the-federal-deficit,[2023-05-16] Hearing: House Republican Supplemental IRS Funding Cuts: Analyzing the Impact on Federal Law Enforcement and the Federal Deficit,4,6
334129,https://www.hsgac.senate.gov/hearings/artificial-intelligence-in-government/,Artificial Intelligence in Government - Committee on Homeland Security & Governmental Affairs,5,0
334130,https://www.banking.senate.gov/hearings/04/11/2023/nomination-hearing,hearing,4,10
334135,https://www.finance.senate.gov/hearings/economic-cooperation-for-a-stronger-and-more-resilient-western-hemisphere,[2023-05-16] Hearing: Economic Cooperation for a Stronger and More Resilient Western Hemisphere,5,8
334136,https://www.judiciary.senate.gov/committee-activity/hearings/oversight-of-ai-rules-for-artificial-intelligence,Oversight of A.I.: Rules for Artificial ...,3,7
334137,https://www.foreign.senate.gov/hearings/nominations-05-16-2023,Hearing: [2023-05-16] NOMINATIONS,5,6
334138,https://www.foreign.senate.gov/hearings/what-comes-next-for-us-policy-towards-russia,Hearing: [2023-05-16] WHAT COMES NEXT FOR U.S. POLICY TOWARDS RUSSIA?...,2,2
334140,https://www.help.senate.gov/hearings/a-crisis-in-mental-health-and-substance-use-disorder-care-closing-gaps-in-access-by-bringing-care-and-prevention-to-communities,A Crisis in Mental Health and Substance ...,4,4
334141,https://www.hsgac.senate.gov/subcommittees/investigations/hearings/examining-health-care-denials-and-delays-in-medicare-advantage/,Examining Health Care Denials and Delays in Medicare Advantage - Committee on Homeland Security & Governmental Affairs,5,0
334142,https://www.judiciary.senate.gov/committee-activity/hearings/05/17/2023/nominations,Nominations,2,20
334143,https://www.banking.senate.gov/hearings/strengthening-accountability-at-the-federal-reserve-lessons-and-opportunities-for-reform,hearing,4,5
334144,https://www.agriculture.senate.gov/hearings/rural-broadband-connecting-our-communities-to-the-digital-economy,Rural Broadband: Connecting our Communit...,5,6
334145,https://www.budget.senate.gov/hearings/the-rich-get-richer-deficits-get-bigger-how-tax-cuts-for-the-wealthy-and-corporations-drive-the-national-debt-,Hearing,5,7
334147,https://www.armed-services.senate.gov/hearings/to-receive-testimony-on-the-role-of-special-operations-forces-in-supporting-the-national-defense-strategy-including-activities-that-contribute-to-long-term-strategic-competition-with-china-and-russia,To receive testimony on the role of Spec...,2,2
334148,https://www.finance.senate.gov/hearings/improving-health-care-access-in-rural-communities-obstacles-and-opportunities,[2023-05-17] Hearing: Improving Health Care Access in Rural Communities: Obstacles and Opportunities,4,6
334149,https://www.finance.senate.gov/hearings/tax-incentives-in-the-inflation-reduction-act-jobs-and-investment-in-energy-communities,[2023-05-18] Hearing: Tax Incentives in the Inflation Reduction Act: Jobs and Investment in Energy Communities,4,7
334150,https://www.judiciary.senate.gov/committee-activity/hearings/review-of-federal-judicial-ethics-processes-at-the-judicial-conference-of-the-united-states,Review of Federal Judicial Ethics Proces...,1,1
334151,https://www.foreign.senate.gov/hearings/nominations-05-17-2023,Hearing: [2023-05-17] NOMINATIONS,5,5
334152,https://www.aging.senate.gov/hearings/residents-at-risk-the-strained-nursing-home-inspection-system-and-the-need-to-improve-oversight-transparency-and-accountability,Residents at Risk: The Strained Nursing ...,4,7
334155,https://www.foreign.senate.gov/hearings/assessing-us-policy-towards-the-western-balkans,Hearing: [2023-05-18] ASSESSING U.S. POLICY TOWARDS THE WESTERN...,2,3
334156,https://www.banking.senate.gov/hearings/oversight-of-financial-regulators-financial-stability-supervision-and-consumer-protection-in-the-wake-of-recent-bank-failures,hearing,6,8
334200,https://www.epw.senate.gov/public/index.cfm/hearings?ID=4FB9ABC1-58EC-4CDC-B9CD-5BC61BDAB762,Ecosystem Restoration Projects of the US Army Corps of Engineers - Hearings - U.S. Senate Committee on Environment and Public Works,3,4
334201,https://www.hsgac.senate.gov/subcommittees/etso/hearings/securing-the-nation-modernizing-dhss-mission-critical-legacy-it-systems/,Securing the Nation: Modernizing DHS’s Mission-Critical Legacy IT Systems - Committee on Homeland Security & Governmental Affairs,4,0
334220,https://www.appropriations.senate.gov/hearings/a-review-of-the-presidents-fiscal-year-2024-budget-request-for-the-national-guard-and-reserve,Hearing,5,5
334222,https://www.foreign.senate.gov/hearings/accountability-for-russian-atrocities-in-ukraine5312023,Hearing: [2023-05-31] ACCOUNTABILITY FOR RUSSIAN ATROCITIES IN UKRAINE...,1,2
334223,https://www.energy.senate.gov/hearings/hearings-2023-6-full-committee-hearing-to-examine-the-reliability-and-resiliency-of-electric-services-in-the-u-s-in-light-of-recent-reliability-assessments-and-alerts/,Full Committee Hearing to Examine the Reliability and Resiliency of Electric Services in the U.S. in Light of Recent Reliability Assessments and Alerts – U.S. Senate Committee on Energy and Natural Resources,4,6
334227,https://www.help.senate.gov/hearings/solving-the-child-care-crisis-meeting-the-needs-of-working-families-and-child-care-workers,Solving the Child Care Crisis: Meeting t...,5,6
334228,https://www.veterans.senate.gov/2023/5/to-consider-the-nomination-of-tanya-j-bradsher-to-be-deputy-secretary-department-of-veterans-affairs,"To Consider the Nomination of Tanya J. Bradsher to be Deputy Secretary, Departme...",1,2
334241,https://www.foreign.senate.gov/hearings/fy-2024-budget-request-for-the-middle-east-and-north-africa5312023,Hearing: [2023-05-31] FY 2024 BUDGET REQUEST FOR THE MIDDLE EAST AND...,2,3
334242,https://www.veterans.senate.gov/2023/6/an-abiding-commitment-to-those-who-served-examining-veterans-access-to-long-term-care,An Abiding Commitment to Those Who Served: Examining Veterans’ Access to Long Te...,5,7
334245,https://www.hsgac.senate.gov/hearings/fasta-implementation-and-optimizing-the-efficient-use-of-federal-property/,FASTA Implementation and Optimizing the Efficient Use of Federal Property - Committee on Homeland Security & Governmental Affairs,3,0
334246,https://www.rules.senate.gov/hearings/oversight-of-the-us-election-assistance-commission-,Hearing: [2023-06-07] Oversight of the U.S. Election Assistance...,4,8
334247,https://www.budget.senate.gov/hearings/cultivating-stewardship-examining-the-changing-agricultural-landscape,Hearing,4,6
334249,https://www.foreign.senate.gov/hearings/state-department-services-for-the-american-people-an-overview-of-consular-affairs-and-programs,Hearing: [2023-06-07] STATE DEPARTMENT SERVICES FOR THE AMERICAN...,1,2
334250,https://www.foreign.senate.gov/hearings/aligning-transatlantic-approaches-on-china,Hearing: [2023-06-07] ALIGNING TRANSATLANTIC APPROACHES ON CHINA |...,3,4
334260,https://www.finance.senate.gov/hearings/consolidation-and-corporate-ownership-in-health-care-trends-and-impacts-on-access-quality-and-costs,"[2023-06-08] Hearing: Consolidation and Corporate Ownership in Health Care: Trends and Impacts on Access, Quality, and Costs",5,8
334261,https://www.help.senate.gov/hearings/why-are-so-many-american-youth-in-a-mental-health-crisis-exploring-causes-and-solutions,Why Are So Many American Youth in a Ment...,5,6
334263,https://www.agriculture.senate.gov/hearings/horticulture-title-how-the-farm-bill-works-for-specialty-crop-producers,Horticulture Title: How the Farm Bill Wo...,5,6
334265,https://www.armed-services.senate.gov/hearings/to-consider-the-nomination-of-general-eric-m-smith-usmc-for-reappointment-to-the-grade-of-general-and-to-be-commandant-of-the-marine-corps,To consider the nomination of: General E...,1,3
334267,https://www.energy.senate.gov/hearings/hearings-2023-6-full-committee-hearing-to-examine-the-federal-response-to-escalating-wildfires-and-to-evaluate-reforms-to-land-management-and-wildland-firefighter-recruitment-and-retention/,Full Committee Hearing to Examine the Federal Response to Escalating Wildfires and to Evaluate Reforms to Land Management and Wildland Firefighter Recruitment and Retention – U.S. Senate Committee on Energy and Natural Resources,4,6
334268,https://www.commerce.senate.gov/meetings/subcommittee-protecting-consumers-from-junk-fees/,"Subcommittee: Protecting Consumers from Junk Fees - U.S. Senate Committee on Commerce, Science, & Transportation",3,3
334281,https://www.epw.senate.gov/public/index.cfm/hearings?ID=6D3E5CF9-E9F8-4914-8816-6330C097C3E8,Impacts of Plastic Production and Disposal on Environmental Justice Communities - Hearings - U.S. Senate Committee on Environment and Public Works,5,6
334282,https://www.banking.senate.gov/hearings/06/06/2023/the-consumer-financial-protection-bureaus-semi-annual-report-to-congress,hearing,1,3
334285,https://www.commerce.senate.gov/meetings/subcommittee-oversight-and-implementation-of-travel-and-tourism-legislation/,"Subcommittee: Oversight and Implementation of Travel and Tourism Legislation - U.S. Senate Committee on Commerce, Science, & Transportation",3,3
334286,https://www.appropriations.senate.gov/hearings/enhancing-american-competitiveness-through-the-us-international-development-finance-corporation,Hearing,1,1
334288,https://www.foreign.senate.gov/hearings/nominations-06-13-2023,Hearing: [2023-06-13] NOMINATIONS,5,6
334289,https://www.judiciary.senate.gov/committee-activity/hearings/artificial-intelligence-and-human-rights,Artificial Intelligence and Human Rights,4,4
334291,https://www.veterans.senate.gov/2023/6/connections-to-care-improving-substance-use-disorder-care-for-veterans-in-rural-america-and-beyond,Connections to Care: Improving Substance Use Disorder Care for Veterans in Rural...,5,6
334293,https://www.finance.senate.gov/hearings/anti-poverty-and-family-support-provisions-in-the-tax-code,[2023-06-14] Hearing: Anti-Poverty and Family Support Provisions in the Tax Code,4,7
334294,https://www.hsgac.senate.gov/subcommittees/etso/hearings/examining-the-findings-and-recommendations-of-gaos-2023-report-on-opportunities-to-reduce-fragmentation-overlap-and-duplication-and-achieve-financial-benefits/,"Examining the Findings and Recommendations of GAO's 2023 Report on Opportunities to Reduce Fragmentation, Overlap, and Duplication and Achieve Financial Benefits - Committee on Homeland Security & Governmental Affairs",1,0
334296,https://www.energy.senate.gov/hearings/hearings-2023-6-subcommittee-hearing-to-receive-testimony-on-legislation/,National Parks Subcommittee Hearing to Receive Testimony on Legislation – U.S. Senate Committee on Energy and Natural Resources,1,17
334299,https://www.aging.senate.gov/hearings/before-disaster-strikes-planning-for-older-americans-and-people-with-disabilities-in-all-phases-of-emergencies,Before Disaster Strikes: Planning for Ol...,4,7
334334,https://www.epw.senate.gov/public/index.cfm/hearings?ID=8276C324-0129-468B-9FE8-4068495077DB,Reauthorization of the Economic Development Administration: State and Local Perspectives - Hearings - U.S. Senate Committee on Environment and Public Works,5,6
334336,https://www.veterans.senate.gov/2023/6/examining-the-effectiveness-of-the-office-of-integrated-veteran-care,Examining the Effectiveness of the Office of Integrated Veteran Care - U.S. Sena...,1,2
334338,https://www.budget.senate.gov/hearings/dollars-and-degrees-investigating-fossil-fuel-dark-moneys-systemic-threats-to-climate-and-the-federal-budget,Hearing,5,7
334339,https://www.commerce.senate.gov/meetings/nominations-hearing-amtrak-and-ntsb/,"Nominations Hearing: Amtrak and NTSB - U.S. Senate Committee on Commerce, Science, & Transportation",4,4
334342,https://www.foreign.senate.gov/hearings/nominations-06-21-2023,Hearing: [2023-06-21] NOMINATIONS,5,5
334344,https://www.finance.senate.gov/hearings/cattle-supply-chains-and-deforestation-of-the-amazon,[2023-06-22] Hearing: Cattle Supply Chains and Deforestation of the Amazon,4,7
334346,https://www.commerce.senate.gov/meetings/nominations-hearing-fcc/,"Nominations Hearing: FCC - U.S. Senate Committee on Commerce, Science, & Transportation",4,4
334351,https://www.foreign.senate.gov/hearings/examining-us-and-global-commitments-to-combatting-human-trafficking,Hearing: [2023-06-22] EXAMINING U.S. AND GLOBAL COMMITMENTS TO...,2,3
334361,https://www.hsgac.senate.gov/subcommittees/investigations/hearings/the-pga-liv-deal-implications-for-the-future-of-golf-and-saudi-arabias-influence-in-the-united-states/,The PGA-LIV Deal: Implications for the Future of Golf and Saudi Arabia’s Influence in the United States - Committee on Homeland Security & Governmental Affairs,2,0
334380,https://www.energy.senate.gov/hearings/hearings-2023-7-subcommittee-hearing-to-receive-testimony-on-pending-legislation/,"Public Lands, Forests, and Mining Subcommittee Hearing to Receive Testimony on Pending Legislation – U.S. Senate Committee on Energy and Natural Resources",5,10
334400,https://www.appropriations.senate.gov/hearings/accelerating-breakthroughs-how-the-special-diabetes-program-is-creating-hope-for-those-living-with-type-1-diabetes,Hearing,5,5
334401,https://www.energy.senate.gov/hearings/hearings-2023-7-hearing-to-receive-testimony-regarding-the-compact-of-free-association-amendments-act-of-2023/,Full Committee Hearing to Receive Testimony Regarding the Compact of Free Association Amendments Act of 2023 – U.S. Senate Committee on Energy and Natural Resources,6,10
334402,https://www.help.senate.gov/hearings/superbugs-the-impact-of-antimicrobial-resistance-on-modern-medicine,Superbugs: The Impact of Antimicrobial R...,4,5
334421,https://www.banking.senate.gov/hearings/exploiting-the-american-dream-how-abusive-land-contracts-prey-on-vulnerable-homebuyers,hearing,3,4
334423,https://www.armed-services.senate.gov/hearings/to-consider-the-nomination-of-general-charles-q-brown-jr-usaf-for-reappointment-to-the-grade-of-general_and-to-be-chairman-of-the-joint-chiefs-of-staff,To consider the nomination of: General C...,1,2
334424,https://www.armed-services.senate.gov/hearings/to-consider-the-nomination-of-general-randy-a-george-usa-for-reappointment-to-the-grade-of-general_and-to-be-chief-of-staff-of-the-army,To consider the nomination of: General R...,1,2
334426,https://www.indian.senate.gov/hearings/legislative-hearing-receive-testimony-s-616-s-1898-s-1987/,"Legislative Hearing to receive testimony on S. 616, S. 1898 & S. 1987 - Indian Affairs Committee",6,7
334428,https://www.budget.senate.gov/hearings/protecting-social-security-for-all-making-the-wealthy-pay-their-fair-share,Hearing,5,7
334430,https://www.banking.senate.gov/hearings/bank-mergers-and-the-economic-impacts-of-consolidation,hearing,3,4
334441,https://www.energy.senate.gov/hearings/hearings-2023-7-water-and-power-subcommittee-hearing-to-receive-testimony-on-pending-legislation/,Water and Power Subcommittee Hearing to Provide Oversight of the Bureau and Reclamation and to Receive Testimony on Pending Legislation – U.S. Senate Committee on Energy and Natural Resources,2,6
334446,https://www.commerce.senate.gov/meetings/budget-oversight-of-the-united-states-coast-guard/,"Budget Oversight of the United States Coast Guard - U.S. Senate Committee on Commerce, Science, & Transportation",1,1
334480,https://www.appropriations.senate.gov/hearings/review-of-the-fy-2024-budget-for-the-us-securities-and-exchange-commission,Hearing,1,1
334500,https://www.epw.senate.gov/public/index.cfm/hearings?ID=C798B992-F8E9-43E9-89BE-8DC25AEC2D55,Cleaner Trains: Opportunities for Reducing Emissions from America’s Rail Network - Hearings - U.S. Senate Committee on Environment and Public Works,3,4
334502,https://www.epw.senate.gov/public/index.cfm/hearings?ID=7C0127D3-931D-4CAC-9CEA-2956B43F82B3,The Water Resources Development Act of 2024: Non-Federal Stakeholder Views - Hearings - U.S. Senate Committee on Environment and Public Works,4,5
334522,https://www.agriculture.senate.gov/hearings/rural-water-modernizing-our-community-water-systems,Rural Water: Modernizing our Community W...,5,9
334542,https://www.judiciary.senate.gov/committee-activity/hearings/trends-in-vertical-merger-enforcement,Trends in Vertical Merger Enforcement,3,3
334562,https://www.armed-services.senate.gov/hearings/to-consider-the-nomination-of-lieutenant-general-timothy-d-haugh-usaf-to-be-general-and-director-national-security-agency/chief-central-security-service-commander-united-states-cyber-command,To consider the nomination of: Lieutenan...,1,2
334564,https://www.aging.senate.gov/hearings/laying-the-foundation-housing-accessibility-and-affordability-for-older-adults-and-people-with-disabilities,Laying the Foundation: Housing Accessibi...,4,7
334580,https://www.finance.senate.gov/hearings/the-cost-of-inaction-and-the-urgent-need-to-reform-the-us-transplant-system,[2023-07-20] Hearing: The Cost of Inaction and the Urgent Need to Reform the U.S. Transplant System,5,7
334581,https://www.commerce.senate.gov/meetings/noaa-budget-oversight/,"NOAA Budget Oversight - U.S. Senate Committee on Commerce, Science, & Transportation",2,2
334582,https://www.banking.senate.gov/hearings/perspectives-on-deposit-insurance-reform-after-recent-bank-failures,hearing,3,5
334601,https://www.epw.senate.gov/public/index.cfm/hearings?ID=667EEEDF-40EF-4770-9910-65FF0FFA4CF9,Solutions for Single-Use Waste: Expanding Refill and Reuse Infrastructure - Hearings - U.S. Senate Committee on Environment and Public Works,3,4
334602,https://www.judiciary.senate.gov/committee-activity/hearings/oversight-of-ai-principles-for-regulation,Oversight of A.I.: Principles for Regula...,3,3
334603,https://www.banking.senate.gov/hearings/07/18/2023/taking-account-of-fees-and-tactics-impacting-americans-wallets,hearing,3,3
334621,https://www.judiciary.senate.gov/committee-activity/hearings/07/26/2023/nominations,Nominations,6,25
334622,https://www.judiciary.senate.gov/committee-activity/hearings/07/19/2023/oversight-of-the-united-states-patent-and-trademark-office,Oversight of the United States Patent an...,1,2
334624,https://www.veterans.senate.gov/2023/7/implementing-the-pact-act-one-year-later,Implementing the PACT Act: One Year Later - U.S. Senate Committee on Veterans' A...,2,3
334626,https://www.budget.senate.gov/hearings/beyond-the-breaking-point-the-fiscal-consequences-of-climate-change-on-infrastructure,Hearing,5,7
334627,https://www.rules.senate.gov/hearings/oversight-of-the-capitol-police-board-07-26-2023,Hearing: [2023-07-26] Oversight of the Capitol Police Board,4,9
334629,https://www.indian.senate.gov/hearings/hearing-native-priorities-2023-farm-bill-reauthorization/,Legislative Hearing on Native priorities for the 2023 Farm Bill Reauthorization - Indian Affairs Committee,6,7
334630,https://www.energy.senate.gov/hearings/hearings-2023-7-full-committee-hearing-to-examine-opportunities-for-congress-to-reform-the-process-for-permitting-electric-transmission-lines-pipelines-and-energy-production-on-federal-lands/,"Full Committee Hearing to Examine Opportunities for Congress to Reform the Process for Permitting Electric Transmission Lines, Pipelines, and Energy Production on Federal Lands – U.S. Senate Committee on Energy and Natural Resources",6,7
334640,https://www.foreign.senate.gov/hearings/nominations-07-26-2023,Hearing: [2023-07-26] NOMINATIONS,4,5
334641,https://www.foreign.senate.gov/hearings/haiti-next-steps-on-the-international-response,Hearing: [2023-07-27] HAITI: NEXT STEPS ON THE INTERNATIONAL RESPONSE...,2,3
334642,https://www.foreign.senate.gov/hearings/us-economic-security-addressing-economic-coercion-and-increasing-competitiveness,Hearing: [2023-07-26] U.S. ECONOMIC SECURITY: ADDRESSING ECONOMIC...,2,3
334645,https://www.armed-services.senate.gov/hearings/to-receive-testimony-on-potential-budgetary-efficiencies-achieved-through-improvement-to-management-and-planning-processes-within-department-of-defense-personnel-programs,To receive testimony on potential budget...,3,4
334646,https://www.armed-services.senate.gov/hearings/to-consider-the-nominations-of_lieutenant-general-gregory-m-guillot-usaf-to-be-general-and--commander-united-states-northern-command/-commander-north-american-aerospace-defense-command--lieutenant-general-stephen-n-whiting-ussf-to-be-general-and--commander-united-states-space-command,To consider the nominations of: Lieutena...,2,3
334700,https://www.epw.senate.gov/public/index.cfm/hearings?ID=25E59CAF-9EE4-4191-8417-E22AC7D724BA,"Implementing IIJA: Perspectives on The Drinking Water and Wastewater Infrastructure Act, Part II - Hearings - U.S. Senate Committee on Environment and Public Works",3,4
334720,https://www.hsgac.senate.gov/hearings/after-apprehension-tracing-dhs-responsibilities-after-title-42/,After Apprehension: Tracing DHS Responsibilities after Title 42 - Committee on Homeland Security & Governmental Affairs,4,0
334740,https://www.foreign.senate.gov/hearings/aukus-a-generational-opportunity-to-deepen-our-security-partnerships-with-australia-and-the-united-kingdom,Hearing: [2023-09-06] AUKUS: A GENERATIONAL OPPORTUNITY TO DEEPEN OUR...,3,3
334742,https://www.judiciary.senate.gov/committee-activity/hearings/09/06/2023/nominations,Nominations,5,33
334743,https://www.energy.senate.gov/hearings/hearings-2023-9-full-committee-hearing-to-examine-recent-advances-in-artificial-intelligence-and-the-department-of-energy-s-role-in-ensuring-u-s-competitiveness-and-security-in-emerging-technologies/,Full Committee Hearing to Examine Recent Advances in Artificial Intelligence and the Department of Energy’s Role in Ensuring U.S. Competitiveness and Security in Emerging Technologies – U.S. Senate Committee on Energy and Natural Resources,4,6
334744,https://www.hsgac.senate.gov/hearings/nominations-of-the-honorable-robert-g-taub-to-be-a-commissioner-postal-regulatory-commission-and-tanya-m-jones-bosier-danny-l-h-nguyen-and-kenechukwu-o-okocha-to-be-associate-judges-superior/,"Nominations of the Honorable Robert G. Taub to be a Commissioner, Postal Regulatory Commission, and Tanya M. Jones Bosier, Danny L.H. Nguyen, and Kenechukwu O. Okocha to be Associate Judges, Superior Court of the District of Columbia - Committee on Homeland Security & Governmental Affairs",4,0
334745,https://www.banking.senate.gov/hearings/perspectives-on-challenges-in-the-property-insurance-market-and-the-impact-on-consumers,hearing,3,5
334747,https://www.foreign.senate.gov/hearings/fiscal-year-2024-budget-priorities-for-the-western-hemisphere,Hearing: [2023-09-07] FISCAL YEAR 2024 BUDGET PRIORITIES FOR THE...,3,4
334763,https://www.armed-services.senate.gov/hearings/to-consider-the-nomination-of-admiral-lisa-m-franchetti-usn-for-reappointment-to-the-grade-of-admiral-and-to-be-chief-of-naval-operations,To consider the nomination of: Admiral L...,1,2
334764,https://www.armed-services.senate.gov/hearings/to-consider-the-nomination-of-general-david-w-allvin-usaf-for-reappointment-to-the-grade-of-general-and-to-be-chief-of-staff-of-the-air-force,To consider the nomination of: General D...,1,2
334766,https://www.judiciary.senate.gov/committee-activity/hearings/book-bans-examining-how-censorship-limits-liberty-and-literature,Book Bans: Examining How Censorship Limi...,5,8
334767,https://www.judiciary.senate.gov/committee-activity/hearings/oversight-of-ai-legislating-on-artificial-intelligence,Oversight of A.I.: Legislating on Artifi...,3,6
334768,https://www.banking.senate.gov/hearings/housing-supply-and-innovation,hearing,4,4
334769,https://www.hsgac.senate.gov/subcommittees/investigations/hearings/the-pga-tour-liv-deal-examining-the-saudi-arabian-public-investment-funds-investments-in-the-united-states/,The PGA Tour-LIV Deal: Examining the Saudi Arabian Public Investment Fund’s Investments in the United States - Committee on Homeland Security & Governmental Affairs,3,0
334770,https://www.epw.senate.gov/public/index.cfm/hearings?ID=B736B213-152E-4588-B171-4A512622F107,Examining the Effects of Extreme Heat and Weather on Transportation - Hearings - U.S. Senate Committee on Environment and Public Works,3,4
334780,https://www.budget.senate.gov/hearings/unlocking-americas-potential-how-immigration-fuels-economic-growth-and-our-competitive-advantage,Hearing,5,9
334781,https://www.hsgac.senate.gov/hearings/governing-ai-through-acquisition-and-procurement-2/,Governing AI Through Acquisition and Procurement - Committee on Homeland Security & Governmental Affairs,5,0
334782,https://www.judiciary.senate.gov/committee-activity/hearings/09/13/2023/oversight-of-the-federal-bureau-of-prisons,Oversight of the Federal Bureau of Priso...,1,2
334820,https://www.epw.senate.gov/public/index.cfm/hearings?ID=78D33CE1-8DA5-4D0C-885F-60C563EE95D6,Drinking Water Infrastructure and Tribal Communities - Hearings - U.S. Senate Committee on Environment and Public Works,3,4
334824,https://www.foreign.senate.gov/hearings/assessing-the-crisis-in-nagorno-karabakh,Hearing: [2023-09-14] ASSESSING THE CRISIS IN NAGORNO-KARABAKH |...,1,2
334828,https://www.hsgac.senate.gov/subcommittees/etso/hearings/advanced-technology-examining-threats-to-national-security/,Advanced Technology: Examining Threats to National Security - Committee on Homeland Security & Governmental Affairs,3,0
334829,https://www.appropriations.senate.gov/hearings/review-of-the-fy-2024-budget-for-the-federal-communications-commission,Hearing,1,1
334830,https://www.judiciary.senate.gov/committee-activity/hearings/evading-accountability-corporate-manipulation-of-chapter-11-bankruptcy,Evading Accountability: Corporate Manipu...,5,8
334831,https://www.finance.senate.gov/hearings/aging-in-place-the-vital-role-of-home-health-in-access-to-care,[2023-09-19] Hearing: Aging in Place: The Vital Role of Home Health in Access to Care,5,6
334840,https://www.veterans.senate.gov/2023/9/invisible-wounds-of-war-improving-mental-health-and-suicide-prevention-measures-for-our-nation-s-veterans,Invisible Wounds of War: Improving Mental Health and Suicide Prevention Measure...,3,5
334842,https://www.commerce.senate.gov/meetings/nominations-hearing-2/,"Nominations Hearing - U.S. Senate Committee on Commerce, Science, & Transportation",4,4
334843,https://www.banking.senate.gov/hearings/artificial-intelligence-in-financial-services,hearing,3,4
334844,https://www.budget.senate.gov/hearings/reducing-inequality-fueling-growth-how-public-investment-promotes-prosperity-for-all,Hearing,5,7
334845,https://www.epw.senate.gov/public/index.cfm/hearings?ID=8B666190-2E52-4D9F-A8CF-FC4941F95F9E,Examining Solutions to Address Beverage Container Waste - Hearings - U.S. Senate Committee on Environment and Public Works,3,4
334846,https://www.hsgac.senate.gov/hearings/nominations-2/,Nominations - Committee on Homeland Security & Governmental Affairs,4,0
334847,https://www.judiciary.senate.gov/committee-activity/hearings/breaking-the-logjam-part-3-restoring-transparency-and-accountability-in-the-accommodation-process,Breaking the Logjam Part 3: Restoring Tr...,3,3
334848,https://www.banking.senate.gov/hearings/child-care-since-the-pandemic-macroeconomic-impacts-of-public-policy-measures,hearing,3,3
334853,https://www.armed-services.senate.gov/hearings/to-consider-the-nominations-of-honorable-derek-h-chollet-to-be-under-secretary-of-defense-for-policy-and-ms-cara-l-abercrombie-to-be-assistant-secretary-of-defense-for-acquisition,To consider the nominations of: Honorabl...,2,3
334860,https://www.aging.senate.gov/hearings/unlocking-the-virtual-front-door-ensuring-accessible-government-technology-for-people-with-disabilities-older-adults-and-veterans,Unlocking the Virtual Front Door: Ensuri...,4,7
334881,https://www.energy.senate.gov/hearings/hearings-2023-9-full-committee-hearing-to-examine-opportunities-to-counter-the-people-s-republic-of-china-s-control-of-critical-mineral-supply-chains/,Full Committee Hearing to Examine Opportunities to Counter the People’s Republic of China’s Control of Critical Mineral Supply Chains – U.S. Senate Committee on Energy and Natural Resources,3,5
334882,https://www.agriculture.senate.gov/hearings/foreign-ownership-in-us-agriculture,Foreign Ownership in U.S. Agriculture,7,4
334883,https://www.budget.senate.gov/hearings/medicare-forever-protecting-seniors-by-making-the-wealthy-pay-their-fair-share,Hearing,3,5
334884,https://www.indian.senate.gov/hearings/oversight-hearing-on-water-as-a-trust-resource-examining-access-in-native-communities/,Oversight Hearing on “Water as a Trust Resource: Examining Access in Native Communities” - Indian Affairs Committee,6,7
334885,https://www.rules.senate.gov/hearings/ai-and-the-future-of-our-elections,Hearing: [2023-09-27] AI and the Future of our Elections,5,11
334900,https://www.finance.senate.gov/hearings/hearing-to-consider-the-nominations-of-marjorie-a-rollinson-of-virginia-to-be-chief-counsel-for-the-internal-revenue-service-and-an-assistant-general-counsel-in-the-department-of-the-treasury-patricia-hart-neuman-of-the-district-of-columbia-to-be-a-member-of-the-board-of-trustees-of-the-federal-supplementary-medical-insurance-trust-fund-to-be-a-member-of-the-board-of-trustees-of-the-federal-hospital-insurance-trust-fund-to-be-a-member-of-the-board-of-trustees-of-the-federal-old-age-and-survivors-insurance-trust-fund-and-the-federal-disability-insurance-trust-fund-and-demetrios-l-kouzoukas-of-virginia-to-be-a-member-of-the-board-of-trustees-of-the-federal-supplementary-medical-insurance-trust-fund-to-be-a-member-of-the-board-of-trustees-of-the-federal-hospital-insurance-trust-fund-to-be-a-member-of-the-board-of-trustees-of-the-federal-old-age-and-survivors-insurance-trust-fund-and-the-federal-disability-insurance-trust-fund,"[2023-09-28] Hearing: Hearing to Consider the Nominations of Marjorie A. Rollinson, of Virginia, to be Chief Counsel for the Internal Revenue Service and an Assistant General Counsel in the Department of the Treasury, Patricia Hart Neuman, of the District of Columbia, to be a Member of the Board of Trustees of the Federal Supplementary Medical Insurance Trust Fund; to be a Member of the Board of Trustees of the Federal Hospital Insurance Trust Fund; to be a Member of the Board of Trustees of the Federal Old-Age and Survivors Insurance Trust Fund and the Federal Disability Insurance Trust Fund, and Demetrios L. Kouzoukas, of Virginia, to be a Member of the Board of Trustees of the Federal Supplementary Medical Insurance Trust Fund; to be a Member of the Board of Trustees of the Federal Hospital Insurance Trust Fund; to be a Member of the Board of Trustees of the Federal Old-Age and Survivors Insurance Trust Fund and the Federal Disability Insurance Trust Fund",3,10
334922,https://www.commerce.senate.gov/meetings/protecting-americans-from-robocalls/,"Protecting Americans from Robocalls - U.S. Senate Committee on Commerce, Science, & Transportation",4,4
334923,https://www.judiciary.senate.gov/committee-activity/hearings/09/27/2023/nominations,Nominations,5,36
334925,https://www.foreign.senate.gov/hearings/security-on-the-korean-peninsula,Hearing: [2023-10-04] SECURITY ON THE KOREAN PENINSULA,3,4
334927,https://www.foreign.senate.gov/hearings/build-act-reauthorization-and-development-finance-corporation-oversight,Hearing: [2023-10-04] BUILD ACT REAUTHORIZATION AND DEVELOPMENT...,1,2
334928,https://www.commerce.senate.gov/meetings/chips-and-science-implementation-and-oversight/,"CHIPS and Science Implementation and Oversight - U.S. Senate Committee on Commerce, Science, & Transportation",1,2
334940,https://www.commerce.senate.gov/meetings/faa-nomination-hearing/,"FAA Nomination Hearing - U.S. Senate Committee on Commerce, Science, & Transportation",2,3
334943,https://www.foreign.senate.gov/hearings/nominations-10-19-2023,Hearing: [2023-10-19] NOMINATIONS,5,6
334960,https://www.foreign.senate.gov/hearings/nominations-10-18-2023,Hearing: [2023-10-18] NOMINATIONS,1,1
334961,https://www.judiciary.senate.gov/committee-activity/hearings/name-image-and-likeness-and-the-future-of-college-sports,"Name, Image, and Likeness, and the Futur...",7,14
334980,https://www.epw.senate.gov/public/index.cfm/hearings?ID=006A4569-460E-4C68-9419-C08455704A92,Examining the Implications of Sackett v. Environmental Protection Agency for Clean Water Act Protections of Wetlands and Streams - Hearings - U.S. Senate Committee on Environment and Public Works,3,4
334982,https://www.help.senate.gov/hearings/nomination-of-monica-bertagnolli-to-be-director-of-the-national-institutes-of-health,Nomination of Monica Bertagnolli to be D...,1,2
334983,https://www.armed-services.senate.gov/hearings/to-receive-testimony-on-military-to-civilian-transition-ensuring-success-after-service,To receive testimony on Military to Civi...,0,1
334984,https://www.finance.senate.gov/hearings/medicare-advantage-annual-enrollment-cracking-down-on-deceptive-practices-and-improving-senior-experiences,[2023-10-18] Hearing: Medicare Advantage Annual Enrollment: Cracking Down on Deceptive Practices and Improving Senior Experiences,3,6
334988,https://www.energy.senate.gov/hearings/hearings-2023-10-full-committee-hearing-to-examine-the-department-of-energy-s-due-diligence-process-for-awarding-competitive-grants-and-loans/,Full Committee Hearing to Examine the Department of Energy’s Decision-Making Process for Awarding Competitive Loans and Grants Funded Through the Inflation Reduction Act and the Bipartisan Infrastructure Law – U.S. Senate Committee on Energy and Natural Resources,3,4
334989,https://www.budget.senate.gov/hearings/improving-care-lowering-costs-achieving-health-care-efficiency,Hearing,5,7
334990,https://www.judiciary.senate.gov/committee-activity/hearings/preserving-due-process-and-the-rule-of-law-examining-the-status-of-our-nations-immigration-courts,TIME CHANGE: Preserving Due Process and ...,4,6
334992,https://www.banking.senate.gov/hearings/hearing-to-consider-nominations,hearing,6,7
334993,https://www.epw.senate.gov/public/index.cfm/hearings?ID=12597A52-85CE-409A-9DC5-811004A5A33A,Understanding Roadway Safety: Examining the Causes of Roadway Safety Challenges and Possible Interventions - Hearings - U.S. Senate Committee on Environment and Public Works,3,4
334994,https://www.commerce.senate.gov/meetings/promoting-safety-innovation-and-competitiveness-in-u-s-commercial-human-space-activities/,"Promoting Safety, Innovation, and Competitiveness in U.S. Commercial Human Space Activities - U.S. Senate Committee on Commerce, Science, & Transportation",5,5
334995,https://www.epw.senate.gov/public/index.cfm/hearings?ID=D4960189-04A0-4E0D-AE4A-F20BF070B0D7,Evaluating Material Alternatives for Single-Use Plastics - Hearings - U.S. Senate Committee on Environment and Public Works,3,4
334996,https://www.energy.senate.gov/hearings/hearings-2023-10-subcommittee-hearing-to-receive-testimony-on-pending-legislation/,"Public Lands, Forests, and Mining Subcommittee Hearing to Receive Testimony on Pending Legislation – U.S. Senate Committee on Energy and Natural Resources",3,5
335000,https://www.hsgac.senate.gov/hearings/nominations-3/,Nominations - Committee on Homeland Security & Governmental Affairs,3,0
335001,https://www.foreign.senate.gov/hearings/instability-in-the-sahel-and-west-africa-implications-for-us-policy,Hearing: [2023-10-24] INSTABILITY IN THE SAHEL AND WEST AFRICA:...,1,2
335002,https://www.judiciary.senate.gov/committee-activity/hearings/examining-competition-and-consumer-rights-in-housing-markets,TIME CHANGE: Examining Competition and C...,5,5
335007,https://www.finance.senate.gov/hearings/exploring-paid-leave-policy-practice-and-impact-on-the-workforce,"[2023-10-25] Hearing: Exploring Paid Leave: Policy, Practice, and Impact on the Workforce",4,7
335008,https://www.foreign.senate.gov/hearings/assessing-the-department-of-states-strategy-for-security-in-the-black-sea-region,Hearing: [2023-10-25] ASSESSING THE DEPARTMENT OF STATE’S STRATEGY FOR...,1,2
335009,https://www.budget.senate.gov/hearings/bottlenecks-and-backlogs-how-climate-change-threatens-supply-chains,Hearing,5,7
335010,https://www.judiciary.senate.gov/committee-activity/hearings/ensuring-the-safety-and-well-being-of-unaccompanied-children-part-ii,Ensuring the Safety and Well-Being of Un...,4,8
335012,https://www.judiciary.senate.gov/committee-activity/hearings/the-human-rights-of-foster-children,The Human Rights of Foster Children,4,4
335013,https://www.energy.senate.gov/hearings/hearings-2023-10-full-committee-hearing-to-examine-federal-offshore-energy-strategy-and-policies/,Full Committee Hearing to Examine Federal Offshore Energy Strategy and Policies – U.S. Senate Committee on Energy and Natural Resources,2,4
335014,https://www.aging.senate.gov/hearings/unlocking-hope-access-to-therapies-for-people-with-rare-progressive-and-serious-diseases,Unlocking Hope: Access to Therapies for ...,6,9
335016,https://www.appropriations.senate.gov/hearings/a-review-of-the-national-security-supplemental-request,Hearing,2,2
335017,https://www.indian.senate.gov/hearings/roundtable-discussion-entitled-implementing-the-bipartisan-infrastructure-law-and-the-inflation-reduction-act-in-native-communities/,"Roundtable discussion titled, “Implementing the Bipartisan Infrastructure Law and the Inflation Reduction Act in Native Communities"" - Indian Affairs Committee",0,0
335040,https://www.hsgac.senate.gov/hearings/threats-to-the-homeland-3/,Threats to the Homeland - Committee on Homeland Security & Governmental Affairs,0,0
335041,https://www.help.senate.gov/hearings/ai-and-the-future-of-work-moving-forward-together,AI and the Future of Work: Moving Forwar...,4,5
335043,https://www.veterans.senate.gov/2023/11/foundation-of-care-examining-research-at-the-department-of-veterans-affairs,Foundation of Care: Examining Research at the Department of Veterans Affairs -...,2,3
335044,https://www.judiciary.senate.gov/committee-activity/hearings/11/01/2023/nominations,Nominations,4,32
335046,https://www.rules.senate.gov/hearings/ongoing-threats-to-election-adminsitration,Hearing: [2023-11-01] Ongoing Threats to Election Administration |...,5,11
335047,https://www.epw.senate.gov/public/index.cfm/hearings?ID=96B9E08B-413B-4E15-8811-364A3F8ACD78,The Science of Extreme Event Attribution: How Climate Change Is Fueling Severe Weather Events - Hearings - U.S. Senate Committee on Environment and Public Works,3,4
335048,https://www.finance.senate.gov/hearings/hearing-to-consider-the-nomination-of-the-honorable-martin-omalley-of-maryland-to-be-commissioner-of-social-security-for-the-remainder-of-the-term-expiring-january-19-2025-vice-andrew-m-saul,"[2023-11-02] Hearing: Hearing to Consider the Nomination of the Honorable Martin O'Malley, of Maryland, to be Commissioner of Social Security for the remainder of the term expiring January 19, 2025, vice Andrew M. Saul.",1,5
335049,https://www.energy.senate.gov/hearings/hearings-2023-11-full-committee-hearing-to-examine-opportunities-and-challenges-in-deploying-ccus-and-dac-technologies-on-federal-and-non-federal-lands/,Full Committee Hearing to Examine Opportunities and Challenges in Deploying CCUS and DAC Technologies on Federal and Non-Federal Lands – U.S. Senate Committee on Energy and Natural Resources,4,6
335053,https://www.epw.senate.gov/public/index.cfm/hearings?ID=A2B78A25-EC1C-4BCD-8430-1FF9C7D12AD4,"Accessing Clean Water Infrastructure Assistance: Small, Rural, Disadvantaged, and Underserved Communities - Hearings - U.S. Senate Committee on Environment and Public Works",3,4
335062,https://www.appropriations.senate.gov/hearings/a-review-of-the-presidents-supplemental-request-for-the-departments-of-health-and-human-services-and-homeland-security,Hearing,2,2
335063,https://www.judiciary.senate.gov/committee-activity/hearings/reforming-the-patent-trial-and-appeal-board_the-prevail-act-and-proposals-to-promote-us-innovation-leadership,Reforming the Patent Trial and Appeal Bo...,4,8
335064,https://www.commerce.senate.gov/meetings/sustainable-tourism-for-a-thriving-economy/,"Sustainable Tourism for a Thriving Economy - U.S. Senate Committee on Commerce, Science, & Transportation",3,3
335065,https://www.commerce.senate.gov/meetings/nominations-hearing/,"Nominations Hearing - U.S. Senate Committee on Commerce, Science, & Transportation",2,2
335066,https://www.judiciary.senate.gov/committee-activity/hearings/social-media-and-the-teen-mental-health-crisis,Social Media and the Teen Mental Health ...,1,1
335067,https://www.hsgac.senate.gov/hearings/the-philosophy-of-ai-learning-from-history-shaping-our-future/,"The Philosophy of AI: Learning From History, Shaping Our Future - Committee on Homeland Security & Governmental Affairs",3,0
335068,https://www.epw.senate.gov/public/index.cfm/hearings?ID=C67DAE2E-CB80-4F7C-BE79-CE955EB57A8D,Challenges and Opportunities to Facilitate Wildlife Movement and Improve Migration Corridors - Hearings - U.S. Senate Committee on Environment and Public Works,3,4
335069,https://www.budget.senate.gov/hearings/fairness-and-fiscal-responsibility-cracking-down-on-wealthy-tax-cheats,Hearing,3,5
335070,https://www.help.senate.gov/hearings/avoiding-a-cautionary-tale-policy-considerations-for-artificial-intelligence-in-health-care,Avoiding a Cautionary Tale: Policy Consi...,4,5
335071,https://www.indian.senate.gov/hearings/oversight-hearing-titled-fentanyl-in-native-communities-native-perspectives-on-addressing-the-growing-crisis/,"Oversight Hearing titled, “Fentanyl in Native Communities: Native Perspectives on Addressing the Growing Crisis” - Indian Affairs Committee",0,1
335072,https://www.foreign.senate.gov/hearings/us-national-security-interests-in-ukraine,Hearing: [2023-11-08] U.S. NATIONAL SECURITY INTERESTS IN UKRAINE |...,3,4
335073,https://www.energy.senate.gov/hearings/hearings-2023-11-full-committee-hearing-to-examine-the-implementation-of-federal-coal-mine-land-reclamation-and-abandoned-coal-mine-land-economic-revitalization-programs/,Full Committee Hearing to Examine the Implementation of Federal Coal Mine Land Reclamation and Abandoned Coal Mine Land Economic Revitalization Programs – U.S. Senate Committee on Energy and Natural Resources,3,5
335083,https://www.finance.senate.gov/hearings/examining-how-the-tax-code-affects-high-income-individuals-and-tax-planning-strategies,[2023-11-09] Hearing: Examining How the Tax Code Affects High-Income Individuals and Tax Planning Strategies,4,7
335084,https://www.commerce.senate.gov/meetings/addressing-close-calls-to-improve-aviation-safety/,"Addressing Close Calls to Improve Aviation Safety - U.S. Senate Committee on Commerce, Science, & Transportation",5,6
335100,https://www.hsgac.senate.gov/subcommittees/etso/hearings/examining-federal-covid-era-spending-and-preventing-future-fraud/,Examining Federal COVID-Era Spending and Preventing Future Fraud - Committee on Homeland Security & Governmental Affairs,4,0
335104,https://www.help.senate.gov/hearings/standing-up-against-corporate-greed-how-unions-are-improving-the-lives-of-working-families,Standing Up Against Corporate Greed: How...,5,7
335105,https://www.epw.senate.gov/public/index.cfm/hearings?ID=972E1E7A-E1E4-4409-AB05-8C29FDD46F81,Opportunities in Industrial Decarbonization: Delivering Benefits for the Economy and the Climate - Hearings - U.S. Senate Committee on Environment and Public Works,3,4
335106,https://www.banking.senate.gov/hearings/oversight-of-financial-regulators-protecting-main-street-not-wall-street,hearing,4,5
335108,https://www.agriculture.senate.gov/hearings/innovation-in-american-agriculture-leveraging-technology-and-artificial-intelligence,Innovation in American Agriculture: Leve...,5,6
335110,https://www.finance.senate.gov/hearings/ensuring-medicare-beneficiary-access-a-path-to-telehealth-permanency,[2023-11-14] Hearing: Ensuring Medicare Beneficiary Access: A Path to Telehealth Permanency,4,5
335112,https://www.veterans.senate.gov/2023/11/va-s-fourth-mission-supporting-our-nation-s-emergency-preparedness-and-response,VA’s Fourth Mission: Supporting Our Nation’s Emergency Preparedness and Respons...,2,3
335113,https://www.judiciary.senate.gov/committee-activity/hearings/11/15/2023/nominations,Nominations,3,23
335114,https://www.sbc.senate.gov/public/index.cfm/hearings?ID=4247DCBB-5DB6-4554-9D12-F3BC22B2A2A8,Veteran Entrepreneurship: From Service to Small Business Success - Hearings - U.S. Committee on Small Business & Entrepreneurship,5,5
335115,https://www.foreign.senate.gov/hearings/us-leadership-on-artificial-intelligence-in-an-era-of-strategic-competition,Hearing: [2023-11-15] U.S. LEADERSHIP ON ARTIFICIAL INTELLIGENCE IN AN...,2,3
335122,https://www.aging.senate.gov/hearings/modern-scams-how-scammers-are-using-artificial-intelligence-and-how-we-can-fight-back,Modern Scams: How Scammers Are Using Art...,4,7
335140,https://www.foreign.senate.gov/hearings/nominations-11-16-2023,Hearing: [2023-11-16] NOMINATIONS,6,7
335160,https://www.epw.senate.gov/public/index.cfm/hearings?ID=9FF93AF5-C74D-4195-8A9A-F0D5AA3C7868,"IIJA Investments in Habitat and Ecosystem Restoration, Pollinators, and Wildlife Crossings - Hearings - U.S. Senate Committee on Environment and Public Works",2,3
335161,https://www.epw.senate.gov/public/index.cfm/hearings?ID=5A1EF633-F133-4FE5-8FF1-81C7572F83D4,WRDA 2024: Stakeholder Feedback on USACE Project Partnership Agreements - Hearings - U.S. Senate Committee on Environment and Public Works,3,4
335162,https://www.hsgac.senate.gov/hearings/examining-the-security-of-federal-facilities/,Examining the Security of Federal Facilities - Committee on Homeland Security & Governmental Affairs,3,0
335164,https://www.energy.senate.gov/hearings/hearings-2023-11-full-committee-hearing-to-examine-opportunities-and-challenges-associated-with-advanced-nuclear-reactor-commercialization/,Full Committee Hearing to Examine Opportunities and Challenges Associated with Advanced Nuclear Reactor Commercialization – U.S. Senate Committee on Energy and Natural Resources,4,6
335169,https://www.judiciary.senate.gov/committee-activity/hearings/the-gun-violence-epidemic-a-public-health-crisis,The Gun Violence Epidemic: A Public Heal...,5,8
335170,https://www.agriculture.senate.gov/hearings/nomination-hearing,Nomination Hearing,2,3
335171,https://www.judiciary.senate.gov/committee-activity/hearings/11/29/2023/nominations,Nominations,6,18
335200,https://www.finance.senate.gov/hearings/drug-shortages-examining-supply-challenges-impacts-and-policy-solutions-from-a-federal-health-program-perspective,"[2023-12-05] Hearing: Drug Shortages: Examining Supply Challenges, Impacts, and Policy Solutions from a Federal Health Program Perspective",4,7
335201,https://www.judiciary.senate.gov/committee-activity/hearings/12/05/2023/oversight-of-the-federal-bureau-of-investigation,Oversight of the Federal Bureau of Inves...,1,1
335203,https://www.foreign.senate.gov/hearings/transnational-repression-authoritarians-targeting-disssenters-abroad,Hearing: [2023-12-06] TRANSNATIONAL REPRESSION: AUTHORITARIANS...,3,3
335205,https://www.indian.senate.gov/hearings/oversight-hearing-titled-fentanyl-in-native-communities-federal-perspectives-addressing-growing-crisis/,"Oversight Hearing titled, “Fentanyl in Native Communities: Federal Perspectives on Addressing the Growing Crisis” - Indian Affairs Committee",0,1
335208,https://www.armed-services.senate.gov/hearings/to-receive-testimony-on-the-status-of-department-of-defense-recruiting-efforts-and-plans-for-fiscal-year-2024,To receive testimony on the status of De...,4,5
335220,https://www.energy.senate.gov/hearings/hearings-2023-12-subcommittee-on-public-lands-forests-and-mining-hearing-to-receive-testimony-on-pending-legislation/,"Public Lands, Forests, and Mining Subcommittee Hearing to Receive Testimony on Pending Legislation – U.S. Senate Committee on Energy and Natural Resources",5,6
335221,https://www.foreign.senate.gov/hearings/nominations-12-07-2023,Hearing: [2023-12-07] NOMINATIONS,1,1
335224,https://www.hsgac.senate.gov/subcommittees/investigations/hearings/coast-guard-academy-whistleblowers-stories-of-sexual-assault-and-harassment/,Coast Guard Academy Whistleblowers: Stories of Sexual Assault and Harassment - Committee on Homeland Security & Governmental Affairs,5,0
335226,https://www.appropriations.senate.gov/hearings/communities-in-crisis-what-happens-when-disaster-recovery-funds-are-delayed,Hearing,4,4
335228,https://www.rules.senate.gov/hearings/oversight-of-the-us-government-publishing-office,Hearing: [2023-12-12] Oversight of the U.S. Government Publishing...,1,3
335229,https://www.judiciary.senate.gov/committee-activity/hearings/cleaning-up-the-c-suite-ensuring-accountability-for-corporate-criminals,Cleaning Up the C-Suite: Ensuring Accoun...,5,4
335231,https://www.judiciary.senate.gov/committee-activity/hearings/12/13/2023/nominations,Nominations,5,88
335240,https://www.judiciary.senate.gov/committee-activity/hearings/the-new-invisible-hand-the-impact-of-algorithms-on-competition-and-consumer-rights,The New Invisible Hand? The Impact of Al...,5,10
335241,https://www.commerce.senate.gov/meetings/government-promotion-of-safety-and-innovation-in-the-new-space-economy/,"Government Promotion of Safety and Innovation in the New Space Economy - U.S. Senate Committee on Commerce, Science, & Transportation",3,3
335243,https://www.help.senate.gov/hearings/what-is-fueling-the-diabetes-epidemic,What is Fueling the Diabetes Epidemic?,5,6
335244,https://www.aging.senate.gov/hearings/understanding-a-growing-crisis-substance-use-trends-among-older-adults,Understanding a Growing Crisis: Substanc...,4,6
335246,https://www.judiciary.senate.gov/committee-activity/hearings/protecting-the-human-rights-of-foster-children,Protecting the Human Rights of Foster Ch...,2,2
335280,https://www.hsgac.senate.gov/hearings/harnessing-ai-to-improve-government-services-and-customer-experience/,Harnessing AI to Improve Government Services and Customer Experience - Committee on Homeland Security & Governmental Affairs,3,0
335283,https://www.budget.senate.gov/hearings/investing-in-the-future-safeguarding-municipal-bonds-from-climate-risk,Hearing,5,7
335284,https://www.energy.senate.gov/hearings/hearings-2024-1-full-committee-hearing-to-examine-federal-electric-vehicle-incentives-including-the-federal-government-s-role-in-fostering-reliable-and-resilient-electric-vehicle-supply-chains/,Full Committee Hearing to Examine Federal Electric Vehicle Incentives Including the Federal Government’s Role in Fostering Reliable and Resilient Electric Vehicle Supply Chains – U.S. Senate Committee on Energy and Natural Resources,2,3
335285,https://www.judiciary.senate.gov/committee-activity/hearings/oversight-of-ai-the-future-of-journalism,Oversight of A.I.: The Future of Journal...,4,7
335300,https://www.hsgac.senate.gov/hearings/the-cyber-safety-review-board-expectations-outcomes-and-enduring-questions-2/,"The Cyber Safety Review Board: Expectations, Outcomes, and Enduring Questions - Committee on Homeland Security & Governmental Affairs",3,0
335322,https://www.budget.senate.gov/hearings/the-great-tax-escape-closing-corporate-loopholes-that-reward-offshoring-jobs-and-profits,Hearing,5,7
335323,https://www.judiciary.senate.gov/committee-activity/hearings/five-years-of-the-first-step-act-reimagining-rehabilitation-and-protecting-public-safety,Five Years of the First Step Act: Reimag...,4,6
335324,https://www.help.senate.gov/hearings/addressing-long-covid-advancing-research-and-improving-patient-care,Addressing Long COVID: Advancing Researc...,7,8
335340,https://www.judiciary.senate.gov/committee-activity/hearings/the-patent-eligibility-restoration-act_restoring-clarity-certainty-and-predictability-to-the-us-patent-system,The Patent Eligibility Restoration Act –...,8,16
335342,https://www.aging.senate.gov/hearings/assisted-living-facilities-understanding-long-term-care-options-for-older-adults,Assisted Living Facilities: Understandin...,4,7
335343,https://www.armed-services.senate.gov/hearings/to-consider-the-nominations-of_honorable-melissa-g-dalton-to-be-under-secretary-of-the-air-force---dr-douglas-c-schmidt-to-be-director-of-operational-test-and-evaluation-and--dr-aprille-j-ericsson-to-be-assistant-secretary-of-defense-for-science-and-technology,To consider the nominations of: Honorab...,3,4
335344,https://www.epw.senate.gov/public/index.cfm/hearings?ID=0C3A1360-D13E-4E80-A553-02D73DAB7B0D,Oversight of Toxic Substances Control Act Amendments Implementation - Hearings - U.S. Senate Committee on Environment and Public Works,1,2
335345,https://www.judiciary.senate.gov/committee-activity/hearings/01/24/2024/nominations,Nominations,6,20
335347,https://www.rules.senate.gov/hearings/the-use-of-artificial-intelligence-at-the-library-of-congress-government-publishing-office-and-smithsonian-institution,Hearing: [2024-01-24] The Use of Artificial Intelligence at the...,3,7
335348,https://www.budget.senate.gov/hearings/warming-seas-cooling-economy-how-the-climate-crisis-threatens-ocean-industries,Hearing,5,7
335349,https://www.judiciary.senate.gov/committee-activity/hearings/ai-in-criminal-investigations-and-prosecutions,AI in Criminal Investigations and Prosec...,3,5
335356,https://www.foreign.senate.gov/hearings/nominations-01-25-2024,Hearing: [2024-01-25] NOMINATIONS,4,4
335360,https://www.epw.senate.gov/public/index.cfm/hearings?ID=03C479FC-5267-497B-99FA-2278F02771DA,"Avoiding, Detecting, and Capturing Methane Emissions from Landfills - Hearings - U.S. Senate Committee on Environment and Public Works",3,3
335361,https://www.banking.senate.gov/hearings/artificial-intelligence-and-housing-exploring-promise-and-peril,hearing,3,4
335364,https://www.veterans.senate.gov/2024/1/vet-centers-supporting-the-mental-health-needs-of-servicemembers-veterans-and-their-families,"Vet Centers: Supporting the Mental Health Needs of Servicemembers, Veterans and...",3,6
335365,https://www.judiciary.senate.gov/committee-activity/hearings/big-tech-and-the-online-child-sexual-exploitation-crisis,Big Tech and the Online Child Sexual Exp...,5,10
335367,https://www.budget.senate.gov/hearings/a-blueprint-for-prosperity-expanding-housing-affordability,Hearing,5,7
335368,https://www.foreign.senate.gov/hearings/the-north-atlantic-treaty-organization-at-75-reflecting-on-past-successes-and-planning-for-the-future,Hearing: [2024-01-31] THE NORTH ATLANTIC TREATY ORGANIZATION AT 75:...,3,4
335370,https://www.epw.senate.gov/public/index.cfm/hearings?ID=712F08A7-ED47-4A99-A262-CEE2CAF96718,"Water Resources Development Act 2024: USACE Water Infrastructure Projects, Programs and Priorities - Hearings - U.S. Senate Committee on Environment and Public Works",2,3
335371,https://www.armed-services.senate.gov/hearings/to-consider-the-nomination-of_admiral-samuel-j-paparo-jr-usn-for-reappointment-to--the-grade-of-admiral-and-to-be--commander-united-states-indo-pacific-command,To consider the nomination of: Admiral ...,1,2
335380,https://www.hsgac.senate.gov/subcommittees/investigations/hearings/foreign-influence-in-the-united-states-reviewing-boston-consulting-group-mckinsey-company-m-klein-and-company-and-teneos-compliance-with-congressional-subpoenas/,"Foreign Influence in the United States: Reviewing Boston Consulting Group, McKinsey & Company, M. Klein and Company, and Teneo’s Compliance with Congressional Subpoenas - Committee on Homeland Security & Governmental Affairs",4,0
335400,https://www.energy.senate.gov/hearings/hearings-2024-2-full-committee-hearing-to-examine/,Full Committee Hearing to Examine the Administration’s Pause on LNG Export Approvals and the Department of Energy’s Process for Assessing LNG Export Applications – U.S. Senate Committee on Energy and Natural Resources,3,5
335420,https://www.help.senate.gov/hearings/why-does-the-united-states-pay-by-far-the-highest-prices-in-the-world-for-prescription-drugs,"Why Does the United States Pay, by Far, ...",6,7
335421,https://www.indian.senate.gov/hearings/legislative-hearing-to-receive-testimony-on-s-2385-s-2868-s-3022-s-2796-s-3230/,"Legislative Hearing to receive testimony on S. 2385, S. 2868, S. 3022, S. 2796 & S. 3230 - Indian Affairs Committee",0,1
335423,https://www.finance.senate.gov/hearings/artificial-intelligence-and-health-care-promise-and-pitfalls,[2024-02-08] Hearing: Artificial Intelligence and Health Care: Promise and Pitfalls,5,8
335424,https://www.foreign.senate.gov/hearings/nominations-02-08-2024,Hearing: [2024-02-08] NOMINATIONS,3,4
335441,https://www.judiciary.senate.gov/committee-activity/hearings/02/08/2024/nominations,Nominations,5,50
335442,https://www.epw.senate.gov/public/index.cfm/hearings?ID=110DE115-502D-44AA-980A-1CB28DA0C2F4,Understanding the Presence of Microplastics in Water - Hearings - U.S. Senate Committee on Environment and Public Works,3,4
335460,https://www.energy.senate.gov/hearings/hearings-2024-2-full-committee-hearing-to-examine-the-opportunities-and-challenges-associated-with-developing-geologic-hydrogen-in-the-united-states/,Full Committee Hearing to Examine the Opportunities and Challenges Associated with Developing Geologic Hydrogen in the United States – U.S. Senate Committee on Energy and Natural Resources,3,5
335463,https://www.hsgac.senate.gov/subcommittees/investigations/hearings/the-u-s-technology-fueling-russias-war-in-ukraine-how-and-why/,The U.S. Technology Fueling Russia’s War in Ukraine: How and Why - Committee on Homeland Security & Governmental Affairs,3,0
335464,https://www.armed-services.senate.gov/hearings/to-receive-testimony-on-traumatic-brain-injury-and-blast-exposure-care,To receive testimony on traumatic brain ...,0,1
335465,https://www.armed-services.senate.gov/hearings/to-receive-testimony-on-evolving-workforce-dynamics-and-the-challenges-for-defense-acquisition-and-defense-industrial-base-personnel,To receive testimony on evolving workfor...,3,4
335466,https://www.budget.senate.gov/hearings/no-rights-to-speak-of-the-economic-harms-of-restricting-reproductive-freedom,Hearing,5,7
335467,https://www.agriculture.senate.gov/hearings/oversight-of-the-us-department-of-agriculture-02-28-2024,Oversight of the U.S. Department of Agri...,1,2
335468,https://www.foreign.senate.gov/hearings/yemen-and-red-sea-security-issues,Hearing: [2024-02-27] YEMEN AND RED SEA SECURITY ISSUES,2,3
335469,https://www.foreign.senate.gov/hearings/tehrans-shadow-army-addressing-irans-proxy-network-in-the-middle-east,Hearing: [2024-02-28] TEHRAN'S SHADOW ARMY: ADDRESSING IRAN'S PROXY...,2,3
335470,https://www.veterans.senate.gov/2024/2/sacred-mission-honoring-america-s-veterans-and-their-families-at-va-cemeteries,Sacred Mission: Honoring America's Veterans and their Families at VA Cemeteries...,4,6
335471,https://www.judiciary.senate.gov/committee-activity/hearings/examining-and-preventing-deaths-of-incarcerated-individuals-in-federal-prisons,Examining and Preventing Deaths of Incar...,2,2
335472,https://www.help.senate.gov/hearings/taking-a-serious-look-at-the-retirement-crisis-in-america-what-can-we-do-to-expand-defined-benefit-pension-plans-for-workers,Taking a Serious Look at the Retirement ...,5,6
335473,https://www.commerce.senate.gov/meetings/national-transportation-safety-board-investigations-report/,"National Transportation Safety Board Investigations Report - U.S. Senate Committee on Commerce, Science, & Transportation",1,1
335474,https://www.commerce.senate.gov/meetings/nominations-hearing-federal-maritime-commission/,"Nominations Hearing: Federal Maritime Commission - U.S. Senate Committee on Commerce, Science, & Transportation",2,2
335480,https://www.aging.senate.gov/hearings/all-means-all-empowering-people-with-disabilities-to-thrive-in-careers-and-the-workplace,All Means All: Empowering People with Di...,4,7
335484,https://www.veterans.senate.gov/2024/3/legislative-presentation-of-veterans-of-foreign-wars-of-the-united-states-multi-vsos-pva-wwp-nasdva-mrc-bsf-iava-bva-swan-sva-amvets,Legislative Presentation of Veterans of Foreign Wars of the United States & Mult...,11,16
335485,https://www.veterans.senate.gov/2024/3/legislative-presentation-of-disabled-american-veterans,Legislative Presentation of Disabled American Veterans - U.S. Senate Committee o...,1,3
335486,https://www.veterans.senate.gov/2024/3/legislative-presentation-of-the-american-legion-multi-vsos-jwv-taps-nchv-moaa-nacvso-ncai-vva-ngaus-fra,"Legislative Presentation of The American Legion & Multi VSOs: JWV, TAPS, NCHV,...",10,19
335501,https://www.judiciary.senate.gov/committee-activity/hearings/the-nations-correctional-staffing-crisis-assessing-the-toll-on-correctional-officers-and-incarcerated-persons,The Nation’s Correctional Staffing Crisi...,5,9
335502,https://www.foreign.senate.gov/hearings/global-food-security,Hearing: [2024-03-06] GLOBAL FOOD SECURITY,2,3
335503,https://www.epw.senate.gov/public/index.cfm/hearings?ID=96CF6967-76E6-4A6E-90ED-C8EAFC493DA7,Examining Extended Producer Responsibility Policies for Consumer Packaging - Hearings - U.S. Senate Committee on Environment and Public Works,3,4
335504,https://www.judiciary.senate.gov/committee-activity/hearings/03/06/2024/nominations,Nominations,4,20
335506,https://www.help.senate.gov/hearings/the-older-americans-act-supporting-efforts-to-meet-the-needs-of-seniors,The Older Americans Act: Supporting Effo...,6,7
335510,https://www.foreign.senate.gov/hearings/nominations-03-07-2024,Hearing: [2024-03-07] NOMINATIONS,5,6
335520,https://www.energy.senate.gov/hearings/hearings-2024-3-full-committee-hearing-to-examine-the-findings-and-recommendations-of-the-wildland-fire-mitigation-and-management-commission/,Full Committee Hearing to Examine the Findings and Recommendations of the Wildland Fire Mitigation and Management Commission – U.S. Senate Committee on Energy and Natural Resources,5,7
335521,https://www.help.senate.gov/hearings/youth-apprenticeships-building-partnerships-strengthening-career-pathways,Youth Apprenticeships: Building Partners...,4,5
335522,https://www.rules.senate.gov/hearings/03/05/2024/administration-of-upcoming-elections,Hearing: [2024-03-12] Administration of Upcoming Elections,5,11
335523,https://www.budget.senate.gov/hearings/the-presidents-fiscal-year-2025-budget-proposal,Hearing,1,3
335524,https://www.finance.senate.gov/hearings/american-made-growing-us-manufacturing-through-the-tax-code,[2024-03-12] Hearing: American Made: Growing U.S. Manufacturing Through the Tax Code,5,8
335527,https://www.judiciary.senate.gov/committee-activity/hearings/the-right-side-of-history-protecting-voting-rights-in-america,The Right Side of History: Protecting Vo...,7,5
335528,https://www.armed-services.senate.gov/hearings/to-receive-testimony-on-global-security-challenges-and-us-strategy_4_12_24,To receive testimony on Global Security ...,2,3
335530,https://www.foreign.senate.gov/hearings/us-strategy-in-the-pacific-island-region,Hearing: [2024-03-14] U.S. STRATEGY IN THE PACIFIC ISLANDS REGION |...,3,4
335533,https://www.hsgac.senate.gov/hearings/a-nation-on-fire-responding-to-the-increasing-wildfire-threat/,A Nation on Fire: Responding to the Increasing Wildfire Threat - Committee on Homeland Security & Governmental Affairs,5,0
335534,https://www.finance.senate.gov/hearings/the-presidents-fiscal-year-2025-health-and-human-services-budget,[2024-03-14] Hearing: The President’s Fiscal Year 2025 Health and Human Services Budget,1,4
335540,https://www.foreign.senate.gov/hearings/implementation-of-the-us-anti-corruption-strategy,Hearing: [2024-03-21] IMPLEMENTATION OF THE U.S. ANTI-CORRUPTION...,2,2
335542,https://www.energy.senate.gov/hearings/hearings-2024-3-full-committee-hearing-to-consider-ferc-nominations/,Full Committee Hearing to Consider Nominations to the Federal Energy Regulatory Commission – U.S. Senate Committee on Energy and Natural Resources,3,5
335543,https://www.hsgac.senate.gov/hearings/reforming-federal-records-management-to-improve-transparency-and-accountability/,Reforming Federal Records Management to Improve Transparency and Accountability - Committee on Homeland Security & Governmental Affairs,2,0
335544,https://www.aging.senate.gov/hearings/keeping-our-promise-to-older-adults-and-people-with-disabilities-the-status-of-social-security-today,Keeping Our Promise to Older Adults and ...,1,6
335545,https://www.armed-services.senate.gov/hearings/to-receive-testimony-on-the-final-report-of-the-planning-programming-budgeting-and-execution-reform-commission,To receive testimony on the final report...,3,2
335548,https://www.finance.senate.gov/hearings/the-presidents-fiscal-year-2025-social-security-administration-budget,[2024-03-20] Hearing: The President’s Fiscal Year 2025 Social Security Administration Budget,1,4
335549,https://www.hsgac.senate.gov/subcommittees/etso/hearings/strengthening-international-cooperation-to-stop-the-flow-of-fentanyl-into-the-united-states/,Strengthening International Cooperation to Stop the Flow of Fentanyl into the United States - Committee on Homeland Security & Governmental Affairs,3,0
335550,https://www.judiciary.senate.gov/committee-activity/hearings/03/20/2024/nominations,Nominations,5,29
335551,https://www.epw.senate.gov/public/index.cfm/hearings?ID=6E83270F-EF61-4B3E-919C-B1AF5AA601B7,Examining PFAS as Hazardous Substances - Hearings - U.S. Senate Committee on Environment and Public Works,5,6
335552,https://www.armed-services.senate.gov/hearings/to-receive-testimony-on-an-update-on-the-state-of-the-department-of-defense-acquisition-system,To receive testimony on an update on the...,3,4
335553,https://www.judiciary.senate.gov/committee-activity/hearings/the-continued-assault-on-reproductive-freedoms-in-a-post-dobbs-america,The Continued Assault on Reproductive Fr...,7,9
335554,https://www.budget.senate.gov/hearings/recreation-at-risk-the-nature-of-climate-costs,Hearing,5,7
335555,https://www.commerce.senate.gov/meetings/promoting-a-safe-environment-in-u-s-athletics/,"Promoting a Safe Environment in U.S. Athletics - U.S. Senate Committee on Commerce, Science, & Transportation",4,4
335558,https://www.commerce.senate.gov/meetings/spectrum-and-national-security/,"Spectrum and National Security - U.S. Senate Committee on Commerce, Science, & Transportation",5,5
335559,https://www.finance.senate.gov/hearings/hearing-on-the-presidents-fiscal-year-2025-budget,[2024-03-21] Hearing: Hearing on the President’s Fiscal Year 2025 Budget,1,4
335601,https://www.foreign.senate.gov/hearings/fy2025-united-states-agency-for-international-development-budget-request,Hearing: [2024-04-10] FY2025 UNITED STATES AGENCY FOR INTERNATIONAL...,1,2
335602,https://www.foreign.senate.gov/hearings/modernizing-us-alliances-and-partnerships-in-the-indo-pacific,Hearing: [2024-04-17] MODERNIZING U.S. ALLIANCES AND PARTNERSHIPS IN...,2,3
335620,https://www.energy.senate.gov/hearings/hearings-2024-4-water-and-power-subcommittee-hearing-to-examine-the-federal-and-non-federal-role-of-assessing-cyber-threats-to-and-vulnerabilities-of-critical-water-infrastructure-in-our-energy-sector/,Water and Power Subcommittee Hearing to Examine the Federal and Non-Federal Role of Assessing Cyber Threats to and Vulnerabilities of Critical Water Infrastructure in our Energy Sector – U.S. Senate Committee on Energy and Natural Resources,3,4
335621,https://www.appropriations.senate.gov/hearings/review-of-the-presidents-fiscal-year-2025-budget-request-for-the-air-force-and-space-force,Hearing,3,3
335623,https://www.appropriations.senate.gov/hearings/a-review-of-the-presidents-fiscal-year-2025-budget-request-for-the-us-agency-for-international-development,Hearing,1,1
335624,https://www.epw.senate.gov/public/index.cfm/hearings?ID=57F02A80-D9D6-42FD-871C-2CE32726EB5C,Examining the State of Air Quality Monitoring Technology - Hearings - U.S. Senate Committee on Environment and Public Works,3,4
335627,https://www.judiciary.senate.gov/committee-activity/hearings/small-print-big-impact-examining-the-effects-of-forced-arbitration,"Small Print, Big Impact: Examining the E...",4,5
335629,https://www.veterans.senate.gov/2024/4/caring-for-all-who-have-borne-the-battle-ensuring-equity-for-women-veterans-at-va,Caring for All Who Have Borne the Battle: Ensuring Equity for Women Veterans at...,6,10
335631,https://www.hsgac.senate.gov/subcommittees/etso/hearings/improving-export-controls-enforcement/,Improving Export Controls Enforcement - Committee on Homeland Security & Governmental Affairs,3,0
335633,https://www.appropriations.senate.gov/hearings/a-review-of-the-presidents-fiscal-year-2025-budget-request-for-the-department-of-homeland-security,Hearing,1,1
335635,https://www.judiciary.senate.gov/committee-activity/hearings/oversight-of-the-community-oriented-policing-services-cops-grant-program,Oversight of the Community Oriented Poli...,1,5
335636,https://www.commerce.senate.gov/meetings/nomination-hearing-3/,"Nomination Hearing - U.S. Senate Committee on Commerce, Science, & Transportation",2,2
335637,https://www.budget.senate.gov/hearings/sunny-places-for-shady-people-offshore-tax-evasion-by-the-wealthy-and-corporations,Hearing,3,5
335640,https://www.banking.senate.gov/hearings/mohelas-performance-as-a-student-loan-servicer,hearing,5,5
335644,https://www.finance.senate.gov/hearings/bolstering-chronic-care-through-medicare-physician-payment,[2024-04-11] Hearing: Bolstering Chronic Care through Medicare Physician Payment,4,7
335648,https://www.foreign.senate.gov/hearings/countering-transnational-criminal-networks-and-corruption-in-the-western-hemisphere,Hearing: [2024-04-11] COUNTERING TRANSNATIONAL CRIMINAL NETWORKS AND...,3,3
335661,https://www.hsgac.senate.gov/hearings/oversight-of-the-united-states-postal-service/,Oversight of the United States Postal Service - Committee on Homeland Security & Governmental Affairs,2,0
335662,https://www.aging.senate.gov/hearings/the-long-term-care-workforce-addressing-shortages-and-improving-the-profession,The Long-Term Care Workforce: Addressing...,4,7
335663,https://www.appropriations.senate.gov/hearings/a-review-of-the-presidents-fiscal-year-2025-budget-request-for-the-department-of-health-and-human-services,Hearing,1,1
335664,https://www.appropriations.senate.gov/hearings/a-review-of-the-fiscal-year-2025-presidents-budget-request-for-the-us-department-of-agriculture,Hearing,1,1
335665,https://www.finance.senate.gov/hearings/the-presidents-fiscal-year-2025-irs-budget-and-the-irs-2024-filing-season,[2024-04-16] Hearing: The President’s Fiscal Year 2025 IRS Budget and the IRS 2024 Filing Season,1,4
335666,https://www.appropriations.senate.gov/hearings/a-review-of-the-presidents-fiscal-year-2025-budget-request-for-the-navy-and-marine-corps,Hearing,3,3
335667,https://www.energy.senate.gov/hearings/hearings-2024-4-full-committee-hearing-to-examine-the-president-s-budget-request-for-the-u-s-department-of-energy-for-fiscal-year-2025/,Full Committee Hearing to Examine the President’s Budget Request for the U.S. Department of Energy for Fiscal Year 2025 – U.S. Senate Committee on Energy and Natural Resources,1,3
335668,https://www.hsgac.senate.gov/subcommittees/investigations/hearings/examining-boeings-broken-safety-culture-firsthand-accounts/,Examining Boeing’s Broken Safety Culture: Firsthand Accounts - Committee on Homeland Security & Governmental Affairs,4,0
335669,https://www.judiciary.senate.gov/committee-activity/hearings/legacy-of-harm-eliminating-the-abuse-of-solitary-confinement,Legacy of Harm: Eliminating the Abuse of...,4,6
335670,https://www.hsgac.senate.gov/hearings/nominations-5/,Nominations - Committee on Homeland Security & Governmental Affairs,1,0
335672,https://www.epw.senate.gov/public/index.cfm/hearings?ID=3D615CF1-3B6F-43C9-ABDF-D8EEAD6DEB88,Nomination of Christopher T. Hanson to be a Member of the Nuclear Regulatory Commission - Hearings - U.S. Senate Committee on Environment and Public Works,1,2
335674,https://www.judiciary.senate.gov/committee-activity/hearings/oversight-of-ai-election-deepfakes,TIME CHANGE: Oversight of AI: Election D...,4,6
335675,https://www.judiciary.senate.gov/committee-activity/hearings/04/17/2024/nominations,Nominations,4,65
335676,https://www.finance.senate.gov/hearings/the-presidents-2024-trade-policy-agenda,[2024-04-17] Hearing: The President’s 2024 Trade Policy Agenda,1,5
335677,https://www.appropriations.senate.gov/hearings/a-review-of-the-presidents-fiscal-year-2025-budget-request-for-the-us-department-of-justice,Hearing,1,1
335681,https://www.armed-services.senate.gov/hearings/to-receive-testimony-on-the-department-of-defenses-efforts-to-ensure-servicemembers-access-to-safe-high-quality-pharmaceuticals,To receive testimony on the Department o...,0,1
335682,https://www.armed-services.senate.gov/hearings/to-receive-testimony-on-the-department-of-energys-atomic-energy-defense-activities-and-department-of-defense-nuclear-weapons-programs-in-review-of-the-defense-authorization-request-for-fiscal-year-2025-and-the-future-years-defense-program,To receive testimony on the Department o...,0,0
335688,https://www.commerce.senate.gov/meetings/faa-organization-designation-authorization-oda-expert-panel-report/,"FAA Organization Designation Authorization (ODA) Expert Panel Report - U.S. Senate Committee on Commerce, Science, & Transportation",2,2
335692,https://www.energy.senate.gov/hearings/hearings-2024-5-full-committee-hearing-to-examine-the-president-s-budget-request-for-the-u-s-department-of-the-interior-for-fiscal-year-2025/,Full Committee Hearing to Examine the President’s Budget Request for the U.S. Department of the Interior for Fiscal Year 2025 – U.S. Senate Committee on Energy and Natural Resources,1,3
335700,https://www.appropriations.senate.gov/hearings/a-review-of-the-presidents-fiscal-year-2025-budget-request-for-the-department-of-education,Hearing,1,1
335702,https://www.judiciary.senate.gov/committee-activity/hearings/the-no-fakes-act-protecting-americans-from-unauthorized-digital-replicas,The NO FAKES Act: Protecting Americans f...,6,12
335703,https://www.appropriations.senate.gov/hearings/a-review-of-the-presidents-fiscal-year-2025-budget-request-for-the-us-department-of-housing-and-urban-development,Hearing,1,1
335704,https://www.finance.senate.gov/hearings/hacking-americas-health-care-assessing-the-change-healthcare-cyber-attack-and-whats-next,[2024-05-01] Hearing: Hacking America’s Health Care: Assessing the Change Healthcare Cyber Attack and What’s Next,1,5
335709,https://www.foreign.senate.gov/hearings/us-policy-on-taiwan,Hearing: [2024-04-30] U.S. POLICY ON TAIWAN,1,2
335712,https://www.armed-services.senate.gov/hearings/to-receive-testimony-on-navy-and-marine-corps-investment-programs-in-review-of-the-defense-authorization-request-for-fiscal-year-2025-and-the-future-years-defense-program,To receive testimony on Navy and Marine ...,3,2
335713,https://www.budget.senate.gov/hearings/denial-disinformation-and-doublespeak_big-oils-evolving-efforts-to-avoid-accountability-for-climate-change,Hearing,5,8
335715,https://www.armed-services.senate.gov/hearings/to-receive-testimony-on-the-current-readiness-of-the-joint-force,To receive testimony on the current read...,6,7
335717,https://www.appropriations.senate.gov/hearings/a-review-of-the-presidents-fiscal-year-2025-budget-request-for-the-environmental-protection-agency,Hearing,1,1
335718,https://www.appropriations.senate.gov/hearings/a-review-of-the-fiscal-year-2025-budget-request-for-military-construction-and-family-housing,Hearing,6,6
335719,https://www.foreign.senate.gov/hearings/conflict-and-humanitarian-emergency-in-sudan-an-urgent-call-to-action,Hearing: [2024-05-01] CONFLICT AND HUMANITARIAN EMERGENCY IN SUDAN: AN...,1,1
335720,https://www.appropriations.senate.gov/hearings/a-review-of-the-presidents-fiscal-year-2025-budget-request-for-the-us-department-of-transportation,Hearing,1,1
335721,https://www.commerce.senate.gov/meetings/the-future-of-broadband-affordability/,"The Future of Broadband Affordability - U.S. Senate Committee on Commerce, Science, & Transportation",4,4
335722,https://www.appropriations.senate.gov/hearings/a-review-of-the-presidents-fiscal-year-2025-budget-and-fiscal-year-2026-advance-appropriations-requests-for-the-department-of-veterans-affairs,Hearing,1,1
335723,https://www.help.senate.gov/hearings/what-can-congress-do-to-address-the-severe-shortage-of-minority-health-care-professionals-and-the-maternal-health-crisis,What Can Congress Do to Address the Seve...,7,8
335741,https://www.epw.senate.gov/public/index.cfm/hearings?ID=F63083EA-2C13-498C-B548-341BED68C209,The U.S. Fish and Wildlife Service’s Proposed Fiscal Year 2025 Budget - Hearings - U.S. Senate Committee on Environment and Public Works,1,2
335742,https://www.appropriations.senate.gov/hearings/a-review-of-the-presidents-fiscal-year-2025-budget-request-for-the-department-of-defense,Hearing,2,2
335743,https://www.appropriations.senate.gov/hearings/a-review-of-the-fiscal-year-2025-budget-request-for-the-congressional-budget-office-the-government-accountability-office-and-the-government-publishing-office,Hearing,3,3
335744,https://www.armed-services.senate.gov/hearings/to-receive-testimony-on-air-force-modernization-in-review-of-the-defense-authorization-request-for-fiscal-year-2025-and-the-future-years-defense-program,To receive testimony on Air Force modern...,4,2
335745,https://www.appropriations.senate.gov/hearings/a-review-of-the-presidents-fiscal-year-2025-budget-request-for-the-food-and-drug-administration,Hearing,1,1
335746,https://www.appropriations.senate.gov/hearings/a-review-of-the-presidents-fiscal-year-2025-budget-request-for-the-department-of-the-interior,Hearing,1,1
335747,https://www.judiciary.senate.gov/committee-activity/hearings/dream-deferred-the-urgent-need-to-protect-immigrant-youth,Dream Deferred: The Urgent Need to Prote...,5,5
335748,https://www.budget.senate.gov/hearings/reducing-paperwork-cutting-costs-alleviating-administrative-burdens-in-health-care,Hearing,3,5
335750,https://www.armed-services.senate.gov/hearings/to-receive-testimony-on-the-department-of-defense-missile-defense-activities-in-review-of-the-defense-authorization-request-for-fiscal-year-2025-and-the-future-years-defense-program,To receive testimony on the Department o...,4,5
335751,https://www.armed-services.senate.gov/hearings/to-receive-testimony-on-military-and-civilian-personnel-programs-in-the-department-of-defense-in-review-of-the-defense-authorization-request-for-fiscal-year-2025-and-the-future-years-defense-program,To receive testimony on military and civ...,0,1
335752,https://www.commerce.senate.gov/meetings/strengthening-data-security-to-protect-consumers/,"Strengthening Data Security to Protect Consumers - U.S. Senate Committee on Commerce, Science, & Transportation",4,4
335753,https://www.appropriations.senate.gov/hearings/a-review-of-the-presidents-fiscal-year-2025-budget-request-for-the-department-of-labor,Hearing,1,1
335759,https://www.foreign.senate.gov/hearings/nominations-05-09-2024,Hearing: [2024-05-09] NOMINATIONS,5,7
335761,https://www.epw.senate.gov/public/index.cfm/hearings?ID=90B66882-ECA7-4C3C-81C0-69CF8B249394,The U.S. Environmental Protection Agency’s Proposed Fiscal Year 2025 Budget - Hearings - U.S. Senate Committee on Environment and Public Works,1,2
335762,https://www.foreign.senate.gov/hearings/the-future-of-arms-control-and-deterrence-05-15-2024,Hearing: [2024-05-15] THE FUTURE OF ARMS CONTROL AND DETERRENCE |...,1,2
335781,https://www.veterans.senate.gov/2024/5/frontier-health-care-ensuring-veterans-access-no-matter-where-they-live,Frontier Health Care: Ensuring Veterans’ Access No Matter Where They Live - U.S....,4,7
335782,https://www.appropriations.senate.gov/hearings/a-review-of-the-presidents-fiscal-year-2025-budget-request-for-the-us-army-corps-of-engineers-and-the-bureau-of-reclamation,Hearing,3,3
335784,https://www.appropriations.senate.gov/hearings/a-review-of-the-fiscal-year-2025-budget-requests-for-the-library-of-the-congress-and-the-architect-of-the-capitol,Hearing,2,2
335785,https://www.appropriations.senate.gov/hearings/a-review-of-select-department-of-defense-acquisition-programs,Hearing,4,4
335786,https://www.appropriations.senate.gov/hearings/strengthening-american-competitiveness-examining-the-roles-of-the-us-international-development-finance-corporation-export-import-bank-of-the-united-states-and-millennium-challenge-corporation,Hearing,3,3
335787,https://www.appropriations.senate.gov/hearings/a-review-of-the-presidents-fiscal-year-2025-budget-request-for-the-department-of-commerce,Hearing,1,1
335789,https://www.hsgac.senate.gov/subcommittees/etso/hearings/examining-the-findings-and-recommendations-of-gaos-2024-report-on-opportunities-to-reduce-fragmentation-overlap-and-duplication-and-achieve-financial-benefits/,"Examining the Findings and Recommendations of GAO’s 2024 Report on Opportunities to Reduce Fragmentation, Overlap, and Duplication and Achieve Financial Benefits - Committee on Homeland Security & Governmental Affairs",1,0
335790,https://www.budget.senate.gov/hearings/budgeting-for-the-storm-climate-change-and-the-costs-to-national-security,Hearing,5,7
335791,https://www.foreign.senate.gov/hearings/modernization-and-management-building-a-department-to-address-21st-century-challenges,Hearing: [2024-05-16] MODERNIZATION AND MANAGEMENT: BUILDING A...,1,1
335792,https://www.armed-services.senate.gov/hearings/to-receive-testimony-on-army-modernization-in-review-of-the-defense-authorization-request-for-fiscal-year-2025-and-the-future-years-defense-program,To receive testimony on Army Modernizati...,3,2
335793,https://www.help.senate.gov/hearings/examining-the-dental-care-crisis-in-america-how-can-we-make-dental-care-more-affordable-and-more-available,Examining the Dental Care Crisis in Amer...,4,5
335798,https://www.finance.senate.gov/hearings/rural-health-care-supporting-lives-and-improving-communities,[2024-05-16] Hearing: Rural Health Care: Supporting Lives and Improving Communities,4,7
335820,https://www.judiciary.senate.gov/committee-activity/hearings/ensuring-affordable-and-accessible-medications-examining-competition-in-the-prescription-drug-market,LOCATION CHANGE: Ensuring Affordable & A...,5,10
335821,https://www.appropriations.senate.gov/hearings/a-review-of-the-presidents-fiscal-year-2025-budget-request-for-the-us-department-of-state,Hearing,1,1
335822,https://www.hsgac.senate.gov/subcommittees/investigations/hearings/fraud-alert-shedding-light-on-zelle/,Fraud Alert!: Shedding Light on Zelle - Committee on Homeland Security & Governmental Affairs,5,0
335823,https://www.hsgac.senate.gov/hearings/restoring-congressional-oversight-over-emergency-powers-exploring-options-to-reform-the-national-emergencies-act/,Restoring Congressional Oversight over Emergency Powers: Exploring Options to Reform the National Emergencies Act - Committee on Homeland Security & Governmental Affairs,3,0
335824,https://www.foreign.senate.gov/hearings/american-diplomacy-and-global-leadership-review-of-the-fy25-state-department-budget-request,Hearing: [2024-05-21] AMERICAN DIPLOMACY AND GLOBAL LEADERSHIP: REVIEW...,1,2
335825,https://www.energy.senate.gov/hearings/hearings-2024-5-full-committee-hearing-to-examine-the-opportunities-risks-and-challenges-associated-with-growth-in-demand-for-electric-power-in-the-united-states/,"Full Committee Hearing to Examine the Opportunities, Risks, and Challenges Associated with Growth in Demand for Electric Power in the United States – U.S. Senate Committee on Energy and Natural Resources",4,6
335826,https://www.finance.senate.gov/hearings/examining-trade-enforcement-and-entry-of-merchandise-at-us-ports,[2024-05-21] Hearing: Examining Trade Enforcement and Entry of Merchandise at U.S. Ports,3,6
335827,https://www.finance.senate.gov/hearings/child-savings-accounts-and-other-tax-advantaged-accounts-benefiting-american-children,[2024-05-21] Hearing: Child Savings Accounts and Other Tax-Advantaged Accounts Benefiting American Children,4,7
335828,https://www.judiciary.senate.gov/committee-activity/hearings/an-examination-of-prison-labor-in-america,An Examination of Prison Labor in Americ...,4,6
335830,https://www.commerce.senate.gov/meetings/examining-the-roadway-safety-crisis-and-highlighting-community-solutions/,"Examining the Roadway Safety Crisis and Highlighting Community Solutions - U.S. Senate Committee on Commerce, Science, & Transportation",5,4
335831,https://www.appropriations.senate.gov/hearings/a-review-of-the-presidents-fiscal-year-2025-budget-request-for-the-us-department-of-energy-including-the-national-nuclear-security-administration,Hearing,2,1
335832,https://www.appropriations.senate.gov/hearings/a-review-of-the-fiscal-year-2025-budget-requests-for-the-sergeant-at-arms-and-doorkeeper-of-the-senate-and-the-united-states-capitol-police,Hearing,2,2
335833,https://www.judiciary.senate.gov/committee-activity/hearings/05/22/2024/nominations,Nominations,5,44
335835,https://www.appropriations.senate.gov/hearings/review-of-the-presidents-fiscal-year-2025-budget-request-for-the-army,Hearing,2,2
335837,https://www.finance.senate.gov/hearings/the-family-first-prevention-services-act-successes-roadblocks-and-opportunities-for-improvement,"[2024-05-22] Hearing: The Family First Prevention Services Act: Successes, Roadblocks, and Opportunities for Improvement",4,7
335838,https://www.indian.senate.gov/hearings/oversight-hearing-titled-examining-public-safety-and-justice-resources-in-native-communities/,"Oversight Hearing titled, “Examining Public Safety and Justice Resources in Native Communities” - Indian Affairs Committee",0,1
335839,https://www.help.senate.gov/hearings/digging-deeper-for-health-and-safety-examining-new-standards-and-practices-in-mining,Digging Deeper for Health and Safety: Ex...,4,5
335840,https://www.budget.senate.gov/hearings/droughts-dollars-and-decisions-water-scarcity-in-a-changing-climate,Hearing,5,7
335844,https://www.appropriations.senate.gov/hearings/a-review-of-the-presidents-fiscal-year-2025-budget-request-for-the-national-institutes-of-health,Hearing,6,1
335848,https://www.appropriations.senate.gov/hearings/review-of-the-presidents-fiscal-year-2025-budget-request-for-indian-country,Hearing,2,2
335849,https://www.appropriations.senate.gov/hearings/a-review-of-the-presidents-fiscal-year-2025-budget-request-for-the-national-aeronautics-and-space-administration-and-for-the-national-science-foundation,Hearing,2,2
335850,https://www.finance.senate.gov/hearings/front-lines-of-the-fentanyl-crisis-supporting-communities-and-combating-addiction-through-prevention-and-treatment,[2024-05-23] Hearing: Front Lines of the Fentanyl Crisis: Supporting Communities and Combating Addiction through Prevention and Treatment,4,7
335851,https://www.aging.senate.gov/hearings/the-older-americans-act-the-local-impact-of-the-law-and-the-upcoming-reauthorization,The Older Americans Act: The Local Impac...,4,8
335853,https://www.armed-services.senate.gov/hearings/to-receive-testimony-on-the-department-of-defense-space-activities-in-review-of-the-defense-authorization-request-for-fiscal-year-2025-and-the-future-years-defense-program,To receive testimony on the Department o...,3,4
335854,https://www.help.senate.gov/hearings/feeding-a-healthier-america-current-efforts-and-potential-opportunities-for-food-is-medicine,Feeding a Healthier America: Current Eff...,4,5
335855,https://www.armed-services.senate.gov/hearings/to-receive-testimony-on-the-department-of-energys-atomic-energy-defense-activities-and-department-of-defense-nuclear-weapons-programs-in-review-of-the-defense-authorization-request-for-fiscal-year-2025-and-the-future-years-defense-program,To receive testimony on the Department o...,0,0
335856,https://www.epw.senate.gov/public/index.cfm/hearings?ID=30A93C63-E1FC-4ABF-B996-E455BE600ECB,Oversight and Budget of the Federal Highway Administration - Hearings - U.S. Senate Committee on Environment and Public Works,1,2
335861,https://www.appropriations.senate.gov/hearings/a-review-of-the-presidents-fiscal-year-2025-budget-request-for-the-us-department-of-treasury,Hearing,1,1
335862,https://www.hsgac.senate.gov/hearings/nominations-6/,Nominations - Committee on Homeland Security & Governmental Affairs,5,0
335863,https://www.help.senate.gov/hearings/the-assault-on-womens-freedoms-how-abortion-bans-have-created-a-health-care-nightmare-across-america,The Assault on Women’s Freedoms: How Abo...,6,7
335865,https://www.finance.senate.gov/hearings/hearing-to-consider-the-nominations-of-james-r-ives-of-virginia-to-be-inspector-general-department-of-the-treasury-vice-eric-m-thorson-rose-e-jenkins-of-the-district-of-columbia-to-be-a-judge-of-the-united-states-tax-court-for-a-term-of-fifteen-years-vice-elizabeth-crewson-paris-term-expired_adam-b-landy-of-south-carolina-to-be-a-judge-of-the-united-states-tax-court-for-a-term-of-fifteen-years-david-gustafson-term-expired-and-kashi-way-of-maryland-to-be-a-judge-of-the-united-states-tax-court-for-a-term-of-fifteen-years-mark-van-dyke-holmes-term-expired,"[2024-06-04] Hearing: Hearing to Consider the Nominations of James R. Ives, of Virginia, to be Inspector General, Department of the Treasury, vice Eric M. Thorson; Rose E. Jenkins, of the District of Columbia, to be a Judge of the United States Tax Court for a term of fifteen years, vice Elizabeth Crewson Paris, term expired; Adam B. Landy, of South Carolina, to be a Judge of the United States Tax Court for a term of fifteen years, David Gustafson, term expired; and Kashi Way, of Maryland, to be a Judge of the United States Tax Court for a term of fifteen years, Mark Van Dyke Holmes, term expired.",4,11
335867,https://www.agriculture.senate.gov/hearings/pathways-to-farming-helping-the-next-generation-of-farmers,Pathways to Farming: Helping the Next Ge...,4,5
335868,https://www.appropriations.senate.gov/hearings/a-review-of-the-presidents-fiscal-year-2025-budget-request-for-the-federal-bureau-of-investigation,Hearing,1,1
335870,https://www.hsgac.senate.gov/hearings/streamlining-the-federal-cybersecurity-regulatory-process-the-path-to-harmonization/,Streamlining the Federal Cybersecurity Regulatory Process: The Path to Harmonization - Committee on Homeland Security & Governmental Affairs,2,0
335871,https://www.aging.senate.gov/hearings/heroes-at-home-improving-services-for-veterans-and-their-caregivers,Heroes at Home: Improving Services for V...,5,7
335872,https://www.judiciary.senate.gov/committee-activity/hearings/06/05/2024/nominations,Nominations,4,27
335875,https://www.budget.senate.gov/hearings/riskier-business-how-climate-is-already-challenging-insurance-markets,Hearing,5,7
335876,https://www.finance.senate.gov/hearings/revitalizing-and-renewing-gsp-agoa-and-other-trade-preference-programs,"[2024-06-05] Hearing: Revitalizing and Renewing GSP, AGOA and Other Trade Preference Programs",4,6
335877,https://www.judiciary.senate.gov/committee-activity/hearings/strengthening-us-economic-leadership-the-role-of-competition-in-enhancing-economic-resiliency,Strengthening U.S. Economic Leadership: ...,3,5
335878,https://www.appropriations.senate.gov/hearings/unlocking-department-of-transportation-financing-for-more-transit-oriented-housing-development,Hearing,3,3
335892,https://www.hsgac.senate.gov/subcommittees/investigations/hearings/coast-guard-oversight-sexual-assault-and-harassment/,Coast Guard Oversight: Sexual Assault and Harassment - Committee on Homeland Security & Governmental Affairs,1,0
335893,https://www.energy.senate.gov/hearings/hearings-2024-6-full-committee-hearing-to-conduct-oversight-of-the-bureau-of-land-management/,Full Committee Hearing to Conduct Oversight of the Bureau of Land Management – U.S. Senate Committee on Energy and Natural Resources,1,3
335894,https://www.help.senate.gov/hearings/the-workforce-innovation-and-opportunity-act-supporting-efforts-to-meet-the-needs-of-youth-workers-and-employers,The Workforce Innovation and Opportunity...,5,6
335895,https://www.energy.senate.gov/hearings/hearings-2024-6-public-lands-forests-and-mining-subcommittee-hearing-to-receive-testimony-on-pending-legislation/,"Public Lands, Forests, and Mining Subcommittee Hearing to Receive Testimony on Pending Legislation – U.S. Senate Committee on Energy and Natural Resources",3,4
335896,https://www.help.senate.gov/hearings/digging-deeper-building-our-critical-minerals-workforce,Digging Deeper: Building Our Critical Mi...,4,5
335897,https://www.indian.senate.gov/hearings/legislative-hearing-to-receive-testimony-on-s-2908-s-3263-s-4000-s-4442/,"Legislative Hearing to receive testimony on S. 2908, S. 3263, S. 4000 & S. 4442 - Indian Affairs Committee",0,1
335898,https://www.budget.senate.gov/hearings/making-wall-street-pay-its-fair-share-raising-revenue-strengthening-our-economy,Hearing,3,5
335899,https://www.judiciary.senate.gov/committee-activity/hearings/combatting-the-youth-vaping-epidemic-by-enhancing-enforcement-against-illegal-e-cigarettes,Combatting the Youth Vaping Epidemic by ...,7,13
335900,https://www.judiciary.senate.gov/committee-activity/hearings/crossing-the-line-abortion-bans-and-interstate-travel-for-care-after-dobbs,Crossing the Line: Abortion Bans and Int...,7,10
335902,https://www.finance.senate.gov/hearings/youth-residential-treatment-facilities-examining-failures-and-evaluating-solutions,[2024-06-12] Hearing: Youth Residential Treatment Facilities: Examining Failures and Evaluating Solutions,4,11
335904,https://www.commerce.senate.gov/meetings/faa-oversight-of-aviation-manufacturing/,"FAA Oversight of Aviation Manufacturing - U.S. Senate Committee on Commerce, Science, & Transportation",0,1
335906,https://www.appropriations.senate.gov/hearings/a-review-of-the-presidents-fiscal-year-2025-budget-requests-for-the-us-securities-and-exchange-commission-and-the-commodity-futures-trading-commission,Hearing,2,2
335909,https://www.foreign.senate.gov/hearings/nominations-06-13-2024,Hearing: [2024-06-13] NOMINATIONS,5,6
335921,https://www.hsgac.senate.gov/hearings/origins-of-covid-19-an-examination-of-available-evidence/,Origins of COVID-19: An Examination of Available Evidence - Committee on Homeland Security & Governmental Affairs,4,0
335924,https://www.epw.senate.gov/public/index.cfm/hearings?ID=F63083EA-2C13-498C-B548-341BED68C209,The U.S. Fish and Wildlife Service’s Proposed Fiscal Year 2025 Budget - Hearings - U.S. Senate Committee on Environment and Public Works,1,2
335926,https://www.rules.senate.gov/hearings/oversight-of-the-smithsonian-institution-06-18-2024,Hearing: [2024-06-18] Oversight of the Smithsonian Institution,1,3
335927,https://www.finance.senate.gov/hearings/work-and-social-security-disability-benefits-addressing-challenges-and-creating-opportunities,[2024-06-18] Hearing: Work and Social Security Disability Benefits: Addressing Challenges and Creating Opportunities,4,6
335928,https://www.hsgac.senate.gov/subcommittees/investigations/hearings/boeings-broken-safety-culture-ceo-dave-calhoun-testifies/,Boeing’s Broken Safety Culture: CEO Dave Calhoun Testifies - Committee on Homeland Security & Governmental Affairs,1,0
335930,https://www.appropriations.senate.gov/hearings/a-review-of-the-presidents-fiscal-year-2025-budget-request-for-the-national-guard-and-reserves,Hearing,5,5
335932,https://www.epw.senate.gov/public/index.cfm/hearings?ID=6AD95B6B-B126-4F94-B506-54D32049087B,Oversight of GSA’s Public Buildings Service - Hearings - U.S. Senate Committee on Environment and Public Works,1,2
335934,https://www.foreign.senate.gov/hearings/fy-2025-budget-request-for-the-middle-east-and-north-africa,Hearing: [2024-06-18] FY 2025 BUDGET REQUEST FOR THE MIDDLE EAST AND...,2,3
335935,https://www.help.senate.gov/hearings/the-immediate-and-long-term-challenges-facing-public-school-teachers-low-pay-teacher-shortages-and-underfunded-public-schools,The Immediate and Long-Term Challenges F...,5,6
335941,https://www.epw.senate.gov/public/index.cfm/hearings?ID=1006C0F1-2D20-47EC-930A-71E247BC04A1,"The Response to the Francis Scott Key Bridge Collapse on March 26, 2024 - Hearings - U.S. Senate Committee on Environment and Public Works",5,6
335960,https://www.help.senate.gov/hearings/why-is-novo-nordisk-charging-americans-with-diabetes-and-obesity-outrageously-high-prices-for-ozempic-and-wegovy,Why Is Novo Nordisk Charging Americans w...,1,2
335981,https://www.energy.senate.gov/hearings/hearings-2024-7-hearing-to-consider-the-nomination-of-shannon-a-estenoz-to-be-deputy-secretary-of-the-interior1/,Hearing to Consider the Nomination of Shannon A. Estenoz to be Deputy Secretary of the Interior – U.S. Senate Committee on Energy and Natural Resources,1,2
335982,https://www.banking.senate.gov/hearings/07/01/2024/the-semiannual-monetary-policy-report-to-the-congress,hearing,1,4
335983,https://www.banking.senate.gov/hearings/07/01/2024/nomination-hearing,hearing,4,6
335984,https://www.armed-services.senate.gov/hearings/to-consider-the-nominations-of-ms-tonya-p-wilkerson-to-be-under-secretary-of-defense-for-intelligence-and-security-and-dr-michael-l-sulmeyer-to-be-assistant-secretary-of-defense-for-cyber-policy,To consider the nominations of: Ms. Tony...,2,5
335985,https://www.help.senate.gov/hearings/everyday-expenses-and-everyday-americans-how-high-costs_impact-children-and-families,Everyday Expenses and Everyday Americans...,4,5
335986,https://www.budget.senate.gov/hearings/examining-cbos-updated-2024-2034-budget-and-economic-outlook,Hearing,1,3
335987,https://www.hsgac.senate.gov/hearings/oversight-of-the-permitting-council-improving-transparency-and-coordination/,Oversight of the Permitting Council: Improving Transparency and Coordination - Committee on Homeland Security & Governmental Affairs,1,0
335988,https://www.finance.senate.gov/hearings/examining-the-state-of-child-care-how-federal-policy-solutions-can-support-families-close-existing-gaps-and-strengthen-economic-growth,"[2024-07-09] Hearing: Examining the State of Child Care: How Federal Policy Solutions Can Support Families, Close Existing Gaps, and Strengthen Economic Growth",4,6
335991,https://www.judiciary.senate.gov/committee-activity/hearings/closing-the-justice-gap_how-to-make-the-civil-justice-system-accessible-to-all-americans,Closing the Justice Gap: How to Make the...,4,4
335994,https://www.aging.senate.gov/hearings/health-care-transparency-lowering-costs-and-empowering-patients,Health Care Transparency: Lowering Costs...,4,7
335996,https://www.agriculture.senate.gov/hearings/the-state-of-rural-infrastructure-emergency-response-recovery-and-resilience,The State of Rural Infrastructure: Emerg...,5,6
335999,https://www.judiciary.senate.gov/committee-activity/hearings/07/10/2024/nominations,Nominations,3,26
336001,https://www.agriculture.senate.gov/hearings/oversight-of-digital-commodities,Oversight of Digital Commodities,1,2
336002,https://www.help.senate.gov/hearings/what-can-congress-do-to-end-the-medical-debt-crisis-in-america,What Can Congress Do to End the Medical ...,6,6
336020,https://www.epw.senate.gov/public/index.cfm/hearings?ID=917D301F-98EB-4258-B06C-95E7581A0ED6,Understanding the Potential Environmental Impacts of the Chemical 6PPD - Hearings - U.S. Senate Committee on Environment and Public Works,3,4
336040,https://www.hsgac.senate.gov/subcommittees/investigations/hearings/instant-payments-instant-losses-zelle-and-the-big-banks-fail-to-protect-consumers-from-fraud/,"Instant Payments, Instant Losses: Zelle and the Big Banks Fail to Protect Consumers from Fraud - Committee on Homeland Security & Governmental Affairs",4,0
336042,https://www.hsgac.senate.gov/hearings/nominations-7/,Nominations - Committee on Homeland Security & Governmental Affairs,2,0
336080,https://www.foreign.senate.gov/hearings/strategic-competition-with-the-prc-assessing-us-competitiveness-beyond-the-indo-pacific,Hearing: [2024-07-30] STRATEGIC COMPETITION WITH THE PRC: ASSESSING...,1,2
336083,https://www.finance.senate.gov/hearings/tax-tools-for-local-economic-development,[2024-07-30] Hearing: Tax Tools for Local Economic Development,4,6
336085,https://www.commerce.senate.gov/meetings/enabling-rural-businesses-to-grow-at-home-while-competing-abroad/,"Enabling Rural Businesses to Grow at Home While Competing Abroad - U.S. Senate Committee on Commerce, Science, & Transportation",3,3
336086,https://www.rules.senate.gov/hearings/senate-procedures-to-confirm-nominees,Hearing: [2024-07-30] Senate Procedures to Confirm Nominees,3,6
336087,https://www.foreign.senate.gov/hearings/the-future-of-europe,Hearing: [2024-07-30] THE FUTURE OF EUROPE,1,2
336088,https://www.banking.senate.gov/hearings/banning-noncompete-agreements-benefits-for-workers-businesses-and-the-economy,hearing,3,3
336091,https://www.judiciary.senate.gov/committee-activity/hearings/birth-behind-bars,Birth Behind Bars,3,3
336092,https://www.judiciary.senate.gov/committee-activity/hearings/07/31/2024/nominations,Nominations,5,44
336093,https://www.armed-services.senate.gov/hearings/to-receive-testimony-on-the-findings-and-recommendations-of-the-commission-on-the-national-defense-strategy,To receive testimony on the findings and...,2,3
336094,https://www.budget.senate.gov/hearings/charging-ahead-the-future-of-electric-vehicles,Hearing,5,7
336096,https://www.hsgac.senate.gov/hearings/examination-of-the-security-failures-leading-to-the-assassination-attempt-on-former-president-trump-2/,Examination of the Security Failures Leading to the Assassination Attempt on Former President Trump - Committee on Homeland Security & Governmental Affairs,2,0
336141,https://www.energy.senate.gov/hearings/hearings-2024-9-subcommittee-on-water-and-power-hearing-to-receive-testimony-on-pending-legislation/,Subcommittee on Water and Power Hearing to Receive Testimony on Pending Legislation – U.S. Senate Committee on Energy and Natural Resources,4,20
336160,https://www.hsgac.senate.gov/subcommittees/investigations/hearings/the-us-companies-technology-fueling-the-russian-war-machine/,The US Companies’ Technology Fueling The Russian War Machine - Committee on Homeland Security & Governmental Affairs,4,0
336162,https://www.energy.senate.gov/hearings/hearings-2024-9-full-committee-hearing-to-examine-the-d/,Full Committee Hearing to Examine the Department of Energy’s Role in Advanced Computing Research – U.S. Senate Committee on Energy and Natural Resources,3,4
336163,https://www.budget.senate.gov/hearings/social-security-forever-delivering-benefits-and-protecting-retirement-security,Hearing,5,7
336164,https://www.commerce.senate.gov/meetings/nomination-hearing-2/,"Nomination Hearing - U.S. Senate Committee on Commerce, Science, & Transportation",4,4
336165,https://www.foreign.senate.gov/hearings/nominations-09-11-2024,Hearing: [2024-09-11] NOMINATIONS,5,5
336166,https://www.help.senate.gov/hearings/examining-the-bankruptcy-of-steward-health-care-how-management-decisions-have-impacted-patient-care,Examining the Bankruptcy of Steward Heal...,5,5
336167,https://www.foreign.senate.gov/hearings/anti-ngo-laws-and-other-tools-of-democratic-repression,Hearing: [2024-09-12] ANTI-NGO LAWS AND OTHER TOOLS OF DEMOCRATIC...,3,4
336168,https://www.banking.senate.gov/hearings/protecting-americans-money-combatting-scams-and-frauds-against-seniors-and-savers,hearing,3,5
336169,https://www.armed-services.senate.gov/hearings/to-consider-the-nominations-of-lieutenant-general-steven-s-nordhaus-usaf-to-be-general-and-chief-of-the-national-guard-bureau-and-vice-admiral-alvin-holsey-usn-to-be-admiral-and-commander-united-states-southern-command,To consider the nominations of: Lieutena...,2,5
336170,https://www.finance.senate.gov/hearings/the-2025-tax-policy-debate-and-tax-avoidance-strategies,[2024-09-12] Hearing: The 2025 Tax Policy Debate and Tax Avoidance Strategies,4,6
336181,https://www.hsgac.senate.gov/hearings/ensuring-a-trustworthy-government-examining-the-national-security-risks-of-replacing-nonpartisan-civil-servants-with-political-appointees/,Ensuring a Trustworthy Government: Examining the National Security Risks of Replacing Nonpartisan Civil Servants with Political Appointees - Committee on Homeland Security & Governmental Affairs,2,0
336182,https://www.epw.senate.gov/public/index.cfm/hearings?ID=DF259179-296C-40DE-A1E2-6F7DBB665240,America’s Regional Commissions: Sharing Best Practices in Regional and Economic Development - Hearings - U.S. Senate Committee on Environment and Public Works,5,6
336183,https://www.judiciary.senate.gov/committee-activity/hearings/a-threat-to-justice-everywhere-stemming-the-tide-of-hate-crimes-in-america,A Threat to Justice Everywhere: Stemming...,3,6
336184,https://www.judiciary.senate.gov/committee-activity/hearings/oversight-of-ai-insiders-perspectives,Oversight of AI: Insiders’ Perspectives,4,4
336185,https://www.armed-services.senate.gov/hearings/to-consider-the-nominations-of-lieutenant-general-randall-reed-usaf-to-be-general-and-commander-united-states-transportation-command-and-lieutenant-general-xavier-t-brunson-usa-to-be-general-and-commander-united-nations-command/combined-forces-command/united-states-forces-korea,To consider the nominations of: Lieutena...,2,5
336187,https://www.veterans.senate.gov/2024/9/providing-for-veterans-addressing-current-and-future-va-budget-challenges,Providing for Veterans: Addressing Current and Future VA Budget Challenges - U.S...,2,3
336189,https://www.finance.senate.gov/hearings/lower-health-care-costs-for-americans-understanding-the-benefits-of-the-inflation-reduction-act,[2024-09-17] Hearing: Lower Health Care Costs for Americans: Understanding the Benefits of the Inflation Reduction Act,5,7
336193,https://www.agriculture.senate.gov/hearings/keeping-kids-learning-in-the-national-school-lunch-program-and-school-breakfast-program,Keeping Kids Learning in the National Sc...,5,6
336195,https://www.banking.senate.gov/hearings/the-macroeconomic-impacts-of-potential-tax-reform-in-2025,hearing,2,2
336196,https://www.commerce.senate.gov/meetings/aviation-cybersecurity-threats/,"Aviation Cybersecurity Threats - U.S. Senate Committee on Commerce, Science, & Transportation",3,3
336200,https://www.aging.senate.gov/hearings/fighting-fraud-how-scammers-are-stealing-from-older-adults,Fighting Fraud: How Scammers are Stealin...,4,7
336201,https://www.hsgac.senate.gov/subcommittees/investigations/hearings/faa-oversight-of-boeings-broken-safety-culture/,FAA Oversight of Boeing’s Broken Safety Culture - Committee on Homeland Security & Governmental Affairs,0,0
336202,https://www.commerce.senate.gov/meetings/coast-guard-drug-interdiction-and-enforcement-in-the-maritime-environment/,"Coast Guard Drug Interdiction and Enforcement in the Maritime Environment - U.S. Senate Committee on Commerce, Science, & Transportation",2,2
336221,https://www.foreign.senate.gov/hearings/nominations-09-19-2024,Hearing: [2024-09-19] NOMINATIONS,10,8
336223,https://www.foreign.senate.gov/hearings/cyberspace-under-threat-in-the-era-of-rising-authoritarianism-and-global-competition,Hearing: [2024-09-24] CYBERSPACE UNDER THREAT IN THE ERA OF RISING...,3,4
336224,https://www.finance.senate.gov/hearings/chaos-and-control-how-trump-criminalized-womens-health-care,[2024-09-24] Hearing: Chaos and Control: How Trump Criminalized Women’s Health Care,5,7
336225,https://www.judiciary.senate.gov/committee-activity/hearings/when-the-president-does-it-that-means-its-not-illegal-the-supreme-courts-unprecedented-immunity-decision,"‘When the President Does It, that Means ...",5,5
336227,https://www.judiciary.senate.gov/committee-activity/hearings/09/25/2024/nominations,Nominations,6,46
336228,https://www.finance.senate.gov/hearings/providing-small-business-relief-from-remote-sales-tax-collection,[2024-09-25] Hearing: Providing Small Business Relief from Remote Sales Tax Collection,3,3
336229,https://www.help.senate.gov/hearings/reading-the-room-preparing-workers-for-ai,Reading the Room: Preparing Workers for ...,4,5
336231,https://www.budget.senate.gov/hearings/the-costs-of-inaction-economic-risks-from-housing-unaffordability,Hearing,5,7
336233,https://www.judiciary.senate.gov/committee-activity/hearings/sexual-assault-in-us-prisons-two-decades-after-the-prison-rape-elimination-act,Sexual Assault in U.S. Prisons Two Decad...,6,29
336236,https://www.commerce.senate.gov/meetings/nomination-hearing/,"Nomination Hearing - U.S. Senate Committee on Commerce, Science, & Transportation",3,3
336281,https://www.hsgac.senate.gov/hearings/nomination-2/,Nomination - Committee on Homeland Security & Governmental Affairs,2,0
336283,https://www.judiciary.senate.gov/committee-activity/hearings/11/06/2024/oversight-of-the-united-states-copyright-office,Oversight of the United States Copyright...,1,2
336286,https://www.finance.senate.gov/hearings/hearing-to-consider-the-nominations-of-deva-a-kyle-of-virginia-to-be-director-of-the-pension-benefit-guaranty-corporation-for-a-term-of-five-years-vice-gordon-hartogensis-term-expired-and-david-samuel-johnson-of-virginia-to-be-inspector-general-for-tax-administration-department-of-the-treasury-vice-j-russell-george-deceased,"[2024-11-14] Hearing: Hearing to Consider the Nomination of David Samuel Johnson, of Virginia, to be Inspector General for Tax Administration, Department of the Treasury, vice J. Russell George, deceased.",1,4
336287,https://www.judiciary.senate.gov/committee-activity/hearings/how-bump-stocks-and-other-conversion-devices-are-amplifying-the-gun-violence-epidemic,How Bump Stocks and Other Conversion Dev...,5,6
336300,https://www.judiciary.senate.gov/committee-activity/hearings/breaking-the-visa-mastercard-duopoly-bringing-competition-and-lower-fees-to-the-credit-card-system,Breaking the Visa-Mastercard Duopoly: Br...,5,10
336302,https://www.commerce.senate.gov/meetings/protecting-consumers-from-artificial-intelligence-enabled-fraud-and-scams/,"Protecting Consumers from Artificial Intelligence Enabled Fraud and Scams - U.S. Senate Committee on Commerce, Science, & Transportation",4,4
336303,https://www.judiciary.senate.gov/committee-activity/hearings/11/20/2024/nominations,Nominations,2,24
336304,https://www.appropriations.senate.gov/hearings/a-review-of-disaster-funding-needs,Hearing,7,7
336307,https://www.judiciary.senate.gov/committee-activity/hearings/big-hacks-and-big-tech-chinas-cybersecurity-threat,Big Hacks & Big Tech: China’s Cybersecur...,4,4
336310,https://www.banking.senate.gov/hearings/tax-policy-in-2025-implications-for-the-american-economy,hearing,3,3
336360,https://www.hsgac.senate.gov/subcommittees/investigations/hearings/the-skys-the-limit-new-revelations-about-airline-fees/,The Sky’s the Limit – New Revelations About Airline Fees - Committee on Homeland Security & Governmental Affairs,5,0
336361,https://www.hsgac.senate.gov/hearings/oversight-of-the-united-states-postal-service-understanding-proposed-service-changes/,Oversight of the United States Postal Service: Understanding Proposed Service Changes - Committee on Homeland Security & Governmental Affairs,1,0
336362,https://www.help.senate.gov/hearings/what-is-the-fda-doing-to-reduce-the-diabetes-and-obesity-epidemics-in-america-and-take-on-the-greed-of-the-food-and-beverage-industry,What Is the FDA Doing to Reduce the Diab...,2,3
336364,https://www.epw.senate.gov/public/index.cfm/hearings?ID=D93694BC-7534-4AEF-A435-A7CDBB6013DC,Examining the Public Health Impacts of PFAS Exposures - Hearings - U.S. Senate Committee on Environment and Public Works,3,1
336365,https://www.foreign.senate.gov/hearings/implementation-of-the-global-magnitsky-laws,Hearing: [2024-12-05] IMPLEMENTATION OF THE GLOBAL MAGNITSKY LAWS |...,2,3
336383,https://www.judiciary.senate.gov/committee-activity/hearings/how-mass-deportations-will-separate-american-families-harm-our-armed-forces-and-devastate-our-economy,How Mass Deportations Will Separate Amer...,5,5
336384,https://www.commerce.senate.gov/meetings/communications-networks-safety-and-security/,"Communications Networks Safety and Security - U.S. Senate Committee on Commerce, Science, & Transportation",4,4
336389,https://www.aging.senate.gov/hearings/empowering-people-with-disabilities-to-live-work-learn-and-thrive,Empowering People with Disabilities to L...,5,12
336400,https://www.rules.senate.gov/hearings/oversight-of-the-us-capitol-police,Hearing: [2024-12-11] Oversight of the U.S. Capitol Police,1,3
336420,https://www.judiciary.senate.gov/committee-activity/hearings/americas-high-stakes-bet-on-legalized-sports-gambling,America’s High-Stakes Bet on Legalized S...,5,6
336440,https://www.judiciary.senate.gov/committee-activity/hearings/continuing-a-bipartisan-path-forward-for-antitrust-enforcement-and-reform,TIME CHANGE: Continuing a Bipartisan Pat...,3,4
336460,https://www.banking.senate.gov/hearings/consumer-protection-protecting-workers-money-and-fighting-for-the-dignity-of-work,hearing,1,2
336462,https://www.finance.senate.gov/hearings/hearing-to-consider-the-nominations-of-james-bernard-coughlan-of-illinois-to-be-a-member-of-the-united-states-international-trade-commission-for-a-term-expiring-december-16-2030-vice-rhonda-k-schmidtlein-term-expired-halie-l-craig-of-pennsylvania-to-be-a-member-of-the-united-states-international-trade-commission-for-the-remainder-of-the-term-expiring-june-16-2026-vice-randolph-j-stayin-resigned-and-william-patrick-j-kimmitt-of-virginia-to-be-a-member-of-the-united-states-international-trade-commission-for-a-term-expiring-june-16-2029-vice-f-scott-kieff-term-expired,"[2024-12-18] Hearing: Hearing to Consider the Nominations of James Bernard Coughlan, of Illinois, to be a Member of the United States International Trade Commission for a term expiring December 16, 2030, vice Rhonda K. Schmidtlein, term expired, and Halie L. Craig, of Pennsylvania, to be a Member of the United States International Trade Commission for the remainder of the term expiring June 16, 2026, vice Randolph J. Stayin, resigned.",2,6
336464,https://www.budget.senate.gov/hearings/next-to-fall-the-climate-driven-insurance-crisis-is-here_and-getting-worse,Hearing,3,5
336816,https://www.jec.senate.gov/public/index.cfm/hearings-calendar?id=42E9F8D3-D6E0-4A3E-B6A8-0326D174C7CB,"Reducing Waste, Fraud and Abuse Through Innovation: How AI & Data Can Improve Government Efficiency - Reducing Waste, Fraud and Abuse Through Innovation: How AI & Data Can Improve Government Efficiency - U.S. Congress Joint Economic Committee",0,4
337039,https://www.jec.senate.gov/public/index.cfm/hearings-calendar?id=A2781614-B1E1-49D8-9AC4-EA27C42696F9,Barriers to Supply Chain Modernization and Factor Productivity Enhancements - Barriers to Supply Chain Modernization and Factor Productivity Enhancements - U.S. Congress Joint Economic Committee,0,4
337663,https://www.jec.senate.gov/public/index.cfm/hearings-calendar?id=0CFFD3F3-5862-435E-96F5-CEA7C7B852F2,"Frontier Technologies, Industrial Efficiency, and Pro-Innovation Policies - Frontier Technologies, Industrial Efficiency, and Pro-Innovation Policies - U.S. Congress Joint Economic Committee",0,4
337774,https://www.jec.senate.gov/public/index.cfm/hearings-calendar?id=953B95E0-D517-42B2-A4E2-39BC02B14629,Stop Paying More for Less: Realigning Healthcare Incentives to Improve Outcomes and Reduce Costs - Stop Paying More for Less: Realigning Healthcare Incentives to Improve Outcomes and Reduce Costs - U.S. Congress Joint Economic Committee,0,4
338062,https://www.jec.senate.gov/public/index.cfm/hearings-calendar?id=645D01D6-0BEE-413B-980B-31E640324389,"Keeping Our Promises: Labor Inflows, Maintaining Competitiveness, and Supporting an Aging Population - Keeping Our Promises: Labor Inflows, Maintaining Competitiveness, and Supporting an Aging Population - U.S. Congress Joint Economic Committee",0,0
338091,https://www.jec.senate.gov/public/index.cfm/hearings-calendar?id=52530B45-42A2-4DCC-8F34-7C5C69BD9AA2,The Rising Global Scam Economy: Modernizing Federal Approaches to Protect Americans from Foreign Fraudsters - The Rising Global Scam Economy: Modernizing Federal Approaches to Protect Americans from Foreign Fraudsters - U.S. Congress Joint Economic Committee,0,9
338610,https://www.jec.senate.gov/public/index.cfm/hearings-calendar?ID=A6B9649E-E1DD-4B84-A892-CCF26BDD044B,Protecting Patients and Taxpayers: Combating Healthcare Fraud and Leakage to Strengthen Program Integrity - Protecting Patients and Taxpayers: Combating Healthcare Fraud and Leakage to Strengthen Program Integrity - U.S. Congress Joint Economic Committee,0,0
336480,https://www.armed-services.senate.gov/hearings/to-conduct-a-confirmation-hearing-on-the-expected-nomination-of-mr-peter-b-hegseth-to-be-secretary-of-defense,To conduct a confirmation hearing on the...,1,3
336500,https://www.veterans.senate.gov/2025/1/nomination-of-the-honorable-douglas-a-collins-to-be-secretary-of-veterans-affairs,Nomination of the Honorable Douglas A. Collins to be Secretary of Veterans Affa...,1,2
336501,https://www.foreign.senate.gov/hearings/nominations-01-15-2025,Hearing: [2025-01-15] NOMINATIONS,1,2
336505,https://www.hsgac.senate.gov/hearings/nomination-of-russell-vought/,Nomination of Russell Vought - Committee on Homeland Security & Governmental Affairs,0,0
336506,https://www.hsgac.senate.gov/hearings/nomination-of-kristi-noem/,Nomination of Kristi Noem - Committee on Homeland Security & Governmental Affairs,0,0
336507,https://www.aging.senate.gov/hearings/improving-wellness-among-seniors-setting-a-standard-for-the-american-dream,Improving Wellness Among Seniors: Settin...,4,7
336508,https://www.commerce.senate.gov/meetings/nomination-hearing-u-s-secretary-of-transportation/,"Nomination Hearing - U.S. Secretary of Transportation - U.S. Senate Committee on Commerce, Science, & Transportation",1,1
336509,https://www.energy.senate.gov/hearings/hearings-2025-1-hearing-to-consider-the-nomination-of-mr-chris-wright-to-be-secretary-of-energy/,Hearing to Consider the Nomination of Mr. Chris Wright to be Secretary of Energy – U.S. Senate Committee on Energy and Natural Resources,0,2
336511,https://www.judiciary.senate.gov/committee-activity/hearings/the-nomination-of-the-honorable-pamela-jo-bondi-to-be-attorney-general-of-the-united-states,The Nomination of the Honorable Pamela J...,3,17
336512,https://www.judiciary.senate.gov/committee-activity/hearings/the-nomination-of-the-honorable-pamela-jo-bondi-to-be-attorney-general-of-the-united-states-day-2,The Nomination of the Honorable Pamela J...,5,22
336513,https://www.banking.senate.gov/hearings/01/09/2025/nomination-hearing,hearing,1,3
336520,https://www.epw.senate.gov/public/index.cfm/hearings?ID=2A6B7804-B26D-4F76-AF8F-0819571891DF,Hearing on the Nomination of the Honorable Lee M. Zeldin to be Administrator of the Environmental Protection Agency. - Hearings - U.S. Senate Committee on Environment and Public Works,2,5
336521,https://www.finance.senate.gov/hearings/hearing-to-consider-the-anticipated-nomination-of-scott-bessent-of-south-carolina-to-be-secretary-of-the-treasury,"[2025-01-16] Hearing: Hearing to Consider the Anticipated Nomination of Scott Bessent, of South Carolina, to be Secretary of the Treasury",1,5
336541,https://www.energy.senate.gov/hearings/hearings-2025-1-hearing-to-consider-the-nomination-of-the-honorable-doug-burgum-to-be-secretary-of-the-interior/,Hearing to Consider the Nomination of the Honorable Doug Burgum to be Secretary of the Interior – U.S. Senate Committee on Energy and Natural Resources,0,2
336545,https://www.foreign.senate.gov/hearings/nominations-01-21-2025,Hearing: [2025-01-21] NOMINATIONS,1,2
336546,https://www.budget.senate.gov/hearings/the-nomination-of-the-honorable-russell-t-vought-of-virginia-to-be-director-of-the-office-of-management-and-budget,Hearing,1,2
336548,https://www.agriculture.senate.gov/hearings/nomination-hearing-01-23-2025,Nomination Hearing,1,2
336557,https://www.veterans.senate.gov/2025/1/protecting-veteran-choice-examining-va-s-community-care-program,Protecting Veteran Choice: Examining VA’s Community Care Program - U.S. Senate...,5,6
336558,https://www.armed-services.senate.gov/hearings/to-receive-testimony-on-defense-innovation-and-acquisition-reform,To receive testimony on defense innovati...,3,4
336559,https://www.commerce.senate.gov/meetings/examining-the-panama-canal-and-its-impact-on-u-s-trade-and-national-security/,"Examining the Panama Canal and Its Impact on U.S. Trade and National Security - U.S. Senate Committee on Commerce, Science, & Transportation",4,4
336560,https://www.aging.senate.gov/hearings/making-washington-work-for-seniors-fighting-to-end-inflation-and-achieve-fiscal-sanity,Making Washington Work for Seniors: Figh...,4,7
336563,https://www.finance.senate.gov/hearings/hearingto-consider-the-nomination-of-robert-f-kennedy-jr-of-california-to-be-secretary-of-health-and-human-services,"[2025-01-29] Hearing: Hearing to consider the nomination of Robert F. Kennedy, Jr., of California, to be Secretary of Health and Human Services",1,8
336564,https://www.commerce.senate.gov/meetings/nomination-hearing-u-s-secretary-of-commerce/,"Nomination Hearing - U.S. Secretary of Commerce - U.S. Senate Committee on Commerce, Science, & Transportation",1,1
336565,https://www.sbc.senate.gov/public/index.cfm/hearings?ID=AFF328C2-58C0-491F-8FCB-454A82743538,Nomination of The Honorable Kelly Loeffler to be Administrator of the Small Business Administration - Hearings - U.S. Committee on Small Business & Entrepreneurship,0,1
336566,https://www.help.senate.gov/hearings/nomination-of-robert-f-kennedy-jr-to-serve-as-secretary-of-health-and-human-services,"Nomination of Robert F. Kennedy, Jr. to ...",1,1
336568,https://www.judiciary.senate.gov/committee-activity/hearings/01/30/2025/nominations,Nominations,1,21
336569,https://www.foreign.senate.gov/hearings/the-malign-influence-of-the-peoples-republic-of-china-at-home-and-abroad-recommendations-for-policy-makers,Hearing: [2025-01-30] THE MALIGN INFLUENCE OF THE PEOPLE’S REPUBLIC OF...,4,5
336571,https://www.armed-services.senate.gov/hearings/postponed-to-consider-the-nomination-of-mr-daniel-p-driscoll-to-be-secretary-of-the-army,To consider the nomination of Mr. Daniel...,1,3
336583,https://www.judiciary.senate.gov/committee-activity/hearings/the-poisoning-of-america-fentanyl-its-analogues-and-the-need-for-permanent-class-scheduling,TIME CHANGE: The Poisoning of America: F...,5,126
336589,https://www.finance.senate.gov/hearings/hearing-to-consider-the-nomination-of-jamieson-greer-of-maryland-to-be-united-states-trade-representative-with-the-rank-of-ambassador-extraordinary-and-plenipotentiary,"[2025-02-06] Hearing: Hearing to Consider the Nomination of Jamieson Greer, of Maryland, to be United States Trade Representative, with the rank of Ambassador Extraordinary and Plenipotentiary",1,5
336595,https://www.epw.senate.gov/public/index.cfm/hearings?ID=DBE38DFC-0DAA-4E89-9B20-738BAB382E21,"Advancing Carbon Capture, Utilization and Sequestration Technologies and Ensuring Effective Implementation of the USE IT Act. - Hearings - U.S. Senate Committee on Environment and Public Works",3,6
336603,https://www.help.senate.gov/hearings/nomination-of-lori-m-chavez-deremer-to-serve-as-secretary-of-labor,Nomination of Lori M. Chavez-DeRemer to ...,1,2
336604,https://www.judiciary.senate.gov/committee-activity/hearings/nominations-02-12-2025,Nominations,2,2
336605,https://www.indian.senate.gov/hearings/oversight-hearing-to-examine-native-communities-priorities-for-the-119th-congress/,"Oversight Hearing to ""Examine Native Communities’ Priorities for the 119th Congress"" - Indian Affairs Committee",0,1
336607,https://www.aging.senate.gov/hearings/optimizing-longevity-from-research-to-action,Optimizing Longevity: From Research to A...,4,7
336608,https://www.commerce.senate.gov/meetings/nuuk-and-cranny-looking-at-the-arctic-and-greenlands-geostrategic-importance-to-u-s-interests/,"Nuuk and Cranny: Looking at the Arctic and Greenland’s Geostrategic Importance to U.S. Interests - U.S. Senate Committee on Commerce, Science, & Transportation",4,4
336610,https://www.help.senate.gov/hearings/nomination-of-linda-mcmahon-to-serve-as-secretary-of-education,Nomination of Linda McMahon to serve as ...,1,1
336614,https://www.foreign.senate.gov/hearings/after-assad-navigating-syria-policy,Hearing: [2025-02-13] AFTER ASSAD: NAVIGATING SYRIA POLICY,2,3
336619,https://www.epw.senate.gov/public/index.cfm/hearings?ID=124ED6A8-CC4F-4798-B317-348208881E87,Improving the Federal Environmental Review and Permitting Processes. - Hearings - U.S. Senate Committee on Environment and Public Works,5,8
336621,https://www.veterans.senate.gov/2025/2/hearing-to-consider-pending-nominations,Nomination of The Honorable Paul Lawrence to be Deputy Secretary of Veterans Aff...,1,2
336623,https://www.hsgac.senate.gov/hearings/nominations-8/,Nominations - Committee on Homeland Security & Governmental Affairs,0,0
336625,https://www.commerce.senate.gov/meetings/america-offline-how-spectrum-auction-delays-give-china-the-edge-and-cost-us-jobs/,"America Offline? How Spectrum Auction Delays Give China the Edge and Cost Us Jobs - U.S. Senate Committee on Commerce, Science, & Transportation",4,4
336628,https://www.judiciary.senate.gov/committee-activity/hearings/childrens-safety-in-the-digital-era-strengthening-protections-and-addressing-legal-gaps-02-19-2025,Children’s Safety in the Digital Era: St...,5,10
336629,https://www.veterans.senate.gov/2025/2/legislative-presentation-of-disabled-american-veterans-multi-vsos-amvets-vietnam-veterans-of-america-military-order-of-the-purple-heart-blinded-veterans-association-veterans-education-success-gold-star-wives-of-america-inc-and-reserve-organization-of-america,"Legislative Presentation of Disabled American Veterans & Multi VSOs: AMVETS, V...",8,9
336630,https://www.veterans.senate.gov/2025/2/legislative-presentation-of-the-american-legion-multi-vsos-minority-veterans-of-america-jewish-war-veterans-of-the-u-s-a,Legislative Presentation of The American Legion & Multi VSOs - U.S. Senate Commi...,8,9
336635,https://www.energy.senate.gov/hearings/hearings-2025-2-hearing-to-to-examine-research-security-risks-posed-by-foreign-nationals-from-countries-of-risk-working-at-the-department-of-energy-s-national-laboratories-and-necessary-mitigation-ste/,Hearing to to Examine Research Security Risks Posed by Foreign Nationals from Countries of Risk Working at the Department of Energy’s National Laboratories and Necessary Mitigation Steps – U.S. Senate Committee on Energy and Natural Resources,3,4
336636,https://www.commerce.senate.gov/meetings/nomination-hearing-deputy-secretary-of-transportation/,"Nomination Hearing - Deputy Secretary of Transportation - U.S. Senate Committee on Commerce, Science, & Transportation",1,1
336640,https://www.veterans.senate.gov/2025/3/legislative-presentation-of-the-veterans-of-foreign-wars-of-the-u-s-multi-vsos-paralyzed-veterans-of-america-iraq-and-afghanistan-veterans-of-america-student-veterans-of-america-tragedy-assistance-program-for-survivors-the-elizabeth-dole-foundation-and-national-coalition-for-homeless-veterans,Legislative Presentation of The Veterans of Foreign Wars of the U.S. & Multi VSO...,7,8
336642,https://www.commerce.senate.gov/meetings/nominations-hearing-for-michael-kratsios-to-lead-the-office-of-science-and-technology-policy-and-mark-meador-to-serve-as-a-federal-trade-commissioner/,"Nominations Hearing for Michael Kratsios to Lead the Office of Science and Technology Policy and Mark Meador to Serve as a Federal Trade Commissioner - U.S. Senate Committee on Commerce, Science, & Transportation",2,2
336643,https://www.epw.senate.gov/public/index.cfm/hearings?ID=1C51700D-3D47-4CC5-9C6E-DD1E38E41354,Infrastructure Investment and Jobs Act Implementation and Case Studies - Hearings - U.S. Senate Committee on Environment and Public Works,3,6
336644,https://www.armed-services.senate.gov/hearings/to-consider-the-nomination-of-mr-stephen-a-feinberg-to-be-deputy-secretary-of-defense,To consider the nomination of Mr. Stephe...,1,2
336645,https://www.aging.senate.gov/hearings/combatting-the-opioid-epidemic,Combating the Opioid Epidemic,5,8
336646,https://www.judiciary.senate.gov/committee-activity/hearings/02/26/2025/nominations,Nominations,3,22
336647,https://www.agriculture.senate.gov/hearings/perspectives-from-the-field-farmer-and-rancher-views-on-the-agricultural-economy-part-2,Perspectives From the Field: Farmer and ...,11,12
336649,https://www.sbc.senate.gov/public/index.cfm/hearings?ID=C5BB9570-D322-43AA-A15A-18E00520A757,Hearing from Lenders: Managing Risk for the Long-Term in the 7(a) Loan Program - Hearings - U.S. Committee on Small Business & Entrepreneurship,4,4
336651,https://www.commerce.senate.gov/meetings/interdicting-illicit-drug-trafficking-a-view-from-the-front-lines/,"Interdicting Illicit Drug Trafficking: A View from the Front Lines - U.S. Senate Committee on Commerce, Science, & Transportation",5,4
336652,https://www.banking.senate.gov/hearings/exploring-bipartisan-legislative-frameworks-for-digital-assets,hearing,4,4
336654,https://www.help.senate.gov/hearings/nomination-of-keith-sonderling-to-serve-as-deputy-secretary-of-labor,Nomination of Keith Sonderling to serve ...,1,1
336657,https://www.armed-services.senate.gov/hearings/to-consider-the-nomination-of-mr-john-c-phelan-to-be-secretary-of-the-navy,To consider the nomination of Mr. John C...,1,2
336660,https://www.banking.senate.gov/hearings/02/20/2025/nomination-hearing,hearing,4,6
336662,https://www.commerce.senate.gov/meetings/grand-theft-cargo-examining-the-costly-threat-to-consumers-and-the-u-s-supply-chain/,"“Grand Theft Cargo: Examining the Costly Threat to Consumers and the U.S. Supply Chain” - U.S. Senate Committee on Commerce, Science, & Transportation",4,4
336680,https://www.epw.senate.gov/public/index.cfm/hearings?ID=E927D00A-35A6-4583-B4A2-9753C2DD3D5D,Hearing on the Nominations of David Fotouhi to be Deputy Administrator of the Environmental Protection Agency and Aaron Szabo to be Assistant Administrator for the Office of Air and Radiation of the Environmental Protection Agency. - Hearings - U.S. Senate Committee on Environment and Public Works,2,5
336681,https://www.armed-services.senate.gov/hearings/to-consider-the-nomination-of-mr-elbridge-a-colby-to-be-under-secretary-of-defense-for-policy,To consider the nomination of Mr. Elbrid...,1,1
336682,https://www.help.senate.gov/hearings/nomination-of-jayanta-bhattacharya-to-serve-as-director-of-the-national-institutes-of-health,Nomination of Jayanta Bhattacharya to se...,1,1
336683,https://www.judiciary.senate.gov/committee-activity/hearings/never-to-be-silent-stemming-the-tide-of-antisemitism-in-america,Never To Be Silent: Stemming the Tide of...,5,7
336684,https://www.foreign.senate.gov/hearings/nominations-03-04-2025,Hearing: [2025-03-04] NOMINATIONS,3,4
336685,https://www.budget.senate.gov/hearings/the-nomination-of-the-honorable-dan-bishop-of-north-carolina-to-be-deputy-director-of-the-office-of-management-and-budget,Hearing,1,2
336687,https://www.sbc.senate.gov/public/index.cfm/hearings?ID=AFB73BE0-B972-4DE4-A394-75A05BBB60A5,Golden Age of American Innovation: Reforming SBIR-STTR for the 21st Century - Hearings - U.S. Committee on Small Business & Entrepreneurship,4,4
336688,https://www.foreign.senate.gov/hearings/advancing-american-interests-in-the-western-hemisphere,Hearing: [2025-03-05] ADVANCING AMERICAN INTERESTS IN THE WESTERN...,2,3
336689,https://www.help.senate.gov/hearings/nomination-of-martin-makary-to-serve-as-commissioner-of-food-and-drugs,Nomination of Martin Makary to serve as ...,1,1
336694,https://www.armed-services.senate.gov/hearings/to-receive-testimony-on-defense-mobilization-in-the-21st-century,To receive testimony on defense mobiliza...,3,4
336695,https://www.finance.senate.gov/hearings/hearing-to-consider-the-nomination-of-the-honorable-michael-faulkender-of-maryland-to-be-deputy-secretary-of-the-treasury-vice-adewale-o-adeyemo-resigned,"[2025-03-06] Hearing: Hearing to Consider the Nomination of The Honorable Michael Faulkender, of Maryland, to be Deputy Secretary of the Treasury, vice Adewale O. Adeyemo, resigned.",1,4
336702,https://www.agriculture.senate.gov/hearings/perspectives-from-the-field-risk-management-credit-and-rural-business-views-on-the-agricultural-economy-part-3,Perspectives From the Field: Risk Manage...,5,6
336703,https://www.sbc.senate.gov/public/index.cfm/hearings?ID=85B71EC7-6C1B-4383-BF5A-A047F7685BAB,Nominations of William Briggs to be Deputy Administrator of the Small Business Administration and Dr. Casey Mulligan to be Chief Counsel for Advocacy at the Small Business Administration - Hearings - U.S. Committee on Small Business & Entrepreneurship,0,2
336704,https://www.armed-services.senate.gov/hearings/to-receive-testimony-on-stabilizing-the-military-health-system-to-prepare-for-large-scale-combat-operations,To receive testimony on stabilizing the ...,3,3
336707,https://www.judiciary.senate.gov/committee-activity/hearings/ending-the-scourge-the-need-for-the-stop-csam-act,Ending the Scourge: The Need for the STO...,5,7
336710,https://www.aging.senate.gov/hearings/breaking-the-cycle-of-senior-loneliness-strengthening-family-and-community-support,Breaking the Cycle of Senior Loneliness:...,4,7
336711,https://www.energy.senate.gov/hearings/hearings-2025-3-full-committee-hearing-to-receive-testimony-on-pending-bill/,Full Committee Hearing to Receive Testimony on Pending Bills – U.S. Senate Committee on Energy and Natural Resources,3,8
336717,https://www.banking.senate.gov/hearings/housing-roadblocks-paving-a-new-way-to-address-affordability,hearing,4,6
336718,https://www.armed-services.senate.gov/hearings/to-receive-testimony-on-the-current-readiness-of-the-joint-force-031225,To receive testimony on the current read...,6,8
336721,https://www.foreign.senate.gov/hearings/nominations-03-13-2025,Hearing: [2025-03-13] NOMINATIONS,3,4
336728,https://www.commerce.senate.gov/meetings/ntsb-preliminary-report-the-dca-midair-collision/,"""NTSB Preliminary Report: The DCA Midair Collision"" - U.S. Senate Committee on Commerce, Science, & Transportation",3,3
336740,https://www.armed-services.senate.gov/hearings/to-receive-testimony-on-the-state-of-conventional-surface-shipbuilding,To receive testimony on the state of con...,3,4
336741,https://www.armed-services.senate.gov/hearings/to-conduct-oversight-and-receive-testimony-on-the-status-of-the-military-service-academies,To conduct oversight and receive testimo...,3,4
336742,https://www.finance.senate.gov/hearings/hearing-to-consider-the-nomination-of-frank-bisignano-of-new-jersey-to-be-commissioner-of-social-security-administration-for-the-term-expiring-january-19-2031-vice-martin-omalley-resigned,"[2025-03-25] Hearing: Hearing to Consider the Nomination of Frank Bisignano, of New Jersey, to be Commissioner of Social Security Administration for the term expiring January 19, 2031, vice Martin O'Malley, resigned",1,4
336744,https://www.foreign.senate.gov/hearings/shared-threats-indo-pacific-alliances-and-burden-sharing-in-todays-geopolitical-environment,Hearing: [2025-03-26] SHARED THREATS: INDO-PACIFIC ALLIANCES AND...,3,4
336745,https://www.judiciary.senate.gov/committee-activity/hearings/the-censorship-industrial-complex,The Censorship Industrial Complex,5,5
336749,https://www.judiciary.senate.gov/committee-activity/hearings/03/26/2025/nominations,Nominations,3,19
336751,https://www.epw.senate.gov/public/index.cfm/hearings?ID=8FA8D629-C88F-4210-A1BB-803B47E3FF9A,"Hearing on the Nominations of Brian Nesvik to be Director of the United States Fish and Wildlife Service, Jessica Kramer to be an Assistant Administrator of the Environmental Protection Agency, and Sean Donahue to be an Assistant Administrator of the Environmental Protection Agency - Hearings - U.S. Senate Committee on Environment and Public Works",3,5
336753,https://www.help.senate.gov/hearings/antisemitic-disruptions-on-campus-ensuring-safe-learning-environments-for-all-students,Antisemitic Disruptions on Campus: Ensur...,5,5
336760,https://www.commerce.senate.gov/meetings/nomination-hearing-assistant-secretary-of-commerce-for-communications-and-information/,"Nomination Hearing - Assistant Secretary of Commerce for Communications and Information - U.S. Senate Committee on Commerce, Science, & Transportation",1,1
336761,https://www.banking.senate.gov/hearings/03/20/2025/nomination-hearing,hearing,4,6
336762,https://www.armed-services.senate.gov/hearings/to-consider-the-nominations-of-dr-troy-e-meink-to-be-secretary-of-the-air-force-mr-michael-p-duffey-to-be-under-secretary-of-defense-for-acquisition-and-sustainment_mr-emil-g-michael-to-be-under-secretary-of-defense-for-research-and-engineering-and-mr-keith-m-bass-to-be-assistant-secretary-of-defense-for-health-affairs,To consider the nominations of: Dr. Troy...,4,5
336764,https://www.foreign.senate.gov/hearings/nominations-03-25-2025,Hearing: [2025-03-25] NOMINATIONS,3,4
336765,https://www.foreign.senate.gov/hearings/prc-influence-and-the-status-of-taiwans-diplomatic-allies-in-the-western-hemisphere,Hearing: [2025-03-26] PRC INFLUENCE AND THE STATUS OF TAIWAN’S...,2,3
336767,https://www.veterans.senate.gov/2025/4/hearing-to-consider-pending-nominations,Hearing to Consider Pending Nominations - U.S. Senate Committee on Veterans' Aff...,3,4
336768,https://www.commerce.senate.gov/meetings/safety-first-restoring-boeings-status-as-a-great-american-manufacturer/,"Safety First: Restoring Boeing’s Status as a Great American Manufacturer - U.S. Senate Committee on Commerce, Science, & Transportation",1,1
336770,https://www.epw.senate.gov/public/index.cfm/hearings?ID=7D2E54D7-F72C-4B56-BF3C-B69C8A09BFE6,Constructing the Surface Transportation Reauthorization Bill: United States Secretary of Transportation’s Perspective. - Hearings - U.S. Senate Committee on Environment and Public Works,1,4
336771,https://www.judiciary.senate.gov/committee-activity/hearings/big-fixes-for-big-tech,Big Fixes for Big Tech,5,10
336772,https://www.armed-services.senate.gov/hearings/to-consider-the-nomination-of-lieutenant-general-john-d-caine-usaf-retired-to-be-general-and-chairman-of-the-joint-chiefs-of-staff,To consider the nomination of: Lieutenan...,1,1
336773,https://www.foreign.senate.gov/hearings/nominations-04-01-2025,Hearing: [2025-04-01] NOMINATIONS,3,4
336774,https://www.energy.senate.gov/hearings/hearings-2025-4-hearing-to-consider-the-nominations-of-ms-katharine-macgregor-to-be-deputy-secretary-of-the-interior-and-mr-james-danly-to-be-deputy-secretary-of-energy/,Hearing to Consider the Nominations of Ms. Katharine MacGregor to be Deputy Secretary of the Interior and Mr. James Danly to be Deputy Secretary of Energy – U.S. Senate Committee on Energy and Natural Resources,0,5
336776,https://www.armed-services.senate.gov/hearings/to-receive-testimony-on-department-of-defense-personnel-policies-and-programs-in-review-of-the-defense-authorization-request-for-fiscal-year-2026-and-the-future-years-defense-program,To receive testimony on Department of De...,5,6
336777,https://www.indian.senate.gov/hearings/oversight-hearing-entitled-native-american-education-examining-federal-programs-at-the-u-s-department-of-education/,Oversight Hearing entitled “Native American Education – Examining Federal Programs at the U.S. Department of Education” - Indian Affairs Committee,0,1
336778,https://www.judiciary.senate.gov/committee-activity/hearings/rule-by-district-judges-ii-exploring-legislative-solutions-to-the-bipartisan-problem-of-universal-injunctions,Rule by District Judges II: Exploring Le...,3,6
336780,https://www.hsgac.senate.gov/hearings/nominations-9/,Nominations - Committee on Homeland Security & Governmental Affairs,2,0
336802,https://www.armed-services.senate.gov/hearings/to-receive-testimony-on-the-state-of-nuclear-shipbuilding,To receive testimony on the state of nuc...,4,1
336803,https://www.finance.senate.gov/hearings/the-presidents-2025-trade-policy-agenda,[2025-04-08] Hearing: The President’s 2025 Trade Policy Agenda,1,4
336804,https://www.sbc.senate.gov/public/index.cfm/hearings?ID=FD9C7E40-D82C-403A-8584-9DE9FBB01509,Joint House & Senate Small Business Committee Hearing: Prosperity on Main Street: Keeping Taxes Low for Small Businesses - Hearings - U.S. Committee on Small Business & Entrepreneurship,4,4
336806,https://www.armed-services.senate.gov/hearings/to-consider-the-nominations-of-mr-bradley-d-hansell-to-be-under-secretary-of-defense-for-intelligence-and-security-mr-earl-g-matthews-to-be-general-counsel-of-the-department-of-defense-mr-dale-r-marks-to-be-assistant-secretary-of-defense-for-energy-installations-and-environment-and-honorable-brandon-m-williams-to-be-under-secretary-of-energy-for-nuclear-security,To consider the nominations of: Mr. Brad...,4,8
336808,https://www.judiciary.senate.gov/committee-activity/hearings/the-freedom-of-information-act-perspectives-from-public-requesters,The Freedom of Information Act: Perspect...,3,6
336810,https://www.foreign.senate.gov/hearings/nominations-04-08-2025,Hearing: [2025-04-08] NOMINATIONS,3,4
336811,https://www.agriculture.senate.gov/hearings/nomination-hearing-04-08-2025,Nomination Hearing,2,3
336818,https://www.aging.senate.gov/hearings/financial-aggression-how-the-chinese-communist-party-exploits-american-retirees-and-undermines-national-security,Financial Aggression: How the Chinese Co...,3,6
336819,https://www.commerce.senate.gov/meetings/if-i-could-turn-back-time-should-we-lock-the-clock/,"If I Could Turn Back Time: Should We Lock the Clock? - U.S. Senate Committee on Commerce, Science, & Transportation",4,4
336822,https://www.judiciary.senate.gov/committee-activity/hearings/a-time-for-truth-oversight-of-metas-foreign-relations-and-representations-to-the-united-states-congress,A Time for Truth: Oversight of Meta’s Fo...,1,2
336825,https://www.commerce.senate.gov/meetings/nominations-hearing-for-jared-isaacman-to-be-administrator-of-the-national-aeronautics-and-space-administration-and-olivia-trusty-to-be-a-member-of-the-federal-communications-commission/,"Nominations Hearing for Jared Isaacman to be Administrator of the National Aeronautics and Space Administration and Olivia Trusty to be a Member of the Federal Communications Commission - U.S. Senate Committee on Commerce, Science, & Transportation",2,2
336830,https://www.finance.senate.gov/hearings/hearing-to-consider-the-nominations-of-william-kimmitt-of-virginia-to-be-under-secretary-of-commerce-for-international-trade-vice-maria-louise-lago-resigned-and-kenneth-kies-of-virginia-to-be-an-assistant-secretary-of-the-treasury-vice-lily-lawrence-batchelder,"[2025-04-10] Hearing: Hearing to Consider the Nominations of William Kimmitt, of Virginia, to be Under Secretary of Commerce for International Trade, vice Maria Louise Lago, resigned, and Kenneth Kies, of Virginia, to be an Assistant Secretary of the Treasury, vice Lily Lawrence Batchelder.",2,6
336831,https://www.banking.senate.gov/hearings/04/03/2025/nomination-hearing,hearing,6,8
336840,https://www.appropriations.senate.gov/hearings/biomedical-research-keeping-americas-edge-in-innovation,Hearing,5,5
336880,https://www.epw.senate.gov/public/index.cfm/hearings?ID=D898B56B-AD12-49CD-8435-BFF4E6EB1343,Building on the IIJA’s Successes: Identifying Opportunities to Strengthen Water Infrastructure Programs - Hearings - U.S. Senate Committee on Environment and Public Works,3,6
336881,https://www.veterans.senate.gov/2025/4/bridging-the-gap-enhancing-outreach-to-support-veterans-mental-health,Bridging the Gap: Enhancing Outreach to Support Veterans’ Mental Health - U.S....,7,8
336883,https://www.commerce.senate.gov/meetings/nomination-hearing-deputy-secretary-of-commerce/,"Nomination Hearing - Deputy Secretary of Commerce - U.S. Senate Committee on Commerce, Science, & Transportation",1,1
336884,https://www.armed-services.senate.gov/hearings/to-consider-the-nominations-of-mr-michael-p-cadenazzi-jr-to-be-assistant-secretary-of-defense_for-industrial-base-policy-and-vice-admiral-scott-w-pappano-usn-to-be-principal-deputy-administrator--national-nuclear-security-administration,To consider the nominations of: Mr. Mich...,2,3
336886,https://www.judiciary.senate.gov/committee-activity/hearings/04/30/2025/nominations,Nominations,2,48
336887,https://www.aging.senate.gov/hearings/never-again-addressing-the-rise-of-antisemitism-and-supporting-older-americans,Never Again: Addressing the Rise of Anti...,4,7
336889,https://www.finance.senate.gov/hearings/hearing-to-consider-the-nomination-of-rodney-scott-of-oklahoma-to-be-commissioner-of-us-customs-and-border-protection-department-of-homeland-security-vice-chris-magnus,"[2025-04-30] Hearing: Hearing to Consider the Nomination of Rodney Scott, of Oklahoma, to be Commissioner of U.S. Customs and Border Protection, Department of Homeland Security, vice Chris Magnus",1,4
336896,https://www.armed-services.senate.gov/hearings/to-consider-the-nominations-of-mr-matthew-l-lohmeier-to-be-under-secretary-of-air-force-mr-justin-p-overbaugh-to-be-deputy-under-secretary-of-defense-for-intelligence-and-security-and-mr-daniel-l-zimmerman-to-be-assistant-secretary-of-defense-for-international-security-affairs,To consider the nominations of: Mr. Matt...,3,7
336898,https://www.foreign.senate.gov/hearings/nominations-05-01-2025,Hearing: [2025-05-01] NOMINATIONS,4,5
336899,https://www.banking.senate.gov/hearings/examining-insurance-markets-and-the-role-of-mitigation-policies,hearing,4,6
336902,https://www.appropriations.senate.gov/hearings/a-review-of-the-fiscal-year-2026-budget-requests-for-the-congressional-budget-office-the-government-accountability-office-and-the-government-publishing-office,Hearing,3,3
336920,https://www.agriculture.senate.gov/hearings/nomination-hearing-04-29-2025,Nomination Hearing,2,3
336921,https://www.appropriations.senate.gov/hearings/a-review-of-the-presidents-fiscal-year-2026-budget-request-for-the-department-of-agriculture,Hearing,1,1
336922,https://www.veterans.senate.gov/2025/5/veterans-at-the-forefront-secretary-collins-on-the-future-at-va,Veterans at the Forefront: Secretary Collins on the Future at VA - U.S. Senate...,1,2
336923,https://www.commerce.senate.gov/meetings/winning-the-ai-race-strengthening-u-s-capabilities-in-computing-and-innovation/,"Winning the AI Race: Strengthening U.S. Capabilities in Computing and Innovation - U.S. Senate Committee on Commerce, Science, & Transportation",4,4
336924,https://www.appropriations.senate.gov/hearings/a-review-of-the-fiscal-year-2026-budget-requests-for-the-library-of-congress-and-the-architect-of-the-capitol,Hearing,2,2
336925,https://www.commerce.senate.gov/meetings/field-of-streams-the-new-channel-guide-for-sports-fans/,"Field of Streams: The New Channel Guide for Sports Fans - U.S. Senate Committee on Commerce, Science, & Transportation",4,5
336926,https://www.armed-services.senate.gov/hearings/to-consider-the-nominations-of-mr-anthony-j-tata-to-be-under-secretary-of-defense-for-personnel-and-readiness-and-ms-katherine-e-sutton-to-be-assistant-secretary-of-defense-for-cyber-policy,To consider the nominations of: Mr. Anth...,2,3
336928,https://www.help.senate.gov/hearings/nominations-of-james-oneill-to-serve-as-deputy-secretary-of-health-and-human-services,Nomination of James O’Neill to serve as ...,1,1
336930,https://www.appropriations.senate.gov/hearings/a-review-of-the-presidents-fiscal-year-2026-budget-request-for-the-federal-bureau-of-investigation,Hearing,1,1
336931,https://www.appropriations.senate.gov/hearings/a-review-of-the-presidents-fiscal-year-2026-budget-request-for-the-department-of-homeland-security,Hearing,1,1
336932,https://www.help.senate.gov/hearings/hearing-on-fiscal-year-2026-department-of-health-and-human-services-budget,Hearing on Fiscal Year 2026 Department o...,1,1
336935,https://www.armed-services.senate.gov/hearings/to-consider-the-nominations-of_mr-michael-a-obadal-to-be-under-secretary-of-the-army-and--mr-sean-d-okeefe-to-be-deputy-under-secretary-of-defense-for-personnel-and-readiness,To consider the nominations of: Mr. Mich...,2,3
336938,https://www.commerce.senate.gov/meetings/nominations-hearing-for-fra-amtrak-and-commerce-nominees/,"Nominations Hearing for FRA, Amtrak, and Commerce Nominees - U.S. Senate Committee on Commerce, Science, & Transportation",4,4
336940,https://www.finance.senate.gov/hearings/hearing-to-consider-the-nominations-of-james-oneill-of-california-to-be-deputy-secretary-of-health-and-human-services-vice-andrea-joan-palm-resigned-and-gary-andres-of-virginia-to-be-an-assistant-secretary-of-health-and-human-services-vice-melanie-anne-egorin-resigned,"[2025-05-06] Hearing: Hearing to Consider the Nominations of James O'Neill, of California, to be Deputy Secretary of Health and Human Services, vice Andrea Joan Palm, resigned and Gary Andres, of Virginia, to be an Assistant Secretary of Health and Human Services, vice Melanie Anne Egorin, resigned",2,6
336941,https://www.hsgac.senate.gov/subcommittees/dmdcc/hearings/examining-the-insurance-industrys-claims-practices-following-recent-natural-disasters/,Examining the Insurance Industry’s Claims Practices Following Recent Natural Disasters - Committee on Homeland Security & Governmental Affairs,7,0
336943,https://www.agriculture.senate.gov/hearings/perspectives-from-the-field-part-4-conservation,"Perspectives from the Field, Part 4: Con...",5,6
336944,https://www.armed-services.senate.gov/hearings/to-receive-testimony-on-the-department-of-defense-missile-defense-activities-in-review-of-the-defense-authorization-request-for-fiscal-year-2026-and-the-future-years-defense-program,To receive testimony on the Department o...,4,5
336945,https://www.armed-services.senate.gov/hearings/to-consider-the-nominations-of_mr-richard-l-anderson-to-be-assistant-secretary-of-the-air-force--for-manpower-and-reserve-affairs--mr-adam-r-telle-to-be-assistant-secretary-of-the-army--for-civil-works-and--dr-matthew-c-napoli-to-be-deputy-administrator-for-defense-nuclear-nonproliferation-national-nuclear-security-administration,To consider the nominations of: Mr. Rich...,3,6
336946,https://www.judiciary.senate.gov/committee-activity/hearings/pbm-power-play-examining-competition-issues-in-the-prescription-drug-supply-chain-05-13-2025,PBM Power Play: Examining Competition Is...,5,9
336947,https://www.foreign.senate.gov/hearings/east-africa-and-the-horn-at-a-turning-point-or-breaking-point,Hearing: [2025-05-13] EAST AFRICA & THE HORN: AT A TURNING POINT OR...,2,3
336948,https://www.appropriations.senate.gov/hearings/a-review-of-the-presidents-fiscal-year-2026-budget-request-for-the-environmental-protection-agency,Hearing,1,1
336949,https://www.commerce.senate.gov/meetings/faa-reauthorization-one-year-later-aviation-safety-air-traffic-and-next-generation-technology/,"FAA Reauthorization One Year Later: Aviation Safety, Air Traffic, and Next Generation Technology - U.S. Senate Committee on Commerce, Science, & Transportation",0,1
336950,https://www.appropriations.senate.gov/hearings/a-review-of-the-fiscal-year-2026-budget-requests-for-the-senate-sergeant-at-arms-and-united-states-capitol-police,Hearing,2,2
336951,https://www.indian.senate.gov/hearings/oversight-hearing-entitled-delivering-essential-public-health-and-social-services-to-native-americans-examining-federal-programs-serving-native-americans-across-the-operating-divisions/,Oversight Hearing entitled “Delivering Essential Public Health and Social Services to Native Americans - Examining Federal Programs serving Native Americans across the Operating Divisions at the U.S. Department of Health and Human Services” - Indian Affairs Committee,0,1
336952,https://www.commerce.senate.gov/meetings/commerce-committee-announces-pipeline-safety-reauthorization-hearing/,"Commerce Committee Announces Pipeline Safety Reauthorization Hearing - U.S. Senate Committee on Commerce, Science, & Transportation",4,3
336953,https://www.sbc.senate.gov/public/index.cfm/hearings?ID=3B9C20C5-F5E4-4C67-B91B-24A49D94EFA2,Financing America’s Manufacturing and Industrial Boom - Hearings - U.S. Committee on Small Business & Entrepreneurship,4,4
336954,https://www.aging.senate.gov/hearings/preparing-for-disasters-unique-challenges-facing-older-americans,Preparing for Disasters: Unique Challeng...,3,6
336956,https://www.finance.senate.gov/hearings/trade-in-critical-supply-chains,[2025-05-14] Hearing: Trade in Critical Supply Chains,4,6
336957,https://www.epw.senate.gov/public/index.cfm/hearings?ID=6BF7C3CB-0522-4E3C-A2CB-68BEFFF6E779,"Hearing on the Nominations of Sean McMaster to be Administrator of the Federal Highway Administration, John Busterud to be Assistant Administrator for the Office of Solid Waste of the Environmental Protection Agency, and Adam Telle to be Assistant Secretary of the Army for Civil Works. - Hearings - U.S. Senate Committee on Environment and Public Works",3,6
336964,https://www.armed-services.senate.gov/hearings/to-receive-testimony-on-the-department-of-defense-responsibilities-related-to-foreign-military-sales-system-and-international-armaments-cooperation,To receive testimony on the Department o...,3,4
336968,https://www.hsgac.senate.gov/hearings/the-department-of-homeland-securitys-budget-request-for-fiscal-year-2026/,The Department of Homeland Security’s Budget Request for Fiscal Year 2026 - Committee on Homeland Security & Governmental Affairs,0,0
336969,https://www.appropriations.senate.gov/hearings/a-review-of-the-presidents-fiscal-year-2026-budget-request-for-the-department-of-transportation,Hearing,1,1
336970,https://www.appropriations.senate.gov/hearings/a-review-of-the-presidents-fiscal-year-2026-budget-request-for-the-department-of-health-and-human-services,Hearing,1,1
336971,https://www.appropriations.senate.gov/hearings/a-review-of-the-presidents-fiscal-year-2026-budget-request-for-the-us-department-of-state,Hearing,1,1
336972,https://www.judiciary.senate.gov/committee-activity/hearings/defending-against-drones-setting-safeguards-for-counter-unmanned-aircraft-systems-authorities-05-20-2025,Defending Against Drones: Setting Safegu...,5,6
336973,https://www.armed-services.senate.gov/hearings/to-receive-testimony-on-the-department-of-energys-atomic-energy-defense-activities-and-department-of-defense-nuclear-weapons-programs-in-review-of-the-defense-authorization-request-for-fiscal-year-2026-and-the-future-years-defense-program,To receive testimony on the Department o...,7,7
336975,https://www.appropriations.senate.gov/hearings/a-review-of-the-presidents-fiscal-year-2026-budget-request-for-the-department-of-the-interior,Hearing,1,1
336977,https://www.help.senate.gov/hearings/the-state-of-higher-education-2025,The State of Higher Education,5,5
336979,https://www.judiciary.senate.gov/committee-activity/hearings/the-good-the-bad-and-the-ugly-ai-generated-deepfakes-in-2025,"The Good, the Bad, and the Ugly: AI-Gene...",5,5
336980,https://www.judiciary.senate.gov/committee-activity/hearings/05/21/2025/nominations,Nominations,4,15
336981,https://www.appropriations.senate.gov/hearings/a-review-of-the-presidents-fiscal-year-2026-budget-request-for-the-small-business-administration,Hearing,1,1
336984,https://www.appropriations.senate.gov/hearings/a-review-of-the-presidents-fiscal-year-2026-budget-request-for-the-department-of-energy,Hearing,1,1
336985,https://www.hsgac.senate.gov/subcommittees/investigations/hearings/the-corruption-of-science-and-federal-health-agencies-how-health-officials-downplayed-and-hid-myocarditis-and-other-adverse-events-associated-with-the-covid-19-vaccines/,The Corruption of Science and Federal Health Agencies: How Health Officials Downplayed and Hid Myocarditis and Other Adverse Events Associated with the COVID-19 Vaccines - Committee on Homeland Security & Governmental Affairs,5,0
336986,https://www.epw.senate.gov/public/index.cfm/hearings?ID=B6CAC17A-76AF-479B-A4D9-6C59795405A1,The U.S. Environmental Protection Agency’s Proposed Fiscal Year 2026 Budget - Hearings - U.S. Senate Committee on Environment and Public Works,1,4
336989,https://www.agriculture.senate.gov/hearings/nomination-hearing-05-21-2025,Nomination Hearing,2,3
336994,https://www.appropriations.senate.gov/hearings/a-review-of-the-presidents-fiscal-year-2026-budget-request-for-the-department-of-labor,Hearing,1,1
336995,https://www.appropriations.senate.gov/hearings/a-review-of-the-presidents-fiscal-year-2026-budget-request-for-the-national-guard-and-reserves-forces,Hearing,5,5
336996,https://www.appropriations.senate.gov/hearings/a-review-of-the-presidents-fiscal-year-2026-budget-request-for-the-food-and-drug-administration,Hearing,1,1
336999,https://www.banking.senate.gov/hearings/securing-america-key-authorities-under-the-defense-production-act,hearing,4,4
337000,https://www.finance.senate.gov/hearings/hearing-to-consider-the-nomination-of-william-long-of-missouri-to-be-commissioner-of-internal-revenue-for-the-remainder-of-the-term-expiring-november-12-2027,"[2025-05-20] Hearing: Hearing to Consider the Nomination of William Long, of Missouri, to be Commissioner of Internal Revenue for the remainder of the term expiring November 12, 2027",1,4
337003,https://www.help.senate.gov/hearings/reauthorization-of-the-over-the-counter-monograph-drug-user-fee-program-25,Reauthorization of the Over-the-Counter ...,1,1
337020,https://www.appropriations.senate.gov/hearings/a-review-of-the-presidents-fiscal-year-2026-budget-request-for-the-department-of-education,Hearing,1,1
337023,https://www.aging.senate.gov/hearings/the-aging-farm-workforce-americas-vanishing-family-farms,The Aging Farm Workforce: America’s Vani...,4,6
337027,https://www.judiciary.senate.gov/committee-activity/hearings/the-supposedly-least-dangerous-branch-district-judges-v-trump,The Supposedly “Least Dangerous Branch”:...,3,6
337028,https://www.finance.senate.gov/hearings/hearing-to-consider-the-nominations-of-joseph-barloon-of-maryland-to-be-a-deputy-united-states-trade-representative-geneva-office-with-the-rank-of-ambassador-vice-maria-pagan-resigned-janet-dhillon-of-virginia-to-be-director-of-the-pension-benefit-guaranty-corporation-for-a-term-of-five-years-vice-gordon-hartogensis-term-expired-and-brian-morrissey-jr-of-virginia-to-be-general-counsel-for-the-department-of-the-treasury-vice-neil-harvey-macbride,"[2025-06-03] Hearing: Hearing to Consider the nominations of Joseph Barloon, of Maryland, to be a Deputy United States Trade Representative (Geneva Office), with the rank of Ambassador, vice Maria Pagan, resigned; Janet Dhillon, of Virginia, to be Director of the Pension Benefit Guaranty Corporation for a term of five years, vice Gordon Hartogensis, term expired; and Brian Morrissey, Jr., of Virginia, to be General Counsel for the Department of the Treasury, vice Neil Harvey MacBride.",3,8
337029,https://www.appropriations.senate.gov/hearings/a-review-of-the-presidents-fiscal-year-2026-budget-request-for-the-securities-and-exchange-commission,Hearing,1,1
337030,https://www.veterans.senate.gov/2025/6/hearing-to-consider-pending-nominations,Hearing to Consider Pending Nominations - U.S. Senate Committee on Veterans' Aff...,2,3
337031,https://www.foreign.senate.gov/hearings/chinas-malign-influence-in-africa,Hearing: [2025-06-04] CHINA’S MALIGN INFLUENCE IN AFRICA,1,1
337032,https://www.judiciary.senate.gov/committee-activity/hearings/06/04/2025/nominations,Nominations,5,21
337035,https://www.hsgac.senate.gov/hearings/nominations-10/,Nominations - Committee on Homeland Security & Governmental Affairs,4,0
337036,https://www.help.senate.gov/hearings/nominations-of-penny-schwinn-to-be-deputy-secretary-of-education-department-of-education-kimberly-richey-to-be-assistant-secretary-for-civil-rights-department-of-education-daniel-aronowitz-to-be-assistant-secretary-of-labor-for-the-employee-benefits-security-administration-department-of-labor-and-david-keeling-to-be-assistant-secretary-of-labor-for-the-occupational-safety-and-health-administration,Nominations of Penny Schwinn to be Deput...,4,4
337038,https://www.appropriations.senate.gov/hearings/a-review-of-the-presidents-fiscal-year-2026-budget-request-for-the-department-of-commerce,Hearing,1,1
337041,https://www.hsgac.senate.gov/subcommittees/bmfwra/hearings/match-ready-oversight-of-the-federal-governments-border-management-and-personnel-readiness-efforts-for-the-decade-of-sports/,Match Ready: Oversight of the Federal Government’s Border Management and Personnel Readiness Efforts for the Decade of Sports - Committee on Homeland Security & Governmental Affairs,3,0
337042,https://www.appropriations.senate.gov/hearings/a-review-of-the-presidents-fiscal-year-2026-budget-request-for-the-department-of-defense,Hearing,3,2
337043,https://www.appropriations.senate.gov/hearings/a-review-of-the-presidents-fiscal-year-2026-budget-request-for-the-national-institutes-of-health,Hearing,1,1
337044,https://www.commerce.senate.gov/meetings/wada-shame-swimming-in-denial-over-chinese-doping/,"WADA Shame: Swimming in Denial Over Chinese Doping - U.S. Senate Committee on Commerce, Science, & Transportation",4,4
337047,https://www.agriculture.senate.gov/hearings/nomination-hearing-06-10-2025,Nomination Hearing,1,2
337048,https://www.foreign.senate.gov/hearings/nominations-06-10-2025,Hearing: [2025-06-10] NOMINATIONS,5,6
337049,https://www.appropriations.senate.gov/hearings/a-review-of-the-presidents-fiscal-year-2026-budget-request-for-the-department-of-the-treasury,Hearing,1,1
337050,https://www.appropriations.senate.gov/hearings/a-review-of-the-presidents-fiscal-year-2026-budget-request-for-the-department-of-housing-and-urban-development,Hearing,1,1
337051,https://www.appropriations.senate.gov/hearings/a-review-of-the-presidents-fiscal-year-2026-budget-request-for-the-army-corps-of-engineers-and-the-bureau-of-reclamation,Hearing,3,3
337053,https://www.energy.senate.gov/hearings/hearings-2025-6-full-committee-hearing-to/,Full Committee Hearing to Examine the President’s Budget Request for the U.S. Department of the Interior for Fiscal Year 2026 – U.S. Senate Committee on Energy and Natural Resources,0,2
337054,https://www.commerce.senate.gov/meetings/finding-nemos-future-conflicts-over-ocean-resources/,"Finding Nemo’s Future: Conflicts over Ocean Resources - U.S. Senate Committee on Commerce, Science, & Transportation",4,4
337055,https://www.judiciary.senate.gov/committee-activity/hearings/23-and-you-the-privacy-and-national-security-implications-of-the-23andme-bankruptcy,23 and You: The Privacy and National Sec...,4,4
337057,https://www.commerce.senate.gov/meetings/senate-commerce-announces-nomination-hearing-for-bryan-bedford-to-lead-the-faa/,"Senate Commerce Announces Nomination Hearing for Bryan Bedford to Lead the FAA - U.S. Senate Committee on Commerce, Science, & Transportation",1,1
337058,https://www.appropriations.senate.gov/hearings/a-review-of-the-presidents-fiscal-year-2026-budget-request-for-the-army,Hearing,2,1
337062,https://www.finance.senate.gov/hearings/the-presidents-fiscal-year-2026-budget-for-the-department-of-treasury-and-tax-reform,[2025-06-12] Hearing: The President’s Fiscal Year 2026 Budget for the Department of Treasury and Tax Reform,1,4
337064,https://www.banking.senate.gov/hearings/06/05/2025/nomination-hearing,hearing,5,7
337065,https://www.foreign.senate.gov/hearings/nominations-06-12-2025,Hearing: [2025-06-12] NOMINATIONS,5,6
337068,https://www.appropriations.senate.gov/hearings/a-review-of-the-presidents-fiscal-year-2026-budget-request-for-the-united-states-forest-service,Hearing,1,1
337070,https://www.appropriations.senate.gov/hearings/a-review-of-the-presidents-fiscal-year-2026-budget-request-for-military-construction-and-family-housing,Hearing,6,5
337071,https://www.judiciary.senate.gov/committee-activity/hearings/scammers-exposed-protecting-older-americans-from-transnational-crime-networks,Scammers Exposed: Protecting Older Ameri...,4,4
337072,https://www.commerce.senate.gov/meetings/on-the-right-track-modernizing-americas-rail-network/,"On the Right Track: Modernizing America’s Rail Network - U.S. Senate Committee on Commerce, Science, & Transportation",4,4
337073,https://www.help.senate.gov/hearings/nominations-of-jonathan-berry-to-be-solicitor-department-of-labor-andrew-rogers-to-be-administrator-of-the-wage-and-hour-division-department-of-labor-anthony-desposito-to-be-inspector-general-department-of-labor-and-andrea-lucas-to-be-a-member-equal-employment-opportunity-commission,Nominations of Jonathan Berry to be Soli...,4,4
337075,https://www.energy.senate.gov/hearings/hearings-2025-6-full-committee-hearing-to-examine-the-president-s-budget-request-for-the-u-s-department-of-the-energy-for-fiscal-year-2026/,Full Committee Hearing to Examine the President’s Budget Request for the U.S. Department of Energy for Fiscal Year 2026 – U.S. Senate Committee on Energy and Natural Resources,0,2
337100,https://www.armed-services.senate.gov/hearings/to-consider-the-nominations-of_vice-admiral-charles-b-cooper-ii-usn-to-be-admiral-and--commander-united-states-central-command-and--lieutenant-general-alexus-g-grynkewich-usaf-to-be-general--and-commander-united-states-european-command-and--supreme-allied-commander-europe,To consider the nominations of: Vice Adm...,2,3
337101,https://www.judiciary.senate.gov/committee-activity/hearings/unfit-to-serve-how-the-biden-cover-up-endangered-america-and-undermined-the-constitution,Unfit to Serve: How the Biden Cover-Up E...,3,6
337104,https://www.appropriations.senate.gov/hearings/a-review-of-the-presidents-fiscal-year-2026-budget-request-for-the-department-of-veterans-affairs,Hearing,1,1
337105,https://www.armed-services.senate.gov/hearings/to-receive-an-update-on-matters-within-the-jurisdiction-of-the-assistant-secretaries-for-energy-installation-and-environment-in-support-of-the-fiscal-year-2026-national-defense-authorization-act,To receive an update on matters within t...,4,5
337106,https://www.appropriations.senate.gov/hearings/a-review-of-the-presidents-fiscal-year-2026-budget-request-for-the-navy,Hearing,3,3
337107,https://www.judiciary.senate.gov/committee-activity/hearings/the-thin-blue-line-protecting-america-from-the-cartels,The Thin Blue Line Protecting America fr...,3,3
337108,https://www.banking.senate.gov/hearings/exploring-bipartisan-legislative-frameworks-for-digital-asset-market-structure,hearing,4,4
337109,https://www.judiciary.senate.gov/committee-activity/hearings/deregulation-and-competition-reducing-regulatory-burdens-to-unlock-innovation-and-spur-new-entry,Deregulation & Competition: Reducing Reg...,5,5
337110,https://www.help.senate.gov/hearings/nomination-of-susan-monarez-to-be-director-of-the-centers-for-disease-control-and-prevention-department-of-health-and-human-services,Nomination of Susan Monarez to be Direct...,1,1
337112,https://www.veterans.senate.gov/2025/6/correcting-mismanagement-of-the-veterans-crisis-line,Correcting Mismanagement of the Veterans Crisis Line - U.S. Senate Committee on...,4,5
337113,https://www.appropriations.senate.gov/hearings/a-review-of-the-presidents-special-message-of-june-3-2025,Hearing,3,3
337115,https://www.judiciary.senate.gov/committee-activity/hearings/nominations-06-25-2025,Nominations,5,38
337116,https://www.appropriations.senate.gov/hearings/a-review-of-the-presidents-fiscal-year-2026-budget-request-for-the-department-of-justice,Hearing,1,1
337117,https://www.judiciary.senate.gov/committee-activity/hearings/enter-the-dragonchina-and-the-lefts-lawfare-against-american-energy-dominance,Enter the Dragon—China and the Left’s La...,3,4
337119,https://www.epw.senate.gov/public/index.cfm/hearings?ID=7E4A0B66-B49B-40D1-B6F9-B60846EB93F3,Hearing on the Nominations of Usha-Maria Turner to be Assistant Administrator of the Environmental Protection Agency for the Office of International and Tribal Affairs and David A. Wright to be a Member of the Nuclear Regulatory Commission - Hearings - U.S. Senate Committee on Environment and Public Works,2,5
337120,https://www.aging.senate.gov/hearings/lessons-from-the-field-how-sports-medicine-can-improve-health-outcomes-for-seniors,Lessons from the Field: How Sports Medic...,4,7
337121,https://www.banking.senate.gov/hearings/06/18/2025/the-semiannual-monetary-policy-report-to-the-congress,hearing,1,3
337122,https://www.appropriations.senate.gov/hearings/a-review-of-the-presidents-fiscal-year-2026-budget-request-for-the-air-force-and-space-force,Hearing,3,1
337123,https://www.armed-services.senate.gov/hearings/to-consider-the-nominations-of-mr-hung-cao-to-be-under-secretary-of-the-navy-mr-michael-f-dodd-to-be-assistant-secretary-of-defense-for-critical-technologies-mr-jules-w-hurst-iii-to-be-assistant-secretary-of-the-army-for-manpower-and-reserve-affairs-mr-brent-g-ingraham-to-be-assistant-secretary-of-the-army-for-acquisition-logistics-and-technology-and-mr-william-j-gillis-to-be-assistant-secretary-of-the-army-for-installations-energy-and-environment,To consider the nominations of: Mr. Hung...,5,6
337180,https://www.indian.senate.gov/hearings/nomination-hearing-to-consider-mr-william-kirkland-to-be-assistant-secretary-for-indian-affairs-within-the-department-of-the-interior/,(Rescheduled) Nomination Hearing to consider Mr. William Kirkland to be Assistant Secretary for Indian Affairs within the Department of the Interior - Indian Affairs Committee,0,1
337200,https://www.commerce.senate.gov/meetings/hearings-nominations-hearing-for-department-of-commerce-nominees/,"Nominations Hearing for Department of Commerce Nominees - U.S. Senate Committee on Commerce, Science, & Transportation",3,3
337224,https://www.help.senate.gov/hearings/securing-the-future-of-health-care-enhancing-cybersecurity-and-protecting-americans-privacy,Securing the Future of Health Care: Enha...,5,5
337225,https://www.appropriations.senate.gov/hearings/a-future-without-type-1-diabetes-accelerating-breakthroughs-and-creating-hope,Hearing,4,4
337226,https://www.energy.senate.gov/hearings/hearings-2025-07-09-full-committee-hearing-to-consider-pending-nominations/,Full Committee Hearing To Consider Pending Nominations – U.S. Senate Committee on Energy and Natural Resources,0,4
337227,https://www.foreign.senate.gov/hearings/nominations-07-09-2025,Hearing: [2025-07-09] NOMINATIONS,5,6
337228,https://www.banking.senate.gov/hearings/from-wall-street-to-web3-building-tomorrows-digital-asset-markets,hearing,6,8
337229,https://www.energy.senate.gov/hearings/full-committee-hearing-to-examine-the-presidents-budget-request-for-the-us-forest-service-for-fiscal-year-2026/,Full Committee Hearing to Examine the President’s Budget Request for the U.S. Forest Service for Fiscal Year 2026 – U.S. Senate Committee on Energy and Natural Resources,0,0
337241,https://www.commerce.senate.gov/meetings/hearings-nominations-hearing-for-modal-administrators-of-the-department-of-transportation/,"Nominations Hearing for Modal Administrators of the Department of Transportation - U.S. Senate Committee on Commerce, Science, & Transportation",3,3
337242,https://www.hsgac.senate.gov/subcommittees/investigations/hearings/voices-of-the-vaccine-injured/,Voices of the Vaccine Injured - Committee on Homeland Security & Governmental Affairs,7,0
337243,https://www.foreign.senate.gov/hearings/nominations-07-15-2025,Hearing: [2025-07-15] NOMINATIONS,3,4
337244,https://www.agriculture.senate.gov/hearings/stakeholder-perspectives-on-federal-oversight-of-digital-commodities,Stakeholder Perspectives on Federal Over...,5,6
337245,https://www.veterans.senate.gov/2025/7/hearing-to-consider-pending-nominations,Hearing to Consider Pending Nominations - U.S. Senate Committee on Veterans' Aff...,2,3
337246,https://www.help.senate.gov/hearings/nominations-of-crystal-carey-to-be-general-counsel-of-the-national-labor-relations-board-brian-christine-to-be-assistant-secretary-for-health-department-of-health-and-human-services-and-brittany-panuccio-to-be-a-member-of-the-equal-employment-opportunity-commission,Nominations of Crystal Carey to be Gener...,3,3
337247,https://www.judiciary.senate.gov/committee-activity/hearings/beyond-the-smash-and-grab-criminal-networks-and-organized-theft,Beyond the Smash and Grab: Criminal Netw...,4,8
337253,https://www.judiciary.senate.gov/committee-activity/hearings/too-big-to-prosecute-examining-the-ai-industrys-mass-ingestion-of-copyrighted-works-for-ai-training,TIME CHANGE: Too Big to Prosecute?: Exam...,5,8
337255,https://www.help.senate.gov/hearings/freedom-to-work-unlocking-benefits-for-independent-workers,Freedom to Work: Unlocking Benefits for ...,5,5
337259,https://www.epw.senate.gov/public/index.cfm/hearings?ID=0A4409C2-5734-40C4-9B69-53CA45FD3346,Constructing the Surface Transportation Reauthorization Bill: Stakeholders’ Perspectives - Hearings - U.S. Senate Committee on Environment and Public Works,3,6
337263,https://www.judiciary.senate.gov/committee-activity/hearings/bidens-border-betrayal-criminal-aliens-in-america,LOCATION CHANGE: Biden’s Border Betrayal...,8,8
337264,https://www.armed-services.senate.gov/hearings/to-consider-the-nominations-of-vice-admiral-frank-m-bradley-usn-to-be-admiral-and_commander-united-states-special-operations-command-and-lieutenant-general-dagvin-rm-anderson-usaf-to-be-general-and--commander-united-states-africa-command,To consider the nominations of Vice Admi...,2,3
337265,https://www.commerce.senate.gov/meetings/hearing-for-key-department-of-transportation-nominees/,"Hearing for Key Department of Transportation Nominees - U.S. Senate Committee on Commerce, Science, & Transportation",3,3
337266,https://www.epw.senate.gov/public/index.cfm/hearings?ID=F3E51ACE-7078-4209-A03D-297DD1776FF7,Hearing on the Nominations of Katherine Scarlett to be a Member of the Council on Environmental Quality and Jeffrey Hall to be an Assistant Administrator of the Environmental Protection Agency - Hearings - U.S. Senate Committee on Environment and Public Works,2,5
337267,https://www.judiciary.senate.gov/committee-activity/hearings/securing-the-skies-law-enforcement-drones-and-public-safety,"Securing the Skies: Law Enforcement, Dro...",3,3
337268,https://www.finance.senate.gov/hearings/hearing-to-consider-the-nominations-of-the-honorable-jonathan-mckernan-of-tennessee-to-be-an-under-secretary-of-the-treasury-vice-j-nellie-liang-resigned-and-alex-adams-of-idaho-to-be-assistant-secretary-for-family-support-department-of-health-and-human-services-vice-january-contreras,"[2025-07-22] Hearing: Hearing to Consider the nominations of The Honorable Jonathan McKernan, of Tennessee, to be an Under Secretary of the Treasury, vice J. Nellie Liang, resigned and Alex Adams, of Idaho, to be Assistant Secretary for Family Support, Department of Health and Human Services, vice January Contreras.",2,6
337270,https://www.commerce.senate.gov/meetings/shifting-gears-issues-impacting-the-trucking-and-commercial-bus-industries-in-the-u-s/,"Shifting Gears: Issues Impacting the Trucking and Commercial Bus Industries in the U.S. - U.S. Senate Committee on Commerce, Science, & Transportation",4,4
337271,https://www.foreign.senate.gov/hearings/nominations-07-22-2025,Hearing: [2025-07-22] NOMINATIONS,4,5
337273,https://www.foreign.senate.gov/hearings/the-status-of-democracy-and-human-rights-in-hong-kong-five-years-after-the-prcs-judicial-takeover,Hearing: [2025-07-22] THE STATUS OF DEMOCRACY AND HUMAN RIGHTS IN HONG...,4,4
337276,https://www.agriculture.senate.gov/hearings/nomination-hearing-07-23-2025,Nomination Hearing,1,2
337277,https://www.help.senate.gov/hearings/k-12-subcommittee-hearing-on-choice-and-literacy-empowering-families-for-better-educational-results,K-12 Subcommittee Hearing on Choice and ...,4,4
337278,https://www.epw.senate.gov/public/index.cfm/hearings?ID=7F5F0AC3-641A-46C2-B365-16866AE70D19,EPW Transportation and Infrastructure Subcommittee Hearing: The Road Ahead: Proposals to Improve America’s Transportation Infrastructure - Hearings - U.S. Senate Committee on Environment and Public Works,3,5
337279,https://www.armed-services.senate.gov/hearings/to-consider-the-nomination-of-admiral-daryl-l-caudle-usn-for-reappointment-to-the-grade-of-admiral-and_to-be-chief-of-naval-operations,To consider the nomination of Admiral Da...,1,2
337280,https://www.sbc.senate.gov/public/index.cfm/hearings?ID=FD0C9E62-C3BB-4A15-87B1-9E9B37D745BA,Innovation in the Crosshairs: Countering China’s Industrial Espionage - Hearings - U.S. Committee on Small Business & Entrepreneurship,3,3
337281,https://www.energy.senate.gov/hearings/full-committee-hearing-to-identify-challenges-to-meeting-increased-electricity-demand/,Full Committee Hearing to Identify Challenges to Meeting Increased Electricity Demand – U.S. Senate Committee on Energy and Natural Resources,0,0
337282,https://www.foreign.senate.gov/hearings/us-diplomatic-strategies-for-a-dynamic-middle-east,Hearing: [2025-07-23] U.S. DIPLOMATIC STRATEGIES FOR A DYNAMIC MIDDLE...,3,3
337284,https://www.help.senate.gov/hearings/empowering-workers-by-expanding-employee-ownership,Empowering Workers by Expanding Employee...,4,4
337286,https://www.judiciary.senate.gov/committee-activity/hearings/ending-illegal-dei-discrimination-and-preferences-enforcing-our-civil-rights-laws,Ending Illegal DEI Discrimination & Pref...,3,4
337305,https://www.hsgac.senate.gov/subcommittees/bmfwra/hearings/the-future-is-loper-bright-congresss-role-in-the-regulatory-landscape/,The Future is Loper Bright: Congress’s Role in the Regulatory Landscape - Committee on Homeland Security & Governmental Affairs,1,0
337306,https://www.agriculture.senate.gov/hearings/perspectives-on-reauthorization-of-the-us-grain-standards-act-07-29-2025,Perspectives on Reauthorization of the U...,3,4
337307,https://www.foreign.senate.gov/hearings/nominations-07-29-2025,Hearing: [2025-07-29] NOMINATIONS,5,6
337310,https://www.judiciary.senate.gov/committee-activity/hearings/protecting-the-virtual-you-safeguarding-americans-online-data,TIME CHANGE: Protecting the Virtual You:...,5,5
337311,https://www.aging.senate.gov/hearings/awareness-to-action-combating-elder-abuse-and-neglect,Awareness to Action: Combating Elder Abu...,4,6
337312,https://www.judiciary.senate.gov/committee-activity/hearings/nominations-07-30-2025,Nominations,4,21
337313,https://www.foreign.senate.gov/hearings/critical-minerals-finding-opportunities-for-us-africa-partnerships,Hearing: [2025-07-30] CRITICAL MINERALS: FINDING OPPORTUNITIES FOR...,2,2
337317,https://www.banking.senate.gov/hearings/guardrails-and-growth-ais-role-in-capital-and-insurance-markets,hearing,3,4
337318,https://www.armed-services.senate.gov/hearings/to-consider-the-nominations-of_mr-michael-t-powers-to-be-deputy-under-secretary-of-defense-comptroller--dr-amy-e-henninger-to-be-director-of-operational-test-and-evaluation--department-of-defense---mr-david-w-denton-jr-to-be-general-counsel-of-the-department-of-the-navy-and--mr-benjamin-c-kohlmann-to-be-assistant-secretary-of-the-navy--for-manpower-and-reserve-affairs,To consider the nominations of: Mr. Mich...,4,5
337319,https://www.help.senate.gov/hearings/making-health-care-affordable-solutions-to-lower-costs-and-empower-patients,Making Health Care Affordable: Solutions...,5,5
337340,https://www.finance.senate.gov/hearings/hearing-to-consider-the-nominations-bryan-switzer-of-virginia-to-be-a-deputy-united-states-trade-representative-asia-textiles-investment-services-and-intellectual-property-with-the-rank-of-ambassador-vice-sarah-bianchi-gustav-chiarello-iii-of-virginia-to-be-an-assistant-secretary-of-health-and-human-services-vice-robert-michael-gordon-the-honorable-michael-stuart-of-west-virginia-to-be-general-counsel-of-the-department-of-health-and-human-services-vice-samuel-r-bagenstos-resigned-and-derek-theurer-of-virginia-to-be-a-deputy-under-secretary-of-the-treasury-vice-jonathan-davidson,"[2025-07-31] Hearing: Hearing to Consider the Nominations Bryan Switzer, of Virginia, to be a Deputy United States Trade Representative (Asia, Textiles, Investment, Services, and Intellectual Property), with the rank of Ambassador, vice Sarah Bianchi; Gustav Chiarello III, of Virginia, to be an Assistant Secretary of Health and Human Services, vice Robert Michael Gordon; The Honorable Michael Stuart, of West Virginia, to be General Counsel of the Department of Health and Human Services, vice Samuel R. Bagenstos, resigned; and Derek Theurer, of Virginia, to be a Deputy Under Secretary of the Treasury, vice Jonathan Davidson.",4,10
337344,https://www.agriculture.senate.gov/hearings/review-of-the-usda-reorganization-proposal,Review of the USDA Reorganization Propos...,1,2
337360,https://www.foreign.senate.gov/hearings/nominations-09-03-2025,Hearing: [2025-09-03] NOMINATIONS,5,6
337361,https://www.commerce.senate.gov/meetings/theres-a-bad-moon-on-the-rise-why-congress-and-nasa-must-thwart-china-in-the-space-race/,"There’s a Bad Moon on the Rise: Why Congress and NASA Must Thwart China in the Space Race - U.S. Senate Committee on Commerce, Science, & Transportation",4,4
337363,https://www.aging.senate.gov/hearings/protecting-older-americans-leveling-the-playing-field-for-older-workers,Protecting Older Americans: Leveling the...,4,6
337364,https://www.judiciary.senate.gov/committee-activity/hearings/nominations-09-03-2025,Nominations,6,24
337366,https://www.energy.senate.gov/hearings/hearings-full-committee-hearing-to-consider-pending-nomimations/,Full Committee Hearing to Consider Pending Nomimations – U.S. Senate Committee on Energy and Natural Resources,0,4
337367,https://www.banking.senate.gov/hearings/08/28/2025/nomination-hearing,hearing,5,7
337368,https://www.finance.senate.gov/hearings/the-presidents-2026-health-care-agenda,[2025-09-04] Hearing: The President’s 2026 Health Care Agenda,1,3
337382,https://www.hsgac.senate.gov/subcommittees/investigations/hearings/how-the-corruption-of-science-has-impacted-public-perception-and-policies-regarding-vaccines/,How the Corruption of Science has Impacted Public Perception and Policies Regarding Vaccines - Committee on Homeland Security & Governmental Affairs,4,0
337383,https://www.armed-services.senate.gov/hearings/to-consider-the-nomination-of_general-christopher-j-mahoney-usmc-for-reappointment-to-the-grade-of-general--and-to-be-vice-chairman-of-the-joint-chiefs-of-staff,To consider the nomination of: General C...,1,2
337386,https://www.judiciary.senate.gov/committee-activity/hearings/hidden-harms-examining-whistleblower-allegations-that-meta-buried-child-safety-research,Hidden Harms: Examining Whistleblower Al...,2,4
337389,https://www.sbc.senate.gov/public/index.cfm/hearings?ID=AD96AAC3-C7B7-49DC-9F5B-0A4CD7D593EA,Nomination of William Kirk to be Inspector General of the Small Business Administration - Hearings - U.S. Committee on Small Business & Entrepreneurship,1,1
337390,https://www.finance.senate.gov/hearings/hearing-to-consider-the-nominations-of-jonathan-greenstein-of-new-york-to-be-a-deputy-under-secretary-of-the-treasury-vice-brent-neiman-resigned-and-the-honorable-donald-korb-of-ohio-to-be-chief-counsel-for-the-internal-revenue-service-and-an-assistant-general-counsel-in-the-department-of-the-treasury-vice-marjorie-a-rollinson,"[2025-09-10] Hearing: Hearing to Consider the Nominations of Jonathan Greenstein, of New York, to be a Deputy Under Secretary of the Treasury, vice Brent Neiman, resigned; and The Honorable Donald Korb, of Ohio, to be Chief Counsel for the Internal Revenue Service and an Assistant General Counsel in the Department of the Treasury, vice Marjorie A. Rollinson.",2,6
337391,https://www.hsgac.senate.gov/subcommittees/dmdcc/hearings/sounding-the-alarm-americas-fire-apparatus-crisis/,Sounding the Alarm: America’s Fire Apparatus Crisis - Committee on Homeland Security & Governmental Affairs,5,0
337393,https://www.indian.senate.gov/hearings/oversight-hearing-entitled-indian-self-determination-and-education-assistance-act-successes-and-opportunities-at-the-department-of-the-interior-and-the-indian-health-service/,Oversight Hearing titled “Indian Self-Determination and Education Assistance Act Successes and Opportunities at the Department of the Interior and the Indian Health Service” - Indian Affairs Committee,0,0
337394,https://www.veterans.senate.gov/2025/9/hearing-to-consider-a-pending-nomination,Hearing to Consider a Pending Nomination - U.S. Senate Committee on Veterans' Af...,1,2
337395,https://www.commerce.senate.gov/meetings/aive-got-a-plan-americas-ai-action-plan/,"AI’ve Got a Plan: America’s AI Action Plan - U.S. Senate Committee on Commerce, Science, & Transportation",1,1
337396,https://www.epw.senate.gov/public/index.cfm/hearings?ID=146BB473-86D7-420C-931B-EEF50962549D,"A Legislative Hearing to Examine a Discussion Draft of the Wildfire Emissions Prevention Act; and S. 881, the Renewable Fuel for Ocean-Going Vessels Act - Hearings - U.S. Senate Committee on Environment and Public Works",5,9
337399,https://www.foreign.senate.gov/hearings/nominations-09-11-2025,Hearing: [2025-09-11] NOMINATIONS,4,5
337421,https://www.judiciary.senate.gov/committee-activity/hearings/oversight-of-the-federal-bureau-of-investigation-09-16-2025,Oversight of the Federal Bureau of Inves...,1,1
337424,https://www.judiciary.senate.gov/committee-activity/hearings/examining-the-harm-of-ai-chatbots,Examining the Harm of AI Chatbots,5,10
337425,https://www.help.senate.gov/hearings/restoring-trust-through-radical-transparency-reviewing-recent-events-at-the-centers-for-disease-control-and-prevention-and-implications-for-childrens-health,Restoring Trust Through Radical Transpar...,2,2
337426,https://www.veterans.senate.gov/2025/9/strengthening-services-for-veterans-with-spinal-cord-injury-and-disorder,Strengthening Services for Veterans with Spinal Cord Injury and Disorder - U.S....,5,6
337427,https://www.judiciary.senate.gov/committee-activity/hearings/nominations-09-17-2025,LOCATION CHANGE: Nominations,6,34
337428,https://www.judiciary.senate.gov/committee-activity/hearings/another-biden-blunder-missing-unaccompanied-alien-children-and-criminal-sponsors,Another Biden Blunder: Missing Unaccompa...,3,6
337433,https://www.aging.senate.gov/hearings/prescription-for-trouble-drug-safety-supply-chains-and-the-risk-to-aging-americans,"Prescription for Trouble: Drug Safety, S...",4,7
337435,https://www.help.senate.gov/hearings/the-state-of-k-12-education,The State of K-12 Education,5,5
337438,https://www.armed-services.senate.gov/hearings/to-consider-the-nominations-of_mr-platte-b-moring-iii-to-be-inspector-general-department-of-defense--ms-kirsten-a-davies-to-be-chief-information-officer-of-the-department-of-defense--mr-james-g-mazol-to-be-deputy-under-secretary-of-defense-for-research-and-engineering-and--mr-derrick-m-anderson-to-be-assistant-secretary-of-defense-for-special-operations-and-low-intensity-conflict,To consider the nominations of: Mr. Plat...,4,5
337441,https://www.hsgac.senate.gov/hearings/examining-the-weaponization-of-the-quiet-skies-program/,Examining the Weaponization of the Quiet Skies Program - Committee on Homeland Security & Governmental Affairs,4,0
337443,https://www.judiciary.senate.gov/committee-activity/hearings/examining-competition-in-americas-skies,Examining Competition in America's Skies,5,10
337445,https://www.judiciary.senate.gov/committee-activity/hearings/blue-city-chaos-and-tragedy-how-the-trump-administration-is-addressing-the-human-cost-of-soft-on-crime-policies,TIME CHANGE: Blue City Chaos and Tragedy...,7,6
337446,https://www.foreign.senate.gov/hearings/the-future-of-us-black-sea-strategy,Hearing: [2025-09-30] THE FUTURE OF U.S. BLACK SEA STRATEGY,3,4
337447,https://www.help.senate.gov/hearings/nominations-of-scott-mayer-to-be-a-member-of-the-national-labor-relations-board-james-murphy-to-be-a-member-of-the-national-labor-relations-board-and-rosario-palmieri-to-be-assistant-secretary-of-labor-for-policy,Nominations of Scott Mayer to be a Membe...,3,3
337449,https://www.finance.senate.gov/hearings/examining-the-taxation-of-digital-assets,[2025-10-01] Hearing: Examining the Taxation of Digital Assets,4,6
337460,https://www.judiciary.senate.gov/committee-activity/hearings/oversight-of-the-department-of-justice-10-07-2025,Oversight of the Department of Justice,1,1
337461,https://www.foreign.senate.gov/hearings/combatting-the-peoples-republic-of-chinas-illegal-coercive-aggressive-and-deceptive-behavior-in-the-indo-pacific,Hearing: [2025-10-07] COMBATTING THE PEOPLE’S REPUBLIC OF CHINA’S...,3,3
337462,https://www.epw.senate.gov/public/index.cfm/hearings?ID=C9389CD3-57E2-48DC-A293-2FA3D5D9E372,Hearing on the Nominations of Ho Nieh to be a Member of the Nuclear Regulatory Commission and Douglas Troutman to be Assistant Administrator for Toxic Substances of the Environmental Protection Agency - Hearings - U.S. Senate Committee on Environment and Public Works,2,4
337463,https://www.armed-services.senate.gov/hearings/to-receive-testimony-on-threats-and-challenges-posed-to-department-of-defense-personnel-and-operations-from-adversarial-access-to-publicly-available-data-coupled-with-advanced-data-analysis-tools-now-widely-available-on-the-commercial-market,To receive testimony on threats and chal...,4,5
337464,https://www.armed-services.senate.gov/hearings/to-consider-the-nominations-of_mr-john-noh-to-be-assistant-secretary-of-defense-for-indo-pacific-security-affairs--mr-charles-l-young-iii-to-be-general-counsel-of-the-department-of-the-army--mr-william-k-lane-iii-to-be-general-counsel-of-the-department-of-the-air-force-and--mr-david-e-beck-to-be-deputy-administrator-for-defense-programs-national-nuclear-security-administration,To consider the nominations of: Mr. John...,4,5
337467,https://www.help.senate.gov/hearings/labor-law-reform-part-1-diagnosing-the-issues-exploring-current-proposals,Labor Law Reform Part 1: Diagnosing the ...,5,5
337468,https://www.judiciary.senate.gov/committee-activity/hearings/the-patent-eligibility-restoration-act_restoring-clarity-certainty-and-predictability-to-the-us-patent-system-10-08-2025,The Patent Eligibility Restoration Act –...,8,16
337470,https://www.aging.senate.gov/hearings/bad-medicine-closing-loopholes-that-kill-american-patients,Bad Medicine: Closing Loopholes that Kil...,4,6
337471,https://www.armed-services.senate.gov/hearings/to-consider-the-nomination-of_general-kenneth-s-wilsbach-usaf-for-reappointment-to-the-grade-of-general--and-to-be-chief-of-staff-of-the-air-force,To consider the nomination of: General K...,1,2
337474,https://www.help.senate.gov/hearings/ais-potential-to-support-patients-workers-children-and-families,"AI's Potential to Support Patients, Work...",5,5
337500,https://www.commerce.senate.gov/meetings/shut-your-app-how-uncle-sam-jawboned-big-tech-into-silencing-americans/,"Shut Your App: How Uncle Sam Jawboned Big Tech Into Silencing Americans - U.S. Senate Committee on Commerce, Science, & Transportation",4,4
337542,https://www.banking.senate.gov/hearings/innovation-in-us-housing-solutions-and-policies-for-americas-future,hearing,3,4
337543,https://www.help.senate.gov/hearings/labor-law-reform-part-2-new-solutions-for-finding-a-pro-worker-way-forward,Labor Law Reform Part 2: New Solutions f...,5,5
337544,https://www.aging.senate.gov/hearings/modernizing-health-care-how-shoppable-services-improve-outcomes-and-lower-costs,Modernizing Health Care: How Shoppable S...,4,7
337545,https://www.commerce.senate.gov/meetings/chairman-cruz-announces-nominations-hearing-for-maritime-and-commerce-nominees/,"Chairman Cruz Announces Nominations Hearing for Maritime and Commerce Nominees - U.S. Senate Committee on Commerce, Science, & Transportation",4,4
337546,https://www.epw.senate.gov/public/index.cfm/hearings?ID=B93FFEFA-D5F1-465D-969E-08A1014DD594,"EPW Chemical Safety, Waste Management, Environmental Justice, and Regulatory Oversight Subcommittee hearing titled: “Examining the Beneficial Use and Regulation of Chemicals” - Hearings - U.S. Senate Committee on Environment and Public Works",3,4
337547,https://www.judiciary.senate.gov/committee-activity/hearings/nominations-10-22-2025,Nominations,3,6
337548,https://www.hsgac.senate.gov/hearings/nominations-12/,Nominations - Committee on Homeland Security & Governmental Affairs,7,0
337550,https://www.help.senate.gov/hearings/the-340b-program-examining-its-growth-and-impact-on-patients,The 340B Program: Examining Its Growth a...,3,3
337552,https://www.epw.senate.gov/public/index.cfm/hearings?ID=F49192EC-E2DC-4521-96A7-353C90694169,"Hearing on the Nominations of Mitch Graves, Jeff Hagood, Randall Jones, and Arthur Graham to be a Member of the Board of Directors of the Tennessee Valley Authority. - Hearings - U.S. Senate Committee on Environment and Public Works",4,7
337555,https://www.foreign.senate.gov/hearings/nominations-10-23-2025,Hearing: [2025-10-23] NOMINATIONS,5,6
337561,https://www.armed-services.senate.gov/hearings/to-consider-the-nominations-of_mr-marc-j-berkowitz-to-be-assistant-secretary-of-defense--for-space-policy--dr-joseph-s-jewell-to-be-assistant-secretary-of-defense--for-science-and-technology--mr-james-r-caggy-to-be-assistant-secretary-of-the-defense--for-mission-capabilities-and--mr-brendan-p-rogers-to-be-assistant-secretary-of-the-navy--for-energy-installations-and-environment,To consider the nominations of: Mr. Marc...,4,5
337580,https://www.commerce.senate.gov/meetings/sea-change-reviving-commercial-shipbuilding/,"Sea Change: Reviving Commercial Shipbuilding - U.S. Senate Committee on Commerce, Science, & Transportation",4,4
337581,https://www.judiciary.senate.gov/committee-activity/hearings/politically-violent-attacks-a-threat-to-our-constitutional-order,Politically Violent Attacks: A Threat to...,5,8
337582,https://www.judiciary.senate.gov/committee-activity/hearings/pressure-cooker-competition-issues-in-the-seed-and-fertilizer-industries,Pressure Cooker: Competition Issues in t...,6,12
337583,https://www.help.senate.gov/hearings/the-future-of-biotech-maintaining-us-competitiveness-and-delivering-lifesaving-cures-to-patients,The Future of Biotech: Maintaining U.S. ...,5,5
337584,https://www.armed-services.senate.gov/hearings/to-consider-the-nomination-of_vice-admiral-richard-a-correll-usn-to-be-admiral-and--commander-united-states-strategic-command,To consider the nomination of: Vice Admi...,1,2
337585,https://www.veterans.senate.gov/2025/10/putting-veterans-first-is-the-current-va-disability-system-keeping-its-promise,Putting Veterans First: Is the Current VA Disability System Keeping Its Promise...,6,9
337586,https://www.agriculture.senate.gov/hearings/nomination-hearing-10-29-2025,Nomination Hearing,3,4
337587,https://www.energy.senate.gov/hearings/hearings-full-committee-hearing-to-examine-the-section-106-consultation-process-under-the-national-historic-preservation-act/,Full Committee Hearing to Examine the Section 106 Consultation Process Under the National Historic Preservation Act – U.S. Senate Committee on Energy and Natural Resources,0,3
337588,https://www.commerce.senate.gov/meetings/new-time-and-witness-update-part-ii-of-shut-your-app-how-uncle-sam-jawboned-big-tech-into-silencing-americans/,"Part II of Shut Your App: How Uncle Sam Jawboned Big Tech Into Silencing Americans - U.S. Senate Committee on Commerce, Science, & Transportation",4,4
337589,https://www.indian.senate.gov/hearings/legislative-hearing-on-s-107-the-lumbee-fairness-act-before/,"Legislative Hearing on S.107, the Lumbee Fairness Act - Indian Affairs Committee",0,1
337590,https://www.indian.senate.gov/hearings/oversight-hearing-entitled-impacts-of-government-shutdowns-and-agency-reductions-in-force-on-native-communities/,Oversight Hearing entitled “Impacts of Government Shutdowns and Agency Reductions in Force on Native Communities” - Indian Affairs Committee,0,1
337592,https://www.finance.senate.gov/hearings/hearing-to-consider-the-nominations-of-arjun-mody-of-new-jersey-to-be-deputy-commissioner-social-security-for-the-term-expiring-january-19-2031-vice-david-fabian-black-term-expired-jeffrey-goettman-of-virginia-to-be-a-deputy-united-states-trade-representative-africa-western-hemisphere-europe-the-middle-east-environment-labor-and-industrial-competitiveness-with-the-rank-of-ambassador-vice-jayme-ray-white-julie-callahan-of-the-district-of-columbia-to-be-chief-agricultural-negotiator-office-of-the-united-states-trade-representative-with-the-rank-of-ambassador-vice-douglas-j-mckalip-resigned-thomas-bell-of-virginia-to-be-inspector-general-department-of-health-and-human-services-vice-christi-a-grimm,"[2025-10-29] Hearing: Hearing to Consider the Nominations of Arjun Mody, of New Jersey, to be Deputy Commissioner Social Security for the term expiring January 19, 2031, vice David Fabian Black, term expired; Jeffrey Goettman, of Virginia, to be a Deputy United States Trade Representative (Africa, Western Hemisphere, Europe, the Middle East, Environment, Labor, and Industrial Competitiveness), with the Rank of Ambassador, vice Jayme Ray White; Julie Callahan, of the District of Columbia, to be Chief Agricultural Negotiator, Office of the United States Trade Representative, with the rank of Ambassador, vice Douglas J. McKalip, resigned; Thomas Bell, of Virginia, to be Inspector General, Department of Health and Human Services, vice Christi A. Grimm",4,10
337593,https://www.banking.senate.gov/hearings/10/23/2025/nomination-hearing,hearing,4,4
337602,https://www.armed-services.senate.gov/hearings/to-consider-the-nominations-of_mr-austin-j-dahmer-to-be-assistant-secretary-of-defense--for-strategy-plans-and-capabilities--honorable-robert-p-kadlec-to-be-assistant-secretary-of-defense--for-nuclear-deterrence-chemical-and-biological-defense-policy-and-programs-and--mr-michael-j-borders-jr-to-be-assistant-secretary-of-the-air-force--for-energy-installations-and-environment,To consider the nominations of: Mr. Aust...,3,4
337603,https://www.help.senate.gov/hearings/registered-apprenticeship-scaling-the-workforce-for-the-future,Registered Apprenticeship: Scaling the W...,5,5
337605,https://www.veterans.senate.gov/2025/11/a-grateful-nation-maximizing-veterans-success-after-service,A Grateful Nation: Maximizing Veterans' Success after Service - U.S. Senate Comm...,6,7
337608,https://www.aging.senate.gov/hearings/renewing-our-commitment-how-the-older-americans-act-uplifts-families-living-with-aging-related-diseases,Renewing Our Commitment: How the Older A...,3,6
337610,https://www.armed-services.senate.gov/hearings/to-consider-the-nominations-of_mr-michael-d-payne-to-be-director-of-cost-assessment-and-program-evaluation-department-of-defense--mr-alexander-j-velez-green-to-be-deputy-under-secretary-of-defense-for-policy--mr-timothy-d-dill-to-be-assistant-secretary-of-defense-for-manpower-and-reserve-affairs-and--dr-maurice-l-todd-to-be-assistant-secretary-of-defense-for-readiness,To consider the nominations of: Mr. Mich...,4,5
337611,https://www.agriculture.senate.gov/hearings/nomination-hearing-11-05-2025,Nomination Hearing,1,2
337612,https://www.commerce.senate.gov/meetings/chairman-cruz-announces-hearing-for-transportation-nominees/,"Chairman Cruz Announces Hearing for Transportation Nominees - U.S. Senate Committee on Commerce, Science, & Transportation",3,3
337613,https://www.help.senate.gov/hearings/reforming-financial-transparency-in-higher-education,Reforming Financial Transparency in High...,5,5
337614,https://www.commerce.senate.gov/meetings/chairman-cruz-announces-hearing-for-transportation-safety-nominees/,"Chairman Cruz Announces Hearing for Transportation Safety Nominees - U.S. Senate Committee on Commerce, Science, & Transportation",3,3
337615,https://www.hsgac.senate.gov/subcommittees/investigations/hearings/assessing-the-damage-done-by-obamacare/,Assessing the Damage Done by Obamacare - Committee on Homeland Security & Governmental Affairs,4,0
337641,https://www.judiciary.senate.gov/committee-activity/hearings/protecting-our-children-online-against-the-evolving-offender,Protecting Our Children Online Against t...,3,7
337642,https://www.agriculture.senate.gov/hearings/nomination-hearing-11-19-2025,Nomination Hearing,1,2
337643,https://www.hsgac.senate.gov/hearings/nominations-13/,Nominations - Committee on Homeland Security & Governmental Affairs,2,0
337644,https://www.help.senate.gov/hearings/examining-the-future-of-the-us-organ-procurement-and-transplantation-network,Examining the Future of the U.S. Organ P...,3,3
337645,https://www.sbc.senate.gov/public/index.cfm/hearings?ID=050AB94C-EEF4-425D-B657-55ECCB1A0BD6,Trump’s Regulatory Rollback: Saving Americans $907 Billion and Counting - Hearings - U.S. Committee on Small Business & Entrepreneurship,1,0
337646,https://www.energy.senate.gov/hearings/hearings-full-committee-hearing-to-examine-the-blm-land-use-planning-process-under-flpma/,Full Committee Hearing to Examine the BLM Land Use Planning Process Under FLPMA – U.S. Senate Committee on Energy and Natural Resources,0,6
337647,https://www.judiciary.senate.gov/committee-activity/hearings/nominations-11-19-2025,TIME CHANGE: Nominations,3,11
337648,https://www.epw.senate.gov/public/index.cfm/hearings?ID=160D2418-AB0A-4D2B-B967-B32F03DEA4EA,Hearing to Examine the Future of PFAS Cleanup and Disposal Policy - Hearings - U.S. Senate Committee on Environment and Public Works,3,6
337649,https://www.judiciary.senate.gov/committee-activity/hearings/ice-under-fire-the-radical-lefts-crusade-against-immigration-enforcement,TIME CHANGE: ICE Under Fire: The Radical...,3,3
337650,https://www.commerce.senate.gov/meetings/chairman-cruz-announces-nomination-hearing-for-commandant-of-u-s-coast-guard/,"Chairman Cruz Announces Nomination Hearing for Commandant of U.S. Coast Guard - U.S. Senate Committee on Commerce, Science, & Transportation",1,1
337652,https://www.aging.senate.gov/hearings/made-in-america-restoring-trust-in-our-medicines,Made in America: Restoring Trust in Our ...,4,7
337657,https://www.finance.senate.gov/hearings/the-rising-cost-of-health-care-considering-meaningful-solutions-for-all-americans,[2025-11-19] Hearing: The Rising Cost of Health Care: Considering Meaningful Solutions for all Americans,4,6
337659,https://www.commerce.senate.gov/meetings/flying-on-empty-how-shutdowns-threaten-air-safety-travel-and-the-economy/,"Flying on Empty: How Shutdowns Threaten Air Safety, Travel, and the Economy - U.S. Senate Committee on Commerce, Science, & Transportation",4,4
337660,https://www.foreign.senate.gov/hearings/nominations-11-19-2025,Hearing: [2025-11-19] NOMINATIONS,6,7
337682,https://www.commerce.senate.gov/meetings/chairman-cruz-announces-nominations-hearing-for-nasa-and-commerce-nominees/,"Chairman Cruz Announces Nominations Hearing for NASA and Commerce Nominees - U.S. Senate Committee on Commerce, Science, & Transportation",2,2
337700,https://www.commerce.senate.gov/meetings/signal-under-siege-defending-americas-communications-networks/,"Signal Under Siege: Defending America’s Communications Networks - U.S. Senate Committee on Commerce, Science, & Transportation",4,4
337703,https://www.epw.senate.gov/public/index.cfm/hearings?ID=A5972D3C-A657-42F4-BB91-2C2C6F570BD3,Hearing on the Nominations of Lee Beaman to be a Member of the Board of Directors of the Tennessee Valley Authority and Douglas Weaver to be a Member of the Nuclear Regulatory Commission - Hearings - U.S. Senate Committee on Environment and Public Works,2,5
337704,https://www.energy.senate.gov/hearings/hearings-public-lands-forests-and-mining-subcommittee-hearing-to-receive-testimony-on-pending-legislation/,"Public Lands, Forests, and Mining Subcommittee Hearing to Receive Testimony on Pending Legislation – U.S. Senate Committee on Energy and Natural Resources",0,5
337707,https://www.foreign.senate.gov/hearings/countering-chinas-challenge-to-american-ai-leadership,Hearing: [2025-12-02] COUNTERING CHINA’S CHALLENGE TO AMERICAN AI...,4,4
337709,https://www.veterans.senate.gov/2025/12/medication-management-in-va-healthcare,Medication Management in VA Healthcare - U.S. Senate Committee on Veterans' Affa...,4,6
337710,https://www.help.senate.gov/hearings/making-health-care-affordable-again-healing-a-broken-system,Making Health Care Affordable Again: Hea...,3,3
337711,https://www.aging.senate.gov/hearings/aging-in-place-the-impact-of-community-during-the-holidays,Aging in Place: The Impact of Community ...,4,7
337720,https://www.appropriations.senate.gov/hearings/the-abduction-of-ukrainian-children-by-the-russian-federation,Hearing,9,9
337723,https://www.help.senate.gov/hearings/building-pathways-advancing-workforce-development-in-the-21st-century,Building Pathways: Advancing Workforce D...,4,4
337724,https://www.energy.senate.gov/hearings/hearings-national-park-subcommittee-to-receive-testimony-on-pending-legislation/,National Park Subcommittee to Receive Testimony on Pending Legislation – U.S. Senate Committee on Energy and Natural Resources,0,1
337729,https://www.help.senate.gov/hearings/the-future-of-retirement,The Future of Retirement,3,3
337730,https://www.aging.senate.gov/hearings/aging-with-purpose-the-positive-impact-of-seniors-in-todays-economy-12-10-2025,Aging with Purpose: The Positive Impact ...,4,7
337731,https://www.appropriations.senate.gov/hearings/a-review-of-the-activities-and-fiscal-year-2026-funding-priorities-of-the-office-of-the-united-states-trade-representative,Hearing,1,1
337732,https://www.hsgac.senate.gov/hearings/the-feds-big-bank-welfare-program-oversight-of-the-feds-iorb-regime/,The Fed’s Big Bank Welfare Program: Oversight of the Fed's IORB Regime - Committee on Homeland Security & Governmental Affairs,4,0
337733,https://www.hsgac.senate.gov/subcommittees/investigations/hearings/defining-our-healthcare-problem-and-principles-we-should-follow-to-solve-it/,"Defining Our Healthcare Problem, and Principles We Should Follow to Solve it - Committee on Homeland Security & Governmental Affairs",6,0
337734,https://www.foreign.senate.gov/hearings/arms-race-20,Hearing: [2025-12-10] ARMS RACE 2.0,2,2
337735,https://www.foreign.senate.gov/hearings/nominations-12-11-2025,Hearing: [2025-12-11] NOMINATIONS,4,5
337738,https://www.foreign.senate.gov/hearings/maritime-security-in-africa-assessing-threats-to-us-commercial-diplomacy-and-national-security-interests,Hearing: [2025-12-10] MARITIME SECURITY IN AFRICA: ASSESSING THREATS...,3,3
337740,https://www.armed-services.senate.gov/hearings/to-receive-testimony-on-the-administrations-deployment-of-the-national-guard-across-the-united-states,To receive testimony on the Administrati...,3,2
337763,https://www.commerce.senate.gov/meetings/chairman-cruz-announces-fcc-oversight-hearing/,"Chairman Cruz Announces FCC Oversight Hearing - U.S. Senate Committee on Commerce, Science, & Transportation",3,3
337765,https://www.banking.senate.gov/hearings/ensuring-fair-access-to-banking-policy-levers-and-legislative-solutions,hearing,3,3
337766,https://www.hsgac.senate.gov/subcommittees/bmfwra/hearings/from-high-risk-to-high-reward-implementing-gao-recommendations-for-a-more-accountable-government/,From High-Risk to High Reward: Implementing GAO Recommendations for a More Accountable Government - Committee on Homeland Security & Governmental Affairs,0,0
337767,https://www.judiciary.senate.gov/committee-activity/hearings/nominations-12-17-2025,Nominations,4,8
337768,https://www.commerce.senate.gov/meetings/faas-plan-for-atc-modernization-evaluating-progress-ensuring-accountability-and-results/,"FAA’s Plan for ATC Modernization: Evaluating Progress, Ensuring Accountability and Results - U.S. Senate Committee on Commerce, Science, & Transportation",1,1
337840,https://www.judiciary.senate.gov/committee-activity/hearings/impeachment-holding-rogue-judges-accountable-01-07-2026,Impeachment: Holding Rogue Judges Accoun...,3,4
337860,https://www.judiciary.senate.gov/committee-activity/hearings/the-truth-revealed-hidden-facts-regarding-nazis-and-swiss-banks,The Truth Revealed: Hidden Facts Regardi...,4,36
337862,https://www.epw.senate.gov/public/index.cfm/hearings?ID=B97EF9B8-F5C7-47DA-B39A-AB2B7107A865,"Hearing to Examine the Federal Environmental Review and Permitting Processes, Part II - Hearings - U.S. Senate Committee on Environment and Public Works",5,8
337863,https://www.help.senate.gov/hearings/protecting-women-exposing-the-dangers-of-chemical-abortion-drugs,Protecting Women: Exposing the Dangers o...,3,3
337864,https://www.aging.senate.gov/hearings/made-in-china-paid-by-seniors-stopping-the-surge-of-international-scams,"Made in China, Paid by Seniors: Stopping...",4,7
337866,https://www.sbc.senate.gov/public/index.cfm/hearings?ID=0BECEBA6-B739-426D-B3F0-D8F92ADA921A,Growing the Small Business Agricultural Economy - Hearings - U.S. Committee on Small Business & Entrepreneurship,4,4
337870,https://www.judiciary.senate.gov/committee-activity/hearings/bidens-afghan-parolee-program_a-trojan-horse-with-flawed-vetting-and-deadly-consequences-01-14-2026,Biden’s Afghan Parolee Program – A Troja...,8,11
337872,https://www.armed-services.senate.gov/hearings/to-consider-the-nominations-of-lieutenant-general-francis-l-donovan-usmc-to-be-general-and-commander-united-states-southern-command-and-lieutenant-general-joshua-m-rudd-usa-to-be-general-and-director-national-security-agency/chief-central-security-service/commander-united-states-cyber-command,To consider the nominations of: Lieutena...,2,3
337874,https://www.commerce.senate.gov/meetings/chairman-cruz-announces-kids-screen-time-hearing/,"Plugged Out: Examining the Impact of Technology on America’s Youth - U.S. Senate Committee on Commerce, Science, & Transportation",4,4
337900,https://www.commerce.senate.gov/meetings/evaluating-progress-after-historic-investments-in-the-u-s-coast-guard/,"The Fleet We Funded: Assessing Coast Guard Force Laydown on the Heels of Historic Investment - U.S. Senate Committee on Commerce, Science, & Transportation",1,1
337924,https://www.commerce.senate.gov/meetings/date-change-evaluating-progress-reauthorization-of-the-federal-public-safety-communications-system/,"On the Front Lines of Connectivity: Examining FirstNet’s Role in Public Safety - U.S. Senate Committee on Commerce, Science, & Transportation",4,4
337925,https://www.judiciary.senate.gov/committee-activity/hearings/arctic-frost-accountability-oversight-of-telecommunications-carriers-responses-to-jack-smiths-witch-hunt,DATE CHANGE: Arctic Frost Accountability...,5,10
337926,https://www.help.senate.gov/hearings/empowering-families-through-educational-choice-in-america,Empowering Families Through Educational ...,3,3
337928,https://www.armed-services.senate.gov/hearings/to-receive-testimony-on-the-departments-cyber-force-generation-plan-and-the-associated-implementation-plan,To receive testimony on the Department’s...,3,5
337929,https://www.veterans.senate.gov/2026/1/building-a-21st-century-va-health-care-system-assessing-efforts-to-restructure-the-veterans-health-administration,Building a 21st Century VA Health Care System: Assessing Efforts to Restructure...,1,1
337930,https://www.judiciary.senate.gov/committee-activity/hearings/review-and-reform-the-foreign-intelligence-surveillance-act-and-executive-accountability,Review and Reform: The Foreign Intellige...,3,6
337932,https://www.hsgac.senate.gov/subcommittees/investigations/hearings/one-year-after-disaster-experts-weigh-in-on-the-palisades-fire/,One Year After Disaster: Experts Weigh in on the Palisades Fire - Committee on Homeland Security & Governmental Affairs,3,0
337933,https://www.indian.senate.gov/hearings/legislative-hearing-titled-justice-and-safety-for-native-children-examining-title-ii-of-the-draft-native-childrens-commission-implementation-act/,"Legislative Hearing titled “Justice and Safety for Native Children: Examining Title II of the Draft Native Children’s Commission Implementation Act"" - Indian Affairs Committee",0,1
337934,https://www.foreign.senate.gov/hearings/us-policy-towards-venezuela,Hearing: [2026-01-28] U.S. POLICY TOWARDS VENEZUELA,1,1
337935,https://www.commerce.senate.gov/meetings/examining-the-impact-of-ticket-sales-practices-and-bot-resales-on-concert-fans/,"Fees Rolled on All Summer Long: Examining the Live Entertainment Industry - U.S. Senate Committee on Commerce, Science, & Transportation",4,4
337937,https://www.aging.senate.gov/hearings/truth-in-labeling-americans-deserve-to-know-where-their-drugs-come-from,Truth in Labeling: Americans Deserve to ...,4,7
337940,https://www.help.senate.gov/hearings/modernizing-the-national-institutes-of-health-faster-discoveries-more-cures,Modernizing the National Institutes of H...,1,1
337941,https://www.judiciary.senate.gov/committee-activity/hearings/examining-the-competitive-impact-of-the-proposed-netflix-warner-brothers-transaction,Examining the Competitive Impact of the ...,2,4
337943,https://www.armed-services.senate.gov/hearings/to-receive-testimony-on-strategic-competition-in-an-unconstrained-post-new-start-treaty-environment,To receive testimony on strategic compet...,3,2
337944,https://www.armed-services.senate.gov/hearings/to-receive-testimony-from-the-senior-enlisted-leaders-on-servicemember-and-family-quality-of-life,To receive testimony from the Senior Enl...,5,7
337946,https://www.foreign.senate.gov/hearings/countering-terrorism-in-north-africa-opportunities-and-challenges,Hearing: [2026-02-03] COUNTERING TERRORISM IN NORTH AFRICA:...,2,2
337947,https://www.veterans.senate.gov/2026/2/independent-spirits-veteran-health-healing-through-adaptive-sports,Independent Spirits: Veteran Health & Healing through Adaptive Sports - U.S. Sen...,4,6
337949,https://www.judiciary.senate.gov/committee-activity/hearings/nominations-02-04-2026,Nominations,5,24
337950,https://www.epw.senate.gov/public/index.cfm/hearings?ID=A196FB05-2749-40B1-98EA-F6DF28A3E59C,Hearing to Identify and Address Cybersecurity Challenges to Protect America’s Water Infrastructure - Hearings - U.S. Senate Committee on Environment and Public Works,3,6
337952,https://www.commerce.senate.gov/meetings/hit-the-road-mac-the-future-of-self-driving-cars/,"Hit the Road, Mac: The Future of Self-Driving Cars - U.S. Senate Committee on Commerce, Science, & Transportation",4,4
337953,https://www.judiciary.senate.gov/committee-activity/hearings/somali-scammers-fighting-fraud-in-minnesota-and-beyond-02-04-2026,Somali Scammers: Fighting Fraud in Minne...,3,4
337954,https://www.foreign.senate.gov/hearings/a-pathway-to-european-energy-security,Hearing: [2026-02-04] A PATHWAY TO EUROPEAN ENERGY SECURITY,2,3
337955,https://www.help.senate.gov/hearings/on-track-for-secure-retirement-examining-the-success-ofthe-railroad-retirement-board,On Track for Secure Retirement: Examinin...,2,2
337957,https://www.banking.senate.gov/hearings/the-financial-stability-oversight-councils-annual-report-to-congress,hearing,1,1
337961,https://www.indian.senate.gov/hearings/oversight-hearing-entitled-economic-self-determination-in-action-examining-the-small-business-administration-native-8a-program/,Oversight Hearing entitled “Economic Self-Determination in Action: Examining the Small Business Administration Native 8(a) Program” - Indian Affairs Committee,0,0
337962,https://www.appropriations.senate.gov/hearings/a-review-of-broadband-deployment-funding-at-the-department-of-commerce,Hearing,1,1
337963,https://www.appropriations.senate.gov/hearings/haiti-2026-security-and-foreign-assistance-priorities,Hearing,2,2
337964,https://www.hsgac.senate.gov/subcommittees/dmdcc/hearings/examining-fraud-in-state-and-federal-programs/,Examining Fraud and Foreign Influence in State and Federal Programs - Committee on Homeland Security & Governmental Affairs,3,0
337966,https://www.commerce.senate.gov/meetings/we-interrupt-this-program-media-ownership-in-the-digital-age/,"We Interrupt This Program: Media Ownership in the Digital Age - U.S. Senate Committee on Commerce, Science, & Transportation",4,4
337967,https://www.judiciary.senate.gov/committee-activity/hearings/somali-fraud-in-minnesota_the-tip-of-the-iceberg,Somali Fraud in Minnesota – The Tip of t...,6,7
337969,https://www.veterans.senate.gov/2026/2/building-a-21st-century-va-health-care-system-assessing-the-next-generation-of-va-s-community-care-network,Building a 21st Century VA Health Care System: Assessing the Next Generation of...,2,2
337970,https://www.aging.senate.gov/hearings/the-doctor-is-out-how-washingtons-rules-drove-physicians-out-of-medicine,The Doctor Is Out: How Washington’s Rule...,4,7
337973,https://www.help.senate.gov/hearings/restoring-integrity-preventing-fraud-in-child-care-assistance-programs,Restoring Integrity: Preventing Fraud in...,3,3
337975,https://www.finance.senate.gov/hearings/the-us-mexico-canada-agreement-evaluating-north-american-competitiveness,[2026-02-12] Hearing: The U.S.-Mexico-Canada Agreement: Evaluating North American Competitiveness,4,6
337976,https://www.energy.senate.gov/hearings/hearings-public-lands-forests-and-mining-subcommittee-to-receive-testimony-on-pending-legislation/,"Public Lands, Forests, and Mining Subcommittee to Receive Testimony on Pending Legislation – U.S. Senate Committee on Energy and Natural Resources",0,8
337977,https://www.banking.senate.gov/hearings/02/05/2026/oversight-of-the-us-securities-and-exchange-commission,hearing,1,1
337982,https://www.foreign.senate.gov/hearings/nominations-02-12-2026,Hearing: [2026-02-12] NOMINATIONS,4,5
337984,https://www.armed-services.senate.gov/hearings/to-consider-the-nominations-of_mr-mark-r-ditlevson-to-be-assistant-secretary-of-defense-for-homeland-defense-and-americas-security-affairs-and--honorable-brian-d-birdwell-to-be-assistant-secretary-of-defense-for-sustainment,To consider the nominations of: Mr. Mark...,2,3
338000,https://www.veterans.senate.gov/2026/2/legislative-presentation-of-disabled-american-veterans-multi-vsos-military-officers-association-of-america-blue-star-families-vietnam-veterans-of-america-national-congress-of-american-indians-service-women-s-action-network-gold-star-wives-of-america-inc-black-veterans-project,Legislative Presentation of Disabled American Veterans & Multi VSOs: Military...,8,15
338001,https://www.veterans.senate.gov/2026/3/presentation-of,"Legislative Presentation of VFW & Multi VSOs: Student Veterans of America, Jewis...",7,18
338002,https://www.veterans.senate.gov/2026/3/legislative-presentation-of-the-american-legion-multi-vsos-paralyzed-veterans-of-america-amvets-national-association-of-state-directors-of-veterans-affairs-wounded-warrior-project-tragedy-assistance-program-for-survivors-national-guard-association-of-the-united-states-mission-roll-call,Legislative Presentation of The American Legion & Multi VSOs: Paralyzed Vetera...,8,21
338004,https://www.armed-services.senate.gov/hearings/to-receive-testimony-on-rebuilding-american-critical-minerals-supply-chains,To receive testimony on rebuilding Ameri...,2,2
338007,https://www.epw.senate.gov/public/index.cfm/hearings?ID=6D3E80B8-C3ED-410B-A8D8-3E8DB5D15B84,"Hearing to Examine the Water Resources Development Act of 2026 and U.S. Army Corps of Engineers Projects, Programs, and Priorities - Hearings - U.S. Senate Committee on Environment and Public Works",2,5
338008,https://www.sbc.senate.gov/public/index.cfm/hearings?ID=315C62AA-4E31-4537-A2F8-DDD4B58C0FA5,From Fraud to Recovery: Restoring Integrity in Small Business Programs - Hearings - U.S. Committee on Small Business & Entrepreneurship,2,2
338009,https://www.judiciary.senate.gov/committee-activity/hearings/nominations-02-25-2026,Nominations,1,2
338013,https://www.aging.senate.gov/hearings/from-regulator-to-roadblock-how-fda-bureaucracy-stifles-innovation,From Regulator to Roadblock: How FDA Bur...,4,7
338016,https://www.banking.senate.gov/hearings/02/19/2026/update-from-the-prudential-regulators-rightsizing-regulation-to-promote-american-opportunity,hearing,4,4
338020,https://www.judiciary.senate.gov/committee-activity/hearings/oversight-of-the-department-of-homeland-security-03-03-2026,Oversight of the Department of Homeland ...,1,1
338021,https://www.judiciary.senate.gov/committee-activity/hearings/lost-and-exploited-confronting-child-trafficking-and-the-failure-to-protect-americas-most-vulnerable,TIME CHANGE: Lost and Exploited: Confron...,5,5
338022,https://www.commerce.senate.gov/meetings/less-hype-more-help-ai-that-improves-safety-productivity-and-care/,"Less Hype, More Help: AI That Improves Safety, Productivity, and Care - U.S. Senate Committee on Commerce, Science, & Transportation",4,0
338024,https://www.indian.senate.gov/hearings/oversight-hearing-on-examining-federal-policies-governing-indian-water-rights-settlements-and-legislative-hearing-to-receive-testimony-on-s-953-northeastern-arizona-indian-water-r/,"Oversight Hearing on “Examining Federal Policies Governing Indian Water Rights Settlements,” and Legislative Hearing to receive testimony on S. 953, Northeastern Arizona Indian Water Rights Settlement Act of 2025 - Indian Affairs Committee",0,0
338027,https://www.armed-services.senate.gov/hearings/02/25/2026/to-receive-testimony-on-the-current-readiness-of-the-joint-force,To receive testimony on the current read...,6,7
338031,https://www.help.senate.gov/hearings/transforming-health-care-with-data-improving-patient-outcomes-through-next-generation-care,Transforming Health Care with Data: Impr...,1,1
338036,https://www.armed-services.senate.gov/hearings/to-receive-testimony-on-the-american-small-drone-industrial-base,To receive testimony on the American sma...,3,4
338037,https://www.foreign.senate.gov/hearings/nominations-03-05-2026,Hearing: [2026-03-05] NOMINATIONS,5,6
338039,https://www.budget.senate.gov/hearings/postponed-sanctuary-cities-the-cost-of-undermining-law-and-order,Hearing,5,5
338040,https://www.judiciary.senate.gov/committee-activity/hearings/protecting-american-citizenship-birthright-citizenship-for-illegal-aliens-and-tourists-03-10-2026,Protecting American Citizenship: Birthri...,5,5
338041,https://www.finance.senate.gov/hearings/the-fiscal-outlook-2027-2036,[2026-03-11] Hearing: The Fiscal Outlook: 2027-2036,3,5
338042,https://www.agriculture.senate.gov/hearings/increasing-domestic-consumption-of-us-grown-agricultural-products,Increasing Domestic Consumption of U.S.-...,6,7
338043,https://www.aging.senate.gov/hearings/foreign-dependence-how-china-captured-americas-drug-supply,Foreign Dependence: How China Captured A...,4,6
338044,https://www.sbc.senate.gov/public/index.cfm/hearings?ID=5BA6F3C9-FD3C-46E0-B724-C891FFF71D57,Main Street’s Top Dog: Growing the Small Business Pet Economy - Hearings - U.S. Committee on Small Business & Entrepreneurship,3,3
338047,https://www.help.senate.gov/hearings/transparency-and-trust-exposing-malign-foreign-influence-in-higher-education,Transparency and Trust: Exposing Malign ...,3,3
338055,https://www.commerce.senate.gov/meetings/u-s-leadership-at-the-world-radiocommunication-conference-2027-strategy-and-challenges-ahead-of-shanghai/,"U.S. Leadership at the World Radiocommunication Conference 2027: Strategy and Challenges Ahead of Shanghai - U.S. Senate Committee on Commerce, Science, & Transportation",4,5
338059,https://www.hsgac.senate.gov/hearings/nomination-of-the-honorable-markwayne-mullin-to-be-secretary-u-s-department-of-homeland-security/,"Nomination of the Honorable Markwayne Mullin to be Secretary, U.S. Department of Homeland Security - Committee on Homeland Security & Governmental Affairs",0,0
338060,https://www.energy.senate.gov/hearings/hearings-water-and-power-subcommittee-to-receive-testimony-on-pending-legislation/,Water and Power Subcommittee to Receive Testimony on Pending Legislation – U.S. Senate Committee on Energy and Natural Resources,0,2
338063,https://www.commerce.senate.gov/meetings/liability-or-deniability-platform-power-as-section-230-turns-30/,"Liability or Deniability? Platform Power as Section 230 Turns 30 - U.S. Senate Committee on Commerce, Science, & Transportation",4,4
338064,https://www.epw.senate.gov/public/index.cfm/hearings?ID=2686AF93-9759-4611-B97E-7CCACC408F24,Hearing Examining the Challenges and Opportunities with Implementing the Endangered Species Act - Hearings - U.S. Senate Committee on Environment and Public Works,3,5
338065,https://www.energy.senate.gov/hearings/hearings-full-committee-hearing-to-examine-the-department-of-energys-implementation-of-president-trumps-may-2025-nuclear-energy-executive-orders/,Full Committee Hearing to Examine the Department of Energy’s Implementation of President Trump’s May 2025 Nuclear Energy Executive Orders – U.S. Senate Committee on Energy and Natural Resources,0,3
338081,https://www.foreign.senate.gov/hearings/arms-control-and-transforming-international-security-functions-at-the-state-department,Hearing: [2026-03-24] ARMS CONTROL AND TRANSFORMING INTERNATIONAL...,1,1
338082,https://www.judiciary.senate.gov/committee-activity/hearings/arctic-frost-a-modern-watergate,Arctic Frost: A Modern Watergate,3,5
338083,https://www.aging.senate.gov/hearings/experience-matters-seniors-and-the-workforce,Experience Matters: Seniors and the Work...,4,7
338084,https://www.judiciary.senate.gov/committee-activity/hearings/nominations-03-25-2026,Nominations,4,14
338085,https://www.budget.senate.gov/hearings/social-security-a-discussion-on-the-facts-and-the-path-forward,Hearing,5,6
338087,https://www.energy.senate.gov/hearings/hearings-full-committee-hearing-to-examine-the-state-of-the-bulk-power-system/,Full Committee Hearing to Examine the State of the Bulk Power System – U.S. Senate Committee on Energy and Natural Resources,0,3
338089,https://www.judiciary.senate.gov/committee-activity/hearings/protecting-american-citizenship-ii-federalism-sanctuary-cities-and-the-rule-of-law,Protecting American Citizenship II: Fede...,5,7
338093,https://www.help.senate.gov/hearings/dont-fumble-their-future-positioning-student-athletes-for-success-in-school-and-beyond,Don't Fumble Their Future: Positioning S...,5,5
338098,https://www.foreign.senate.gov/hearings/nominations-03-26-2026,Hearing: [2026-03-26] NOMINATIONS,3,4
338140,https://www.energy.senate.gov/hearings/hearings-subcommittee-on-energy-to-receive-testimony-on-pending-legislation/,Subcommittee on Energy to Receive Testimony on Pending Legislation – U.S. Senate Committee on Energy and Natural Resources,0,2
338141,https://www.veterans.senate.gov/2026/4/programs-for-justice-involved-veterans,Programs for Justice-Involved Veterans - U.S. Senate Committee on Veterans' Affa...,7,8
338142,https://www.budget.senate.gov/hearings/-the-presidents-fiscal-year-2027-budget-proposal,Hearing,1,2
338143,https://www.hsgac.senate.gov/hearings/the-second-amendment/,The Second Amendment - Committee on Homeland Security & Governmental Affairs,3,0
338144,https://www.commerce.senate.gov/meetings/oversight-of-the-federal-trade-commission-04-15-2026/,"Oversight of the Federal Trade Commission - U.S. Senate Committee on Commerce, Science, & Transportation",2,1
338145,https://www.epw.senate.gov/public/index.cfm/hearings?ID=6DCA4A6B-B7E6-49D0-A59C-C99B2A1B3DE9,Hearing Examining Restoration Efforts in the Great Lakes Region - Hearings - U.S. Senate Committee on Environment and Public Works,3,6
338146,https://www.aging.senate.gov/hearings/empowering-seniors-through-financial-literacy-tools-to-protect-savings-prevent-fraud-and-promote-independence,Empowering Seniors through Financial Lit...,4,7
338147,https://www.appropriations.senate.gov/hearings/a-review-of-the-fiscal-year-2027-budget-requests-for-the-congressional-budget-office-government-publishing-office-and-the-government-accountability-office,Hearing,3,3
338148,https://www.judiciary.senate.gov/committee-activity/hearings/nominations-04-15-2026,Nominations,4,34
338151,https://www.help.senate.gov/hearings/making-medicines-more-affordable-how-competition-can-lower-drug-prices,Making Medicines More Affordable: How Co...,3,3
338152,https://www.foreign.senate.gov/hearings/nominations-04-16-2026,Hearing: [2026-04-16] NOMINATIONS,5,6
338156,https://www.finance.senate.gov/hearings/the-presidents-fiscal-year-2027-irs-budget-and-the-irs-2026-filing-season,[2026-04-15] Hearing: IRS 2026 Filing Season and IRS Operations,1,3
338160,https://www.energy.senate.gov/hearings/hearings-full-committee-hearing-to-examine-the-presidents-budget-request-for-the-department-of-energy-for-fiscal-year-2027/,Full Committee Hearing to Examine the President’s Budget Request for the Department of Energy for Fiscal Year 2027 – U.S. Senate Committee on Energy and Natural Resources,0,1
338161,https://www.armed-services.senate.gov/hearings/to-receive-testimony-on-the-department-of-energys-atomic-energy-defense-activities-and-department-of-defense-nuclear-weapons-programs-in-review-of-the-defense-authorization-request-for-fiscal-year-2027-and-the-future-years-defense-program,To receive testimony on the Department o...,7,6
338163,https://www.banking.senate.gov/hearings/04/14/2026/nomination-hearing,hearing,1,1
338164,https://www.armed-services.senate.gov/hearings/to-receive-testimony-on-maritime-unmanned-surface-vessels,To receive testimony on maritime unmanne...,2,1
338200,https://www.appropriations.senate.gov/hearings/a-review-of-the-presidents-fiscal-year-2027-budget-request-for-the-department-of-health-and-human-services,Hearing,1,1
338220,https://www.judiciary.senate.gov/committee-activity/hearings/arctic-frost-conspiracy-and-coordination-against-president-trump-and-the-american-right,Arctic Frost: Conspiracy and Coordinatio...,3,4
338240,https://www.foreign.senate.gov/hearings/the-us-approach-to-counterterrorism-in-africa,Hearing: [2026-04-21] THE U.S. APPROACH TO COUNTERTERRORISM IN AFRICA...,2,2
338241,https://www.appropriations.senate.gov/hearings/a-review-of-the-presidents-fiscal-year-2027-budget-request-for-the-national-guard-and-reserves-forces,Hearing,5,5
338242,https://www.help.senate.gov/hearings/hearing-on-fiscal-year-2027-department-of-health-and-human-services-budget,Hearing on Fiscal Year 2027 Department o...,1,1
338243,https://www.appropriations.senate.gov/hearings/a-review-of-the-presidents-fiscal-year-2027-budget-request-for-the-department-of-the-treasury,Hearing,1,1
338260,https://www.appropriations.senate.gov/hearings/a-review-of-the-fiscal-year-2027-budget-requests-for-the-senate-sergeant-at-arms-and-united-states-capitol-police,Hearing,2,2
338280,https://www.appropriations.senate.gov/hearings/a-review-of-the-presidents-fiscal-year-2027-budget-request-for-the-department-of-the-interior,Hearing,1,1
338281,https://www.finance.senate.gov/hearings/the-presidents-fiscal-year-2027-department-of-health-and-human-services-budget,[2026-04-22] Hearing: The President’s Fiscal Year 2027 Department of Health and Human Services Budget,1,3
338300,https://www.appropriations.senate.gov/hearings/a-review-of-the-presidents-fiscal-year-2027-budget-request-for-the-department-of-agriculture,Hearing,1,1
338320,https://www.appropriations.senate.gov/hearings/a-review-of-the-presidents-fiscal-year-2027-budget-request-for-the-department-of-energy,Hearing,1,0
338321,https://www.commerce.senate.gov/meetings/return-to-your-corners-have-federal-boxing-laws-gone-the-distance-or-slipped-the-jab/,"Return to Your Corners: Have Federal Boxing Laws Gone the Distance or Slipped the Jab? - U.S. Senate Committee on Commerce, Science, & Transportation",4,4
338322,https://www.appropriations.senate.gov/hearings/a-review-of-the-presidents-fiscal-year-2027-budget-request-for-the-department-of-commerce,Hearing,1,1
338323,https://www.judiciary.senate.gov/committee-activity/hearings/stealth-stealing-chinas-ongoing-theft-of-us-innovation-04-22-2026,Stealth Stealing: China’s Ongoing Theft ...,3,3
338330,https://www.armed-services.senate.gov/hearings/to-receive-testimony-on-the-department-of-defense-missile-defense-activities-in-review-of-the-defense-authorization-request-for-fiscal-year-2027-and-the-future-years-defense-program,To receive testimony on the Department o...,4,4
338340,https://www.appropriations.senate.gov/hearings/a-review-of-the-presidents-fiscal-year-2027-budget-request-for-the-department-of-education,Hearing,1,1
338341,https://www.epw.senate.gov/public/index.cfm/hearings?ID=2A1BC306-F44D-45A7-898D-E968BFEA1445,Hearing to Examine the U.S. Environmental Protection Agency’s Proposed Fiscal Year 2027 Budget - Hearings - U.S. Senate Committee on Environment and Public Works,1,4
338342,https://www.appropriations.senate.gov/hearings/a-review-of-the-presidents-fiscal-year-2027-budget-request-for-the-national-aeronautics-and-space-administration,Hearing,1,1
338344,https://www.foreign.senate.gov/hearings/nominations-04-28-2026,Hearing: [2026-04-28] NOMINATIONS,4,5
338345,https://www.energy.senate.gov/hearings/hearings-full-committee-hearing-to-examine-the-presidents-budget-request-for-the-department-of-the-interior-for-fiscal-year-2027/,Full Committee Hearing to Examine the President’s Budget Request for the Department of the Interior for Fiscal Year 2027 – U.S. Senate Committee on Energy and Natural Resources,0,1
338346,https://www.sbc.senate.gov/public/index.cfm/hearings?ID=02AB38D5-12B7-411F-B3FB-7783921DCC3E,"American Entrepreneurship for 250 Years: Driving Innovation, Growth, and Opportunity - Hearings - U.S. Committee on Small Business & Entrepreneurship",4,4
338348,https://www.judiciary.senate.gov/committee-activity/hearings/nominations-04-29-2026,TIME AND ROOM CHANGE: Nominations,4,20
338351,https://www.hsgac.senate.gov/subcommittees/investigations/hearings/unmasked-how-biden-health-officials-purposely-turned-a-blind-eye-toward-covid-19-vaccine-safety-signals/,Unmasked: How Biden Health Officials Purposely Turned a Blind Eye Toward COVID-19 Vaccine Safety Signals - Committee on Homeland Security & Governmental Affairs,3,0
338352,https://www.appropriations.senate.gov/hearings/a-review-of-the-presidents-fiscal-year-2027-budget-request-for-the-national-nuclear-security-administration,Hearing,3,1
338356,https://www.appropriations.senate.gov/hearings/a-review-of-the-presidents-fiscal-year-2027-budget-request-for-the-department-of-veterans-affairs,Hearing,1,1
338357,https://www.appropriations.senate.gov/hearings/a-review-of-the-presidents-fiscal-year-2027-budget-request-for-the-united-states-forest-service,Hearing,1,1
338364,https://www.armed-services.senate.gov/hearings/to-receive-testimony-on-department-of-defense-personnel-policies-and-programs-in-review-of-the-defense-authorization-request-for-fiscal-year-2027-and-the-future-years-defense-program,To receive testimony on Department of De...,4,5
338367,https://www.commerce.senate.gov/meetings/no-sure-bets-protecting-sports-integrity-in-america/,"No Sure Bets: Protecting Sports Integrity in America - U.S. Senate Committee on Commerce, Science, & Transportation",5,5
338380,https://www.appropriations.senate.gov/hearings/a-review-of-the-fiscal-year-2027-budget-requests-for-the-architect-of-the-capitol-and-library-of-congress,Hearing,2,2
338381,https://www.armed-services.senate.gov/hearings/to-receive-testimony-on-air-force-modernization-in-review-of-the-defense-authorization-request-for-fiscal-year-2027-and-the-future-years-defense-program,To receive testimony on Air Force modern...,3,3
338382,https://www.appropriations.senate.gov/hearings/a-review-of-the-presidents-fiscal-year-2027-budget-request-for-the-federal-bureau-of-investigation-the-drug-enforcement-administration-the-united-states-marshals-service-and-the-bureau-of-alcohol-tobacco-firearms-and-explosives,Hearing,4,4
338383,https://www.judiciary.senate.gov/committee-activity/hearings/oversight-of-the-us-copyright-office-05-12-2026,Oversight of the U.S. Copyright Office,1,1
338384,https://www.agriculture.senate.gov/hearings/perspectives-on-the-fertilizer-industry-ensuring-a-stable-and-affordable-supply-for-american-producers,Perspectives on the Fertilizer Industry:...,5,6
338387,https://www.veterans.senate.gov/2026/5/protecting-those-who-served-a-review-of-va-police-operations,Protecting Those Who Served: A Review of VA Police Operations - U.S. Senate Com...,3,3
338388,https://www.hsgac.senate.gov/hearings/whistleblower-testimony-on-the-covid-coverup/,Whistleblower Testimony on the COVID Coverup - Committee on Homeland Security & Governmental Affairs,1,0
338389,https://www.aging.senate.gov/hearings/caught-in-the-middle-supporting-families-in-the-sandwich-generation,Caught in the Middle: Supporting Familie...,5,8
338391,https://www.appropriations.senate.gov/hearings/a-review-of-the-presidents-fiscal-year-2027-budget-request-for-the-environmental-protection-agency,Hearing,1,1
338392,https://www.commerce.senate.gov/meetings/preventing-future-collisions-evaluation-of-faa-safety-measures-from-the-dca-crash/,"Preventing Future Collisions: Evaluation of FAA Safety Measures from the DCA Crash - U.S. Senate Committee on Commerce, Science, & Transportation",1,1
338393,https://www.epw.senate.gov/public/index.cfm/hearings?ID=EBEB12C2-773C-4F8A-8CA1-9A7A950FA383,Hearing to Examine the U.S. Nuclear Regulatory Commission’s Proposed Fiscal Year 2027 Budget - Hearings - U.S. Senate Committee on Environment and Public Works,5,8
338394,https://www.energy.senate.gov/hearings/hearings-full-committee-hearing-to-examine-the-presidents-budget-request-for-the-united-states-forest-service-for-fiscal-year-2027/,Full Committee Hearing to Examine the President’s Budget Request for the United States Forest Service for Fiscal Year 2027 – U.S. Senate Committee on Energy and Natural Resources,0,1
338395,https://www.appropriations.senate.gov/hearings/a-review-of-the-presidents-fiscal-year-2027-budget-request-for-the-general-services-administration,Hearing,1,1
338396,https://www.judiciary.senate.gov/committee-activity/hearings/from-the-courtroom-to-congress-why-landmark-social-media-verdicts-demand-federal-action-to-protect-kids-online,From the Courtroom to Congress: Why Land...,4,6
338399,https://www.appropriations.senate.gov/hearings/a-review-of-the-presidents-fiscal-year-2027-budget-request-for-the-us-department-of-housing-and-urban-development,Hearing,1,1
338400,https://www.appropriations.senate.gov/hearings/a-review-of-the-presidents-fiscal-year-2027-budget-request-for-military-construction-and-family-housing,Hearing,6,5
338402,https://www.appropriations.senate.gov/hearings/a-review-of-the-presidents-fiscal-year-2027-budget-request-for-the-department-of-defense,Hearing,2,2
338405,https://www.judiciary.senate.gov/committee-activity/hearings/enforcing-callais-implementing-the-supreme-courts-command-against-racial-gerrymandering,Enforcing Callais: Implementing the Supr...,3,6
338406,https://www.appropriations.senate.gov/hearings/a-review-of-the-presidents-fiscal-year-2027-budget-request-for-the-department-of-transportation,Hearing,1,1
338407,https://www.appropriations.senate.gov/hearings/a-review-of-the-presidents-fiscal-year-2027-budget-request-for-the-department-of-labor,Hearing,1,1
338409,https://www.appropriations.senate.gov/hearings/a-review-of-the-presidents-fiscal-year-2027-budget-request-for-the-department-of-justice,Hearing,1,1
338410,https://www.appropriations.senate.gov/hearings/a-review-of-the-presidents-fiscal-year-2027-budget-request-for-the-army,Hearing,2,2
338411,https://www.armed-services.senate.gov/hearings/to-receive-testimony-on-the-science-and-technology-priorities-in-review-of-the-defense-authorization-request-for-fiscal-year-2027-and-the-future-years-defense-program,To receive testimony on the science and ...,4,4
338412,https://www.aging.senate.gov/hearings/preventing-falls-preserving-independence-technology-community-programs-and-innovation-in-senior-safety,"Preventing Falls, Preserving Independenc...",3,5
338413,https://www.help.senate.gov/hearings/meeting-the-individual-needs-of-all-students-the-role-of-charter-schools,Meeting the Individual Needs of All Stud...,3,3
338415,https://www.veterans.senate.gov/2026/5/review-of-the-fiscal-year-2027-budget-and-2028-advance-appropriations-requests-for-the-department-of-veterans-affairs,Review of the Fiscal Year 2027 Budget and 2028 Advance Appropriations Requests...,1,1
338416,https://www.sbc.senate.gov/public/index.cfm/hearings?ID=85ABB69A-8C98-42C1-8208-8FF52D9CC179,Blowing the Whistle: Inside the Grift that Keeps Giving - Hearings - U.S. Committee on Small Business & Entrepreneurship,4,4
338418,https://www.appropriations.senate.gov/hearings/a-review-of-the-presidents-fiscal-year-2027-budget-request-for-the-us-army-corps-of-engineers-and-the-bureau-of-reclamation,Hearing,3,3
338419,https://www.judiciary.senate.gov/committee-activity/hearings/nominations-05-20-2026,Nominations,3,21
338422,https://www.foreign.senate.gov/hearings/nominations-05-20-2026,Hearing: [2026-05-20] NOMINATIONS,5,6
338423,https://www.appropriations.senate.gov/hearings/a-review-of-the-presidents-fiscal-year-2027-budget-request-for-the-navy,Hearing,3,3
338427,https://www.help.senate.gov/hearings/protecting-our-children-exposing-the-dangers-of-irreversible-gender-transition-procedures-on-minors,Protecting Our Children: Exposing the Da...,3,3
338440,https://www.appropriations.senate.gov/hearings/a-review-of-the-presidents-fiscal-year-2027-budget-request-for-the-national-institutes-of-health,Hearing,6,1
338500,https://www.appropriations.senate.gov/hearings/a-review-of-the-presidents-fiscal-year-2027-budget-request-for-the-department-of-homeland-security,Hearing,2,1
338501,https://www.agriculture.senate.gov/hearings/oversight-of-the-united-states-forest-service,Oversight of the United States Forest Se...,1,1
338503,https://www.commerce.senate.gov/meetings/the-blue-economy-advancing-american-fisheries-maritime-strength-and-coastal-economies/,"The Blue Economy: Advancing American Fisheries, Maritime Strength, and Coastal Economies - U.S. Senate Committee on Commerce, Science, & Transportation",4,4
338504,https://www.epw.senate.gov/public/index.cfm/hearings?ID=040CF232-1FC8-44CD-9392-A1833A900719,Hearing to Examine the Federal Highway Administration’s Proposed Fiscal Year 2027 Budget - Hearings - U.S. Senate Committee on Environment and Public Works,1,4
338505,https://www.sbc.senate.gov/public/index.cfm/hearings?ID=4BBE60DF-BCA9-4E18-8E45-13D4D8250CBE,Examining the Burden of Federal Benefits Cliffs on Small Businesses and Workers - Hearings - U.S. Committee on Small Business & Entrepreneurship,4,4
338506,https://www.finance.senate.gov/hearings/the-presidents-fiscal-year-2027-budget-for-the-department-of-the-treasury,[2026-06-03] Hearing: The President’s Fiscal Year 2027 Budget for the Department of the Treasury,1,3
338507,https://www.judiciary.senate.gov/committee-activity/hearings/protecting-american-citizenship-iii-denaturalization-and-its-constitutional-limits-06-03-2026,Protecting American Citizenship III: Den...,3,6
338508,https://www.veterans.senate.gov/2026/6/hearing-to-consider-pending-nominations,Hearing to Consider Pending Nominations - U.S. Senate Committee on Veterans' Aff...,2,3
338509,https://www.indian.senate.gov/hearings/legislative-hearing-to-receive-testimony-on-several-bills/,Legislative Hearing to receive testimony on several bills - Indian Affairs Committee,0,0
338510,https://www.hsgac.senate.gov/subcommittees/investigations/hearings/plausible-mechanisms-of-covid-19-injections-causing-cancer-and-attacks-on-scientific-publications/,Plausible Mechanisms of COVID-19 Injections Causing Cancer and Attacks on Scientific Publications and Research - Committee on Homeland Security & Governmental Affairs,7,0
338511,https://www.appropriations.senate.gov/hearings/a-review-of-the-presidents-fiscal-year-2027-budget-request-for-the-department-of-state,Hearing,1,0
338512,https://www.aging.senate.gov/hearings/poisoned-pills-the-human-cost-of-dangerous-foreign-drugs,Poisoned Pills: The Human Cost of Danger...,4,6
338524,https://www.commerce.senate.gov/meetings/protecting-college-sports-supporting-student-athletes-restoring-fair-competition-and-saving-the-games-fans-love/,"Protecting College Sports: Supporting Student Athletes, Restoring Fair Competition, and Saving the Games Fans Love - U.S. Senate Committee on Commerce, Science, & Transportation",5,5
338541,https://www.commerce.senate.gov/meetings/the-need-for-speed-how-technological-advances-are-driving-transportation-innovation/,"The Need for Speed: How Technological Advances are Driving Transportation Innovation - U.S. Senate Committee on Commerce, Science, & Transportation",4,4
338542,https://www.agriculture.senate.gov/hearings/oversight-of-the-us-department-of-agriculture-06-10-2026,Oversight of the U.S. Department of Agri...,1,1
338543,https://www.help.senate.gov/hearings/nominations-of-brett-matsumoto-to-be-commissioner-of-labor-statistics-department-of-labor-james-macy-to-be-a-member-of-the-national-labor-relations-board-and-david-prouty-to-be-a-member-of-the-national-labor-relations-board,Nominations of Brett Matsumoto to be Com...,3,3
338544,https://www.judiciary.senate.gov/committee-activity/hearings/nominations-06-10-2026,Nominations,5,43
338545,https://www.appropriations.senate.gov/hearings/a-review-of-the-presidents-fiscal-year-2027-budget-request-for-the-department-of-the-air-force,Hearing,3,0
338547,https://www.epw.senate.gov/public/index.cfm/hearings?ID=4E49AF33-361C-41DF-A751-FED4D912AE62,Hearing Examining the U.S. Fish and Wildlife Service’s Proposed Fiscal Year 2027 Budget - Hearings - U.S. Senate Committee on Environment and Public Works,1,4
338552,https://www.banking.senate.gov/hearings/ai-and-the-american-dream-promoting-innovation-affordability-and-american-dominance,hearing,4,4
338560,https://www.armed-services.senate.gov/hearings/to-receive-testimony-on-army-force-modernization-in-review-of-the-defense-authorization-request-for-fiscal-year-2027-and-the-future-years-defense-program,To receive testimony on Army force moder...,2,1
338561,https://www.budget.senate.gov/hearings/the-nomination-of-mr-hal-duncan-of-texas-to-be-deputy-director-of-the-office-of-management-and-budget,Hearing,1,2
338562,https://www.help.senate.gov/hearings/the-future-of-k-12-education-in-the-age-of-artificial-intelligence,The Future of K-12 Education in the Age ...,3,3
338565,https://www.hsgac.senate.gov/hearings/nominations-14/,Nominations - Committee on Homeland Security & Governmental Affairs,10,0
338568,https://www.aging.senate.gov/hearings/counting-the-cost-communist-chinas-toll-on-older-americans-health-finances-and-security,Counting the Cost: Communist China's Tol...,4,6
338569,https://www.sbc.senate.gov/public/index.cfm/hearings?ID=1B99B3CF-E009-4B3E-B6D4-56F86D8C2C33,250 Years of Main Street: Retail to Research - Hearings - U.S. Committee on Small Business & Entrepreneurship,4,4
338570,https://www.energy.senate.gov/hearings/hearings-hearing-to-examine-the-state-of-the-us-territories/,Hearing to Examine the State of the U.S. Territories – U.S. Senate Committee on Energy and Natural Resources,0,5
338575,https://www.foreign.senate.gov/hearings/nominations-06-18-2026,Hearing: [2026-06-18] NOMINATIONS,5,6
338577,https://www.hsgac.senate.gov/hearings/nominations-15/,Nominations - Committee on Homeland Security & Governmental Affairs,8,0
338578,https://www.commerce.senate.gov/meetings/close-calls-improving-safety-across-the-national-airspace-system/,"Close Calls: Improving Safety Across the National Airspace System - U.S. Senate Committee on Commerce, Science, & Transportation",4,4
338580,https://www.banking.senate.gov/hearings/the-affordability-agenda,hearing,4,4
338581,https://www.energy.senate.gov/hearings/hearings-full-committee-hearing-to-consider-pending-nominations/,Full Committee Hearing to Consider Pending Nominations – U.S. Senate Committee on Energy and Natural Resources,0,3
338582,https://www.hsgac.senate.gov/hearings/reforming-the-u-s-postal-services-broken-business-model/,Reforming the U.S. Postal Service’s Broken Business Model - Committee on Homeland Security & Governmental Affairs,1,0
338584,https://www.indian.senate.gov/hearings/nomination-hearing-to-consider-mark-cruz-to-be-director-of-the-indian-health-service-department-of-health-and-human-services/,"Nomination Hearing to consider Mark Cruz to be Director of the Indian Health Service, Department of Health and Human Services - Indian Affairs Committee",0,0
338587,https://www.epw.senate.gov/public/index.cfm/hearings?ID=F164EDC7-F8F9-463F-805F-74B1B5265FC1,Hearing on the Nomination of Kevin Lilly to be Assistant Secretary for Fish and Wildlife of the U.S. Department of the Interior - Hearings - U.S. Senate Committee on Environment and Public Works,1,3
338600,https://www.judiciary.senate.gov/committee-activity/hearings/protecting-american-citizenship-iv-america-250-and-reclaiming-american-citizenship,TIME CHANGE: Protecting American Citizen...,3,5
338601,https://www.judiciary.senate.gov/committee-activity/hearings/nominations-06-24-2026,Nominations,3,26
338602,https://www.finance.senate.gov/hearings/the-future-of-social-security,[2026-06-24] Hearing: The Future of Social Security,3,4
338606,https://www.finance.senate.gov/hearings/hearing-to-consider-the-nominations-of-brett-doyle-of-connecticut-to-be-a-member-of-the-united-states-international-trade-commission-for-a-term-expiring-december-16-2030-vice-rhonda-k-schmidtlein-term-expired-david-foley-jr-of-virginia-to-be-a-member-of-the-united-states-international-trade-commission-for-a-term-expiring-june-16-2032-vice-amy-karpel-term-expired-samuel-negatu-of-the-district-of-columbia-to-be-a-member-of-the-united-states-international-trade-commission-for-a-term-expiring-june-16-2029-vice-f-scott-kieff-term-expired-peter-anthony-pappas-of-new-jersey-to-be-a-member-of-the-united-states-international-trade-commission-for-the-term-expiring-june-16-2035-vice-randolph-j-stayin-term-expired-and-bartholomew-thanhauser-of-new-york-to-be-a-member-of-the-united-states-international-trade-commission-for-a-term-expiring-december-16-2027-vice-david-s-johanson-term-expired,"[2026-06-25] Hearing: Hearing to Consider the Nominations of Brett Doyle, of Connecticut, to be a Member of the United States International Trade Commission for a term expiring December 16, 2030, vice Rhonda K. Schmidtlein, term expired; David Foley, Jr., of Virginia, to be a Member of the United States International Trade Commission for a term expiring June 16, 2032, vice Amy Karpel, term expired; Samuel Negatu, of the District of Columbia, to be a Member of the United States International Trade Commission for a term expiring June 16, 2029, vice F. Scott Kieff, term expired; Peter-Anthony Pappas, of New Jersey, to be a Member of the United States International Trade Commission for the term expiring June 16, 2035, vice Randolph J. Stayin, term expired; and Bartholomew Thanhauser, of New York, to be a Member of the United States International Trade Commission for a term expiring December 16, 2027, vice David S. Johanson, term expired.",5,12
338608,https://www.foreign.senate.gov/hearings/nominations-06-25-2026,Hearing: [2026-06-25] NOMINATIONS,5,6
338609,https://www.banking.senate.gov/hearings/06/18/2026/nomination-hearing,hearing,3,3
338612,https://www.armed-services.senate.gov/hearings/to-receive-testimony-on-the-tricare-pharmacy-program,To receive testimony on the TRICARE Phar...,4,5
338621,https://www.armed-services.senate.gov/hearings/to-consider-the-nominations-of-honorable-jules-w-hurst-iii-to-be-under-secretary-of-defense-comptroller-mr-richard-m-omalley-to-be-deputy-under-secretary-of-defense-for-acquisition-and-sustainment-dr-l-roger-mason-jr-to-be-director-of-the-national-reconnaissance-office-and-dr-erich-d-hernandez-baquero-to-be-assistant-secretary-of-the-air-force-for-space-acquisition-and-integration,To consider the nominations of: Honorabl...,4,9
338642,https://www.appropriations.senate.gov/hearings/a-review-of-the-fiscal-year-2027-budget-request-for-the-supreme-court-of-the-united-states,Hearing,2,1
338643,https://www.armed-services.senate.gov/hearings/to-consider-the-nomination-of_lieutenant-general-douglas-a-schiess-ussf-to-be-general-and--chief-of-space-operations----the-nominee-will-be-present,To consider the nomination of: Lieutenan...,1,2
338644,https://www.judiciary.senate.gov/committee-activity/hearings/from-genes-to-machines-the-patent-eligibility-debate,From Genes to Machines: the Patent Eligi...,4,8
338645,https://www.foreign.senate.gov/hearings/the-national-security-strategy-and-the-western-hemisphere,Hearing: [2026-07-14] THE NATIONAL SECURITY STRATEGY AND THE WESTERN...,1,1
338646,https://www.help.senate.gov/hearings/nominations-of-sean-kaufman-to-be-assistant-secretary-for-preparedness-and-response-for-the-department-of-health-and-human-services-and-erica-schwartz-to-be-director-of-the-centers-for-disease-control-and-prevention,Nominations of Sean Kaufman to be Assist...,2,2
338647,https://www.hsgac.senate.gov/hearings/exposing-fraud-in-america/,Exposing Fraud in America - Committee on Homeland Security & Governmental Affairs,3,0
338648,https://www.energy.senate.gov/hearings/hearings-subcommittee-on-public-lands-forests-and-mining-to-receive-testimony-on-pending-legislation/,"Subcommittee on Public Lands, Forests, and Mining to Receive Testimony on Pending Legislation – U.S. Senate Committee on Energy and Natural Resources",0,4
338649,https://www.judiciary.senate.gov/committee-activity/hearings/the-nomination-of-the-honorable-todd-blanche-to-be-attorney-general-of-the-united-states,The Nomination of the Honorable Todd Bla...,1,30
338650,https://www.banking.senate.gov/hearings/07/08/2026/the-semiannual-monetary-policy-report-to-the-congress,hearing,1,1
338652,https://www.aging.senate.gov/hearings/behind-the-label-foreign-ownership-and-control-in-americas-drug-supply-chain,Behind the Label: Foreign Ownership and ...,4,6
338653,https://www.commerce.senate.gov/meetings/56901/,"Nomination Hearing - U.S. Senate Committee on Commerce, Science, & Transportation",1,0
338654,https://www.finance.senate.gov/hearings/hearing-to-consider-the-nominations-of-francis-brooke-of-virginia-to-be-deputy-secretary-of-the-treasury-vice-michael-faulkender-erin-browne-of-new-york-to-be-an-under-secretary-of-the-treasury-vice-jay-curtis-shambaugh-resigned-sriprakash-kothari-of-massachusetts-to-be-an-assistant-secretary-of-the-treasury-vice-benjamin-harris-resigned-and-george-mcmaster-of-south-carolina-to-be-an-assistant-secretary-of-the-treasury-vice-joshua-frost-resigned,"[2026-07-16] Hearing: Hearing to Consider the Nominations of Francis Brooke, of Virginia, to be Deputy Secretary of the Treasury, vice Michael Faulkender; Erin Browne, of New York, to be an Under Secretary of the Treasury, vice Jay Curtis Shambaugh, resigned; Sriprakash Kothari, of Massachusetts, to be an Assistant Secretary of the Treasury, vice Benjamin Harris, resigned; and George McMaster, of South Carolina, to be an Assistant Secretary of the Treasury, vice Joshua Frost, resigned",4,10
338656,https://www.help.senate.gov/hearings/nomination-of-keith-sonderling-to-be-secretary-of-labor,Nomination of Keith Sonderling to be Sec...,1,1
338657,https://www.banking.senate.gov/hearings/the-cfpb-semi-annual-report-a-new-day-at-the-cfpb-through-reform,hearing,1,1
338659,https://www.foreign.senate.gov/hearings/nominations-07-16-2026,Hearing: [2026-07-16] NOMINATIONS,5,6
338663,https://www.appropriations.senate.gov/hearings/a-review-of-the-presidents-supplemental-funding-request-of-june-24-2026,Hearing,6,6
338665,https://www.commerce.senate.gov/meetings/measuring-what-matters-science-standards-and-strategic-competition/,"Measuring What Matters: Science, Standards, and Strategic Competition - U.S. Senate Committee on Commerce, Science, & Transportation",4,4
338668,https://www.veterans.senate.gov/2026/7/advancing-the-mission-evaluating-the-future-of-va-research,Advancing the Mission: Evaluating the Future of VA Research - U.S. Senate Commit...,3,3
338675,https://www.energy.senate.gov/hearings/hearings-subcommittee-on-national-parks-to-receive-testimony-on-pending-legislation/,Subcommittee on National Parks to Receive Testimony on Pending Legislation – U.S. Senate Committee on Energy and Natural Resources,0,1
338681,https://www.finance.senate.gov/hearings/rescheduled-the-presidents-2026-trade-policy-agenda,[2026-07-22] Hearing: RESCHEDULED: The President’s 2026 Trade Policy Agenda,1,3
338683,https://www.hsgac.senate.gov/hearings/testimony-of-anthony-fauci/,Testimony of Anthony Fauci - Committee on Homeland Security & Governmental Affairs,1,0
338685,https://www.aging.senate.gov/hearings/the-ai-deception-machine-deepfakes-chatbots-and-the-new-frontier-of-senior-fraud,"The AI Deception Machine: Deepfakes, Cha...",5,6
338687,https://www.indian.senate.gov/hearings/legislative-hearing-to-receive-testimony-on-s-3573-s-3617-s-4368-s-4417-s-4890/,"Legislative Hearing to receive testimony on S. 3573, S. 3617, S. 4368, S. 4417 & S. 4890 - Indian Affairs Committee",0,0
338688,https://www.foreign.senate.gov/hearings/nominations-07-30-2026,Hearing: [2026-07-30] NOMINATIONS,3,3
338689,https://www.commerce.senate.gov/meetings/intelligent-networks-powering-artificial-intelligence-and-transforming-communications/,"Intelligent Networks: Powering Artificial Intelligence and Transforming Communications - U.S. Senate Committee on Commerce, Science, & Transportation",4,4
338693,https://www.budget.senate.gov/hearings/medicaid-the-reality,Hearing,3,4
338695,https://www.finance.senate.gov/hearings/building-a-resilient-health-care-future-with-biotechnology,[2026-08-04] Hearing: Building a Resilient Health Care Future with Biotechnology,4,6
338697,https://www.indian.senate.gov/hearings/roundtable-titled-tracking-prediction-markets-exponential-growth-tribal-implications-and-beyond/,Roundtable titled “Tracking Prediction Markets’ Exponential Growth: Tribal Implications and Beyond.” - Indian Affairs Committee,0,0
338698,https://www.judiciary.senate.gov/committee-activity/hearings/your-data-their-profit-the-consumer-cost-of-ai-surveillance-pricing,"Your Data, Their Profit: The Consumer Co...",5,10
338699,https://www.sbc.senate.gov/public/index.cfm/hearings?ID=353ADA36-C5AA-4B7B-88BA-3B2410824900,The Next 250: Small Businesses Leading the Way - Hearings - U.S. Committee on Small Business & Entrepreneurship,4,4
338700,https://www.judiciary.senate.gov/committee-activity/hearings/nominations-08-05-2026,Nominations,5,18
338701,https://www.finance.senate.gov/hearings/exploring-process-approaches-for-addressing-social-security-solvency,[2026-08-05] Hearing: Exploring Process Approaches for Addressing Social Security Solvency,4,6
338702,https://www.foreign.senate.gov/hearings/nominations-08-05-2026,Hearing: [2026-08-05] NOMINATIONS,3,3
338705,https://www.judiciary.senate.gov/committee-activity/hearings/hidden-in-plain-sight-confronting-the-muslim-brotherhood-network-in-america-08-05-2026,Hidden in Plain Sight: Confronting the M...,3,4
338708,https://www.banking.senate.gov/hearings/empowering-main-street-by-unlocking-access-to-capital,hearing,4,4
338721,https://www.foreign.senate.gov/hearings/protecting-americans-from-global-scam-operations-assessing-the-us-response,Hearing: [2026-08-06] PROTECTING AMERICANS FROM GLOBAL SCAM...,2,2
338740,https://www.judiciary.senate.gov/committee-activity/hearings/oversight-of-the-federal-bureau-of-investigation-09-15-2026,Oversight of the Federal Bureau of Inves...,1,1
338741,https://www.finance.senate.gov/hearings/hearing-to-consider-the-nominations-of-gerard-klomp-of-utah-to-be-deputy-secretary-of-health-and-human-services-vice-james-oneill-resigned-james-gadwood-of-maryland-to-be-chief-counsel-for-the-internal-revenue-service-and-an-assistant-general-counsel-in-the-department-of-the-treasury-vice-marjorie-a-rollinson-ge-bai-of-virginia-to-be-an-assistant-secretary-of-health-and-human-services-vice-richard-g-frank-and-andrew-a-de-mello-of-virginia-to-be-a-judge-of-the-united-states-tax-court-for-a-term-of-fifteen-years-vice-maurice-b-foley-resigned,"[2026-09-15] Hearing: Hearing to Consider the Nominations of Gerard Klomp, of Utah, to be Deputy Secretary of Health and Human Services, vice James O'Neill, resigned; James Gadwood, of Maryland, to be Chief Counsel for the Internal Revenue Service and an Assistant General Counsel in the Department of the Treasury, vice Marjorie A. Rollinson; Ge Bai, of Virginia, to be an Assistant Secretary of Health and Human Services, vice Richard G. Frank; and Andrew A. De Mello, of Virginia, to be a Judge of the United States Tax Court for a term of fifteen years, vice Maurice B. Foley, resigned.",4,10
338742,https://www.help.senate.gov/hearings/nominations-of-chris-klomp-to-be-deputy-secretary-of-health-and-human-services-nicole-saphier-to-be-medical-director-in-the-regular-corps-of-the-public-health-service-and-surgeon-general-of-the-public-health-service-and-timothy-westlake-to-be-assistant-secretary-for-mental-health-and-substance-use,Nominations of Chris Klomp to be Deputy ...,3,3
338745,https://www.judiciary.senate.gov/committee-activity/hearings/nominations-09-16-2026,Nominations,6,40
338746,https://www.indian.senate.gov/hearings/oversight-hearing-entitled-examining-housing-needs-in-native-communities-and-legislative-hearing-to-receive-testimony-on-s-5354-the-native-american-housing-assistance-and-self-determination-mo/,"Oversight Hearing entitled, ""Examining Housing Needs in Native Communities,"" and Legislative Hearing to receive testimony on S. 5354, the Native American Housing Assistance and Self-Determination Modernization Act of 2026 - Indian Affairs Committee",0,0
338747,https://www.foreign.senate.gov/hearings/nominations-09-16-2026,Hearing: [2026-09-16] NOMINATIONS,5,5
338748,https://www.aging.senate.gov/hearings/half-the-country-zero-hearings-meeting-the-moment-to-end-the-menopause-care-gap-in-america,"Half the Country, Zero Hearings: Meeting...",4,5
338750,https://www.energy.senate.gov/hearings/full-committee-hearing-to-receive-testimony-on-pending-legislation/,Full Committee Hearing to Receive Testimony on Pending Legislation – U.S. Senate Committee on Energy and Natural Resources,3,6
338751,https://www.foreign.senate.gov/hearings/nominations-09-17-2026,Hearing: [2026-09-17] NOMINATIONS,5,5
338758,https://www.armed-services.senate.gov/hearings/to-receive-an-update-on-golden-dome,To receive an update on Golden Dome,3,0
338761,https://www.veterans.senate.gov/2026/9/hearing-to-consider-pending-nominations,Hearing to Consider Pending Nominations - U.S. Senate Committee on Veterans' Aff...,5,5
338763,https://www.aging.senate.gov/hearings/leveling-the-playing-field-restoring-americas-edge-in-generic-drug-manufacturing,Leveling the Playing Field: Restoring Am...,3,4
338766,https://www.epw.senate.gov/public/index.cfm/hearings?ID=00331A4A-2209-4573-B3BB-051C701D6346,Hearing to Examine Updating America’s Nuclear Waste Management Policy - Hearings - U.S. Senate Committee on Environment and Public Works,3,4
338767,https://www.judiciary.senate.gov/committee-activity/hearings/always-watching-flocks-nationwide-ai-surveillance-network,Always Watching: Flock’s Nationwide AI S...,5,5
338769,https://www.judiciary.senate.gov/committee-activity/hearings/standing-up-for-women-in-sports-ensuring-opportunity-fairness-and-safety-for-female-athletes,Standing Up for Women in Sports: Ensurin...,3,4
338771,https://www.help.senate.gov/hearings/nomination-of-heidi-overton-to-be-commissioner-of-food-and-drugs,Nomination of Heidi Overton to be Commis...,1,0
338773,https://www.foreign.senate.gov/hearings/nominations-09-24-2026,Hearing: [2026-09-24] NOMINATIONS,5,5
338783,https://www.judiciary.senate.gov/committee-activity/hearings/oversight-of-the-united-states-patent-and-trademark-office-09-29-2026,Oversight of the United States Patent an...,1,0
338784,https://www.judiciary.senate.gov/committee-activity/hearings/oversight-of-jack-smiths-abuse-of-authority-and-the-targeting-of-republicans-and-related-matters,Oversight of Jack Smith’s Abuse of Autho...,1,0
338785,https://www.hsgac.senate.gov/subcommittees/dmdcc/hearings/rogue-ai-securing-the-homeland-against-ai-agent-attacks/,Rogue AI: Securing the Homeland Against AI Agent Attacks - Committee on Homeland Security & Governmental Affairs,0,0
338788,https://www.foreign.senate.gov/hearings/nicaraguas-political-crisis-ortegas-assault-on-democracy,Hearing: [2026-09-30] NICARAGUA'S POLITICAL CRISIS: ORTEGA'S ASSAULT...,4,0
338793,https://www.banking.senate.gov/hearings/09/24/2026/nomination-hearing,hearing,4,0
