held_date,congress,chamber,committee_code,committee_name,subcommittees,title,event_id,youtube_status,transcript_url
2026-03-18,119,house,hsha00,Committee on House Administration,,"MARKUP OF H.R. 5891, WITHHOLD MEMBER PAY DURING SHUTDOWNS ACT; AND H.R. 1329, SMITHSONIAN AMERICAN WOMEN'S HISTORY MUSEUM ACT",,"possible match (same committee, same days, different title)",https://www.govinfo.gov/content/pkg/CHRG-119hhrg63193/html/CHRG-119hhrg63193.htm
2026-03-04,119,joint,,Commission on Security and Cooperation in Europe (U.S. Helsinki Commission),,RESPONDING TO CHINA'S INFILTRATION AND COERCION IN EUROPE,,committee not tracked,https://www.govinfo.gov/content/pkg/CHRG-119jhrg63084/html/CHRG-119jhrg63084.htm
2025-11-17,119,joint,,Commission on Security and Cooperation in Europe (U.S. Helsinki Commission),,DETERRENCE ON NATO'S EASTERN FLANK,,committee not tracked,https://www.govinfo.gov/content/pkg/CHRG-119jhrg62220/html/CHRG-119jhrg62220.htm
2025-09-10,119,joint,,Commission on Security and Cooperation in Europe (U.S. Helsinki Commission),,FROM PARTNER TO PROBLEM: GEORGIA'S ANTI-AMERICAN TURN,,committee not tracked,https://www.govinfo.gov/content/pkg/CHRG-119jhrg61803/html/CHRG-119jhrg61803.htm
2025-06-26,119,joint,,Commission on Security and Cooperation in Europe (U.S. Helsinki Commission),,THE COST OF A BAD DEAL IN UKRAINE,,committee not tracked,https://www.govinfo.gov/content/pkg/CHRG-119jhrg61127/html/CHRG-119jhrg61127.htm
2025-06-05,119,house,hsap00,Committee on Appropriations,"Subcommittee on Commerce, Justice, Science, and Related Agencies","COMMERCE, JUSTICE, SCIENCE, AND RELATED AGENCIES APPROPRIATIONS FOR 2026",,"possible match (same committee, same days, different title)",https://www.govinfo.gov/content/pkg/CHRG-119hhrg62425/html/CHRG-119hhrg62425.htm
2025-06-04,119,house,hsap00,Committee on Appropriations,"Subcommittee on the Departments of Transportation, and Housing and Urban Development, and Related Agencies","DEPARTMENTS OF TRANSPORTATION, HOUSING AND URBAN DEVELOPMENT, AND RELATED AGENCIES APPROPRIATIONS FOR 2026",,"possible match (same committee, same days, different title)",https://www.govinfo.gov/content/pkg/CHRG-119hhrg61855/html/CHRG-119hhrg61855.htm
2025-05-21,119,house,hsru00,Committee on Rules,,"H.R. 1, ONE BIG BEAUTIFUL BILL ACT",,"possible match (same committee, same days, different title)",https://www.govinfo.gov/content/pkg/CHRG-119hhrg61207/html/CHRG-119hhrg61207.htm
2025-05-21,119,house,hsap00,Committee on Appropriations,"Subcommittee on Energy and Water Development, and Related Agencies","ENERGY AND WATER DEVELOPMENT, AND RELATED AGENCIES APPROPRIATIONS FOR 2026",,"possible match (same committee, same days, different title)",https://www.govinfo.gov/content/pkg/CHRG-119hhrg61989/html/CHRG-119hhrg61989.htm
2025-05-20,119,house,hsap00,Committee on Appropriations,Subcommittee on Financial Services and General Government,FINANCIAL SERVICES AND GENERAL GOVERNMENT APPROPRIATIONS FOR 2026,,"possible match (same committee, same days, different title)",https://www.govinfo.gov/content/pkg/CHRG-119hhrg62244/html/CHRG-119hhrg62244.htm
2025-05-14,119,house,hsii00,Committee on Natural Resources,,Fix Our Forests: How Improved Management Can Protect Communities In the Wild-Urban Interface,,"possible match (same committee, same days, different title)",https://www.govinfo.gov/content/pkg/CHRG-119hhrg60403/html/CHRG-119hhrg60403.htm
2025-05-14,119,house,hsap00,Committee on Appropriations,Subcommittee on Defense,DEPARTMENT OF DEFENSE APPROPRIATIONS FOR 2026,,"possible match (same committee, same days, different title)",https://www.govinfo.gov/content/pkg/CHRG-119hhrg61960/html/CHRG-119hhrg61960.htm
2025-05-14,119,house,hsap00,Committee on Appropriations,Subcommittee on Homeland Security,DEPARTMENT OF HOMELAND SECURITY APPROPRIATIONS FOR 2026,,"possible match (same committee, same days, different title)",https://www.govinfo.gov/content/pkg/CHRG-119hhrg62153/html/CHRG-119hhrg62153.htm
2025-05-07,119,house,hsap00,Committee on Appropriations,"Subcommittee on Agriculture, Rural Development, Food and Drug Administration, and Related Agencies","AGRICULTURE, RURAL DEVELOPMENT, FOOD AND DRUG ADMINISTRATION, AND RELATED AGENCIES APPROPRIATIONS FOR 2026",,"possible match (same committee, same days, different title)",https://www.govinfo.gov/content/pkg/CHRG-119hhrg61959/html/CHRG-119hhrg61959.htm
2025-05-07,119,house,hsap00,Committee on Appropriations,"Subcommittee on Energy and Water Development, and Related Agencies","ENERGY AND WATER DEVELOPMENT, AND RELATED AGENCIES APPROPRIATIONS FOR 2026",,"possible match (same committee, same days, different title)",https://www.govinfo.gov/content/pkg/CHRG-119hhrg61988/html/CHRG-119hhrg61988.htm
2025-05-06,119,house,hsap00,Committee on Appropriations,Subcommittee on Financial Services and General Government,FINANCIAL SERVICES AND GENERAL GOVERNMENT APPROPRIATIONS FOR 2026,,"possible match (same committee, same days, different title)",https://www.govinfo.gov/content/pkg/CHRG-119hhrg62243/html/CHRG-119hhrg62243.htm
2025-04-09,119,house,hsap00,Committee on Appropriations,Subcommittee on Homeland Security,DEPARTMENT OF HOMELAND SECURITY APPROPRIATIONS FOR 2026,,"possible match (same committee, same days, different title)",https://www.govinfo.gov/content/pkg/CHRG-119hhrg62152/html/CHRG-119hhrg62152.htm
2025-03-26,119,house,hsap00,Committee on Appropriations,"Subcommittee on the Departments of Transportation, and Housing and Urban Development, and Related Agencies","DEPARTMENT OF TRANSPORTATION, AND HOUSING AND URBAN DEVELOPMENT, AND RELATED AGENCIES APPROPRIATIONS FOR 2026",,"possible match (same committee, same days, different title)",https://www.govinfo.gov/content/pkg/CHRG-119hhrg61854/html/CHRG-119hhrg61854.htm
2025-03-25,119,house,hsap00,Committee on Appropriations,Subcommittee on Legislative Branch,LEGISLATIVE BRANCH APPROPRIATIONS FOR 2026,,"possible match (same committee, same days, different title)",https://www.govinfo.gov/content/pkg/CHRG-119hhrg62507/html/CHRG-119hhrg62507.htm
2025-03-11,119,house,hsha00,Committee on House Administration,,"MARKUP OF H. RES. 198, COMMITTEE RESOLUTION 119-10, COMMITTEE RESOLUTION 119-11, RESOLUTION DISMISSING THE ELECTION CONTEST IN THE FOLLOWING STATES: FL-14 (1), FL-14 (2), TX-30, TX-28, AND RESOLUTION DISMISSING THE ELECTION CONTEST IN THE AT-LARGE CONGRESSIONAL DISTRICT OF ALASKA",,"possible match (same committee, same days, different title)",https://www.govinfo.gov/content/pkg/CHRG-119hhrg59615/html/CHRG-119hhrg59615.htm
2025-03-11,119,house,,Committee on Foreign Affairs,,"ARMS CONTROL, INTERNATIONAL SECURITY, AND U.S. ASSISTANCE TO EUROPE: REVIEW AND REFORMS FOR THE STATE DEPARTMENT",,committee not tracked,https://www.govinfo.gov/content/pkg/CHRG-119hhrg60320/html/CHRG-119hhrg60320.htm
2025-03-05,119,house,,Committee on Foreign Affairs,,BRIDGING THE GAP: TURKEY BETWEEN EAST AND WEST,,committee not tracked,https://www.govinfo.gov/content/pkg/CHRG-119hhrg60235/html/CHRG-119hhrg60235.htm
2025-02-26,119,house,ssas00,Committee on Armed Services,,"[H.A.S.C. No. 119-3] Strengthening America's Defense Industrial Base, Workforce and Production Lines To Deter War",,committee not tracked,https://www.govinfo.gov/content/pkg/CHRG-119hhrg62496/html/CHRG-119hhrg62496.htm
2025-02-25,119,house,hsha00,Committee on House Administration,,MARKUP OF 119TH CONGRESS OVERSIGHT AND AUTHORIZATION PLAN,,"possible match (same committee, same days, different title)",https://www.govinfo.gov/content/pkg/CHRG-119hhrg59366/html/CHRG-119hhrg59366.htm
2025-02-25,119,house,hsap00,Committee on Appropriations,"Subcommittee on Energy and Water Development, and Related Agencies","ENERGY AND WATER DEVELOPMENT, AND RELATED AGENCIES APPROPRIATIONS FOR 2026",,"possible match (same committee, same days, different title)",https://www.govinfo.gov/content/pkg/CHRG-119hhrg62355/html/CHRG-119hhrg62355.htm
2025-02-13,119,house,,Committee on Foreign Affairs,,THE USAID BETRAYAL,,committee not tracked,https://www.govinfo.gov/content/pkg/CHRG-119hhrg59986/html/CHRG-119hhrg59986.htm
2025-02-12,119,house,hsap00,Committee on Appropriations,"Subcommittee on Labor, Health and Human Services Education, and Related Agencies","Departments of Labor, Health and Human Services, Education, and Related Agencies Appropriations for 2026",,"possible match (same committee, same days, different title)",https://www.govinfo.gov/content/pkg/CHRG-119hhrg61904/html/CHRG-119hhrg61904.htm
2025-01-03,119,house,hsap00,Committee on Appropriations,,"NATIONAL SECURITY, DEPARTMENT OF STATE, AND RELATED PROGRAMS 2026",,no video found,https://www.govinfo.gov/content/pkg/CHRG-119hhrg63323/html/CHRG-119hhrg63323.htm
2025-01-03,119,house,hsap00,Committee on Appropriations,Subcommittee on Financial Services and General Government,[ERRATA] FINANCIAL SERVICES AND GENERAL GOVERNMENT APPROPRIATIONS FOR 2026,,no video found,https://www.govinfo.gov/content/pkg/CHRG-119hhrg64233/html/CHRG-119hhrg64233.htm
2025-01-03,119,house,hsap00,Committee on Appropriations,Subcommittee on Financial Services and General Government,[ERRATA] FINANCIAL SERVICES AND GENERAL GOVERNMENT APPROPRIATIONS FOR 2026,,no video found,https://www.govinfo.gov/content/pkg/CHRG-119hhrg64234/html/CHRG-119hhrg64234.htm
2024-12-05,118,joint,,Commission on Security and Cooperation in Europe (U.S. Helsinki Commission),,The Role of Belarus In Russia's Crimes,,committee not tracked,https://www.govinfo.gov/content/pkg/CHRG-118jhrg57781/html/CHRG-118jhrg57781.htm
2024-11-19,118,joint,,Commission on Security and Cooperation in Europe (U.S. Helsinki Commission),,1000 DAYS OF RUSSIA'S WAR ON UKRAINE,,committee not tracked,https://www.govinfo.gov/content/pkg/CHRG-118jhrg57466/html/CHRG-118jhrg57466.htm
2024-09-26,118,house,hsii00,Committee on Natural Resources,,OVERSIGHT HEARING ON EXAMINING PUERTO RICO'S ELECTRICAL GRID AND THE NEED FOR RELIABLE AND RESILIENT ENERGY,415818,"possible match (same committee, same days, different title)",https://www.govinfo.gov/content/pkg/CHRG-118hhrg56911/html/CHRG-118hhrg56911.htm
2024-09-24,118,house,hsfa00,Committee on Foreign Affairs,,MARKUP OF VARIOUS MEASURES,117671,"possible match (same committee, same days, different title)",https://www.govinfo.gov/content/pkg/CHRG-118hhrg63405/html/CHRG-118hhrg63405.htm
2024-09-18,118,joint,,Commission on Security and Cooperation in Europe (U.S. Helsinki Commission),,RUSSIA'S IMPERIAL IDENTITY,,committee not tracked,https://www.govinfo.gov/content/pkg/CHRG-118jhrg56809/html/CHRG-118jhrg56809.htm
2024-09-11,118,house,hsha00,Committee on House Administration,,"MARKUP OF H.R. 9488, H.R. 7764, H.R. 6394, H.R. 6969, H.R. 9489, H.R. 9487, and H.R. 6242",,"possible match (same committee, same days, different title)",https://www.govinfo.gov/content/pkg/CHRG-118hhrg56756/html/CHRG-118hhrg56756.htm
2024-09-10,118,joint,,Commission on Security and Cooperation in Europe (U.S. Helsinki Commission),,SUPPORTING ARMENIA'S DEMOCRATIC AND WESTERN FUTURE,,committee not tracked,https://www.govinfo.gov/content/pkg/CHRG-118jhrg56696/html/CHRG-118jhrg56696.htm
2024-08-02,118,house,hsii00,Committee on Natural Resources,,OVERSIGHT FIELD HEARING RIGS TO RESTORATION: EXAMINING GULF COAST RESTORATION THROUGH ENERGY PRODUCTION AND PERMITTING,,"possible match (same committee, same days, different title)",https://www.govinfo.gov/content/pkg/CHRG-118hhrg56416/html/CHRG-118hhrg56416.htm
2024-07-24,118,joint,,Commission on Security and Cooperation in Europe (U.S. Helsinki Commission),,RUSSIA'S PERSECUTION OF UKRAINIAN CHRISTIANS,,committee not tracked,https://www.govinfo.gov/content/pkg/CHRG-118jhrg56495/html/CHRG-118jhrg56495.htm
2024-07-23,118,house,hsii00,Committee on Natural Resources,,INVESTIGATING HOW THE BIDEN ADMINISTRATION IGNORED CRIES FOR HELP FROM STUDENTS AT HASKELL INDIAN NATIONS UNIVERSITY,,"possible match (same committee, same days, different title)",https://www.govinfo.gov/content/pkg/CHRG-118hhrg56359/html/CHRG-118hhrg56359.htm
2024-07-10,118,joint,,Commission on Security and Cooperation in Europe (U.S. Helsinki Commission),,PUTIN'S SYRIAN PUPPET: WAR CRIMES AND COMPLICITY FROM SYRIA TO UKRAINE,,committee not tracked,https://www.govinfo.gov/content/pkg/CHRG-118jhrg56242/html/CHRG-118jhrg56242.htm
2024-07-09,118,house,hsfa00,Committee on Foreign Affairs,"Subcommittee on Global Health, Global Human Rights and International Organizations",EXAMINING THE 2024 ANNUAL TRAFFICKING IN PERSONS REPORT: PROGRESS OVER POLITICS,,"possible match (same committee, same days, different title)",https://www.govinfo.gov/content/pkg/CHRG-118hhrg56569/html/CHRG-118hhrg56569.htm
2024-06-27,118,house,hsgo00,Committee on Oversight and Accountability,,STANDING UP FOR THE RULE OF LAW:,,"possible match (same committee, same days, different title)",https://www.govinfo.gov/content/pkg/CHRG-118hhrg56320/html/CHRG-118hhrg56320.htm
2024-06-05,118,joint,,Commission on Security and Cooperation in Europe (U.S. Helsinki Commission),,SUPPORTING GEORGIA'S SOVEREIGNTY AND DEMOCRACY,,committee not tracked,https://www.govinfo.gov/content/pkg/CHRG-118jhrg55937/html/CHRG-118jhrg55937.htm
2024-05-22,118,house,hsii00,Committee on Natural Resources,,"H.R. 7776, H.R. 7872, H.R. 7938, and H.R. 8263",,"possible match (same committee, same days, different title)",https://www.govinfo.gov/content/pkg/CHRG-118hhrg55752/html/CHRG-118hhrg55752.htm
2024-05-16,118,house,hsii00,Committee on Natural Resources,,OVERSIGHT HEARING ON EXAMINING THE COUNCIL ON ENVIRONMENTAL QUALITY FISCAL YEAR 2025 BUDGET REQUEST AND RELATED POLICY MATTERS,,"possible match (same committee, same days, different title)",https://www.govinfo.gov/content/pkg/CHRG-118hhrg55689/html/CHRG-118hhrg55689.htm
2024-05-16,118,house,hsap00,Committee on Appropriations,Subcommittee on Financial Services and General Government,Financial Services and General Government Appropriations for 2025,,"possible match (same committee, same days, different title)",https://www.govinfo.gov/content/pkg/CHRG-118hhrg61858/html/CHRG-118hhrg61858.htm
2024-05-16,118,joint,,Commission on Security and Cooperation in Europe (U.S. Helsinki Commission),,"CLOSING THE SKIES, LIBERATING UKRAINE",,committee not tracked,https://www.govinfo.gov/content/pkg/CHRG-118jhrg55703/html/CHRG-118jhrg55703.htm
2024-05-15,118,house,,,,FULL COMMITTEE BUSINESS MEETING: MARK-UP OF SEVERAL BILLS AND POSTAL-NAMING MEASURES,,committee not tracked,https://www.govinfo.gov/content/pkg/CHRG-118hhrg55711/html/CHRG-118hhrg55711.htm
2024-05-10,118,house,hswm00,Committee on Ways and Means,,Series No. 118-FC27,,"possible match (same committee, same days, different title)",https://www.govinfo.gov/content/pkg/CHRG-118hhrg57012/html/CHRG-118hhrg57012.htm
2024-05-08,118,house,hsap00,Committee on Appropriations,"Subcommittee on Interior, Environment, and Related Agencies","INTERIOR, ENVIRONMENT, AND RELATED AGENCIES APPROPRIATIONS FOR 2025",,"possible match (same committee, same days, different title)",https://www.govinfo.gov/content/pkg/CHRG-118hhrg57775/html/CHRG-118hhrg57775.htm
2024-05-08,118,house,hsap00,Committee on Appropriations,"Subcommittee on Interior, Environment, and Related Agencies","DEPARTMENT OF THE INTERIOR, ENVIRONMENT, AND RELATED AGENCIES APPROPRIATIONS FOR 2025",,"possible match (same committee, same days, different title)",https://www.govinfo.gov/content/pkg/CHRG-118hhrg58050/html/CHRG-118hhrg58050.htm
2024-05-07,118,house,hsap00,Committee on Appropriations,"Subcommittee on Interior, Environment, and","DEPARTMENT OF THE INTERIOR, ENVIRONMENT, AND RELATED AGENCIES APPROPRIATIONS FOR 2025",,"possible match (same committee, same days, different title)",https://www.govinfo.gov/content/pkg/CHRG-118hhrg58049/html/CHRG-118hhrg58049.htm
2024-05-07,118,house,hsap00,Committee on Appropriations,Subcommittee on Financial Services and General Government,FINANCIAL SERVICES AND GENERAL GOVERNMENT APPROPRIATIONS FOR 2025,,"possible match (same committee, same days, different title)",https://www.govinfo.gov/content/pkg/CHRG-118hhrg61857/html/CHRG-118hhrg61857.htm
2024-05-01,118,house,hsii00,Committee on Natural Resources,,OVERSIGHT HEARING ON EXAMINING THE PRESIDENT'S FY 2025 BUDGET REQUEST FOR THE DEPARTMENT OF THE INTERIOR,415815,"possible match (same committee, same days, different title)",https://www.govinfo.gov/content/pkg/CHRG-118hhrg55587/html/CHRG-118hhrg55587.htm
2024-04-30,118,house,hsap00,Committee on Appropriations,"Subcommittee on the Departments of Transportation, and Housing and","DEPARTMENT OF TRANSPORTATION, HUD, AND RELATED AGENCIES APPROPRIATIONS FOR 2025",,"possible match (same committee, same days, different title)",https://www.govinfo.gov/content/pkg/CHRG-118hhrg57284/html/CHRG-118hhrg57284.htm
2024-04-17,118,house,hsap00,Committee on Appropriations,"Subcommittee on Military Construction, Veterans Affairs, and Related Agencies","MILITARY CONSTRUCTION, VETERANS AFFAIRS, AND RELATED AGENCIES",,"possible match (same committee, same days, different title)",https://www.govinfo.gov/content/pkg/CHRG-118hhrg58514/html/CHRG-118hhrg58514.htm
2024-04-16,118,house,hshm00,Committee on Homeland Security,,A REVIEW OF THE FISCAL YEAR 2025 BUDGET REQUEST FOR THE DEPARTMENT OF HOMELAND SECURITY,,"possible match (same committee, same days, different title)",https://www.govinfo.gov/content/pkg/CHRG-118hhrg57752/html/CHRG-118hhrg57752.htm
2024-04-16,118,house,hsap00,Committee on Appropriations,"Subcommittee on Interior, Environment, and Related Agencies","DEPARTMENT OF THE INTERIOR, ENVIRONMENT, AND RELATED AGENCIES APPROPRIATIONS FOR 2025",,"possible match (same committee, same days, different title)",https://www.govinfo.gov/content/pkg/CHRG-118hhrg57756/html/CHRG-118hhrg57756.htm
2024-04-11,118,house,hsas00,Committee on Armed Services,Subcommittee on Intelligence and Special Operations,[H.A.S.C. No. 118-71] A Review Of The Defense Intelligence Enterprise's Posture and Capabilities in Strategic Competition and In Synchronizing Intelligence Efforts To Counter The People's Republic of China,,"possible match (same committee, same days, different title)",https://www.govinfo.gov/content/pkg/CHRG-118hhrg57372/html/CHRG-118hhrg57372.htm
2024-04-11,118,house,hsap00,Committee on Appropriations,"Subcommittee on Commerce, Justice, Science,","COMMERCE, JUSTICE, SCIENCE, AND RELATED AGENCIES APPROPRIATIONS FOR 2025",,"possible match (same committee, same days, different title)",https://www.govinfo.gov/content/pkg/CHRG-118hhrg57665/html/CHRG-118hhrg57665.htm
2024-04-10,118,house,hsap00,Committee on Appropriations,Subcommittee on Legislative Branch,LEGISLATIVE BRANCH APPROPRIATIONS FOR 2025,,"possible match (same committee, same days, different title)",https://www.govinfo.gov/content/pkg/CHRG-118hhrg56034/html/CHRG-118hhrg56034.htm
2024-04-10,118,house,hsas00,Committee on Armed Services,"Subcommittee on Cyber, Information Technologies, and Innovation",NATIONAL DEFENSE AUTHORIZATION ACT FOR FISCAL YEAR 2025 AND OVERSIGHT OF PREVIOUSLY AUTHORIZED PROGRAMS BEFORE THE COMMITTEE ON ARMED SERVICES HOUSE OF REPRESENTATIVES ONE HUNDRED EIGHTEENTH CONGRESS SECOND SESSION,,"possible match (same committee, same days, different title)",https://www.govinfo.gov/content/pkg/CHRG-118hhrg56081/html/CHRG-118hhrg56081.htm
2024-03-21,118,house,,,,U.S. MILITARY POSTURE AND NATIONAL SECURITY CHALLENGES IN THE GREATER MIDDLE EAST AND AFRICA,,committee not tracked,https://www.govinfo.gov/content/pkg/CHRG-118hhrg57479/html/CHRG-118hhrg57479.htm
2024-03-21,118,house,hsap00,Committee on Appropriations,Subcommittee on Financial Services and General Government,FINANCIAL SERVICES AND GENERAL GOVERNMENT APPROPRIATIONS FOR 2025,,"possible match (same committee, same days, different title)",https://www.govinfo.gov/content/pkg/CHRG-118hhrg61856/html/CHRG-118hhrg61856.htm
2024-03-20,118,house,hsap00,Committee on Appropriations,"Subcommittee on Labor, Health and Human Services, Education, and Related Agencies","DEPARTMENTS OF LABOR, HEALTH AND HUMAN SERVICES, EDUCATION, AND RELATED AGENCIES APPROPRIATIONS FOR 2025",,"possible match (same committee, same days, different title)",https://www.govinfo.gov/content/pkg/CHRG-118hhrg56664/html/CHRG-118hhrg56664.htm
2024-03-20,118,house,hsap00,Committee on Appropriations,"Subcommittee on Energy and Water Development,","ENERGY AND WATER DEVELOPMENT, AND RELATED AGENCIES APPROPRIATIONS FOR 2025",,"possible match (same committee, same days, different title)",https://www.govinfo.gov/content/pkg/CHRG-118hhrg57786/html/CHRG-118hhrg57786.htm
2024-03-20,118,house,hsap00,Committee on Appropriations,"Subcommittee on Military Construction, Veterans Affairs, and Related","MILITARY CONSTRUCTION, VETERANS AFFAIRS, AND RELATED AGENCIES APPROPRIATIONS FOR 2025",,"possible match (same committee, same days, different title)",https://www.govinfo.gov/content/pkg/CHRG-118hhrg57916/html/CHRG-118hhrg57916.htm
2024-02-14,118,house,hssm00,Committee on Small Business,,MARKUP OF: BUDGET VIEWS AND ESTIMATES 2025,,"possible match (same committee, same days, different title)",https://www.govinfo.gov/content/pkg/CHRG-118hhrg54879/html/CHRG-118hhrg54879.htm
2024-01-17,118,house,hsgo00,Committee on Oversight and Accountability,,THE BIDEN ADMINISTRATION'S REGULATORY AND POLICYMAKING EFFORTS TO UNDERMINE U.S. IMMIGRATION LAW,116746,"possible match (same committee, same days, different title)",https://www.govinfo.gov/content/pkg/CHRG-118hhrg54569/html/CHRG-118hhrg54569.htm
2024-01-11,118,house,hsvr00,Committee on Veterans' Affairs,,RURAL ACCESS: IS VA MEETING ALL VETERANS WHERE THEY LIVE?,,"possible match (same committee, same days, different title)",https://www.govinfo.gov/content/pkg/CHRG-118hhrg54756/html/CHRG-118hhrg54756.htm
2024-01-10,118,house,hsii00,Committee on Natural Resources,Subcommittees on Oversight and Investigations and Federal Lands,OVERSIGHT HEARING ON NATIONAL PARK SERVICE'S DEFERRED MAINTENANCE BACKLOG: PERSPECTIVES FROM THE GOVERNMENT ACCOUNTABILITY OFFICE AND THE INSPECTOR GENERAL,,"possible match (same committee, same days, different title)",https://www.govinfo.gov/content/pkg/CHRG-118hhrg54552/html/CHRG-118hhrg54552.htm
2023-12-13,118,house,hsgo00,Committee on Oversight and Accountability,Select Subcommittee on the Coronavirus Pandemic,REFORMING THE WHO: ENSURING GLOBAL HEALTH SECURITY AND ACCOUNTABILITY,,"possible match (same committee, same days, different title)",https://www.govinfo.gov/content/pkg/CHRG-118hhrg54398/html/CHRG-118hhrg54398.htm
2023-12-06,118,joint,,Commission on Security and Cooperation in Europe (U.S. Helsinki Commission),,MAKING RUSSIA PAY: SOVEREIGN ASSET CONFISCATION FOR UKRAINIAN VICTORY,,committee not tracked,https://www.govinfo.gov/content/pkg/CHRG-118jhrg54252/html/CHRG-118jhrg54252.htm
2023-11-30,118,house,hssy00,"Committee on Science, Space, and Technology",,,,"possible match (same committee, same days, different title)",https://www.govinfo.gov/content/pkg/CHRG-118hhrg54226/html/CHRG-118hhrg54226.htm
2023-11-30,118,house,hsha00,Committee on House Administration,,"MARKUP OF H.R. 4460, H.R. 4396, H.R. 4316, H.R. 3162, H.R. 3229, H.R. 6513, H.R. 4555, AND H.R. 6493",,"possible match (same committee, same days, different title)",https://www.govinfo.gov/content/pkg/CHRG-118hhrg55980/html/CHRG-118hhrg55980.htm
2023-11-14,118,house,hsgo00,Committee on Oversight and Accountability,,OVERSIGHT OF THE U.S. GENERAL SERVICES ADMINISTRATION,,"possible match (same committee, same days, different title)",https://www.govinfo.gov/content/pkg/CHRG-118hhrg54309/html/CHRG-118hhrg54309.htm
2023-11-07,118,house,hsvr00,Committee on Veterans' Affairs,,VETERANS SERVING VETERANS: THE IMPACT OF AMERICA'S BUSINESSES ON VETERAN EMPLOYMENT AND OPPORTUNITY,,"possible match (same committee, same days, different title)",https://www.govinfo.gov/content/pkg/CHRG-118hhrg54348/html/CHRG-118hhrg54348.htm
2023-11-02,118,house,hsii00,Committee on Natural Resources,,MEMBER DAY HEARING,,"possible match (same committee, same days, different title)",https://www.govinfo.gov/content/pkg/CHRG-118hhrg54098/html/CHRG-118hhrg54098.htm
2023-10-24,118,joint,hsgo00,Committee on Oversight and Accountability,Subcommittee on Government Operations and the Federal Workforce; Subcommittee on Health Care and Financial Services,OVERSIGHT OF THE INTERNAL REVENUE SERVICE,116500,"possible match (same committee, same days, different title)",https://www.govinfo.gov/content/pkg/CHRG-118jhrg54068/html/CHRG-118jhrg54068.htm
2023-10-19,118,house,hsii00,Committee on Natural Resources,,"H.R. 1727; H.R. 5283; DISCUSSION DRAFT OF H.R.___, ""TRASHED BORDER ACT""; AND DISCUSSION DRAFT OF H.R. ___,""ENSURING BORDER ACCESS AND PROTECTION ON FEDERAL LAND ACT""",,"possible match (same committee, same days, different title)",https://www.govinfo.gov/content/pkg/CHRG-118hhrg53873/html/CHRG-118hhrg53873.htm
2023-10-19,118,house,hssmoo,Committee on Small Business,,BURDENSOME REGULATIONS: EXAMINING THE EFFECTS OF DOL RULEMAKING ON AMERICA'S JOB CREATORS,116483,committee not tracked,https://www.govinfo.gov/content/pkg/CHRG-118hhrg54099/html/CHRG-118hhrg54099.htm
2023-10-19,118,joint,,Commission on Security and Cooperation in Europe (U.S. Helsinki Commission),,SUPPORTING ISRAEL AND UKRAINE AGAINST TERROR,334997,committee not tracked,https://www.govinfo.gov/content/pkg/CHRG-118jhrg53842/html/CHRG-118jhrg53842.htm
2023-10-18,118,house,hsgo00,Committee on Oversight and Accountability,Select Subcommittee on the Coronavirus Pandemic,STRENGTHENING BIOSAFETY AND BIOSECURITY STANDARDS: PROTECTING AGAINST FUTURE PANDEMICS,116474,"possible match (same committee, same days, different title)",https://www.govinfo.gov/content/pkg/CHRG-118hhrg54067/html/CHRG-118hhrg54067.htm
2023-09-28,118,house,hsha00,Committee on House Administration,,"MARKUP OF COMMITTEE RESOLUTIONS 118-22, 118-23,1118-24, 118-21, H.R. 3196, H.RES. 458, H.R. 4474, H.R. 4460, H.R. 5734, and H.RES.------",,"possible match (same committee, same days, different title)",https://www.govinfo.gov/content/pkg/CHRG-118hhrg55240/html/CHRG-118hhrg55240.htm
2023-09-28,118,house,,,,EXAMINING IRREGULARITY IN THE STRATEGIC BASING PROCESS FOR U.S. SPACE COMMAND,,committee not tracked,https://www.govinfo.gov/content/pkg/CHRG-118hhrg58429/html/CHRG-118hhrg58429.htm
2023-09-27,118,house,hsii00,Committee on Natural Resources,,OVERSIGHT HEARING ON DESTROYING AMERICA'S BEST IDEA: EXAMINING THE BIDEN ADMINISTRATION'S USE OF NATIONAL PARK SERVICE LANDS FOR MIGRANT CAMPS,,"possible match (same committee, same days, different title)",https://www.govinfo.gov/content/pkg/CHRG-118hhrg53626/html/CHRG-118hhrg53626.htm
2023-09-27,118,joint,,Commission on Security and Cooperation in Europe (U.S. Helsinki Commission),,HAS THE UNITED NATIONS FAILED UKRAINE AND THE WORLD?,334920,committee not tracked,https://www.govinfo.gov/content/pkg/CHRG-118jhrg53562/html/CHRG-118jhrg53562.htm
2023-09-20,118,joint,,Commission on Security and Cooperation in Europe (U.S. Helsinki Commission),,VLADIMIR KARA-MURZA: PUTIN'S PERSONAL PRISONER,,committee not tracked,https://www.govinfo.gov/content/pkg/CHRG-118jhrg53469/html/CHRG-118jhrg53469.htm
2023-09-19,118,house,hsgo00,Committee on Oversight and Accountability,,THE ROLE OF PHARMACY BENEFIT MANAGERS IN PRESCRIPTION DRUG MARKETS PART II: NOT WHAT THE DOCTOR ORDERED,116373,"possible match (same committee, same days, different title)",https://www.govinfo.gov/content/pkg/CHRG-118hhrg53520/html/CHRG-118hhrg53520.htm
2023-09-14,118,house,hsgo00,Committee on Oversight and Accountability,Select Subcommittee on the Coronavirus Pandemic,"OH DOCTOR, WHERE ART THOU? PANDEMIC EROSION OF THE DOCTOR-PATIENT RELATIONSHIP",116354,"possible match (same committee, same days, different title)",https://www.govinfo.gov/content/pkg/CHRG-118hhrg53381/html/CHRG-118hhrg53381.htm
2023-08-11,118,house,hsii00,Committee on Natural Resources,,OVERSIGHT FIELD HEARING ON CONSERVATION IN A CROWN JEWEL: A DISCUSSION ABOUT WILDFIRES AND FOREST MANAGEMENT,116302,"possible match (same committee, same days, different title)",https://www.govinfo.gov/content/pkg/CHRG-118hhrg53143/html/CHRG-118hhrg53143.htm
2023-07-27,118,house,hsgo00,Committee on Oversight and Accountability,,OVERSIGHT AND REAUTHORIZATION OF THE OFFICE OF NATIONAL DRUG CONTROL POLICY,116288,"possible match (same committee, same days, different title)",https://www.govinfo.gov/content/pkg/CHRG-118hhrg53024/html/CHRG-118hhrg53024.htm
2023-07-27,118,house,hsgo00,Committee on Oversight and Accountability,Select Subcommittee on the Coronavirus Pandemic,BECAUSE I SAID SO: EXAMINING THE SCIENCE AND IMPACT OF COVID-19 VACCINE MANDATES,116287,"possible match (same committee, same days, different title)",https://www.govinfo.gov/content/pkg/CHRG-118hhrg53025/html/CHRG-118hhrg53025.htm
2023-07-26,118,house,,,,GENERATIONAL LEARNING LOSS: HOW PANDEMIC SCHOOL CLOSURES HURT STUDENTS,,committee not tracked,https://www.govinfo.gov/content/pkg/CHRG-118hhrg53759/html/CHRG-118hhrg53759.htm
2023-07-19,118,house,hsgo00,Committee on Oversight and Accountability,,HEARING WITH IRS WHISTLEBLOWERS ABOUT THE BIDEN CRIMINAL INVESTIGATION,116254,"possible match (same committee, same days, different title)",https://www.govinfo.gov/content/pkg/CHRG-118hhrg53006/html/CHRG-118hhrg53006.htm
2023-07-13,118,house,hssm00,Committee on Small Business,,PANDEMIC FRAUD ACCOUNTABILITY: REVIEWING THE SBA INSPECTOR GENERAL'S COVID-19 FRAUD REPORT,116162,"possible match (same committee, same days, different title)",https://www.govinfo.gov/content/pkg/CHRG-118hhrg52559/html/CHRG-118hhrg52559.htm
2023-07-13,118,house,hsgo00,Committee on Oversight and Accountability,"Subcommittee on National Security, the Border, and Foreign Affairs; Subcommittee on Government Operations and the Federal Workforce",BEYOND THE BUDGET: ADDRESSING FINANCIAL ACCOUNTABILITY IN THE DEPARTMENT OF DEFENSE,,"possible match (same committee, same days, different title)",https://www.govinfo.gov/content/pkg/CHRG-118hhrg53003/html/CHRG-118hhrg53003.htm
2023-06-21,118,house,hsgo00,Committee on Oversight and Accountability,Select Subcommittee on the Coronavirus Pandemic,CHURCHES VS. CASINOS: THE CONSTITUTION IS NOT SUSPENDED IN TIMES OF CRISIS,,"possible match (same committee, same days, different title)",https://www.govinfo.gov/content/pkg/CHRG-118hhrg52641/html/CHRG-118hhrg52641.htm
2023-06-14,118,house,hsgo00,Committee on Oversight and Accountability,,DEATH BY A THOUSAND REGULATIONS: THE BIDEN ADMINISTRATION'S CAMPAIGN TO BURY AMERICA IN RED TAPE,116105,"possible match (same committee, same days, different title)",https://www.govinfo.gov/content/pkg/CHRG-118hhrg52639/html/CHRG-118hhrg52639.htm
2023-06-07,118,joint,hsgo00,Committee on Oversight and Accountability,,AMERICAN CONFIDENCE IN ELECTIONS: THE PATH TO ELECTION INTEGRITY IN THE DISTRICT OF COLUMBIA,116064,"possible match (same committee, same days, different title)",https://www.govinfo.gov/content/pkg/CHRG-118jhrg52637/html/CHRG-118jhrg52637.htm
2023-06-06,118,joint,hsgo00,Committee on Oversight and Accountability,"Subcommittee on Economic Growth, Energy Policy, and Regulatory Affairs; Subcommittee on Healthcare and Financial Services",ESG PART II: THE CASCADING IMPACTS OF ESG COMPLIANCE,116056,"possible match (same committee, same days, different title)",https://www.govinfo.gov/content/pkg/CHRG-118jhrg52574/html/CHRG-118jhrg52574.htm
2023-05-24,118,house,hsha00,Committee on House Administration,,ORGANIZATIONAL MEETING,,"possible match (same committee, same days, different title)",https://www.govinfo.gov/content/pkg/CHRG-118hhrg54611/html/CHRG-118hhrg54611.htm
2023-05-23,118,house,hsgo00,Committee on Oversight and Accountability,,THE ROLE OF PHARMACY BENEFIT MANAGERS IN PRESCRIPTION DRUG MARKETS PART I: SELF-INTEREST OR HEALTHCARE?,116002,"possible match (same committee, same days, different title)",https://www.govinfo.gov/content/pkg/CHRG-118hhrg52570/html/CHRG-118hhrg52570.htm
2023-05-23,118,house,hsvr00,Committee on Veterans' Affairs,,COVID-19 SUPPLEMENTAL FUNDING: DID IT PROTECT AND IMPROVE VETERAN CARE?,115929,"possible match (same committee, same days, different title)",https://www.govinfo.gov/content/pkg/CHRG-118hhrg52731/html/CHRG-118hhrg52731.htm
2023-05-16,118,house,hsgo00,Committee on Oversight and Accountability,,OVERDUE OVERSIGHT OF THE CAPITAL CITY: PART II,115944,"possible match (same committee, same days, different title)",https://www.govinfo.gov/content/pkg/CHRG-118hhrg52242/html/CHRG-118hhrg52242.htm
2023-05-11,118,house,hsgo00,Committee on Oversight and Accountability,Select Subcommittee on the Coronavirus Pandemic,"INVESTIGATING PANDEMIC IMMUNITY: ACQUIRED, THERAPEUTIC OR BOTH",115916,"possible match (same committee, same days, different title)",https://www.govinfo.gov/content/pkg/CHRG-118hhrg52163/html/CHRG-118hhrg52163.htm
2023-05-10,118,house,hsgo00,Committee on Oversight and Accountability,,"ESG PART I: AN EXAMINATION OF ENVIRONMENTAL, SOCIAL, AND GOVERNANCE PRACTICES WITH ATTORNEYS GENERAL",115886,"possible match (same committee, same days, different title)",https://www.govinfo.gov/content/pkg/CHRG-118hhrg52161/html/CHRG-118hhrg52161.htm
2023-04-28,118,house,hsas00,Committee on Armed Services,,[H.A.S.C. No. 118-35] HEARING ON NATIONAL DEFENSE AUTHORIZATION ACT FOR FISCAL YEAR 2024 AND OVERSIGHT OF PREVIOUSLY AUTHORIZED PROGRAMS BEFORE THE COMMITTEE ON ARMED SERVICES HOUSE OF REPRESENTATIVES ONE HUNDRED EIGHTEENTH CONGRESS FIRST SESSION,,"possible match (same committee, same days, different title)",https://www.govinfo.gov/content/pkg/CHRG-118hhrg53392/html/CHRG-118hhrg53392.htm
2023-04-27,118,joint,,Commission on Security and Cooperation in Europe (U.S. Helsinki Commission),,"CHURCH, STATE, AND RUSSIA'S WAR ON UKRAINE",334036,committee not tracked,https://www.govinfo.gov/content/pkg/CHRG-118jhrg52494/html/CHRG-118jhrg52494.htm
2023-04-26,118,house,hsgo00,Committee on Oversight and Accountability,Select Subcommittee on the Coronavirus Pandemic,"THE CONSEQUENCES OF SCHOOL CLOSURES, PART 2: THE PRESIDENT OF THE AMERICAN FEDERATION OF TEACHERS, MS. RANDI WEINGARTEN",115797,"possible match (same committee, same days, different title)",https://www.govinfo.gov/content/pkg/CHRG-118hhrg52121/html/CHRG-118hhrg52121.htm
2023-04-26,118,house,hsas00,Committee on Armed Services,Subcommittee on Strategic Forces Hearing,NATIONAL DEFENSE AUTHORIZATION ACT FOR FISCAL YEAR 2024,,"possible match (same committee, same days, different title)",https://www.govinfo.gov/content/pkg/CHRG-118hhrg53742/html/CHRG-118hhrg53742.htm
2023-04-26,118,house,,,,U.S. MILITARY POSTURE AND NATIONAL SECURITY CHALLENGES IN EUROPE,,committee not tracked,https://www.govinfo.gov/content/pkg/CHRG-118hhrg54720/html/CHRG-118hhrg54720.htm
2023-04-19,118,house,hsgo00,Committee on Oversight and Accountability,,"THE BIDEN ADMINISTRATION'S DISASTROUS WITHDRAWAL FROM AFGHANISTAN, PART I: REVIEW BY THE INSPECTORS GENERAL",,"possible match (same committee, same days, different title)",https://www.govinfo.gov/content/pkg/CHRG-118hhrg51894/html/CHRG-118hhrg51894.htm
2023-04-18,118,house,hsgo00,Committee on Oversight and Accountability,Select Subcommittee on the Coronavirus Pandemic,INVESTIGATING THE ORIGINS OF COVID PART 2: CHINA AND THE AVAILABLE INTELLIGENCE,115744,"possible match (same committee, same days, different title)",https://www.govinfo.gov/content/pkg/CHRG-118hhrg51891/html/CHRG-118hhrg51891.htm
2023-04-18,118,house,hsas00,Committee on Armed Services,Subcommittee on Seapower and Projection Forces Hearing,[H.A.S.C. No. 118-26] HEARING ON NATIONAL DEFENSE AUTHORIZATION ACT FOR FISCAL YEAR 2024 AND OVERSIGHT OF PREVIOUSLY AUTHORIZED PROGRAMS BEFORE THE COMMITTEE ON ARMED SERVICES HOUSE OF REPRESENTATIVES ONE HUNDRED EIGHTEENTH CONGRESS FIRST SESSION,,"possible match (same committee, same days, different title)",https://www.govinfo.gov/content/pkg/CHRG-118hhrg52789/html/CHRG-118hhrg52789.htm
2023-04-18,118,house,hsap00,Committee on Appropriations,Subcommittee on Homeland Security,DEPARTMENT OF HOMELAND SECURITY APPROPRIATIONS FOR 2024,115770,"possible match (same committee, same days, different title)",https://www.govinfo.gov/content/pkg/CHRG-118hhrg53031/html/CHRG-118hhrg53031.htm
2023-03-29,118,house,hsgo00,Committee on Oversight and Accountability,,OVERDUE OVERSIGHT OF THE CAPITAL CITY: PART I,,"possible match (same committee, same days, different title)",https://www.govinfo.gov/content/pkg/CHRG-118hhrg51721/html/CHRG-118hhrg51721.htm
2023-03-23,118,house,hsgo00,Committee on Oversight and Accountability,"Subcommittee on Economic Growth, Energy Policy, and Regulatory Affairs; Subcommittee on Crime and Federal Government Surveillance",ATF'S ASSAULT ON THE SECOND AMENDMENT: WHEN IS ENOUGH ENOUGH?,,"possible match (same committee, same days, different title)",https://www.govinfo.gov/content/pkg/CHRG-118hhrg51632/html/CHRG-118hhrg51632.htm
2023-03-23,118,house,hsvr00,Committee on Veterans' Affairs,,U.S. DEPARTMENT OF VETERANS AFFAIRS BUDGET REQUEST FOR FISCAL YEARS 2024 AND 2025,115491,"possible match (same committee, same days, different title)",https://www.govinfo.gov/content/pkg/CHRG-118hhrg51919/html/CHRG-118hhrg51919.htm
2023-03-23,118,house,hsas00,Committee on Armed Services,"Subcommittee on Cyber, Information Technologies, and Innovation",[H.A.S.C. No. 118-17] HEARING ON NATIONAL DEFENSE AUTHORIZATION ACT FOR FISCAL YEAR 2024 AND OVERSIGHT OF PREVIOUSLY AUTHORIZED PROGRAMS BEFORE THE COMMITTEE ON ARMED SERVICES HOUSE OF REPRESENTATIVES ONE HUNDRED EIGHTEENTH CONGRESS FIRST SESSION,,"possible match (same committee, same days, different title)",https://www.govinfo.gov/content/pkg/CHRG-118hhrg52382/html/CHRG-118hhrg52382.htm
2023-03-09,118,house,hsgo00,Committee on Oversight and Accountability,,OVERSIGHT OF OUR NATION'S LARGEST EMPLOYER: REVIEWING THE U.S. OFFICE OF PERSONNEL MANAGEMENT,115452,"possible match (same committee, same days, different title)",https://www.govinfo.gov/content/pkg/CHRG-118hhrg51475/html/CHRG-118hhrg51475.htm
2023-03-09,118,house,hsas00,Committee on Armed Services,Subcommittee on Intelligence and Special Operations,[H.A.S.C. NO. 118-13] U.S. SPECIAL OPERATIONS FORCES AND COMMAND--CHALLENGES AND RESOURCE PRIORITIES FOR FISCAL YEAR 2024,115479,"possible match (same committee, same days, different title)",https://www.govinfo.gov/content/pkg/CHRG-118hhrg53336/html/CHRG-118hhrg53336.htm
2023-03-08,118,house,hsha00,Committee on House Administration,,"MARKUP OF H. RES.------, PROVIDING FOR THE EXPENSES OF CERTAIN COMMITTEES OF THE HOUSE OF REPRESENTATIVES IN THE ONE HUNDRED EIGHTEENTH CONGRESS",115404,"possible match (same committee, same days, different title)",https://www.govinfo.gov/content/pkg/CHRG-118hhrg53952/html/CHRG-118hhrg53952.htm
2023-02-28,118,house,hsii00,Committee on Natural Resources,,"H.R.__, ``BUILDING UNITED STATES INFRASTRUCTURE THROUGH LIMITED DELAYS AND EFFICIENT REVIEWS ACT OF 2023""",,"possible match (same committee, same days, different title)",https://www.govinfo.gov/content/pkg/CHRG-118hhrg51381/html/CHRG-118hhrg51381.htm
2023-02-28,118,house,hssm00,Committee on Small Business,,MARKUP OF COMMITTEE'S BUDGET VIEWS AND ESTIMATES,115354,"possible match (same committee, same days, different title)",https://www.govinfo.gov/content/pkg/CHRG-118hhrg51409/html/CHRG-118hhrg51409.htm
2023-02-28,118,house,hsas00,Committee on Armed Services,Subcommittee on Readiness Hearing,[H.A.S.C. No. 118-8] HEARING ON NATIONAL DEFENSE AUTHORIZATION ACT FOR FISCAL YEAR 2024 AND OVERSIGHT OF PREVIOUSLY AUTHORIZED PROGRAMS,115355,"possible match (same committee, same days, different title)",https://www.govinfo.gov/content/pkg/CHRG-118hhrg52320/html/CHRG-118hhrg52320.htm
2023-01-31,118,house,,,,RULES OF THE COMMITTEE ON ENERGY AND COMMERCE,,committee not tracked,https://www.govinfo.gov/content/pkg/CHRG-118hhrg54852/html/CHRG-118hhrg54852.htm
2022-09-27,117,house,hsap00,Committee on Appropriations,,Subcommittee in Financial Services and General Government. Fiscal Year 2022 Answers to Questions Submitted for the Record,,no video found,https://www.govinfo.gov/content/pkg/CHRG-117hhrg46075/html/CHRG-117hhrg46075.htm
2022-08-03,117,house,hlcn00,Select Committee on the Climate Crisis,,"BUILDING CLIMATE-RESILIENT COASTAL COMMUNITIES: PERSPECTIVES FROM OREGON'S STATE, LOCAL, AND TRIBAL PARTNERS",115066,no video found,https://www.govinfo.gov/content/pkg/CHRG-117hhrg48872/html/CHRG-117hhrg48872.htm
2022-07-21,117,house,hlij00,Select Committee to Investigate the January 6th Attack on the United States Capitol,,HEARING ON THE JANUARY 6TH INVESTIGATION,114978,"possible match (same committee, same days, different title)",https://www.govinfo.gov/content/pkg/CHRG-117hhrg49356/html/CHRG-117hhrg49356.htm
2022-07-12,117,house,hlij00,Select Committee to Investigate the January 6th Attack on the United States Capitol,,HEARING ON THE JANUARY 6TH INVESTIGATION,114977,"possible match (same committee, same days, different title)",https://www.govinfo.gov/content/pkg/CHRG-117hhrg49355/html/CHRG-117hhrg49355.htm
2022-06-28,117,house,hlij00,Select Committee to Investigate the January 6th Attack on the United States Capitol,,HEARING ON THE JANUARY 6TH INVESTIGATION,114973,"possible match (same committee, same days, different title)",https://www.govinfo.gov/content/pkg/CHRG-117hhrg49354/html/CHRG-117hhrg49354.htm
2022-06-23,117,house,hlij00,Select Committee to Investigate the January 6th Attack on the United States Capitol,,HEARING ON THE JANUARY 6TH INVESTIGATION,114899,"possible match (same committee, same days, different title)",https://www.govinfo.gov/content/pkg/CHRG-117hhrg49353/html/CHRG-117hhrg49353.htm
2022-06-21,117,house,hlij00,Select Committee to Investigate the January 6th Attack on the United States Capitol,,HEARING ON THE JANUARY 6TH INVESTIGATION,114923,"possible match (same committee, same days, different title)",https://www.govinfo.gov/content/pkg/CHRG-117hhrg49352/html/CHRG-117hhrg49352.htm
2022-06-16,117,house,hlij00,Select Committee to Investigate the January 6th Attack on the United States Capitol,,HEARING ON THE JANUARY 6TH INVESTIGATION,114906,"possible match (same committee, same days, different title)",https://www.govinfo.gov/content/pkg/CHRG-117hhrg49351/html/CHRG-117hhrg49351.htm
2022-06-13,117,house,hlij00,Select Committee to Investigate the January 6th Attack on the United States Capitol,,HEARING ON THE JANUARY 6TH INVESTIGATION,114877,"possible match (same committee, same days, different title)",https://www.govinfo.gov/content/pkg/CHRG-117hhrg48999/html/CHRG-117hhrg48999.htm
2022-06-09,117,house,hlij00,Select Committee to Investigate the January 6th Attack on the United States Capitol,,HEARING ON THE JANUARY 6TH INVESTIGATION,114870,"possible match (same committee, same days, different title)",https://www.govinfo.gov/content/pkg/CHRG-117hhrg48998/html/CHRG-117hhrg48998.htm
2022-05-18,117,house,hsas00,Committee on Armed Services,"Subcommittee on Cyber, Innovative","[H.A.S.C. No. 117-93] Department of Defense Information Technology, Digital Developments, and Artificial Intelligence for Fiscal Year 2023",114828,"possible match (same committee, same days, different title)",https://www.govinfo.gov/content/pkg/CHRG-117hhrg48653/html/CHRG-117hhrg48653.htm
2022-05-17,117,house,hsas00,Committee on Armed Services,Subcommittee on Strategic Forces Hearing,[H.A.S.C. No. 117-91] HEARING ON NATIONAL DEFENSE AUTHORIZATION ACT FOR FISCAL YEAR 2023 AND OVERSIGHT OF PREVIOUSLY AUTHORIZED PROGRAMS BEFORE THE COMMITTEE ON ARMED SERVICES HOUSE OF REPRESENTATIVES ONE HUNDRED SEVENTEENTH CONGRESS SECOND SESSION,114822,"possible match (same committee, same days, different title)",https://www.govinfo.gov/content/pkg/CHRG-117hhrg48474/html/CHRG-117hhrg48474.htm
2022-05-12,117,house,hsap00,Committee on Appropriations,Subcommittee on Financial Services and General Government,FINANCIAL SERVICES AND GENERAL GOVERNMENT APPROPRIATIONS FOR 2023,,"possible match (same committee, same days, different title)",https://www.govinfo.gov/content/pkg/CHRG-117hhrg49393/html/CHRG-117hhrg49393.htm
2022-04-28,117,house,hsas00,Committee on Armed Services,,[H.A.S.C. No. 117-82] ON NATIONAL DEFENSE AUTHORIZATION ACT FOR FISCAL YEAR 2023,114699,"possible match (same committee, same days, different title)",https://www.govinfo.gov/content/pkg/CHRG-117hhrg48578/html/CHRG-117hhrg48578.htm
2022-04-28,117,house,hsap00,Committee on Appropriations,"Subcommittee on Commerce, Justice, Science,","COMMERCE, JUSTICE, SCIENCE, AND RELATED AGENCIES APPROPRIATIONS FOR 2023",,"possible match (same committee, same days, different title)",https://www.govinfo.gov/content/pkg/CHRG-117hhrg48781/html/CHRG-117hhrg48781.htm
2022-03-29,117,joint,,Commission on Security and Cooperation in Europe (U.S. Helsinki Commission),,PUTIN'S WAR ON TRUTH: PROPAGANDA AND CENSORSHIP IN RUSSIA,,committee not tracked,https://www.govinfo.gov/content/pkg/CHRG-117jhrg61194/html/CHRG-117jhrg61194.htm
2022-03-23,117,joint,,Commission on Security and Cooperation in Europe (U.S. Helsinki Commission),,CONTAINING RUSSIA: OPPOSING RUSSIAN IMPERIALISM IN UKRAINE AND BEYOND,,committee not tracked,https://www.govinfo.gov/content/pkg/CHRG-117jhrg60801/html/CHRG-117jhrg60801.htm
2022-02-15,117,house,hsii00,Committee on Natural Resources,,"H.R. 2021, ``ENVIRONMENTAL JUSTICE FOR ALL ACT''",114406,"possible match (same committee, same days, different title)",https://www.govinfo.gov/content/pkg/CHRG-117hhrg46866/html/CHRG-117hhrg46866.htm
2022-02-09,117,house,hsgo00,Committee on Oversight and Reform,Subcommittee on Government Operations,REVITALIZING WMATA: GETTING TO A CULTURE OF EXCELLENCE,114400,"possible match (same committee, same days, different title)",https://www.govinfo.gov/content/pkg/CHRG-117hhrg46903/html/CHRG-117hhrg46903.htm
2022-02-03,117,joint,,Commission on Security and Cooperation in Europe (U.S. Helsinki Commission),,POLAND'S LEADERSHIP OF THE OSCE IN A TIME OF CRISIS,331749,committee not tracked,https://www.govinfo.gov/content/pkg/CHRG-117jhrg48883/html/CHRG-117jhrg48883.htm
2022-02-02,117,house,,,,RESPECTING ARTISTS WITH THE AMERICAN MUSIC FAIRNESS ACT,,committee not tracked,https://www.govinfo.gov/content/pkg/CHRG-117hhrg48512/html/CHRG-117hhrg48512.htm
2022-02-02,117,house,,,,A 2022 REVIEW OF THE FARM BILL,,committee not tracked,https://www.govinfo.gov/content/pkg/CHRG-117hhrg49906/html/CHRG-117hhrg49906.htm
2021-11-18,117,joint,,Commission on Security and Cooperation in Europe (U.S. Helsinki Commission),,CONFRONTING KREMLIN AND COMMUNIST CORRUPTION,,committee not tracked,https://www.govinfo.gov/content/pkg/CHRG-117jhrg55432/html/CHRG-117jhrg55432.htm
2021-11-03,117,joint,,Commission on Security and Cooperation in Europe (U.S. Helsinki Commission),,UPHOLDING OSCE COMMITMENTS IN HUNGARY AND POLAND,330904,committee not tracked,https://www.govinfo.gov/content/pkg/CHRG-117jhrg55070/html/CHRG-117jhrg55070.htm
2021-10-21,117,house,,,,OVERSIGHT OF THE UNITED STATES DEPARTMENT OF JUSTICE,,committee not tracked,https://www.govinfo.gov/content/pkg/CHRG-117hhrg48808/html/CHRG-117hhrg48808.htm
2021-09-28,117,house,hsfa00,Committee on Foreign Affairs,"Subcommittee on Asia, the Pacific, Central Asia, and Nonproliferation",STRENGTHENING THE U.S. TIES WITH SOUTHEAST ASIA,114094,"possible match (same committee, same days, different title)",https://www.govinfo.gov/content/pkg/CHRG-117hhrg46605/html/CHRG-117hhrg46605.htm
2021-07-27,117,house,hsgo00,Committee on Oversight and Reform,Select Subcommittee on the Coronavirus Crisis,OVERSIGHT OF PANDEMIC EVICTIONS: ASSESSING ABUSES BY CORPORATE LANDLORDS AND FEDERAL EFFORTS TO KEEP AMERICANS IN THEIR HOMES,113967,"possible match (same committee, same days, different title)",https://www.govinfo.gov/content/pkg/CHRG-117hhrg45372/html/CHRG-117hhrg45372.htm
2021-07-21,117,house,hsas00,Committee on Armed Services,Subcommittee on Intelligence and Special Operations,[H.A.S.C. No. 117-56] REVIEW OF THE FISCAL YEAR 2022 BUDGET REQUEST FOR U.S.SPECIAL OPERATIONS FORCES AND COMMAND,113926,"possible match (same committee, same days, different title)",https://www.govinfo.gov/content/pkg/CHRG-117hhrg47465/html/CHRG-117hhrg47465.htm
2021-07-21,117,house,hsii00,Committee on Natural Resources,"Subcommittee on Water, Oceans, and Wildlife",[ERRATA]- EXAMINING THE PRESIDENTS'FISCAL YEAR 2022 BUDGET PROPOSAL FOR THE U.S. BUREAU OF RECLAMATION..,113933,"possible match (same committee, same days, different title)",https://www.govinfo.gov/content/pkg/CHRG-117hhrg48245/html/CHRG-117hhrg48245.htm
2021-07-20,117,house,hsas00,Committee on Armed Services,Subcommittee on Military Personnel,[H.A.S.C. No. 117-55] THE FINDING AND RECOMMENDATIONS OF THE INDEPENDENT REVIEW COMMISSION ON SEXUAL ASSULT IN THE MILITARY,113940,"possible match (same committee, same days, different title)",https://www.govinfo.gov/content/pkg/CHRG-117hhrg50381/html/CHRG-117hhrg50381.htm
2021-06-30,117,house,hsas00,Committee on Armed Services,Subcommittee on Tactical Air and Land Forces Hearing,[H.A.S.C. No. 117-51] HEARING ON NATIONAL DEFENSE AUTHORIZATION ACT FOR FISCAL YEAR 2022 AND OVERSIGHT OF PREVIOUSLY AUTHORIZED PROGRAMS BEFORE THE COMMITTEE ON ARMED SERVICES HOUSE OF REPRESENTATIVES ONE HUNDRED SEVENTEENTH CONGRESS FIRST SESSION,112831,"possible match (same committee, same days, different title)",https://www.govinfo.gov/content/pkg/CHRG-117hhrg45434/html/CHRG-117hhrg45434.htm
2021-06-24,117,house,hlmh00,Select Committee on the Modernization of Congress,,RETHINKING CONGRESSIONAL CULTURE: LESSONS FROM THE FIELDS OF ORGANIZATIONAL PSYCHOLOGY AND CONFLICT RESOLUTION,112836,"possible match (same committee, same days, different title)",https://www.govinfo.gov/content/pkg/CHRG-117hhrg48595/html/CHRG-117hhrg48595.htm
2021-06-23,117,house,hsii00,Committee on Natural Resources,,OVERSIGHT HEARING ON EXAMINING THE DEPARTMENT OF THE INTERIOR'S SPENDING PRIORITIES AND THE PRESIDENT'S FISCAL YEAR BUDGET 2022 PROPOSAL,,"possible match (same committee, same days, different title)",https://www.govinfo.gov/content/pkg/CHRG-117hhrg45003/html/CHRG-117hhrg45003.htm
2021-06-23,117,house,hsas00,Committee on Armed Services,,[H.A.S.C. No. 117-48] HEARING ON NATIONAL DEFENSE AUTHORIZATION ACT FOR FISCAL YEAR 2022 AND OVERSIGHT OF PREVIOUSLY AUTHORIZED PROGRAMS BEFORE THE COMMITTEE ON ARMED SERVICES HOUSE OF REPRESENTATIVES ONE HUNDRED SEVENTEENTH CONGRESS FIRST SESSION,112846,"possible match (same committee, same days, different title)",https://www.govinfo.gov/content/pkg/CHRG-117hhrg48626/html/CHRG-117hhrg48626.htm
2021-06-15,117,house,hsas00,Committee on Armed Services,,[H.A.S.C. No. 117-44] HEARING ON NATIONAL DEFENSE AUTHORIZATION ACT FOR FISCAL YEAR 2022 AND OVERSIGHT OF PREVIOUSLY AUTHORIZED PROGRAMS BEFORE THE COMMITTEE ON ARMED SERVICES HOUSE OF REPRESENTATIVES ONE HUNDRED SEVENTEENTH CONGRESS FIRST SESSION,112796,"possible match (same committee, same days, different title)",https://www.govinfo.gov/content/pkg/CHRG-117hhrg47741/html/CHRG-117hhrg47741.htm
2021-06-13,117,house,hsif00,Committee on Energy and Commerce,,MEMBER DAY,,"possible match (same committee, same days, different title)",https://www.govinfo.gov/content/pkg/CHRG-117hhrg51884/html/CHRG-117hhrg51884.htm
2021-06-07,117,house,hsas00,Committee on Armed Services,Subcommittee on Tactical Air and Land Forces Hearing,[H.A.S.C. No. 117-39] HEARING ON NATIONAL DEFENSE AUTHORIZATION ACT FOR FISCAL YEAR 2022 AND OVERSIGHT OF PREVIOUSLY AUTHORIZED PROGRAMS BEFORE THE COMMITTEE ON ARMED SERVICES HOUSE OF REPRESENTATIVES ONE HUNDRED SEVENTEENTH CONGRESS FIRST SESSION,,"possible match (same committee, same days, different title)",https://www.govinfo.gov/content/pkg/CHRG-117hhrg45619/html/CHRG-117hhrg45619.htm
2021-05-24,117,house,hsas00,Committee on Armed Services,Subcommittee on Strategic Forces Hearing,[H.A.S.C. No. 117-36] HEARING ON NATIONAL DEFENSE AUTHORIZATION ACT FOR FISCAL YEAR 2022 AND OVERSIGHT OF PREVIOUSLY AUTHORIZED PROGRAMS BEFORE THE COMMITTEE ON ARMED SERVICES HOUSE OF REPRESENTATIVES ONE HUNDRED SEVENTEENTH CONGRESS FIRST SESSION,,"possible match (same committee, same days, different title)",https://www.govinfo.gov/content/pkg/CHRG-117hhrg46864/html/CHRG-117hhrg46864.htm
2021-05-20,117,house,hsas00,Committee on Armed Services,"Subcommittee on Cyber, Innovative Technologies, and Information Systems",[H.A.S.C. No. 117-35] HEARING ON NATIONAL DEFENSE AUTHORIZATION ACT FOR FISCAL YEAR 2022 AND OVERSIGHT OF PREVIOUSLY AUTHORIZED PROGRAMS BEFORE THE COMMITTEE ON ARMED SERVICES HOUSE OF REPRESENTATIVES ONE HUNDRED SEVENTEENTH CONGRESS FIRST SESSION,,"possible match (same committee, same days, different title)",https://www.govinfo.gov/content/pkg/CHRG-117hhrg45555/html/CHRG-117hhrg45555.htm
2021-05-18,117,house,hsfa00,Committee on Foreign Affairs,"Subcommittee on Middle East, North Africa, and Global Counterterrorism",THE IMPACT OF RUSSIA'S INVASION OF UKRAINE IN THE MIDDLE EAST AND NORTH AFRICA,,"possible match (same committee, same days, different title)",https://www.govinfo.gov/content/pkg/CHRG-117hhrg49370/html/CHRG-117hhrg49370.htm
2021-05-13,117,house,,,,WORKFORCE INNOVATION AND OPPORTUNITY ACT REAUTHORIZATION: CREATING OPPORTUNITIES FOR YOUTH EMPLOYMENT,,committee not tracked,https://www.govinfo.gov/content/pkg/CHRG-117hhrg44535/html/CHRG-117hhrg44535.htm
2021-05-06,117,house,hsap00,Committee on Appropriations,"Subcommittee on Energy and Water Development,","ENERGY AND WATER DEVELOPMENT, AND RELATED AGENCIES APPROPRIATIONS FOR 2022",,"possible match (same committee, same days, different title)",https://www.govinfo.gov/content/pkg/CHRG-117hhrg46215/html/CHRG-117hhrg46215.htm
2021-05-04,117,house,hsgo00,Committee on Oversight and Reform,Subcommittee on Economic and Consumer Policy,"THE URGENT NEED TO REFORM THE ORGAN TRANSPLANTATION SYSTEM TO SECURE MORE ORGANS FOR WAITING, AILING, AND DYING PATIENTS",,"possible match (same committee, same days, different title)",https://www.govinfo.gov/content/pkg/CHRG-117hhrg44569/html/CHRG-117hhrg44569.htm
2021-05-03,117,house,hsas00,Committee on Armed Services,Subcommittee on Readiness,[H.A.S.C. No. 117-26] THE AAV MISHAP INVESTIGATION: HOW TO BUILD A CULTURE OF SAFETY TO AVOID PREVENTABLE TRAINING ACCIDENTS,112544,"possible match (same committee, same days, different title)",https://www.govinfo.gov/content/pkg/CHRG-117hhrg48486/html/CHRG-117hhrg48486.htm
2021-04-29,117,house,hsap00,Committee on Appropriations,"Subcommittee on Commerce, Justice, Science,","COMMERCE, JUSTICE, SCIENCE, AND RELATED AGENCIES APPROPRIATIONS FOR 2022",,"possible match (same committee, same days, different title)",https://www.govinfo.gov/content/pkg/CHRG-117hhrg46269/html/CHRG-117hhrg46269.htm
2021-04-29,117,house,hsap00,Committee on Appropriations,"Subcommittee on Commerce, Justice, Science,","COMMERCE, JUSTICE, SCIENCE, AND RELATED AGENCIES APPROPRIATIONS FOR 2022",,"possible match (same committee, same days, different title)",https://www.govinfo.gov/content/pkg/CHRG-117hhrg46346/html/CHRG-117hhrg46346.htm
2021-04-29,117,house,hsas00,Committee on Armed Services,Subcommittee on Seapower and Projection Forces,[H.A.S.C. No. 117-24],112539,"possible match (same committee, same days, different title)",https://www.govinfo.gov/content/pkg/CHRG-117hhrg48360/html/CHRG-117hhrg48360.htm
2021-04-28,117,house,hsas00,Committee on Armed Services,,[H.A.S.C. No. 117-23] THE DEPARTMENT OF DEFENSE'S FINANCIAL IMPROVEMENT AND AUDIT READINESS PLAN: FISCAL YEAR 2020 AUDIT RESULTS AND THE PATH FORWARD,,"possible match (same committee, same days, different title)",https://www.govinfo.gov/content/pkg/CHRG-117hhrg48179/html/CHRG-117hhrg48179.htm
2021-04-15,117,house,hsap00,Committee on Appropriations,"Subcommittee on Labor, Health and Human Services,","DEPARTMENTS OF LABOR, HEALTH AND HUMAN SERVICES, EDUCATION, AND RELATED AGENCIES APPROPRIATIONS FOR 2022",,"possible match (same committee, same days, different title)",https://www.govinfo.gov/content/pkg/CHRG-117hhrg46639/html/CHRG-117hhrg46639.htm
2021-04-14,117,house,hsii00,Committee on Natural Resources,,"H.R. 1522, ``PUERTO RICO STATEHOOD ADMISSION ACT''; AND H.R. 2070, ``PUERTO RICO SELF-DETERMINATION ACT OF 2021''",,"possible match (same committee, same days, different title)",https://www.govinfo.gov/content/pkg/CHRG-117hhrg44272/html/CHRG-117hhrg44272.htm
2021-03-25,117,house,hsfa00,Committee on Foreign Affairs,,"MARKUP OF H.R. 391, H.R. 1079, H.R. 1145, H.R. 1500, H.R. 1158, H.R. 1083, H.R. 1392, H.R. 1464, H.R. 256, H.R. 2118, H.Res. 245, H.R. 1934",,"possible match (same committee, same days, different title)",https://www.govinfo.gov/content/pkg/CHRG-117hhrg43863/html/CHRG-117hhrg43863.htm
2021-03-22,117,house,hsfa00,Committee on Foreign Affairs,"Subcommittee on Asia, the Pacific, Central Asia, and Nonproliferation",AMERICAS WAY FORWARD IN THE INDO-PACIFIC,,"possible match (same committee, same days, different title)",https://www.govinfo.gov/content/pkg/CHRG-117hhrg43785/html/CHRG-117hhrg43785.htm
2021-03-18,117,house,hsap00,Committee on Appropriations,"Subcommittee on Commerce, Justice, Science,","COMMERCE, JUSTICE, SCIENCE, AND RELATED AGENCIES APPROPRIATIONS FOR 2022",,"possible match (same committee, same days, different title)",https://www.govinfo.gov/content/pkg/CHRG-117hhrg46187/html/CHRG-117hhrg46187.htm
2021-03-18,117,house,hsap00,Committee on Appropriations,"Subcommittee on Interior, Environment, and Related Agencies","INTERIOR, ENVIRONMENT, AND RELATED AGENCIES APPROPRIATIONS FOR 2022",,"possible match (same committee, same days, different title)",https://www.govinfo.gov/content/pkg/CHRG-117hhrg46542/html/CHRG-117hhrg46542.htm
2021-02-25,117,house,hsba00,Committee on Financial Services,"Subcommittee on Investor Protection, Entrepreneurship, and Capital Markets",CLIMATE CHANGE AND SOCIAL RESPONSIBILITY: HELPING CORPORATE BOARDS AND INVESTORS MAKE DECISIONS FOR A SUSTAINABLE WORLD,,"possible match (same committee, same days, different title)",https://www.govinfo.gov/content/pkg/CHRG-117hhrg43994/html/CHRG-117hhrg43994.htm
2021-02-25,117,house,hsap00,Committee on Appropriations,"Subcommittee on Agriculture, Rural Development, Food and Drug","AGRICULTURE, RURAL DEVELOPMENT, FOOD AND DRUG ADMINISTRATION, AND RELATED AGENCIES APPROPRIATIONS FOR 2022",,"possible match (same committee, same days, different title)",https://www.govinfo.gov/content/pkg/CHRG-117hhrg46857/html/CHRG-117hhrg46857.htm
2021-02-19,117,house,hsap00,Committee on Appropriations,"Subcommittee on Labor, Health and Human Services, Education, and","DEPARTMENTS OF LABOR, HEALTH AND HUMAN SERVICES, EDUCATION, AND RELATED AGENCIES APPROPRIATIONS FOR 2022",,"possible match (same committee, same days, different title)",https://www.govinfo.gov/content/pkg/CHRG-117hhrg46638/html/CHRG-117hhrg46638.htm
2021-02-18,117,house,hsap00,Committee on Appropriations,Subcommittee on Legislative Branch,LEGISLATIVE BRANCH APPROPRIATIONS FOR 2022,,"possible match (same committee, same days, different title)",https://www.govinfo.gov/content/pkg/CHRG-117hhrg46270/html/CHRG-117hhrg46270.htm
2021-01-06,117,house,hsap00,Committee on Appropriations,Subcommittee on Legislative Branch,LEGISLATIVE BRANCH APPROPRIATIONS FOR 2022,,no video found,https://www.govinfo.gov/content/pkg/CHRG-117hhrg48481/html/CHRG-117hhrg48481.htm
2021-01-01,117,house,hsap00,Committee on Appropriations,,"DEPARTMENTS OF LABOR HEALTH AND HUMAN SERVICES, EDUCATION, AND RELATED AGENCIES APPROPRIATIONS FOR 2022",,no video found,https://www.govinfo.gov/content/pkg/CHRG-117hhrg46689/html/CHRG-117hhrg46689.htm
2021-01-01,117,house,hsap00,Committee on Appropriations,"Subcommittee on State, Foreign Operations,","STATE, FOREIGN OPERATIONS, AND RELATED PROGRAMS APPROPRIATIONS FOR 2022",,no video found,https://www.govinfo.gov/content/pkg/CHRG-117hhrg47298/html/CHRG-117hhrg47298.htm
2021-01-01,117,house,hsap00,Committee on Appropriations,"Subcommittee on the Departments of Transportation, and Housing and","DEPARTMENTS OF TRANSPORTATION, AND HOUSING AND URBAN DEVELOPMENT, AND RELATED AGENCIES APPROPRIATIONS FOR 2023",,no video found,https://www.govinfo.gov/content/pkg/CHRG-117hhrg47463/html/CHRG-117hhrg47463.htm
2021-01-01,117,house,hsap00,Committee on Appropriations,"Subcommittee on Energy and Water Development,",ENERGY AND WATER DEVELOPMENT APPROPRIATIONS FOR 2023,,no video found,https://www.govinfo.gov/content/pkg/CHRG-117hhrg49890/html/CHRG-117hhrg49890.htm
2020-10-01,116,house,hsfa00,Committee on Foreign Affairs,,"MARKUP OF H.R. 6986, 7990, 7673, 8409, 4507, 8428, 8405, 8259, 4636, 4326, 7954, 8438, H.Res. 1012, 697, 1100, 751, 1077, 672, 17, 823, 996, 958, 825, 1121, 1115, 768, 1150, 1145",,"possible match (same committee, same days, different title)",https://www.govinfo.gov/content/pkg/CHRG-116hhrg41964/html/CHRG-116hhrg41964.htm
2020-09-29,116,house,hsfa00,Committee on Foreign Affairs,,OVERSIGHT OF THE UNITED STATES AGENCY FOR GLOBAL MEDIA AND U.S. INTERNATIONAL BROADCASTING EFFORTS,,"possible match (same committee, same days, different title)",https://www.govinfo.gov/content/pkg/CHRG-116hhrg41962/html/CHRG-116hhrg41962.htm
2020-09-23,116,house,,Committee on Armed Services,,[H.A.S.C. No. 116-92]The Role of Allies and Partners in U.S. Military Strategy and Operations,,committee not tracked,https://www.govinfo.gov/content/pkg/CHRG-116hhrg43158/html/CHRG-116hhrg43158.htm
2020-08-07,116,joint,jcov00,Congressional Oversight Commission,,EXAMINATION OF THE MAIN STREET LENDING PROGRAM,,committee not tracked,https://www.govinfo.gov/content/pkg/CHRG-116jhrg41488/html/CHRG-116jhrg41488.htm
2020-07-29,116,house,hsas00,Committee on Armed Services,Subcommittee on Military Personnel,[H.A.S.C. No. 116-87] THE MILITARY'S #METOO MOMENT: AN EXAMINATION OF SEXUAL ASSAULT AND PERCEIVED RETALIATION IN THE DEPARTMENT OF DEFENSE AND AT FORT HOOD,,"possible match (same committee, same days, different title)",https://www.govinfo.gov/content/pkg/CHRG-116hhrg42963/html/CHRG-116hhrg42963.htm
2020-06-04,116,house,hsas00,Committee on Armed Services,Subcommittee on Seapower and Projection Forces,[H.A.S.C. No. 116-83] Future Force Structure Requirements for the United States Navy,110772,no video found,https://www.govinfo.gov/content/pkg/CHRG-116hhrg47045/html/CHRG-116hhrg47045.htm
2020-06-01,116,house,hsii00,Committee on Natural Resources,,OVERSIGHT HEARING ON THE U.S. PARK POLICE ATTACK ON PEACEFUL PROTESTERS AT LAFAYETTE SQUARE--PART 1,,"possible match (same committee, same days, different title)",https://www.govinfo.gov/content/pkg/CHRG-116hhrg40718/html/CHRG-116hhrg40718.htm
2020-05-06,116,house,hsap00,Committee on Appropriations,"Subcommittee on Labor, Health and Human Services, Education, and","DEPARTMENTS OF LABOR, HEALTH AND HUMAN SERVICES, EDUCATION, AND RELATED AGENCIES APPROPRIATIONS FOR 2021",,"possible match (same committee, same days, different title)",https://www.govinfo.gov/content/pkg/CHRG-116hhrg43462/html/CHRG-116hhrg43462.htm
2020-03-11,116,house,hsas00,Committee on Armed Services,Subcommittee on Intelligence and Emerging Threats and Capabilities,[H.A.S.C. No. 116-79] HEARING ON NATIONAL DEFENSE AUTHORIZATION ACT FOR FISCAL YEAR 2021 AND OVERSIGHT OF PREVIOUSLY AUTHORIZED PROGRAMS BEFORE THE COMMITTEE ON ARMED SERVICES HOUSE OF REPRESENTATIVES ONE HUNDRED SIXTEENTH CONGRESS SECOND SESSION,,"possible match (same committee, same days, different title)",https://www.govinfo.gov/content/pkg/CHRG-116hhrg41443/html/CHRG-116hhrg41443.htm
2020-03-11,116,house,hsas00,Committee on Armed Services,Subcommittee on Seapower and Projection Forces,[H.A.S.C. No. 116-80] HEARING ON NATIONAL DEFENSE AUTHORIZATION ACT FOR FISCAL YEAR 2021 AND OVERSIGHT OF PREVIOUSLY AUTHORIZED PROGRAMS BEFORE THE COMMITTEE ON ARMED SERVICES HOUSE OF REPRESENTATIVES ONE HUNDRED SIXTEENTH CONGRESS SECOND SESSION,,"possible match (same committee, same days, different title)",https://www.govinfo.gov/content/pkg/CHRG-116hhrg41866/html/CHRG-116hhrg41866.htm
2020-03-10,116,house,hsas00,Committee on Armed Services,Subcommittee on Tactical Air and Land Forces Hearing,[H.A.S.C. No. 116-77] HEARING ON NATIONAL DEFENSE AUTHORIZATION ACT FOR FISCAL YEAR 2021 AND OVERSIGHT OF PREVIOUSLY AUTHORIZED PROGRAMS BEFORE THE COMMITTEE ON ARMED SERVICES HOUSE OF REPRESENTATIVES ONE HUNDRED SIXTEENTH CONGRESS SECOND SESSION,,"possible match (same committee, same days, different title)",https://www.govinfo.gov/content/pkg/CHRG-116hhrg41501/html/CHRG-116hhrg41501.htm
2020-03-04,116,house,hssm00,Committee on Small Business,,COMMITTEE'S BUDGET VIEWS AND ESTIMATES FOR FISCAL YEAR 2021,,"possible match (same committee, same days, different title)",https://www.govinfo.gov/content/pkg/CHRG-116hhrg39947/html/CHRG-116hhrg39947.htm
2020-03-04,116,house,hsas00,Committee on Armed Services,Subcommittee on Intelligence and Emerging Threats and Capabilities,[H.A.S.C. No. 116-74]HEARING ON NATIONAL DEFENSE AUTHORIZATION ACT FOR FISCAL YEAR 2021 AND OVERSIGHT OF PREVIOUSLY AUTHORIZED PROGRAMS,,"possible match (same committee, same days, different title)",https://www.govinfo.gov/content/pkg/CHRG-116hhrg40605/html/CHRG-116hhrg40605.htm
2020-03-04,116,house,hsap00,Committee on Appropriations,"Subcommittee on Commerce, Justice, Science,","COMMERCE, JUSTICE, SCIENCE, AND RELATED AGENCIES APPROPRIATIONS FOR 2021",,"possible match (same committee, same days, different title)",https://www.govinfo.gov/content/pkg/CHRG-116hhrg44514/html/CHRG-116hhrg44514.htm
2020-03-03,116,house,hsru00,Committee on Rules,,ARTICLE I: CONSTITUTIONAL PERSPECTIVES ON THE RESPONSIBILITY AND AUTHORITY OF THE LEGISLATIVE BRANCH,,"possible match (same committee, same days, different title)",https://www.govinfo.gov/content/pkg/CHRG-116hhrg40628/html/CHRG-116hhrg40628.htm
2020-03-03,116,house,hsas00,Committee on Armed Services,Subcommittee on Strategic Forces Hearing,[H.A.S.C. No. 116-71]HEARING ON NATIONAL DEFENSE AUTHORIZATION ACT FOR FISCAL YEAR 2021 AND OVERSIGHT OF PREVIOUSLY AUTHORIZED PROGRAMS,,"possible match (same committee, same days, different title)",https://www.govinfo.gov/content/pkg/CHRG-116hhrg41409/html/CHRG-116hhrg41409.htm
2020-03-03,116,house,hsap00,Committee on Appropriations,"Subcommittee on State, Foreign Operations,","STATE, FOREIGN OPERATIONS, AND RELATED PROGRAMS APPROPRIATIONS FOR 2021",,"possible match (same committee, same days, different title)",https://www.govinfo.gov/content/pkg/CHRG-116hhrg43523/html/CHRG-116hhrg43523.htm
2020-02-27,116,house,hsap00,Committee on Appropriations,"Subcommittee on the Departments of Transportation, and Housing and","DEPARTMENTS OF TRANSPORTATION, AND HOUSING AND URBAN DEVELOPMENT, AND RELATED AGENCIES APPROPRIATIONS FOR 2021",,"possible match (same committee, same days, different title)",https://www.govinfo.gov/content/pkg/CHRG-116hhrg43030/html/CHRG-116hhrg43030.htm
2020-02-27,116,house,hsap00,Committee on Appropriations,"Subcommittee on State, Foreign Operations,","STATE, FOREIGN OPERATIONS, AND RELATED PROGRAMS APPROPRIATIONS FOR 2021",,"possible match (same committee, same days, different title)",https://www.govinfo.gov/content/pkg/CHRG-116hhrg43524/html/CHRG-116hhrg43524.htm
2020-02-26,116,house,hsas00,Committee on Armed Services,,[H.A.S.C. No. 116-65]The Fiscal Year 2021 National Defense Authorization Budget Request From The Department Of Defense,,"possible match (same committee, same days, different title)",https://www.govinfo.gov/content/pkg/CHRG-116hhrg43451/html/CHRG-116hhrg43451.htm
2020-02-11,116,house,hsas00,Committee on Armed Services,Subcommittee on Intelligence and Emerging Threats and Capabilities,[H.A.S.C. No. 116-62]HEARING ON NATIONAL DEFENSE AUTHORIZATION ACT FOR FISCAL YEAR 2021 AND OVERSIGHT OF PREVIOUSLY AUTHORIZED PROGRAMS,,"possible match (same committee, same days, different title)",https://www.govinfo.gov/content/pkg/CHRG-116hhrg40509/html/CHRG-116hhrg40509.htm
2020-02-11,116,house,hsap00,Committee on Appropriations,"Subcommittee on Agriculture, Rural Development, Food and Drug","AGRICULTURE, RURAL DEVELOPMENT, FOOD AND DRUG ADMINISTRATION, AND RELATED AGENCIES APPROPRIATIONS FOR 2021",,"possible match (same committee, same days, different title)",https://www.govinfo.gov/content/pkg/CHRG-116hhrg44095/html/CHRG-116hhrg44095.htm
2020-02-11,116,house,hsap00,Committee on Appropriations,Subcommittee on Legislative Branch,COMMITTEE ON APPROPRIATIONS,,"possible match (same committee, same days, different title)",https://www.govinfo.gov/content/pkg/CHRG-116hhrg44647/html/CHRG-116hhrg44647.htm
2020-02-06,116,house,hsap00,Committee on Appropriations,"Subcommittee on Interior, Environment, and Related Agencies","INTERIOR, ENVIRONMENT, AND RELATED AGENCIES APPROPRIATIONS FOR 2021",,"possible match (same committee, same days, different title)",https://www.govinfo.gov/content/pkg/CHRG-116hhrg43677/html/CHRG-116hhrg43677.htm
2020-02-06,116,house,hsap00,Committee on Appropriations,Subcommittee on Defense,DEPARTMENT OF DEFENSE APPROPRIATIONS FOR 2021,,"possible match (same committee, same days, different title)",https://www.govinfo.gov/content/pkg/CHRG-116hhrg43815/html/CHRG-116hhrg43815.htm
2020-02-05,116,house,hsap00,Committee on Appropriations,"Subcommittee on Energy and Water Development,",ENERGY AND WATER DEVELOPMENT APPROPRIATIONS FOR 2021,,"possible match (same committee, same days, different title)",https://www.govinfo.gov/content/pkg/CHRG-116hhrg43895/html/CHRG-116hhrg43895.htm
2020-01-22,116,joint,jcse00,Commission on Security and Cooperation in Europe (U.S. Helsinki Commission),,"AI, UAVs, HYPERSONICS, AND AUTONOMOUS SYSTEMS: EMERGING TECHNOLOGIES AND EURO-ATLANTIC SECURITY",,no video found,https://www.govinfo.gov/content/pkg/CHRG-116jhrg39690/html/CHRG-116jhrg39690.htm
2020-01-17,116,house,hsju00,Committee on the Judiciary,"Subcommittee on Antitrust, Commercial and Administrative Law","ONLINE PLATFORMS AND MARKET POWER, PART 5: COMPETITORS IN THE DIGITAL ECONOMY",,no video found,https://www.govinfo.gov/content/pkg/CHRG-116hhrg40788/html/CHRG-116hhrg40788.htm
2019-12-09,116,house,hsap00,Committee on Appropriations,,THE IMPEACHMENT INQUIRY INTO PRESIDENT DONALD J. TRUMP: PRESENTATIONS FROM THE HOUSE PERMANENT SELECT COMMITTEE ON INTELLIGENCE AND HOUSE JUDICIARY COMMITTEE,,no video found,https://www.govinfo.gov/content/pkg/CHRG-116hhrg38818/html/CHRG-116hhrg38818.htm
2019-12-06,116,house,hsba00,Committee on Financial Services,,ROBOTS ON WALL STREET: THE IMPACT OF AI ON CAPITAL MARKETS AND JOBS IN THE FINANCIAL SERVICES INDUSTRY,,"possible match (same committee, same days, different title)",https://www.govinfo.gov/content/pkg/CHRG-116hhrg42632/html/CHRG-116hhrg42632.htm
2019-11-22,116,house,hssm00,Committee on Small Business,Subcommittee on Innovation and Workforce Development,"FIELD HEARING: CENTENNIAL, CO: INNOVATIONS IN THE SCHOOL TO SMALL BUSINESS PIPELINE",,no video found,https://www.govinfo.gov/content/pkg/CHRG-116hhrg38352/html/CHRG-116hhrg38352.htm
2019-11-08,116,house,hssm00,Committee on Small Business,"Subcommittee on Investigations, Oversight, and Regulations","FIELD HEARING: ROSEMEAD, CA: FOSTERING THE AMERICAN DREAM: HOW SBA CAN EMPOWER IMMIGRANT SMALL BUSINESS OWNERS",,no video found,https://www.govinfo.gov/content/pkg/CHRG-116hhrg38215/html/CHRG-116hhrg38215.htm
2019-10-30,116,house,hsfa00,Committee on Foreign Affairs,,"MARKUP OF H.R. 2153, H.Res. 189, H.Res. 230, H.R. 1771, H.Res. 410, H.Res. 349, H.R. 4754, S. 178, H.Res. 585, H.R. 554, H.R. 2881, H.R. 3763, H.Res. 446, H.R. 1819, H.R. 4802, H.R. 4862, H.Res. 649, H.Res. 546",,"possible match (same committee, same days, different title)",https://www.govinfo.gov/content/pkg/CHRG-116hhrg38183/html/CHRG-116hhrg38183.htm
2019-10-29,116,house,hsas00,Committee on Armed Services,,[H.A.S.C. No. 116-48]THEORIES OF VICTORY–INNOVATIVE CONCEPTS FOR NATIONAL SECURITY,,"possible match (same committee, same days, different title)",https://www.govinfo.gov/content/pkg/CHRG-116hhrg40506/html/CHRG-116hhrg40506.htm
2019-10-22,116,house,hsvr00,Committee on Veterans' Affairs,Subcommittee on Disability Assistance and Memorial Affairs,"H.R. 4360; H.R. 592; H.R. 1030; H.R. 4165; H.R. 4183; H.R. 628; H.R. 1424; H.R. 1911, AND A DRAFT BILL TO EXTEND INCREASED DEPENDENCY AND INDEMNITY COMPENSATION PAID TO SURVIVING SPOUSES OF VETERANS WHO DIE FROM ALS, AND A DRAFT BILL TO PERMIT APPELLANTS TO APPEAR BEFORE THE BOARD OF VETERANS' APPEALS VIA PICTURE AND VOICE TRANSMISSION FROM LOCATIONS OUTSIDE THE DEPARTMENT OF VETERANS AFFAIRS",,"possible match (same committee, same days, different title)",https://www.govinfo.gov/content/pkg/CHRG-116hhrg41244/html/CHRG-116hhrg41244.htm
2019-10-21,116,house,hssm00,Committee on Small Business,"Subcommittee on Rural Development, Agriculture, Trade, and Entrepreneurship",HARVESTING THE DIGITAL AGE: CONNECTING OUR COMMUNITIES FOR A BETTER FUTURE,,"possible match (same committee, same days, different title)",https://www.govinfo.gov/content/pkg/CHRG-116hhrg38059/html/CHRG-116hhrg38059.htm
2019-10-08,116,house,hssm00,Committee on Small Business,,"SILICON PRAIRIE: TECH, INNOVATION, AND A HIGH-SKILLED WORKFORCE IN THE HEARTLAND",,no video found,https://www.govinfo.gov/content/pkg/CHRG-116hhrg37895/html/CHRG-116hhrg37895.htm
2019-10-04,116,house,hssm00,Committee on Small Business,,CLOSING THE DIGITAL DIVIDE: CONNECTING RURAL AMERICANS TO RELIABLE INTERNET SERVICE,,no video found,https://www.govinfo.gov/content/pkg/CHRG-116hhrg37894/html/CHRG-116hhrg37894.htm
2019-09-25,116,house,hsap00,Committee on Appropriations,"Subcommittee on the Departments of Transportation, and Housing and","DEPARTMENTS OF TRANSPORTATION, HUD, AND RELATED AGENCIES APPROPRIATIONS FOR 2020",,"possible match (same committee, same days, different title)",https://www.govinfo.gov/content/pkg/CHRG-116hhrg38962/html/CHRG-116hhrg38962.htm
2019-09-25,116,house,hsap00,Committee on Appropriations,"Subcommittee on Agriculture, Rural Development, Food and Drug","AGRICULTURE, RURAL DEVELOPMENT, FOOD AND DRUG ADMINISTRATION, AND RELATED AGENCIES APPROPRIATIONS FOR 2020",,"possible match (same committee, same days, different title)",https://www.govinfo.gov/content/pkg/CHRG-116hhrg39606/html/CHRG-116hhrg39606.htm
2019-09-25,116,house,,,,ADDENDUM 1 TO HEARING ERRATA: SOUNDING THE ALARM: THE PUBLIC HEALTH THREATS OF E-CIGARETTES,,committee not tracked,https://www.govinfo.gov/content/pkg/CHRG-116hhrg49571/html/CHRG-116hhrg49571.htm
2019-09-06,116,house,hssm00,Committee on Small Business,,"CONNECTING RURAL SMALL BUSINESSES TO BROADBAND: CHALLENGES, SUCCESSES, AND HOW TO DO BETTER",,no video found,https://www.govinfo.gov/content/pkg/CHRG-116hhrg37541/html/CHRG-116hhrg37541.htm
2019-09-06,116,house,hsju00,Committee on the Judiciary,Subcommittee on Immigration and Citizenship,OVERSIGHT OF THE TRUMP ADMINISTRATION'S BORDER POLICIES AND THE RELATIONSHIP BETWEEN ANTI-IMMIGRANT RHETORIC AND DOMESTIC TERRORISM,,"possible match (same committee, same days, different title)",https://www.govinfo.gov/content/pkg/CHRG-116hhrg38605/html/CHRG-116hhrg38605.htm
2019-08-02,116,house,hsba00,Committee on Financial Services,Subcommittee on Oversight and Investigations,"AN EXAMINATION OF THE HOUSING CRISIS IN MICHIGAN, 11 YEARS AFTER THE RECESSION",,no video found,https://www.govinfo.gov/content/pkg/CHRG-116hhrg40161/html/CHRG-116hhrg40161.htm
2019-08-01,116,house,hssm00,Committee on Small Business,"Subcommittee on Economic Growth, Tax, and Capital Access",EXPANDING OPPORTUNITIES FOR SMALL BUSINESSES AT MILITARY BASES,,no video found,https://www.govinfo.gov/content/pkg/CHRG-116hhrg37179/html/CHRG-116hhrg37179.htm
2019-07-25,116,house,hsii00,Committee on Natural Resources,,OVERSIGHT HEARING ON WHEN SCIENCE GETS TRUMPED: SCIENTIFIC INTEGRITY AT THE DEPARTMENT OF THE INTERIOR,,"possible match (same committee, same days, different title)",https://www.govinfo.gov/content/pkg/CHRG-116hhrg37241/html/CHRG-116hhrg37241.htm
2019-07-24,116,house,hsap00,Committee on Appropriations,"Subcommittee on Commerce, Justice, Science,","COMMERCE, JUSTICE, SCIENCE, AND RELATED AGENCIES APPROPRIATIONS FOR 2020",,"possible match (same committee, same days, different title)",https://www.govinfo.gov/content/pkg/CHRG-116hhrg39448/html/CHRG-116hhrg39448.htm
2019-07-24,116,house,hsap00,Committee on Appropriations,"Subcommittee on Labor, Health and Human Services,","DEPARTMENTS OF LABOR, HEALTH AND HUMAN SERVICES, EDUCATION, AND RELATED AGENCIES APPROPRIATIONS FOR 2020",,"possible match (same committee, same days, different title)",https://www.govinfo.gov/content/pkg/CHRG-116hhrg39607/html/CHRG-116hhrg39607.htm
2019-07-23,116,joint,jcse00,Commission on Security and Cooperation in Europe (U.S. Helsinki Commission),,Pipeline Politics: Energy and Power in Europe,,"possible match (same committee, same days, different title)",https://www.govinfo.gov/content/pkg/CHRG-116jhrg37215/html/CHRG-116jhrg37215.htm
2019-07-22,116,house,hssm00,Committee on Small Business,"Subcommittee on Economic Growth, Tax, and Capital Access","FIELD HEARING: TULSA, OK: HOW REGULATIONS STIFLE SMALL BUSINESS GROWTH",,"possible match (same committee, same days, different title)",https://www.govinfo.gov/content/pkg/CHRG-116hhrg37074/html/CHRG-116hhrg37074.htm
2019-07-19,116,house,hssm00,Committee on Small Business,,FLOODED OUT: VANISHING ENVIRONMENTAL REVIEWS AND THE SBA'S DISASTER LOAN PROGRAM,,"possible match (same committee, same days, different title)",https://www.govinfo.gov/content/pkg/CHRG-116hhrg37066/html/CHRG-116hhrg37066.htm
2019-07-18,116,joint,jcse00,Commission on Security and Cooperation in Europe (U.S. Helsinki Commission),,"Truth, Reconciliation, and Healing:Toward a Unified Future",,"possible match (same committee, same days, different title)",https://www.govinfo.gov/content/pkg/CHRG-116jhrg37214/html/CHRG-116jhrg37214.htm
2019-07-13,116,house,hsju00,Committee on the Judiciary,"Subcommittee on Crime, Terrorism, and Homeland Security",CALIFORNIA CRIMINAL JUSTICE REFORM: POTENTIAL LESSONS FOR THE NATION,,"possible match (same committee, same days, different title)",https://www.govinfo.gov/content/pkg/CHRG-116hhrg38184/html/CHRG-116hhrg38184.htm
2019-07-01,116,house,hsju00,Committee on the Judiciary,,"MARKUP OF: H. RES. 755, ARTICLES OF IMPEACHMENT AGAINST PRESIDENT DONALD J. TRUMP VOLUME V",,no video found,https://www.govinfo.gov/content/pkg/CHRG-116hhrg39405/html/CHRG-116hhrg39405.htm
2019-06-26,116,house,hsfa00,Committee on Foreign Affairs,,"MARKUP OF H.R. 3352, H.RES. 220, H.RES. 221, H.RES. 222, H.RES. 358, H.R. 2037, H.R. 3206, and H.R. 3460",,"possible match (same committee, same days, different title)",https://www.govinfo.gov/content/pkg/CHRG-116hhrg37041/html/CHRG-116hhrg37041.htm
2019-06-20,116,house,hsfa00,Committee on Foreign Affairs,,"MARKUP OF H.R. 3190, BURMA Act of 2019; H.R. 2327, Burma Political Prisoners Assistance Act; H.R. 1632, Southeast Asia Strategy Act; H.R. 3252, Global Respect Act; H.Res. 259, H.Res. 432, H.Res. 441, H.Res. 444, H.R. 2229, First Responders Passport Act of 2019",,"possible match (same committee, same days, different title)",https://www.govinfo.gov/content/pkg/CHRG-116hhrg36770/html/CHRG-116hhrg36770.htm
2019-06-20,116,house,hsvr00,Committee on Veterans' Affairs,,"H.R. 712; H.R. 1647; H.R. 3083; H.R. 485; DISCUSSION DRAFT, SPECIALLY ADAPTIVE HOUSING, AND DISCUSSION DRAFT, WORK STUDY",,"possible match (same committee, same days, different title)",https://www.govinfo.gov/content/pkg/CHRG-116hhrg40822/html/CHRG-116hhrg40822.htm
2019-06-14,116,joint,jcse00,Commission on Security and Cooperation in Europe (U.S. Helsinki Commission),,Partially Protected? Non-Asylum Protection in the United States and the European Union,,no video found,https://www.govinfo.gov/content/pkg/CHRG-116jhrg36952/html/CHRG-116jhrg36952.htm
2019-06-04,116,house,hsvr00,Committee on Veterans' Affairs,Subcommittee on Economic Opportunity,EVALUATING THE EFFECTIVENESS OF VA VOCATIONAL REHABILITATION AND EMPLOYMENT PROGRAMS,,"possible match (same committee, same days, different title)",https://www.govinfo.gov/content/pkg/CHRG-116hhrg40764/html/CHRG-116hhrg40764.htm
2019-06-04,116,joint,jcse00,Commission on Security and Cooperation in Europe (U.S. Helsinki Commission),,Why Moldova Matters,,no video found,https://www.govinfo.gov/content/pkg/CHRG-116jhrg36949/html/CHRG-116jhrg36949.htm
2019-05-30,116,house,hssm00,Committee on Small Business,Subcommittee on Contracting and Infrastructure,SMALL BUSINESSES AND THEIR LIMITATIONS WITHOUT RELIABLE ACCESS TO RURAL BROADBAND,,no video found,https://www.govinfo.gov/content/pkg/CHRG-116hhrg36465/html/CHRG-116hhrg36465.htm
2019-05-29,116,joint,jcse00,Commission on Security and Cooperation in Europe (U.S. Helsinki Commission),,Curbing Corruption Through Corporate Transparency and Collaboration: The British Model,,no video found,https://www.govinfo.gov/content/pkg/CHRG-116jhrg36953/html/CHRG-116jhrg36953.htm
2019-05-28,116,house,hsgo00,Committee on Oversight and Reform,Subcommittee on Civil Rights and Civil Liberties,GETTING COUNTED: THE IMPORTANCE OF THE CENSUS TO STATE AND LOCAL COMMUNITIES FIELD HEARING,,"possible match (same committee, same days, different title)",https://www.govinfo.gov/content/pkg/CHRG-116hhrg36685/html/CHRG-116hhrg36685.htm
2019-05-24,116,joint,jcse00,Commission on Security and Cooperation in Europe (U.S. Helsinki Commission),,Shady-Shipping: Understanding Trade-Based Money Laundering,,no video found,https://www.govinfo.gov/content/pkg/CHRG-116jhrg36950/html/CHRG-116jhrg36950.htm
2019-05-22,116,house,hsvr00,Committee on Veterans' Affairs,Subcommittee on Oversight and Investigations,IMPROVING THE DEPARTMENT OF VETERANS AFFAIRS EFFECTIVENESS: RESPONDING TO RECOMMENDATIONS FROM OVERSIGHT AGENCIES,,"possible match (same committee, same days, different title)",https://www.govinfo.gov/content/pkg/CHRG-116hhrg39917/html/CHRG-116hhrg39917.htm
2019-05-21,116,house,hsju00,Committee on the Judiciary,"Subcommittee on Antitrust, Commercial and Administrative Law",JUSTICE DENIED: FORCED ARBITRATION AND THE EROSION OF OUR LEGAL SYSTEM,,"possible match (same committee, same days, different title)",https://www.govinfo.gov/content/pkg/CHRG-116hhrg44090/html/CHRG-116hhrg44090.htm
2019-05-15,116,house,hsed00,Committee on Education and Labor,,EXAMINING THE OLDER AMERICANS ACT: PROMOTING INDEPENDENCE AND DIGNITY OF OLDER AMERICANS,,"possible match (same committee, same days, different title)",https://www.govinfo.gov/content/pkg/CHRG-116hhrg36598/html/CHRG-116hhrg36598.htm
2019-05-09,116,house,hshm00,Committee on Homeland Security,"Subcommittee on Border Security, Facilitation, and Operations","A REVIEW OF THE FISCAL YEAR 2020 BUDGET REQUEST FOR U.S. CUSTOMS AND BORDER PROTECTION, U.S. IMMIGRATION AND CUSTOMS ENFORCEMENT, AND U.S. CITIZENSHIP AND IMMIGRATION SERVICES",,"possible match (same committee, same days, different title)",https://www.govinfo.gov/content/pkg/CHRG-116hhrg37865/html/CHRG-116hhrg37865.htm
2019-05-08,116,house,hsas00,Committee on Armed Services,Subcommittee on Strategic Forces Hearing,[H.A.S.C. No. 116-38] HEARING ON NATIONAL DEFENSE AUTHORIZATION ACT FOR FISCAL YEAR 2020 AND OVERSIGHT OF PREVIOUSLY AUTHORIZED PROGRAMS BEFORE THE COMMITTEE ON ARMED SERVICES HOUSE OF REPRESENTATIVES ONE HUNDRED SIXTEENTH CONGRESS FIRST SESSION,,"possible match (same committee, same days, different title)",https://www.govinfo.gov/content/pkg/CHRG-116hhrg37514/html/CHRG-116hhrg37514.htm
2019-05-03,116,house,hsju00,Committee on the Judiciary,"Subcommittee on the Constitution, Civil Rights, and Civil Liberties",ENFORCEMENT OF THE VOTING RIGHTS ACT IN THE STATE OF TEXAS,,"possible match (same committee, same days, different title)",https://www.govinfo.gov/content/pkg/CHRG-116hhrg38078/html/CHRG-116hhrg38078.htm
2019-05-02,116,house,hsas00,Committee on Armed Services,Subcommittee on Tactical Air and Land Forces Hearing,[H.A.S.C. No. 116-37]NATIONAL DEFENSE AUTHORIZATION ACT FOR FISCAL YEAR 2020,,"possible match (same committee, same days, different title)",https://www.govinfo.gov/content/pkg/CHRG-116hhrg37513/html/CHRG-116hhrg37513.htm
2019-05-01,116,house,hssm00,Committee on Small Business,,Mark-Up Legislation To Amend The Small Business Act and The Small Business Investment Act,,"possible match (same committee, same days, different title)",https://www.govinfo.gov/content/pkg/CHRG-116hhrg36210/html/CHRG-116hhrg36210.htm
2019-05-01,116,house,hsas00,Committee on Armed Services,Subcommittee on Readiness Hearing,[H.A.S.C. No. 116-36]HEARING ON NATIONAL DEFENSE AUTHORIZATION ACT FOR FISCAL YEAR 2020 AND OVERSIGHT OF PREVIOUSLY AUTHORIZED PROGRAMS,,"possible match (same committee, same days, different title)",https://www.govinfo.gov/content/pkg/CHRG-116hhrg37512/html/CHRG-116hhrg37512.htm
2019-04-15,116,house,hsii00,Committee on Natural Resources,Subcommittee on Energy and Mineral Resources,OVERSIGHT FIELD HEARING ON OIL AND GAS DEVELOPMENT: IMPACTS ON AIR POLLUTION AND SACRED SITES,,no video found,https://www.govinfo.gov/content/pkg/CHRG-116hhrg36076/html/CHRG-116hhrg36076.htm
2019-04-09,116,house,hsap00,Committee on Appropriations,Subcommittee on Financial Services and General Government,FINANCIAL SERVICES AND GENERAL GOVERNMENT APPROPRIATIONS FOR 2020,,"possible match (same committee, same days, different title)",https://www.govinfo.gov/content/pkg/CHRG-116hhrg38421/html/CHRG-116hhrg38421.htm
2019-04-09,116,joint,jcse00,Commission on Security and Cooperation in Europe (U.S. Helsinki Commission),,Developments in Hungary,,no video found,https://www.govinfo.gov/content/pkg/CHRG-116jhrg36090/html/CHRG-116jhrg36090.htm
2019-04-03,116,house,hsas00,Committee on Armed Services,,[H.A.S.C. No. 116-25] NATIONAL DEFENSE AUTHORIZATION ACT FOR FISCAL YEAR 2020 AND OVERSIGHT OF PREVIOUSLY AUTHORIZED PROGRAMS,,"possible match (same committee, same days, different title)",https://www.govinfo.gov/content/pkg/CHRG-116hhrg36899/html/CHRG-116hhrg36899.htm
2019-04-03,116,house,hsas00,Committee on Armed Services,Subcommittee on Intelligence and Emerging Threats and Capabilities,[H.A.S.C. No. 116-27] HEARING ON NATIONAL DEFENSE AUTHORIZATION ACT FOR FISCAL YEAR 2020 AND OVERSIGHT OF PREVIOUSLY AUTHORIZED PROGRAMS BEFORE THE COMMITTEE ON ARMED SERVICES HOUSE OF REPRESENTATIVES ONE HUNDRED SIXTEENTH CONGRESS FIRST SESSION,,"possible match (same committee, same days, different title)",https://www.govinfo.gov/content/pkg/CHRG-116hhrg36901/html/CHRG-116hhrg36901.htm
2019-04-02,116,house,hsas00,Committee on Armed Services,,[H.A.S.C. No. 116-23] HEARING ON NATIONAL DEFENSE AUTHORIZATION ACT FOR FISCAL YEAR 2020 AND OVERSIGHT OF PREVIOUSLY AUTHORIZED PROGRAMS BEFORE THE COMMITTEE ON ARMED SERVICES HOUSE OF REPRESENTATIVES ONE HUNDRED SIXTEENTH CONGRESS FIRST SESSION,,"possible match (same committee, same days, different title)",https://www.govinfo.gov/content/pkg/CHRG-116hhrg36884/html/CHRG-116hhrg36884.htm
2019-03-27,116,house,hsju00,Committee on the Judiciary,,LOST EINSTEINS: LACK OF DIVERSITY IN PATENT INVENTORSHIP AND THE IMPACT ON AMERICA'S INNOVATION ECONOMY,,"possible match (same committee, same days, different title)",https://www.govinfo.gov/content/pkg/CHRG-116hhrg36359/html/CHRG-116hhrg36359.htm
2019-03-27,116,house,hsju00,Committee on the Judiciary,"Subcommittee on the Constitution, Civil Rights, and Civil Liberties",EXAMINING THE CONSTITUTIONAL ROLE OF THE PARDON POWER,,"possible match (same committee, same days, different title)",https://www.govinfo.gov/content/pkg/CHRG-116hhrg41174/html/CHRG-116hhrg41174.htm
2019-03-14,116,house,hsas00,Committee on Armed Services,Subcommittee on Seapower and Projection Forces Hearing,[H.A.S.C. No. 116-16]HEARING ON NATIONAL DEFENSE AUTHORIZATION ACT FOR FISCAL YEAR 2020 AND OVERSIGHT OF PREVIOUSLY AUTHORIZED PROGRAMS,,"possible match (same committee, same days, different title)",https://www.govinfo.gov/content/pkg/CHRG-116hhrg36877/html/CHRG-116hhrg36877.htm
2019-03-13,116,house,hsap00,Committee on Appropriations,"Subcommittee on Labor, Health and Human Services, Education, and","DEPARTMENTS OF LABOR, HEALTH AND HUMAN SERVICES, EDUCATION, AND RELATED AGENCIES APPROPRIATIONS FOR 2020",,"possible match (same committee, same days, different title)",https://www.govinfo.gov/content/pkg/CHRG-116hhrg37623/html/CHRG-116hhrg37623.htm
2019-03-06,116,house,hssm00,Committee on Small Business,,VIEWS AND ESTIMATES OF THE SMALL BUSINESS COMMITTEE FOR FY 2020,,"possible match (same committee, same days, different title)",https://www.govinfo.gov/content/pkg/CHRG-116hhrg35261/html/CHRG-116hhrg35261.htm
2019-03-06,116,house,hsap00,Committee on Appropriations,Subcommittee on Homeland Security,DEPARTMENT OF HOMELAND SECURITY APPROPRIATIONS FOR 2020,,"possible match (same committee, same days, different title)",https://www.govinfo.gov/content/pkg/CHRG-116hhrg37150/html/CHRG-116hhrg37150.htm
2019-02-27,116,house,hsap00,Committee on Appropriations,"Subcommittee on Agriculture, Rural Development, Food and Drug","AGRICULTURE, RURAL DEVELOPMENT, FOOD AND DRUG ADMINISTRATION, AND RELATED AGENCIES APPROPRIATIONS FOR 2020",,"possible match (same committee, same days, different title)",https://www.govinfo.gov/content/pkg/CHRG-116hhrg36667/html/CHRG-116hhrg36667.htm
2019-02-27,116,house,hsap00,Committee on Appropriations,"Subcommittee on State, Foreign Operations,","STATE, FOREIGN OPERATIONS, AND RELATED PROGRAMS APPROPRIATIONS FOR 2020",,"possible match (same committee, same days, different title)",https://www.govinfo.gov/content/pkg/CHRG-116hhrg39682/html/CHRG-116hhrg39682.htm
2019-02-26,116,house,hsap00,Committee on Appropriations,"Subcommittee on Interior, Environment, and Related Agencies","Interior, Environment, and Related Agencies Appropriations For 2020",,"possible match (same committee, same days, different title)",https://www.govinfo.gov/content/pkg/CHRG-116hhrg36774/html/CHRG-116hhrg36774.htm
2019-02-26,116,house,hsap00,Committee on Appropriations,"Subcommittee on Commerce, Justice, Science,","COMMERCE, JUSTICE, SCIENCE, AND RELATED AGENCIES APPROPRIATIONS FOR 2020",,"possible match (same committee, same days, different title)",https://www.govinfo.gov/content/pkg/CHRG-116hhrg36826/html/CHRG-116hhrg36826.htm
2019-02-26,116,house,hsap00,Committee on Appropriations,Subcommittee on Financial Services and General Government,FINANCIAL SERVICES AND GENERAL GOVERNMENT APPROPRIATIONS FOR 2020,,"possible match (same committee, same days, different title)",https://www.govinfo.gov/content/pkg/CHRG-116hhrg38124/html/CHRG-116hhrg38124.htm
2019-02-13,116,house,hsap00,Committee on Appropriations,Subcommittee on Defense,DEPARTMENT OF DEFENSE APPROPRIATIONS FOR 2020,,"possible match (same committee, same days, different title)",https://www.govinfo.gov/content/pkg/CHRG-116hhrg38643/html/CHRG-116hhrg38643.htm
2019-02-13,116,joint,jcse00,Commission on Security and Cooperation in Europe (U.S. Helsinki Commission),,Asset Recovery in Eurasia: Repatriation or Repay the Patron?,,no video found,https://www.govinfo.gov/content/pkg/CHRG-116jhrg35483/html/CHRG-116jhrg35483.htm
2019-02-12,116,house,hsap00,Committee on Appropriations,"Subcommittee on the Departments of Transportation, and Housing and","DEPARTMENT OF TRANSPORTATION, HUD, AND RELATED AGENCIES APPROPRIATIONS FOR 2020",,"possible match (same committee, same days, different title)",https://www.govinfo.gov/content/pkg/CHRG-116hhrg37628/html/CHRG-116hhrg37628.htm
2019-02-07,116,house,hsap00,Committee on Appropriations,Subcommittee on Legislative Branch,LEGISLATIVE BRANCH APPROPRIATIONS FOR 2020,,"possible match (same committee, same days, different title)",https://www.govinfo.gov/content/pkg/CHRG-116hhrg36866/html/CHRG-116hhrg36866.htm
2019-02-07,116,house,hsap00,Committee on Appropriations,"Subcommittee on Energy and Water Development,",ENERGY AND WATER DEVELOPMENT APPROPRIATIONS FOR 2020,,"possible match (same committee, same days, different title)",https://www.govinfo.gov/content/pkg/CHRG-116hhrg37884/html/CHRG-116hhrg37884.htm
2019-02-06,116,house,hsap00,Committee on Appropriations,"Subcommittee on Labor, Health and Human Services, Education, and","DEPARTMENTS OF LABOR, HEALTH AND HUMAN SERVICES, EDUCATION, AND RELATED AGENCIES APPROPRIATIONS FOR 2020",,"possible match (same committee, same days, different title)",https://www.govinfo.gov/content/pkg/CHRG-116hhrg37614/html/CHRG-116hhrg37614.htm
2019-02-04,116,house,hsha00,Committee on House Administration,,VOTING RIGHTS AND ELECTION ADMINISTRATION IN TEXAS,,"possible match (same committee, same days, different title)",https://www.govinfo.gov/content/pkg/CHRG-116hhrg38144/html/CHRG-116hhrg38144.htm
2019-01-30,116,house,hsju00,Committee on the Judiciary,,"MARKUP OF: H. RES. 755, ARTICLES OF IMPEACHMENT AGAINST PRESIDENT DONALD J. TRUMP VOLUME X",,"possible match (same committee, same days, different title)",https://www.govinfo.gov/content/pkg/CHRG-116hhrg39410/html/CHRG-116hhrg39410.htm
2019-01-03,116,house,hsap00,Committee on Appropriations,Subcommittee on Legislative Branch,LEGISLATIVE BRANCH APPROPRIATIONS FOR 2020,,no video found,https://www.govinfo.gov/content/pkg/CHRG-116hhrg35766/html/CHRG-116hhrg35766.htm
2019-01-03,116,house,hsap00,Committee on Appropriations,,DEPARTMENT OF DEFENSE APPROPRIATIONS FOR 2020,,no video found,https://www.govinfo.gov/content/pkg/CHRG-116hhrg39590/html/CHRG-116hhrg39590.htm
2019-01-03,116,house,hsap00,Committee on Appropriations,,ENERGY AND WATER DEVELOPMENT APPROPRIATIONS FOR 2020,,no video found,https://www.govinfo.gov/content/pkg/CHRG-116hhrg39591/html/CHRG-116hhrg39591.htm
2019-01-03,116,house,hsap00,Committee on Appropriations,Subcommittee on Legislative Branch,LEGISLATIVE BRANCH APPROPRIATIONS FOR 2021,,no video found,https://www.govinfo.gov/content/pkg/CHRG-116hhrg40295/html/CHRG-116hhrg40295.htm
2019-01-03,116,house,hsap00,Committee on Appropriations,,"INTERIOR, ENVIRONMENT, AND RELATED AGENCIES APPROPRIATIONS FOR 2021",,no video found,https://www.govinfo.gov/content/pkg/CHRG-116hhrg43675/html/CHRG-116hhrg43675.htm
2019-01-03,116,house,hsap00,Committee on Appropriations,,FINANCIAL SERVICES AND GENERAL GOVERNMENT APPROPRIATIONS FOR 2021,,no video found,https://www.govinfo.gov/content/pkg/CHRG-116hhrg43880/html/CHRG-116hhrg43880.htm
2019-01-03,116,house,hsap00,Committee on Appropriations,"Subcommittee on Military Construction, Veterans Affairs,","MILITARY CONSTRUCTION, VETERANS AFFAIRS, AND RELATED AGENCIES APPROPRIATIONS FOR 2021 - Part 4",,no video found,https://www.govinfo.gov/content/pkg/CHRG-116hhrg44050/html/CHRG-116hhrg44050.htm
2019-01-03,116,house,hsap00,Committee on Appropriations,"Subcommittee on the Departments of Transportation, and Housing and","DEPARTMENTS OF TRANSPORTATION, AND HOUSING AND URBAN DEVELOPMENT, AND RELATED AGENCIES APPROPRIATIONS FOR 2021",,no video found,https://www.govinfo.gov/content/pkg/CHRG-116hhrg44848/html/CHRG-116hhrg44848.htm
2018-12-17,115,joint,jcse00,Commission on Security and Cooperation in Europe (U.S. Helsinki Commission),,Mosque and State in Central Asia: Can Religious Freedom Coexist with Government Regulation of Islam?,,no video found,https://www.govinfo.gov/content/pkg/CHRG-115jhrg34541/html/CHRG-115jhrg34541.htm
2018-12-14,115,joint,jcse00,Commission on Security and Cooperation in Europe (U.S. Helsinki Commission),,In the Best Interest of the Child: Best Practices for Keeping Families Safely Together,,no video found,https://www.govinfo.gov/content/pkg/CHRG-115jhrg34540/html/CHRG-115jhrg34540.htm
2018-12-04,115,joint,jcse00,Commission on Security and Cooperation in Europe (U.S. Helsinki Commission),,Fighting Terror: Comparing Notes Across the Atlantic,,no video found,https://www.govinfo.gov/content/pkg/CHRG-115jhrg34538/html/CHRG-115jhrg34538.htm
2018-12-04,115,joint,jcse00,Commission on Security and Cooperation in Europe (U.S. Helsinki Commission),,"All Bets Are Off: Gambling, Match-Fixing, and Corruption in Sport",,no video found,https://www.govinfo.gov/content/pkg/CHRG-115jhrg34539/html/CHRG-115jhrg34539.htm
2018-11-29,115,joint,jcse00,Commission on Security and Cooperation in Europe (U.S. Helsinki Commission),,"Lies, Bots, and Social Media: What is Computational Propaganda and How Do We Defeat It?",,no video found,https://www.govinfo.gov/content/pkg/CHRG-115jhrg33111/html/CHRG-115jhrg33111.htm
2018-11-01,115,joint,jcse00,Commission on Security and Cooperation in Europe (U.S. Helsinki Commission),,"A New Approach to Europe? U.S. Interests, Nationalist Movements, and the European Union",,no video found,https://www.govinfo.gov/content/pkg/CHRG-115jhrg33110/html/CHRG-115jhrg33110.htm
2018-10-29,115,joint,jcse00,Commission on Security and Cooperation in Europe (U.S. Helsinki Commission),,Beyond Tolerance: Faith in the Public Square,,no video found,https://www.govinfo.gov/content/pkg/CHRG-115jhrg33109/html/CHRG-115jhrg33109.htm
2018-09-27,115,house,hswm00,Committee on Ways and Means,Subcommittee on Social Security,THE STATE OF SOCIAL SECURITY'S INFORMATION TECHNOLOGY,,"possible match (same committee, same days, different title)",https://www.govinfo.gov/content/pkg/CHRG-115hhrg33875/html/CHRG-115hhrg33875.htm
2018-09-27,115,house,hshm00,Committee on Homeland Security,Subcommittee on Transportation and Protective Security,INSIDER THREATS TO AVIATION SECURITY: AIRLINE AND AIRPORT PERSPECTIVES,,"possible match (same committee, same days, different title)",https://www.govinfo.gov/content/pkg/CHRG-115hhrg34448/html/CHRG-115hhrg34448.htm
2018-09-26,115,house,hsha00,Committee on House Administration,,MARKUP OF COMMITTEE RESOLUTION 115-21,,"possible match (same committee, same days, different title)",https://www.govinfo.gov/content/pkg/CHRG-115hhrg33312/html/CHRG-115hhrg33312.htm
2018-09-24,115,joint,jcse00,Commission on Security and Cooperation in Europe (U.S. Helsinki Commission),,A Truly Inclusive Society: Encouraging the Ability in Disability,,"possible match (same committee, same days, different title)",https://www.govinfo.gov/content/pkg/CHRG-115jhrg32259/html/CHRG-115jhrg32259.htm
2018-09-17,115,house,hsii00,Committee on Natural Resources,,HISTORIC LEASING IN THE NATIONAL PARK SYSTEM: ASSESSING CHALLENGES AND BUILDING ON SUCCESSES,,no video found,https://www.govinfo.gov/content/pkg/CHRG-115hhrg31588/html/CHRG-115hhrg31588.htm
2018-09-12,115,joint,jcse00,Commission on Security and Cooperation in Europe (U.S. Helsinki Commission),,"Race, Rights, and Politics: Black and Minority Populations in Europe",,no video found,https://www.govinfo.gov/content/pkg/CHRG-115jhrg32260/html/CHRG-115jhrg32260.htm
2018-09-12,115,joint,jcse00,Commission on Security and Cooperation in Europe (U.S. Helsinki Commission),,Free-Trade Zones: Productive or Destructive?,,no video found,https://www.govinfo.gov/content/pkg/CHRG-115jhrg32261/html/CHRG-115jhrg32261.htm
2018-09-10,115,house,hsii00,Committee on Natural Resources,,THE FEDERAL COLUMBIA RIVER POWER SYSTEM: THE ECONOMIC LIFEBLOOD AND WAY OF LIFE FOR THE PACIFIC NORTHWEST,,"possible match (same committee, same days, different title)",https://www.govinfo.gov/content/pkg/CHRG-115hhrg31587/html/CHRG-115hhrg31587.htm
2018-09-05,115,house,hsii00,Committee on Natural Resources,"Subcommittee on Water, Power and Oceans","LEGISLATIVE HEARING ON H.R. 6583, TO AUTHORIZE THE SECRETARY OF THE INTERIOR TO CONVEY CERTAIN LANDS AND FACILITIES OF THE BIG SAND WASH PROJECT, UTAH, ""BIG SAND WASH PROJECT TITLE TRANSFER ACT""; AND H.R. 6652, TO DIRECT THE SECRETARY OF THE INTERIOR TO CONVEY CERTAIN FACILITIES, EASEMENTS, AND RIGHTS-OF-WAY TO THE KENNEWICK IRRIGATION DISTRICT, AND FOR OTHER PURPOSES",,"possible match (same committee, same days, different title)",https://www.govinfo.gov/content/pkg/CHRG-115hhrg31400/html/CHRG-115hhrg31400.htm
2018-08-16,115,house,hsba00,Committee on Financial Services,Subcommittee on Housing and Insurance,THE ROLE OF FEDERAL HOUSING AND COMMUNITY DEVELOPMENT PROGRAMS TO SUPPORT OPIOID AND SUBSTANCE USE DISORDER TREATMENT AND RECOVERY,,no video found,https://www.govinfo.gov/content/pkg/CHRG-115hhrg31572/html/CHRG-115hhrg31572.htm
2018-07-30,115,house,hsvr00,Committee on Veterans' Affairs,Subcommittee on Health,"VA LONG-TERM CARE: WHAT'S WORKING, WHAT'S NOT, AND HOW TO BEST SERVE OUR AGING VETERANS",,no video found,https://www.govinfo.gov/content/pkg/CHRG-115hhrg35827/html/CHRG-115hhrg35827.htm
2018-07-25,115,house,hsii00,Committee on Natural Resources,,OVERSIGHT HEARING ON MANAGEMENT CRISIS AT THE PUERTO RICO ELECTRIC POWER AUTHORITY AND IMPLICATIONS FOR RECOVERY,,"possible match (same committee, same days, different title)",https://www.govinfo.gov/content/pkg/CHRG-115hhrg30886/html/CHRG-115hhrg30886.htm
2018-07-25,115,house,hsag00,Committee on Agriculture,,EXAMINING THE UPCOMING AGENDA FOR THE COMMODITY FUTURES TRADING COMMISSION,,"possible match (same committee, same days, different title)",https://www.govinfo.gov/content/pkg/CHRG-115hhrg30977/html/CHRG-115hhrg30977.htm
2018-07-25,115,house,hsha00,Committee on House Administration,,OVERSIGHT OF THE LIBRARY OF CONGRESS' STRATEGIC PLAN: PART 2,,"possible match (same committee, same days, different title)",https://www.govinfo.gov/content/pkg/CHRG-115hhrg33310/html/CHRG-115hhrg33310.htm
2018-07-25,115,house,hsha00,Committee on House Administration,,MARKUP OF COMMITTEE RESOLUTION 115-20,,"possible match (same committee, same days, different title)",https://www.govinfo.gov/content/pkg/CHRG-115hhrg33311/html/CHRG-115hhrg33311.htm
2018-07-25,115,house,hswm00,Committee on Ways and Means,Subcommittee on Social Security,EXAMINING CHANGES TO SOCIAL SECURITY DISABILITY APPEALS PROCESS,,no video found,https://www.govinfo.gov/content/pkg/CHRG-115hhrg33874/html/CHRG-115hhrg33874.htm
2018-07-24,115,house,hswm00,Committee on Ways and Means,Subcommittee on Human Resources,THE OPIOID CRISIS: IMPLEMENTATION OF THE FAMILY FIRST PREVENTION SERVICES ACT (FFPSA),,no video found,https://www.govinfo.gov/content/pkg/CHRG-115hhrg33873/html/CHRG-115hhrg33873.htm
2018-07-18,115,joint,jcse00,Commission on Security and Cooperation in Europe (U.S. Helsinki Commission),,Transatlantic Relations in Flux,,"possible match (same committee, same days, different title)",https://www.govinfo.gov/content/pkg/CHRG-115jhrg30829/html/CHRG-115jhrg30829.htm
2018-07-17,115,joint,hsha00,Committee on Oversight,"Subcommittee on Investigations, Oversight, and Regulations",ACHIEVING GOVERNMENT-WIDE VERIFICATION OF SERVICE-DISABLED VETERAN-OWNED SMALL BUSINESSES,,"possible match (same committee, same days, different title)",https://www.govinfo.gov/content/pkg/CHRG-115jhrg31209/html/CHRG-115jhrg31209.htm
2018-07-12,115,house,hsii00,Committee on Natural Resources,Subcommittee on Federal Lands,OVERSIGHT HEARING ON THE ESSENTIAL ROLE OF LIVESTOCK GRAZING ON FEDERAL LANDS AND ITS IMPORTANCE TO RURAL AMERICA,,"possible match (same committee, same days, different title)",https://www.govinfo.gov/content/pkg/CHRG-115hhrg30740/html/CHRG-115hhrg30740.htm
2018-07-12,115,house,hshm00,Committee on Homeland Security,Subcommittee on Counterterrorism and Intelligence; Subcommittee on Oversight and Management Efficiency,ACCESS DENIED: KEEPING ADVERSARIES AWAY FROM THE HOMELAND SECURITY SUPPLY CHAIN,,"possible match (same committee, same days, different title)",https://www.govinfo.gov/content/pkg/CHRG-115hhrg34348/html/CHRG-115hhrg34348.htm
2018-07-09,115,house,hshm00,Committee on Homeland Security,"Subcommittee on Emergency Preparedness, Response, and Communications",PROTECTING OUR FUTURE: ADDRESSING SCHOOL SECURITY CHALLENGES IN AMERICA,,"possible match (same committee, same days, different title)",https://www.govinfo.gov/content/pkg/CHRG-115hhrg33941/html/CHRG-115hhrg33941.htm
2018-06-28,115,house,hsfa00,Committee on Foreign Affairs,,VARIOUS MEASURES,,"possible match (same committee, same days, different title)",https://www.govinfo.gov/content/pkg/CHRG-115hhrg30588/html/CHRG-115hhrg30588.htm
2018-06-26,115,house,hsha00,Committee on House Administration,,BUSINESS MEETING: MARKUP OF COMMITTEE RESOLUTION 115-19,,"possible match (same committee, same days, different title)",https://www.govinfo.gov/content/pkg/CHRG-115hhrg33061/html/CHRG-115hhrg33061.htm
2018-06-26,115,house,hsha00,Committee on House Administration,,UNITED STATES CAPITOL POLICE: OPERATIONS AND WORKFORCE,,"possible match (same committee, same days, different title)",https://www.govinfo.gov/content/pkg/CHRG-115hhrg33062/html/CHRG-115hhrg33062.htm
2018-06-22,115,house,,Committee on Armed Services,Subcommittee on Strategic Forces,[H.A.S.C. No. 115-113] SPACE SITUATIONAL AWARENESS: WHOLE OF GOVERNMENT PERSPECTIVES ON ROLES AND RESPONSIBILITIES,,committee not tracked,https://www.govinfo.gov/content/pkg/CHRG-115hhrg33386/html/CHRG-115hhrg33386.htm
2018-06-21,115,joint,jcse00,Commission on Security and Cooperation in Europe (U.S. Helsinki Commission),,Roundtable on Illicit Trade,,no video found,https://www.govinfo.gov/content/pkg/CHRG-115jhrg30592/html/CHRG-115jhrg30592.htm
2018-06-19,115,house,hshm00,Committee on Homeland Security,Subcommittee on Oversight and Management Efficiency,OPIOIDS IN THE HOMELAND: DHS COORDINATION WITH STATE AND LOCAL PARTNERS TO FIGHT THE EPIDEMIC,108432,"possible match (same committee, same days, different title)",https://www.govinfo.gov/content/pkg/CHRG-115hhrg32929/html/CHRG-115hhrg32929.htm
2018-06-18,115,house,hssm00,Committee on Small Business,,EXPLORING THE STATE OF WESTERN KENTUCKY'S SMALL BUSINESSES,,"possible match (same committee, same days, different title)",https://www.govinfo.gov/content/pkg/CHRG-115hhrg30503/html/CHRG-115hhrg30503.htm
2018-06-18,115,house,hssm00,Committee on Small Business,,THE PERSPECTIVE OF RURAL SMALL BUSINESSES IN NORTH MISSISSIPPI,,"possible match (same committee, same days, different title)",https://www.govinfo.gov/content/pkg/CHRG-115hhrg30504/html/CHRG-115hhrg30504.htm
2018-06-18,115,joint,jcse00,Commission on Security and Cooperation in Europe (U.S. Helsinki Commission),,High Crimes and Pipelines: Curbing Corruption in Ukraine's Energy Sector,,no video found,https://www.govinfo.gov/content/pkg/CHRG-115jhrg30593/html/CHRG-115jhrg30593.htm
2018-06-15,115,joint,jcse00,Commission on Security and Cooperation in Europe (U.S. Helsinki Commission),,Reality vs. Rhetoric: Assessing the Trump Administration’s Russia Policy,,no video found,https://www.govinfo.gov/content/pkg/CHRG-115jhrg30594/html/CHRG-115jhrg30594.htm
2018-06-14,115,house,hsii00,Committee on Natural Resources,Subcommittee on Energy and Mineral Resources,"DISCUSSION DRAFT H.R. _,‘‘ENHANCING STATE MANAGEMENTOF FEDERAL LANDS AND WATERS ACT""",,"possible match (same committee, same days, different title)",https://www.govinfo.gov/content/pkg/CHRG-115hhrg30431/html/CHRG-115hhrg30431.htm
2018-06-07,115,house,hsii00,Committee on Natural Resources,Subcommittee on Federal Lands,"OVERSIGHT HEARING ON WILDFIRE RISK, FOREST HEALTH, AND ASSOCIATED MANAGEMENT PRIORITIES OF THE U.S. FOREST SERVICE",,"possible match (same committee, same days, different title)",https://www.govinfo.gov/content/pkg/CHRG-115hhrg30351/html/CHRG-115hhrg30351.htm
2018-06-07,115,house,hswm00,Committee on Ways and Means,Subcommittee on Social Security,EXAMINING SOCIAL SECURITY'S SOLVENCY CHALLENGE: THE STATUS OF SOCIAL SECURITY'S TRUST FUNDS,,no video found,https://www.govinfo.gov/content/pkg/CHRG-115hhrg33872/html/CHRG-115hhrg33872.htm
2018-06-06,115,house,hsii00,Committee on Natural Resources,Subcommittee on Energy and Mineral Resources,"LEGISLATIVE HEARING ON DISCUSSION DRAFT H.R., TO AUTHORIZE THE SECRETARY OF THE INTERIOR TO RECOVER THE COST OF PROCESSING ADMINISTRATIVE PROTESTS FOR OIL AND GAS LEASE SALES, APPLICATIONS FOR PERMITS TO DRILL, AND RIGHT OF WAY APPLICATIONS, AND FOR OTHER PURPOSES; DISCUSSION DRAFT H.R., TO CLARIFY THE CATEGORICAL EXCLUSIONS AUTHORIZED BY THE ENERGY POLICY ACT OF 2005 AND AUTHORIZE ADDITIONAL CATEGORICAL EXCLUSIONS TO STREAMLINE THE OIL AND GAS PERMITTING PROCESS, AND FOR OTHER PURPOSES; DISCUSSION DRAFT H.R., TO AMEND THE MINERAL LEASING ACT TO AUTHORIZE NOTIFICATIONS OF PERMIT TO DRILL, AND FOR OTHER PURPOSES; AND DISCUSSION DRAFT H.R., TO CLARIFY THAT BUREAU OF LAND MANAGEMENT SHALL NOT REQUIRE PERMITS FOR OIL AND GAS ACTIVITIES CONDUCTED ON NON-FEDERAL SURFACE ESTATE TO ACCESS SUBSURFACE MINERAL ESTATE THAT IS LESS THAN 50 PERCENT FEDERALLY OWNED, AND FOR OTHER PURPOSES",,"possible match (same committee, same days, different title)",https://www.govinfo.gov/content/pkg/CHRG-115hhrg30350/html/CHRG-115hhrg30350.htm
2018-06-06,115,house,hsba00,Committee on Financial Services,Subcommittee on Housing and Insurance,"LEGISLATIVE REVIEW OF H.R. 1511, THE HOMELESS CHILDREN AND YOUTH ACT OF 2017",,"possible match (same committee, same days, different title)",https://www.govinfo.gov/content/pkg/CHRG-115hhrg31473/html/CHRG-115hhrg31473.htm
2018-06-06,115,house,hsba00,Committee on Financial Services,Subcommittee on Financial Institutions and Consumer Credit,IMPROVING TRANSPARENCY AND ACCOUNTABILITY AT THE BUREAU OF CONSUMER FINANCIAL PROTECTION,,"possible match (same committee, same days, different title)",https://www.govinfo.gov/content/pkg/CHRG-115hhrg31474/html/CHRG-115hhrg31474.htm
2018-05-30,115,house,hshm00,Committee on Homeland Security,Subcommittee on Border and Maritime Security,AN UNSECURE BORDER AND THE OPIOID CRISIS: THE URGENT NEED FOR ACTION TO SAVE LIVES,,no video found,https://www.govinfo.gov/content/pkg/CHRG-115hhrg32928/html/CHRG-115hhrg32928.htm
2018-05-22,115,house,hsii00,Committee on Natural Resources,Subcommittee on Federal Lands,"LEGISLATIVE HEARING ON H.R. 5597, TO PROVIDE FOR THE EXPANSION OF THE DESERT TORTOISE HABITAT CONSERVATION PLAN, WASHINGTON COUNTY, UTAH, ""DESERT TORTOISE HABITAT CONSERVATION PLAN EXPANSION ACT, WASHINGTON COUNTY, UTAH""; H.R. 5751, TO REDESIGNATE GOLDEN SPIKE NATIONAL HISTORIC SITE AND TO ESTABLISH THE TRANSCONTINENTAL RAILROAD NETWORK, ""GOLDEN SPIKE 150TH ANNIVERSARY ACT""; AND H.R. 5875, TO AMEND THE PITTMAN-ROBERTSON WILDLIFE RESTORATION ACT AND THE DINGELL-JOHNSON FEDERAL AID IN SPORT FISH RESTORATION ACT, TO PROVIDE PARITY FOR UNITED STATES TERRITORIES AND THE DISTRICT OF COLUMBIA, TO MAKE TECHNICAL CORRECTIONS TO SUCH ACTS AND RELATED LAWS, AND FOR OTHER PURPOSES",108324,"possible match (same committee, same days, different title)",https://www.govinfo.gov/content/pkg/CHRG-115hhrg30239/html/CHRG-115hhrg30239.htm
2018-05-17,115,house,hsfa00,Committee on Foreign Affairs,,SPECIAL ENVOY TO MONITOR AND COMBAT ANTI-SEMITISM ACT OF 2017; SAM FARR PEACE CORPS ENHANCEMENT ACT; ELIE WIESEL GENOCIDE AND ATROCITIES PREVENTION ACT OF 2017; PROTECTING DIPLOMATS FROM SURVEILLANCE THROUGH CONSUMER DEVICES ACT; INTERCOUNTRY ADOPTION INFORMATION ACT OF 2018; CAMBODIA DEMOCRACY ACT; AND BURMA ACT OF 2018,,"possible match (same committee, same days, different title)",https://www.govinfo.gov/content/pkg/CHRG-115hhrg30102/html/CHRG-115hhrg30102.htm
2018-05-17,115,house,hsii00,Committee on Natural Resources,"Subcommittee on Water, Power and Oceans",FEDERAL IMPEDIMENTS TO COMMERCE AND INNOVATIVE INJURIOUS SPECIES MANAGEMENT,,"possible match (same committee, same days, different title)",https://www.govinfo.gov/content/pkg/CHRG-115hhrg30238/html/CHRG-115hhrg30238.htm
2018-05-17,115,house,hswm00,Committee on Ways and Means,Subcommittee on Social Security,SECURING AMERICANS' IDENTITIES: THE FUTURE OF THE SOCIAL SECURITY NUMBER,,"possible match (same committee, same days, different title)",https://www.govinfo.gov/content/pkg/CHRG-115hhrg33871/html/CHRG-115hhrg33871.htm
2018-05-09,115,house,hsfa00,Committee on Foreign Affairs,,BUILD ACT OF 2018; UNITED STATES-ISRAEL SECURITY ASSISTANCE AUTHORIZATION ACT OF 2018; HACK YOUR STATE DEPARTMENT ACT; ENERGY DIPLOMACY ACT OF 2018; INTERNATIONAL SECURITY ASSISTANCE ACT OF 2018; AND GLOBAL ENGAGEMENT CENTER AUTHORITIES ACT OF 2018,,"possible match (same committee, same days, different title)",https://www.govinfo.gov/content/pkg/CHRG-115hhrg30017/html/CHRG-115hhrg30017.htm
2018-05-09,115,house,hswm00,Committee on Ways and Means,Subcommittee on Human Resources,JOBS AND OPPORTUNITY: LEGISLATIVE OPTIONS TO ADDRESS THE JOBS GAP,,no video found,https://www.govinfo.gov/content/pkg/CHRG-115hhrg33870/html/CHRG-115hhrg33870.htm
2018-05-09,115,joint,jcse00,Commission on Security and Cooperation in Europe (U.S. Helsinki Commission),,A Deadly Calling: The Murder,,no video found,https://www.govinfo.gov/content/pkg/CHRG-115jhrg30026/html/CHRG-115jhrg30026.htm
2018-05-09,115,joint,jcse00,Commission on Security and Cooperation in Europe (U.S. Helsinki Commission),,Democracy Deferred: The State of Elections and Fundamental Freedoms in Azerbaijan,,no video found,https://www.govinfo.gov/content/pkg/CHRG-115jhrg30027/html/CHRG-115jhrg30027.htm
2018-05-08,115,house,hswm00,Committee on Ways and Means,Subcommittee on Health,The Current Status Of And Quality In The Medicare Advantage Program,,no video found,https://www.govinfo.gov/content/pkg/CHRG-115hhrg33869/html/CHRG-115hhrg33869.htm
2018-05-08,115,joint,jcse00,Commission on Security and Cooperation in Europe (U.S. Helsinki Commission),,"Ending the War in Ukraine: Kurt Volker, U.S. Special Representative for Ukraine Negotiations",,no video found,https://www.govinfo.gov/content/pkg/CHRG-115jhrg30028/html/CHRG-115jhrg30028.htm
2018-05-07,115,joint,jcse00,Commission on Security and Cooperation in Europe (U.S. Helsinki Commission),,Fighting Human Trafficking in Travel and Tourism: New Challenges and Solutions,,no video found,https://www.govinfo.gov/content/pkg/CHRG-115jhrg30029/html/CHRG-115jhrg30029.htm
2018-04-26,115,house,hsfa00,Committee on Foreign Affairs,"Subcommittee on Terrorism, Nonproliferation, and Trade; Subcommittee on the Middle East and North Africa",GRADING COUNTERTERRORISM COOPERATION WITH THE GCC STATES,,"possible match (same committee, same days, different title)",https://www.govinfo.gov/content/pkg/CHRG-115hhrg29967/html/CHRG-115hhrg29967.htm
2018-04-26,115,house,hswm00,Committee on Ways and Means,Subcommittee on Health,Identifying Innovative Practices and Technology In Health Care,,"possible match (same committee, same days, different title)",https://www.govinfo.gov/content/pkg/CHRG-115hhrg33868/html/CHRG-115hhrg33868.htm
2018-04-26,115,joint,jcse00,Commission on Security and Cooperation in Europe (U.S. Helsinki Commission),,Revolution in Armenia? The Power and Prospects of the Protest Movement,,"possible match (same committee, same days, different title)",https://www.govinfo.gov/content/pkg/CHRG-115jhrg30030/html/CHRG-115jhrg30030.htm
2018-04-25,115,house,hsii00,Committee on Natural Resources,,THE WEAPONIZATION OF THE NATIONAL ENVIRONMENTAL POLICY ACT AND THE IMPLICATIONS OF ENVIRONMENTAL LAWFARE,108215,"possible match (same committee, same days, different title)",https://www.govinfo.gov/content/pkg/CHRG-115hhrg29883/html/CHRG-115hhrg29883.htm
2018-04-25,115,house,hsha00,Committee on House Administration,,MARKUP OF: COMMITTEE RESOLUTION NUMBERS 115-10 TO 115-18,,"possible match (same committee, same days, different title)",https://www.govinfo.gov/content/pkg/CHRG-115hhrg32659/html/CHRG-115hhrg32659.htm
2018-04-25,115,house,hswm00,Committee on Ways and Means,Subcommittee on Trade,THE OPIOID CRISIS: STOPPING THE FLOW OF SYNTHETIC OPIOIDS IN THE INTERNATIONAL MAIL SYSTEM,,"possible match (same committee, same days, different title)",https://www.govinfo.gov/content/pkg/CHRG-115hhrg33866/html/CHRG-115hhrg33866.htm
2018-04-25,115,house,hswm00,Committee on Ways and Means,Subcommittee on Human Resources,JOBS AND OPPORTUNITY: EMPLOYER PERSPECTIVES ON THE JOBS GAP,,"possible match (same committee, same days, different title)",https://www.govinfo.gov/content/pkg/CHRG-115hhrg33867/html/CHRG-115hhrg33867.htm
2018-04-17,115,house,hsfa00,Committee on Foreign Affairs,,EXPORT CONTROL REFORM ACT OF 2018; GLOBAL FOOD SECURITY REAUTHORIZATION ACT OF 2018; GLOBAL ELECTORAL EXCHANGE ACT; AND WOMEN'S ENTREPRENEURSHIP AND ECONOMIC EMPOWERMENT ACT OF 2018,,"possible match (same committee, same days, different title)",https://www.govinfo.gov/content/pkg/CHRG-115hhrg29812/html/CHRG-115hhrg29812.htm
2018-04-17,115,house,hsii00,Committee on Natural Resources,"Subcommittee on Water, Power and Oceans","LEGISLATIVE HEARING ON H.R. 4528, TO MAKE TECHNICAL AMENDMENTS TO CERTAIN MARINE FISH CONSERVATION STATUES, AND FOR OTHER PURPOSES; H.R. 5248, TO AMEND AND ENHANCE THE HIGH SEAS DRIFTNET FISHING MORATORIUM PROTECTION ACT TO IMPROVE THE CONSERVATION OF SHARKS, ""SUSTAINABLE SHARK FISHERIES AND TRADE ACT""; AND H.R. 1456, TO PROHIBIT THE SALE OF SHARK FINS, AND FOR OTHER PURPOSES, ""SHARK FIN SALES ELIMINATION ACT OF 2017""",108131,"possible match (same committee, same days, different title)",https://www.govinfo.gov/content/pkg/CHRG-115hhrg29838/html/CHRG-115hhrg29838.htm
2018-04-17,115,house,hswm00,Committee on Ways and Means,,Jobs and Opportunity: Federal Perspectives on The Jobs Gap,,"possible match (same committee, same days, different title)",https://www.govinfo.gov/content/pkg/CHRG-115hhrg33811/html/CHRG-115hhrg33811.htm
2018-04-12,115,house,hsas00,Committee on Armed Services,,[H.A.S.C. No. 115-98]NATIONAL DEFENSE AUTHORIZATION ACT FOR FISCAL YEAR 2019,,"possible match (same committee, same days, different title)",https://www.govinfo.gov/content/pkg/CHRG-115hhrg30572/html/CHRG-115hhrg30572.htm
2018-04-12,115,house,hsju00,Committee on the Judiciary,"Subcommittee on Regulatory Reform, Commercial and Antitrust Law","LEGISLATIVE HEARING ON: H.R. 5468, THE ""PERMITTING LITIGATION EFFICIENCY ACT OF 2018,"" AND H.R. 4423, THE ""NORTH TEXAS WATER SUPPLY SECURITY ACT OF 2017""",,"possible match (same committee, same days, different title)",https://www.govinfo.gov/content/pkg/CHRG-115hhrg30953/html/CHRG-115hhrg30953.htm
2018-04-12,115,house,hsba00,Committee on Financial Services,Subcommittee on Oversight and Investigations,OVERSIGHT OF THE FEDERAL HOUSING FINANCE AGENCY,,"possible match (same committee, same days, different title)",https://www.govinfo.gov/content/pkg/CHRG-115hhrg31418/html/CHRG-115hhrg31418.htm
2018-04-12,115,house,hsap00,Committee on Appropriations,"Subcommittee on Commerce, Justice, Science,","COMMERCE, JUSTICE, SCIENCE, AND RELATED AGENCIES APPROPRIATIONS FOR 2019",,"possible match (same committee, same days, different title)",https://www.govinfo.gov/content/pkg/CHRG-115hhrg31511/html/CHRG-115hhrg31511.htm
2018-04-12,115,house,hsha00,Committee on House Administration,,"BUSINESS MEETING: H.R. 5305, FDLP MODERNIZATION ACT OF 2018; AND H.R. 4631, ACCESS TO CONGRESSIONALLY MANDATED REPORTS ACT",,"possible match (same committee, same days, different title)",https://www.govinfo.gov/content/pkg/CHRG-115hhrg32658/html/CHRG-115hhrg32658.htm
2018-04-12,115,house,hswm00,Committee on Ways and Means,Subcommittee on Human Resources,JOBS AND OPPORTUNITY: LOCAL PERSPECTIVES ON THE JOBS GAP,,no video found,https://www.govinfo.gov/content/pkg/CHRG-115hhrg33809/html/CHRG-115hhrg33809.htm
2018-04-12,115,house,hswm00,Committee on Ways and Means,,THE EFFECTS OF TARIFF INCREASES ON THE U.S. ECONOMY AND JOBS,,no video found,https://www.govinfo.gov/content/pkg/CHRG-115hhrg33810/html/CHRG-115hhrg33810.htm
2018-04-11,115,house,hsap00,Committee on Appropriations,Subcommittee on Legislative Branch,LEGISLATIVE BRANCH APPROPRIATIONS FOR 2019,,"possible match (same committee, same days, different title)",https://www.govinfo.gov/content/pkg/CHRG-115hhrg30357/html/CHRG-115hhrg30357.htm
2018-04-11,115,house,hsas00,Committee on Armed Services,Subcommittee on Emerging Threats and Capabilities Hearing,[H.A.S.C. No. 115-97] HEARING ON NATIONAL DEFENSE AUTHORIZATION ACT FOR FISCAL YEAR 2019 AND OVERSIGHT OF PREVIOUSLY AUTHORIZED PROGRAMS BEFORE THE COMMITTEE ON ARMED SERVICES HOUSE OF REPRESENTATIVES ONE HUNDRED FIFTEENTH CONGRESS SECOND SESSION,,"possible match (same committee, same days, different title)",https://www.govinfo.gov/content/pkg/CHRG-115hhrg30571/html/CHRG-115hhrg30571.htm
2018-04-11,115,house,hsap00,Committee on Appropriations,"Subcommittee on Interior, Environment, and Related Agencies","INTERIOR, ENVIRONMENT, AND RELATED AGENCIES APPROPRIATIONS FOR 2019",,"possible match (same committee, same days, different title)",https://www.govinfo.gov/content/pkg/CHRG-115hhrg30666/html/CHRG-115hhrg30666.htm
2018-04-11,115,house,hsap00,Committee on Appropriations,"Subcommittee on State, Foreign Operations,","STATE, FOREIGN OPERATIONS, AND RELATED PROGRAMS APPROPRIATIONS FOR 2019",,"possible match (same committee, same days, different title)",https://www.govinfo.gov/content/pkg/CHRG-115hhrg33569/html/CHRG-115hhrg33569.htm
2018-04-09,115,house,hshm00,Committee on Homeland Security,,HOUSTON STRONG: HURRICANE HARVEY LESSONS LEARNED AND THE PATH FORWARD,108067,"possible match (same committee, same days, different title)",https://www.govinfo.gov/content/pkg/CHRG-115hhrg30894/html/CHRG-115hhrg30894.htm
2018-03-28,115,joint,jcse00,Commission on Security and Cooperation in Europe (U.S. Helsinki Commission),,The Opioid Crisis and the Dark Web: How Transnational Criminals Devastate U.S. Communities,,no video found,https://www.govinfo.gov/content/pkg/CHRG-115jhrg30031/html/CHRG-115jhrg30031.htm
2018-03-23,115,house,hsvr00,Committee on Veterans' Affairs,,"PARTNERING, PAYMENT, AND PROVIDER ACCESS: VA COMMUNITY CARE IN NORTH CAROLINA",,no video found,https://www.govinfo.gov/content/pkg/CHRG-115hhrg35468/html/CHRG-115hhrg35468.htm
2018-03-22,115,house,hswm00,Committee on Ways and Means,,COMMERCE SECRETARY ROSS,,no video found,https://www.govinfo.gov/content/pkg/CHRG-115hhrg33808/html/CHRG-115hhrg33808.htm
2018-03-21,115,house,hswm00,Committee on Ways and Means,,U.S. TRADE POLICY AGENDA,108050,no video found,https://www.govinfo.gov/content/pkg/CHRG-115hhrg33807/html/CHRG-115hhrg33807.htm
2018-03-20,115,house,hsii00,Committee on Natural Resources,Subcommittee on Federal Lands,"H.R. 5210, ""NATIONAL PARK RESTORATION ACT""; AND H.R. 2584, ""NATIONAL PARK SERVICE LEGACY ACT OF 2017""",,"possible match (same committee, same days, different title)",https://www.govinfo.gov/content/pkg/CHRG-115hhrg29422/html/CHRG-115hhrg29422.htm
2018-03-20,115,house,hsap00,Committee on Appropriations,"Subcommittee on the Departments of Transportation, and Housing and","DEPARTMENTS OF TRANSPORTATION, HUD, AND RELATED AGENCIES APPROPRIATIONS FOR 2019",,"possible match (same committee, same days, different title)",https://www.govinfo.gov/content/pkg/CHRG-115hhrg31244/html/CHRG-115hhrg31244.htm
2018-03-20,115,house,hsap00,Committee on Appropriations,"Subcommittee on Commerce, Justice, Science,","COMMERCE, JUSTICE, SCIENCE, AND RELATED AGENCIES APPROPRIATIONS FOR 2019",,"possible match (same committee, same days, different title)",https://www.govinfo.gov/content/pkg/CHRG-115hhrg32413/html/CHRG-115hhrg32413.htm
2018-03-15,115,house,hsii00,Committee on Natural Resources,,POLICY PRIORITIES AT THE DEPARTMENT OF THE INTERIOR AND THE ADMINISTRATION'S FISCAL YEAR 2019 BUDGET PROPOSAL,107998,"possible match (same committee, same days, different title)",https://www.govinfo.gov/content/pkg/CHRG-115hhrg28980/html/CHRG-115hhrg28980.htm
2018-03-15,115,house,hsii00,Committee on Natural Resources,Subcommittee on Energy and Mineral Resources,OVERSIGHT HEARING ON ABANDONED HARDROCK MINES AND THE ROLE OF NON- GOVERNMENTAL ENTITIES,108007,"possible match (same committee, same days, different title)",https://www.govinfo.gov/content/pkg/CHRG-115hhrg28981/html/CHRG-115hhrg28981.htm
2018-03-15,115,house,hsfa00,Committee on Foreign Affairs,,"NO ASSISTANCE FOR ASSAD ACT; IRAN HUMAN RIGHTS AND HOSTAGE-TAKING ACCOUNTABILITY ACT; STRONGLY CONDEMNING THE SLAVE AUCTIONS OF MIGRANTS AND REFUGEES IN LIBYA, AND FOR OTHER PURPOSES; AND RECOGNIZING AND SUPPORTING THE EFFORTS OF THE UNITED BID COMMITTEE TO BRING THE 2026 FEDERATION INTERNATIONALE DE FOOTBALL ASSOCIATION (FIFA) WORLD CUP COMPETITION TO CANADA, MEXICO, AND THE UNITED STATES",,"possible match (same committee, same days, different title)",https://www.govinfo.gov/content/pkg/CHRG-115hhrg29364/html/CHRG-115hhrg29364.htm
2018-03-15,115,house,hsap00,Committee on Appropriations,"Subcommittee on Military Construction, Veterans Affairs, and Related","MILITARY CONSTRUCTION, VETERANS AFFAIRS, AND RELATED AGENCIES APPROPRIATIONS FOR 2019",,"possible match (same committee, same days, different title)",https://www.govinfo.gov/content/pkg/CHRG-115hhrg31445/html/CHRG-115hhrg31445.htm
2018-03-15,115,joint,ssva00,Committee on Veterans' Affairs,Subcommittee on Economic Opportunity Joint with Subcommittee on Disability Assistance and Memorial Affairs,U.S. DEPARTMENT OF VETERANS AFFAIRS FY2019 BUDGET: VETERANS BENEFITS ADMINISTRATION AND THE BOARD OF VETERANS APPEALS,,committee not tracked,https://www.govinfo.gov/content/pkg/CHRG-115jhrg35389/html/CHRG-115jhrg35389.htm
2018-03-14,115,house,hsas00,Committee on Armed Services,Subcommittee on Emerging Threats and Capabilities Hearing,[H.A.S.C. No. 115-85] HEARING ON NATIONAL DEFENSE AUTHORIZATION ACT FOR FISCAL YEAR 2019 AND OVERSIGHT OF PREVIOUSLY AUTHORIZED PROGRAMS BEFORE THE COMMITTEE ON ARMED SERVICES HOUSE OF REPRESENTATIVES ONE HUNDRED FIFTEENTH CONGRESS SECOND SESSION,,"possible match (same committee, same days, different title)",https://www.govinfo.gov/content/pkg/CHRG-115hhrg29489/html/CHRG-115hhrg29489.htm
2018-03-14,115,house,hsap00,Committee on Appropriations,"Subcommittee on Energy and Water Development,",ENERGY AND WATER DEVELOPMENT APPROPRIATIONS FOR 2019,,"possible match (same committee, same days, different title)",https://www.govinfo.gov/content/pkg/CHRG-115hhrg32414/html/CHRG-115hhrg32414.htm
2018-03-14,115,house,hswm00,Committee on Ways and Means,Subcommittee on Tax Policy,POST TAX REFORM EVALUATION OF RECENTLY EXPIRED TAX PROVISIONS,,no video found,https://www.govinfo.gov/content/pkg/CHRG-115hhrg33797/html/CHRG-115hhrg33797.htm
2018-03-13,115,joint,jcse00,Commission on Security and Cooperation in Europe (U.S. Helsinki Commission),,How to Get Human Rights Abusers and Kleptocrats Sanctioned Under the Global Magnitsky Act,,no video found,https://www.govinfo.gov/content/pkg/CHRG-115jhrg29394/html/CHRG-115jhrg29394.htm
2018-03-12,115,house,hssm00,Committee on Small Business,,DISPARITIES IN ACCESS TO CAPITAL: WHAT THE FEDERAL GOVERNMENT IS DOING TO INCREASE SUPPORT FOR MINORITY OWNED FIRMS,107981,"possible match (same committee, same days, different title)",https://www.govinfo.gov/content/pkg/CHRG-115hhrg28840/html/CHRG-115hhrg28840.htm
2018-03-07,115,house,hsba00,Committee on Financial Services,Subcommittee on Housing and Insurance,"LEGISLATIVE REVIEW OF H.R. 5059, THE STATE INSURANCE REGULATION PRESERVATION ACT",,"possible match (same committee, same days, different title)",https://www.govinfo.gov/content/pkg/CHRG-115hhrg31382/html/CHRG-115hhrg31382.htm
2018-03-07,115,house,hsap00,Committee on Appropriations,"Subcommittee on Agriculture, Rural Development, Food and Drug","AGRICULTURE, RURAL DEVELOPMENT, FOOD AND DRUG ADMINISTRATION, AND RELATED AGENCIES APPROPRIATIONS FOR 2019",,"possible match (same committee, same days, different title)",https://www.govinfo.gov/content/pkg/CHRG-115hhrg32263/html/CHRG-115hhrg32263.htm
2018-03-07,115,house,hsap00,Committee on Appropriations,Subcommittee on Defense,DEPARTMENT OF DEFENSE APPROPRIATIONS FOR 2019,,"possible match (same committee, same days, different title)",https://www.govinfo.gov/content/pkg/CHRG-115hhrg33358/html/CHRG-115hhrg33358.htm
2018-03-07,115,house,hswm00,Committee on Ways and Means,Subcommittee on Social Security,LACKING A LEADER: CHALLENGES FACING THE SSA AFTER OVER 5 YEARS OF ACTING COMMISSIONERS,,no video found,https://www.govinfo.gov/content/pkg/CHRG-115hhrg33796/html/CHRG-115hhrg33796.htm
2018-03-06,115,house,hsii00,Committee on Natural Resources,,OVERSIGHT HEARING ON EXPLORING INNOVATIVE SOLUTIONS TO REDUCE THE DEPARTMENT OF THE INTERIOR'S MAINTENANCE BACKLOG,,"possible match (same committee, same days, different title)",https://www.govinfo.gov/content/pkg/CHRG-115hhrg28851/html/CHRG-115hhrg28851.htm
2018-03-06,115,house,hsap00,Committee on Appropriations,,"DEPARTMENTS OF LABOR, HEALTH AND HUMAN SERVICES, EDUCATION, AND RELATED AGENCIES APPROPRIATIONS FOR 2019",,"possible match (same committee, same days, different title)",https://www.govinfo.gov/content/pkg/CHRG-115hhrg30843/html/CHRG-115hhrg30843.htm
2018-03-06,115,house,hsap00,Committee on Appropriations,Subcommittee on Financial Services and General Government,FINANCIAL SERVICES AND GENERAL GOVERNMENT APPROPRIATIONS FOR 2019,,"possible match (same committee, same days, different title)",https://www.govinfo.gov/content/pkg/CHRG-115hhrg32599/html/CHRG-115hhrg32599.htm
2018-02-27,115,house,hsii00,Committee on Natural Resources,Subcommittee on Energy and Mineral Resources,OVERSIGHT HEARING ON LIQUEFIED NATURAL GAS AND U.S. GEOPOLITICS,106909,"possible match (same committee, same days, different title)",https://www.govinfo.gov/content/pkg/CHRG-115hhrg28794/html/CHRG-115hhrg28794.htm
2018-02-27,115,house,hsha00,Committee on House Administration,,"MARKUP OF COMMITTEE RESOLUTIONS 115-6, 115-7, AND 115-8",,"possible match (same committee, same days, different title)",https://www.govinfo.gov/content/pkg/CHRG-115hhrg32364/html/CHRG-115hhrg32364.htm
2018-02-26,115,house,hssm00,Committee on Small Business,,"FIELD HEARING IN NEWPORTVILLE, PA: WORKFORCE DEVELOPMENT: CLOSING THE SKILLS GAP",106888,"possible match (same committee, same days, different title)",https://www.govinfo.gov/content/pkg/CHRG-115hhrg28677/html/CHRG-115hhrg28677.htm
2018-02-22,115,joint,jcse00,Commission on Security and Cooperation in Europe (U.S. Helsinki Commission),,The Russian Doping Scandal: Protecting Whistleblowers and Combating Fraud in Sports,,no video found,https://www.govinfo.gov/content/pkg/CHRG-115jhrg29393/html/CHRG-115jhrg29393.htm
2018-02-20,115,joint,jcse00,Commission on Security and Cooperation in Europe (U.S. Helsinki Commission),,"Panel Discussion:""And We Were Germans: The Life of Hans-Jurgen Massaquoi and Ralph Giordano""",,no video found,https://www.govinfo.gov/content/pkg/CHRG-115jhrg29392/html/CHRG-115jhrg29392.htm
2018-02-15,115,house,hsii00,Committee on Natural Resources,Subcommittee on Oversight and Investigations,OVERSIGHT HEARING ON THE COSTS OF DENYING BORDER PATROL ACCESS: OUR ENVIRONMENT AND SECURITY,106867,"possible match (same committee, same days, different title)",https://www.govinfo.gov/content/pkg/CHRG-115hhrg28683/html/CHRG-115hhrg28683.htm
2018-02-15,115,house,hsii00,Committee on Natural Resources,Subcommittee on Federal Lands,"H.R. 2591, ""MODERNIZING THE PITTMAN-ROBERTSON FUND FOR TOMORROW'S NEEDS ACT OF 2017""; H.R. 4429, ""CORMORANT CONTROL ACT""; H.R. 4609, ""WEST FORK FIRE STATION ACT OF 2017""; H.R. 4647, ""RECOVERING AMERICA'S WILDLIFE ACT""; AND H.R. 4851, ""KENNEDY-KING ESTABLISHMENT ACT OF 2018""",,"possible match (same committee, same days, different title)",https://www.govinfo.gov/content/pkg/CHRG-115hhrg28684/html/CHRG-115hhrg28684.htm
2018-02-15,115,house,hsas00,Committee on Armed Services,Subcommittee on Emerging Threats and Capabilities Hearing,[H.A.S.C. No. 115-73] HEARING ON NATIONAL DEFENSE AUTHORIZATION ACT FOR FISCAL YEAR 2019 AND OVERSIGHT OF PREVIOUSLY AUTHORIZED PROGRAMS BEFORE THE COMMITTEE ON ARMED SERVICES HOUSE OF REPRESENTATIVES ONE HUNDRED FIFTEENTH CONGRESS SECOND SESSION,,"possible match (same committee, same days, different title)",https://www.govinfo.gov/content/pkg/CHRG-115hhrg28996/html/CHRG-115hhrg28996.htm
2018-02-07,115,house,hswm00,Committee on Ways and Means,Subcommittee on Social Security,ENSURING SOCIAL SECURITY SERVES AMERICA'S VETERANS,,no video found,https://www.govinfo.gov/content/pkg/CHRG-115hhrg33795/html/CHRG-115hhrg33795.htm
2018-02-06,115,house,hsba00,Committee on Financial Services,,THE ANNUAL REPORT OF THE FINANCIAL STABILITY OVERSIGHT COUNCIL,,"possible match (same committee, same days, different title)",https://www.govinfo.gov/content/pkg/CHRG-115hhrg31345/html/CHRG-115hhrg31345.htm
2018-02-06,115,house,hswm00,Committee on Ways and Means,Subcommittee on Health,THE OPIOID CRISIS: REMOVING BARRIERS TO PREVENT AND TREAT OPIOID ABUSE AND DEPENDENCE IN MEDICARE,,no video found,https://www.govinfo.gov/content/pkg/CHRG-115hhrg33794/html/CHRG-115hhrg33794.htm
2018-01-30,115,house,hsba00,Committee on Financial Services,Subcommittee on Financial Institutions and Consumer Credit,"EXAMINING OPPORTUNITIES AND CHALLENGES IN THE FINANCIAL TECHNOLOGY (""FINTECH"") MARKETPLACE",,"possible match (same committee, same days, different title)",https://www.govinfo.gov/content/pkg/CHRG-115hhrg31326/html/CHRG-115hhrg31326.htm
2018-01-30,115,house,hswm00,Committee on Ways and Means,Subcommittee on Oversight,TAX ADMINISTRATION,,no video found,https://www.govinfo.gov/content/pkg/CHRG-115hhrg33793/html/CHRG-115hhrg33793.htm
2018-01-30,115,joint,jcse00,Commission on Security and Cooperation in Europe (U.S. Helsinki Commission),,Foreign Meddling in the Western Balkans: Guarding Against Economic Vulnerabilities,,no video found,https://www.govinfo.gov/content/pkg/CHRG-115jhrg29391/html/CHRG-115jhrg29391.htm
2018-01-26,115,house,hsju00,Committee on the Judiciary,,MUSIC POLICY ISSUES: A PERSPECTIVE FROM THOSE WHO MAKE IT,,no video found,https://www.govinfo.gov/content/pkg/CHRG-115hhrg32477/html/CHRG-115hhrg32477.htm
2018-01-24,115,joint,jcse00,Commission on Security and Cooperation in Europe (U.S. Helsinki Commission),,"European Security in 2018: A Conversation with General Hodges, Former Commander, U.S. Army Europe",,no video found,https://www.govinfo.gov/content/pkg/CHRG-115jhrg29386/html/CHRG-115jhrg29386.htm
2018-01-23,115,joint,jcse00,Commission on Security and Cooperation in Europe (U.S. Helsinki Commission),,"Next Steps for Refugee and Migrant Youth in Europe January 23, 2018",,no video found,https://www.govinfo.gov/content/pkg/CHRG-115jhrg29385/html/CHRG-115jhrg29385.htm
2018-01-19,115,house,hsii00,Committee on Natural Resources,Subcommittee on Energy and Mineral Resources,Deficiencies in the Permitting Process for Off-Shore Seismic Research,106800,"possible match (same committee, same days, different title)",https://www.govinfo.gov/content/pkg/CHRG-115hhrg28338/html/CHRG-115hhrg28338.htm
2018-01-18,115,house,hsii00,Committee on Natural Resources,Subcommittee on Energy and Mineral Resources,OVERSIGHT HEARING ON EXAMINING THE DEPARTMENT OF THE INTERIOR'S ACTIONS TO ELIMINATE ONSHORE ENERGY BURDENS,106798,"possible match (same committee, same days, different title)",https://www.govinfo.gov/content/pkg/CHRG-115hhrg28337/html/CHRG-115hhrg28337.htm
2018-01-18,115,joint,ssva00,Committee on Veterans' Affairs,Subcommittee on Health Joint with Subcommittee on Economic Opportunity,ADDRESSING VETERAN HOMELESSNESS: CURRENT POSITION; FUTURE COURSE,,committee not tracked,https://www.govinfo.gov/content/pkg/CHRG-115jhrg35373/html/CHRG-115jhrg35373.htm
2018-01-17,115,house,hswm00,Committee on Ways and Means,Subcommittee on Oversight,"""THE OPIOID CRISIS: THE CURRENT LANDSCAPE AND CMS ACTIONS TO PREVENT OPIOID MISUSE""",106774,no video found,https://www.govinfo.gov/content/pkg/CHRG-115hhrg33659/html/CHRG-115hhrg33659.htm
2018-01-09,115,house,hsii00,Committee on Natural Resources,Subcommittee on Federal Lands,"LEGISLATIVE HEARING ON H.R. 4532, TO CREATE THE FIRST TRIBALLY MANAGED NATIONAL MONUMENT, AND FOR OTHER PURPOSES, ""SHASH JAA NATIONAL MONUMENT AND INDIAN CREEK NATIONAL MONUMENT ACT""--PART 1",,"possible match (same committee, same days, different title)",https://www.govinfo.gov/content/pkg/CHRG-115hhrg28219/html/CHRG-115hhrg28219.htm
2017-12-14,115,house,hsii00,Committee on Natural Resources,Subcommittee on Federal Lands,"LEGISLATIVE HEARING ON H.R. 4558, TO PROVIDE GREATER CONSERVATION, RECREATION, ECONOMIC DEVELOPMENT AND LOCAL MANAGEMENT OF FEDERAL LANDS IN GARFIELD AND KANE COUNTIES, UTAH, ""GRAND STAIRCASE ESCALANTE ENHANCEMENT ACT""",,"possible match (same committee, same days, different title)",https://www.govinfo.gov/content/pkg/CHRG-115hhrg27856/html/CHRG-115hhrg27856.htm
2017-12-14,115,house,hsfa00,Committee on Foreign Affairs,,UKRAINE CYBERSECURITY COOPERATION ACT OF 2017; END BANKING FOR HUMAN TRAFFICKERS ACT OF 2017; UNITED STATES-JORDAN DEFENSE COOPERATION EXTENSION ACT; AND WAR CRIMES REWARDS EXPANSION ACT,,"possible match (same committee, same days, different title)",https://www.govinfo.gov/content/pkg/CHRG-115hhrg27859/html/CHRG-115hhrg27859.htm
2017-12-14,115,house,hsba00,Committee on Financial Services,Subcommittee on Monetary Policy and Trade,EXAMINING THE OPERATIONS OF THE COMMITTEE ON FOREIGN INVESTMENT IN THE UNITED STATES (CFIUS),,"possible match (same committee, same days, different title)",https://www.govinfo.gov/content/pkg/CHRG-115hhrg31297/html/CHRG-115hhrg31297.htm
2017-12-13,115,house,hswm00,Committee on Ways and Means,Subcommittee on Oversight,THE TAXPAYER EXPERIENCE WITH THE INTERNAL REVENUE SERVICE,,no video found,https://www.govinfo.gov/content/pkg/CHRG-115hhrg33658/html/CHRG-115hhrg33658.htm
2017-12-13,115,joint,jcse00,Commission on Security and Cooperation in Europe (U.S. Helsinki Commission),,Combating Kleptocracy With the Global Magnitsky Act,,"possible match (same committee, same days, different title)",https://www.govinfo.gov/content/pkg/CHRG-115jhrg28318/html/CHRG-115jhrg28318.htm
2017-12-12,115,joint,jcse00,Commission on Security and Cooperation in Europe (U.S. Helsinki Commission),,Sea Rescues: Saving Refugees and Migrants on the Mediterranean,,"possible match (same committee, same days, different title)",https://www.govinfo.gov/content/pkg/CHRG-115jhrg28317/html/CHRG-115jhrg28317.htm
2017-12-11,115,house,hssm00,Committee on Small Business,"Subcommittee on Agriculture, Energy, and Trade",BRIDGING THE ENTREPRENEURIAL GAP: ADDRESSING BARRIERS TO SMALL BUSINESS FORMATION AND GROWTH,,no video found,https://www.govinfo.gov/content/pkg/CHRG-115hhrg27721/html/CHRG-115hhrg27721.htm
2017-12-06,115,house,hsii00,Committee on Natural Resources,"Subcommittee on Water, Power and Oceans","H.R. 4465, ""ENDANGERED FISH RECOVERY PROGRAMS EXTENSION ACT OF 2017""",,"possible match (same committee, same days, different title)",https://www.govinfo.gov/content/pkg/CHRG-115hhrg27787/html/CHRG-115hhrg27787.htm
2017-11-30,115,house,hsii00,Committee on Natural Resources,"Subcommittee on Water, Power and Oceans","LEGISLATIVE HEARING ON H.R. 4419, TO FACILITATE AND STREAMLINE THE BUREAU OF RECLAMATION AND BUREAU OF INDIAN AFFAIRS PROCESSES FOR CREATING OR EXPANDING CERTAIN WATER PROJECTS, AND FOR OTHER PURPOSES, ""BUREAU OF RECLAMATION AND BUREAU OF INDIAN AFFAIRS WATER PROJECT STREAMLINING ACT""",,"possible match (same committee, same days, different title)",https://www.govinfo.gov/content/pkg/CHRG-115hhrg27723/html/CHRG-115hhrg27723.htm
2017-11-30,115,house,hsap00,Committee on Appropriations,Subcommittee on Homeland Security,DEPARTMENT OF HOMELAND SECURITY APPROPRIATIONS FOR 2018,,"possible match (same committee, same days, different title)",https://www.govinfo.gov/content/pkg/CHRG-115hhrg28201/html/CHRG-115hhrg28201.htm
2017-11-30,115,house,hsap00,Committee on Appropriations,"Subcommittee on the Departments of Transportation, and Housing and","DEPARTMENTS OF TRANSPORTATION, HOUSING AND URBAN DEVELOPMENT, AND RELATED AGENCIES APPROPRIATIONS FOR 2018",,"possible match (same committee, same days, different title)",https://www.govinfo.gov/content/pkg/CHRG-115hhrg28271/html/CHRG-115hhrg28271.htm
2017-11-30,115,joint,jcse00,Commission on Security and Cooperation in Europe (U.S. Helsinki Commission),,Ukraine: Report from the Front Lines,,no video found,https://www.govinfo.gov/content/pkg/CHRG-115jhrg28315/html/CHRG-115jhrg28315.htm
2017-11-29,115,house,hsii00,Committee on Natural Resources,,OVERSIGHT HEARING ON MODERNIZING NEPA FOR THE 21ST CENTURY,,"possible match (same committee, same days, different title)",https://www.govinfo.gov/content/pkg/CHRG-115hhrg27722/html/CHRG-115hhrg27722.htm
2017-11-29,115,house,hsap00,Committee on Appropriations,"Subcommittee on Interior, Environment, and Related Agencies","INTERIOR, ENVIRONMENT, AND RELATED AGENCIES APPROPRIATIONS FOR 2018",,"possible match (same committee, same days, different title)",https://www.govinfo.gov/content/pkg/CHRG-115hhrg28253/html/CHRG-115hhrg28253.htm
2017-11-15,115,joint,jcse00,Commission on Security and Cooperation in Europe (U.S. Helsinki Commission),,Religious Freedom Violations in the OSCE Region,,"possible match (same committee, same days, different title)",https://www.govinfo.gov/content/pkg/CHRG-115jhrg27638/html/CHRG-115jhrg27638.htm
2017-11-14,115,house,hsii00,Committee on Natural Resources,,OVERSIGHT HEARING ON THE NEED FOR TRANSPARENT FINANCIAL ACCOUNTABILITY IN TERRITORIES' DISASTER RECOVERY EFFORTS,,"possible match (same committee, same days, different title)",https://www.govinfo.gov/content/pkg/CHRG-115hhrg27587/html/CHRG-115hhrg27587.htm
2017-11-14,115,joint,jcse00,Commission on Security and Cooperation in Europe (U.S. Helsinki Commission),,Internet Freedom in the OSCE,,"possible match (same committee, same days, different title)",https://www.govinfo.gov/content/pkg/CHRG-115jhrg27641/html/CHRG-115jhrg27641.htm
2017-11-07,115,house,hsii00,Committee on Natural Resources,,EXAMINING CHALLENGES IN PUERTO RICO'S RECOVERY AND THE ROLE OF THE FINANCIAL OVERSIGHT AND MANAGEMENT BOARD,,"possible match (same committee, same days, different title)",https://www.govinfo.gov/content/pkg/CHRG-115hhrg27491/html/CHRG-115hhrg27491.htm
2017-11-07,115,joint,jcse00,Commission on Security and Cooperation in Europe (U.S. Helsinki Commission),,The Situation of Roma: MEP Soraya Post Discusses,,no video found,https://www.govinfo.gov/content/pkg/CHRG-115jhrg27642/html/CHRG-115jhrg27642.htm
2017-11-02,115,house,hsii00,Committee on Natural Resources,"Subcommittee on Water, Power and Oceans","H.R. 221, ""HYDROGRAPHIC SERVICES IMPROVEMENT AMENDMENTS ACT""; H.R. 1176, ""KEEP AMERICA'S WATERFRONTS WORKING ACT""; AND S. 140, TO AMEND THE WHITE MOUNTAIN APACHE TRIBE WATER RIGHTS QUANTIFICATION ACT OF 2010 TO CLARIFY THE USE OF AMOUNTS IN THE WMAT SETTLEMENT FUND",,"possible match (same committee, same days, different title)",https://www.govinfo.gov/content/pkg/CHRG-115hhrg27441/html/CHRG-115hhrg27441.htm
2017-11-01,115,joint,jcse00,Commission on Security and Cooperation in Europe (U.S. Helsinki Commission),,The Western Balkans: Perspectives From OSCE Field Missions,,no video found,https://www.govinfo.gov/content/pkg/CHRG-115jhrg27637/html/CHRG-115jhrg27637.htm
2017-10-26,115,joint,jcse00,Commission on Security and Cooperation in Europe (U.S. Helsinki Commission),,Countering Radicalization: International Best Practices and the Role of the OSCE,,no video found,https://www.govinfo.gov/content/pkg/CHRG-115jhrg27346/html/CHRG-115jhrg27346.htm
2017-10-25,115,house,hsii00,Committee on Natural Resources,,OVERSIGHT HEARING ON EMPOWERING STATE BASED MANAGEMENT SOLUTIONS FOR GREATER SAGE GROUSE RECOVERY,,"possible match (same committee, same days, different title)",https://www.govinfo.gov/content/pkg/CHRG-115hhrg27440/html/CHRG-115hhrg27440.htm
2017-10-25,115,house,hswm00,Committee on Ways and Means,Subcommittee on Trade,MISCELLANEOUS TARIFF BILL: PROVIDING TARIFF RELIEF TO U.S. MANUFACTURERS THROUGH THE NEW MTB PROCESS,,no video found,https://www.govinfo.gov/content/pkg/CHRG-115hhrg33657/html/CHRG-115hhrg33657.htm
2017-10-24,115,house,hsap00,Committee on Appropriations,"Subcommittee on Labor, Health and Human Services, Education, and","DEPARTMENTS OF LABOR, HEALTH AND HUMAN SERVICES, EDUCATION, AND RELATED AGENCIES APPROPRIATIONS FOR 2018",,"possible match (same committee, same days, different title)",https://www.govinfo.gov/content/pkg/CHRG-115hhrg27444/html/CHRG-115hhrg27444.htm
2017-10-20,115,house,hssm00,Committee on Small Business,,SMALL BUSINESS CAPITAL ACCESS: SUPPORTING COMMUNITY AND ECONOMIC DEVELOPMENT,,no video found,https://www.govinfo.gov/content/pkg/CHRG-115hhrg27253/html/CHRG-115hhrg27253.htm
2017-10-18,115,joint,jcse00,Commission on Security and Cooperation in Europe (U.S. Helsinki Commission),,Averting All-Out War in Nagorno-Karabakh:The Role of the U.S. and OSCE,,no video found,https://www.govinfo.gov/content/pkg/CHRG-115jhrg27345/html/CHRG-115jhrg27345.htm
2017-10-13,115,joint,jcse00,Commission on Security and Cooperation in Europe (U.S. Helsinki Commission),,Trafficked: Untangling the Bonds of Modern Slavery,,no video found,https://www.govinfo.gov/content/pkg/CHRG-115jhrg27344/html/CHRG-115jhrg27344.htm
2017-10-12,115,house,hsii00,Committee on Natural Resources,"Subcommittee on Water, Power and Oceans","LEGISLATIVE HEARING ON H.R. 3144, TO PROVIDE FOR OPERATIONS OF THE FEDERAL COLUMBIA RIVER POWER SYSTEM PURSUANT TO A CERTAIN OPERATION PLAN FOR A SPECIFIED PERIOD OF TIME, AND FOR OTHER PURPOSES; AND H.R. 3916, TO AMEND THE ENDANGERED SPECIES ACT OF 1973 TO VEST IN THE SECRETARY OF THE INTERIOR FUNCTIONS UNDER THAT ACT WITH RESPECT TO SPECIES OF FISH THAT SPAWN IN FRESH OR ESTUARINE WATERS AND MIGRATE TO OCEAN WATERS, AND SPECIES OF FISH THAT SPAWN IN OCEAN WATERS AND MIGRATE TO FRESH WATERS, ""FEDERALLY INTEGRATED SPECIES HEALTH (FISH) ACT""",106519,"possible match (same committee, same days, different title)",https://www.govinfo.gov/content/pkg/CHRG-115hhrg27183/html/CHRG-115hhrg27183.htm
2017-10-12,115,house,hsvr00,Committee on Veterans' Affairs,,"DRAFT LEGISLATION, THE ASSET AND INFRASTRUCTURE REVIEW ACT OF 2017, AND H.R. 2773, TO AUTHORIZE THE SECRETARY OF VETERANS AFFAIRS TO SELL PERSHING HALL",,"possible match (same committee, same days, different title)",https://www.govinfo.gov/content/pkg/CHRG-115hhrg31342/html/CHRG-115hhrg31342.htm
2017-10-11,115,house,hsag00,Committee on Agriculture,,EXAMINING THE 2017 AGENDA FOR THE COMMODITY FUTURES TRADING COMMISSION,,"possible match (same committee, same days, different title)",https://www.govinfo.gov/content/pkg/CHRG-115hhrg27184/html/CHRG-115hhrg27184.htm
2017-10-11,115,house,hswm00,Committee on Ways and Means,Subcommittee on Trade,OPPORTUNITIES TO EXPAND U.S. TRADE RELATIONSHIPS IN THE ASIA-PACIFIC REGION,,no video found,https://www.govinfo.gov/content/pkg/CHRG-115hhrg33656/html/CHRG-115hhrg33656.htm
2017-10-10,115,joint,jcse00,Commission on Security and Cooperation in Europe (U.S. Helsinki Commission),,Refugee Crisis in Europe and Turkey: Current Challenges and Responses,,no video found,https://www.govinfo.gov/content/pkg/CHRG-115jhrg27155/html/CHRG-115jhrg27155.htm
2017-10-05,115,joint,jcse00,Commission on Security and Cooperation in Europe (U.S. Helsinki Commission),,A New Ocean in the North: Perils and Possibilities,,no video found,https://www.govinfo.gov/content/pkg/CHRG-115jhrg27154/html/CHRG-115jhrg27154.htm
2017-10-04,115,house,hswm00,Committee on Ways and Means,Subcommittee on Oversight,IRS REFORM: CHALLENGES TO MODERNIZING IT INFRASTRUCTURE,,no video found,https://www.govinfo.gov/content/pkg/CHRG-115hhrg33655/html/CHRG-115hhrg33655.htm
2017-10-04,115,joint,jcse00,Commission on Security and Cooperation in Europe (U.S. Helsinki Commission),,Systematic Attacks on Journalists in Russia and Other Post-Soviet States,,"possible match (same committee, same days, different title)",https://www.govinfo.gov/content/pkg/CHRG-115jhrg27156/html/CHRG-115jhrg27156.htm
2017-10-01,115,joint,jcse00,Commission on Security and Cooperation in Europe (U.S. Helsinki Commission),,THE INTERNAL ENEMY A Helsinki Commission Staff Report on Corruption in Ukraine,,"possible match (same committee, same days, different title)",https://www.govinfo.gov/content/pkg/CHRG-115jhrg27348/html/CHRG-115jhrg27348.htm
2017-09-28,115,joint,jcse00,Commission on Security and Cooperation in Europe (U.S. Helsinki Commission),,Building Cyber Confidence Between Adversaries: Can the OSCE Help Establish Rules of the Road?,,no video found,https://www.govinfo.gov/content/pkg/CHRG-115jhrg27343/html/CHRG-115jhrg27343.htm
2017-09-27,115,house,hsii00,Committee on Natural Resources,Subcommittee on Oversight and Investigations,OVERSIGHT HEARING ON EXPLORING SOLUTIONS TO REDUCE RISKS OF CATASTROPHIC WILDFIRE AND IMPROVE RESILIENCY OF NATIONAL FORESTS,,"possible match (same committee, same days, different title)",https://www.govinfo.gov/content/pkg/CHRG-115hhrg27027/html/CHRG-115hhrg27027.htm
2017-09-26,115,house,hsii00,Committee on Natural Resources,"Subcommittee on Water, Power and Oceans","LEGISLATIVE HEARING ON H.R. 200, TO AMEND THE MAGNUSON-STEVENS FISHERY CONSERVATION AND MANAGEMENT ACT TO PROVIDE FLEXIBILITY FOR FISHERY MANAGERS AND STABILITY FOR FISHERMEN, AND FOR OTHER PURPOSES, ""STRENGTHENING FISHING COMMUNITIES AND INCREASING FLEXIBILITY IN FISHERIES MANAGEMENT ACT""; H.R. 2023, TO MODERNIZE RECREATIONAL FISHERIES MANAGEMENT, ""MODERNIZING RECREATIONAL FISHERIES MANAGEMENT ACT OF 2017""; H.R. 3588, TO AMEND THE MAGNUSON-STEVENS FISHERY CONSERVATION AND MANAGEMENT ACT TO PROVIDE FOR MANAGEMENT OF RED SNAPPER IN THE GULF OF MEXICO, AND FOR OTHER PURPOSES, ""RED SNAPPER ACT""; AND DISCUSSION DRAFT OF H.R., TO AMEND AND REAUTHORIZE THE MAGNUSON-STEVENS FISHERY CONSERVATION AND MANAGEMENT ACT, AND FOR OTHER PURPOSES, ""STRENGTHENING FISHING COMMUNITIES THROUGH IMPROVING SCIENCE, INCREASING FLEXIBILITY, AND MODERNIZING FISHERIES MANAGEMENT ACT""",,"possible match (same committee, same days, different title)",https://www.govinfo.gov/content/pkg/CHRG-115hhrg27026/html/CHRG-115hhrg27026.htm
2017-09-26,115,joint,jcse00,Commission on Security and Cooperation in Europe (U.S. Helsinki Commission),,Kyrgyzstan: Prospects for Democratic Change and the Upcoming Presidential Election,,no video found,https://www.govinfo.gov/content/pkg/CHRG-115jhrg27342/html/CHRG-115jhrg27342.htm
2017-09-18,115,house,hsvr00,Committee on Veterans' Affairs,Subcommittee on Oversight and Investigations,"AN ASSESSMENT OF LEADERSHIP FAILURES AT THE MANCHESTER, NH VA MEDICAL CENTER",,no video found,https://www.govinfo.gov/content/pkg/CHRG-115hhrg30376/html/CHRG-115hhrg30376.htm
2017-09-13,115,house,hswm00,Committee on Ways and Means,,IRS REFORM: RESOLVING TAXPAYER DISPUTES,,no video found,https://www.govinfo.gov/content/pkg/CHRG-115hhrg33617/html/CHRG-115hhrg33617.htm
2017-09-12,115,house,hsba00,Committee on Financial Services,Subcommittee on Financial Institutions and Consumer Credit; Subcommittee on Monetary Policy and Trade,EXAMINING THE RELATIONSHIP BETWEEN PRUDENTIAL REGULATION AND MONETARY POLICY AT THE FEDERAL RESERVE,,"possible match (same committee, same days, different title)",https://www.govinfo.gov/content/pkg/CHRG-115hhrg29541/html/CHRG-115hhrg29541.htm
2017-09-06,115,house,hswm00,Committee on Ways and Means,Subcommittee on Human Resources,MISSING FROM THE LABOR FORCE: EXAMINING DECLINING EMPLOYMENT AMONG WORKING-AGE MEN,,no video found,https://www.govinfo.gov/content/pkg/CHRG-115hhrg33615/html/CHRG-115hhrg33615.htm
2017-09-06,115,house,hswm00,Committee on Ways and Means,Subcommittee on Social Security,Determining Eligibility for Disability Benefits: Challenges Facing The Social Security Administration,,no video found,https://www.govinfo.gov/content/pkg/CHRG-115hhrg33616/html/CHRG-115hhrg33616.htm
2017-08-30,115,house,hsvr00,Committee on Veterans' Affairs,Subcommittee on Oversight and Investigations,VA HOME TELEHEALTH: LOOKING BEHIND THE NUMBERS,,no video found,https://www.govinfo.gov/content/pkg/CHRG-115hhrg30373/html/CHRG-115hhrg30373.htm
2017-07-26,115,joint,jcse00,Commission on Security and Cooperation in Europe (U.S. Helsinki Commission),,DEMOCRACY IN CENTRAL AND EASTERN EUROPE: RENEWING THE PROMISE OF DEMOCRATIC TRANSITIONS,,no video found,https://www.govinfo.gov/content/pkg/CHRG-115jhrg26491/html/CHRG-115jhrg26491.htm
2017-07-26,115,joint,jcse00,Commission on Security and Cooperation in Europe (U.S. Helsinki Commission),,Muslims and Minorities in the Military: Changing Demographics in the OSCE Region and Implications for Europe's Security Sector,,no video found,https://www.govinfo.gov/content/pkg/CHRG-115jhrg26492/html/CHRG-115jhrg26492.htm
2017-07-25,115,house,hsii00,Committee on Natural Resources,"Subcommittee on Indian, Insular and Alaska Native Affairs",OVERSIGHT HEARING ON ASSESSING CURRENT CONDITIONS AND CHALLENGES AT THE LYNDON B. JOHNSON TROPICAL MEDICAL CENTER IN AMERICAN SAMOA,,"possible match (same committee, same days, different title)",https://www.govinfo.gov/content/pkg/CHRG-115hhrg26408/html/CHRG-115hhrg26408.htm
2017-07-25,115,house,hsfa00,Committee on Foreign Affairs,"Subcommittee on Europe, Eurasia, and Emerging Threats",EXAMINING THE PRESIDENT'S FY 2018 BUDGET PROPOSAL FOR EUROPE AND EURASIA,,"possible match (same committee, same days, different title)",https://www.govinfo.gov/content/pkg/CHRG-115hhrg26425/html/CHRG-115hhrg26425.htm
2017-07-25,115,house,hswm00,Committee on Ways and Means,Subcommittee on Oversight,THE INTERNAL REVENUE SERVICE'S RECORD RETENTION POLICIES: IMPROVING COMPLIANCE,,no video found,https://www.govinfo.gov/content/pkg/CHRG-115hhrg33614/html/CHRG-115hhrg33614.htm
2017-07-21,115,house,hsba00,Committee on Financial Services,Subcommittee on Housing and Insurance,NAHASDA: 20 YEARS ON,106301,"possible match (same committee, same days, different title)",https://www.govinfo.gov/content/pkg/CHRG-115hhrg29454/html/CHRG-115hhrg29454.htm
2017-07-21,115,joint,jcse00,Commission on Security and Cooperation in Europe (U.S. Helsinki Commission),,ENGAGING BELARUS ON HUMAN RIGHTS AND DEMOCRACY,,no video found,https://www.govinfo.gov/content/pkg/CHRG-115jhrg26490/html/CHRG-115jhrg26490.htm
2017-07-20,115,house,hsii00,Committee on Natural Resources,Subcommittee on Energy and Mineral Resources,OVERSIGHT HEARING ON SEEKING INNOVATIVE SOLUTIONS FOR THE FUTURE OF HARDROCK MINING,,"possible match (same committee, same days, different title)",https://www.govinfo.gov/content/pkg/CHRG-115hhrg26391/html/CHRG-115hhrg26391.htm
2017-07-20,115,joint,jcse00,Commission on Security and Cooperation in Europe (U.S. Helsinki Commission),,KLEPTOCRATS OF THE KREMLIN: TIES BETWEEN BUSINESS AND POWER IN RUSSIA,,"possible match (same committee, same days, different title)",https://www.govinfo.gov/content/pkg/CHRG-115jhrg26489/html/CHRG-115jhrg26489.htm
2017-07-19,115,house,hsfa00,Committee on Foreign Affairs,"Subcommittee on Terrorism, Nonproliferation, and Trade",FTO PASSPORT REVOCATION ACT OF 2017; AND COUNTERTERRORISM SCREENING AND ASSISTANCE ACT OF 2017,,"possible match (same committee, same days, different title)",https://www.govinfo.gov/content/pkg/CHRG-115hhrg26311/html/CHRG-115hhrg26311.htm
2017-07-19,115,house,hsii00,Committee on Natural Resources,,"H.R. 424, ""GRAY WOLF STATE MANAGEMENT ACT OF 2017""; H.R. 717, ""LISTING REFORM ACT""; H.R. 1274, ""STATE, TRIBAL, AND LOCAL SPECIES TRANSPARENCY AND RECOVERY ACT""; H.R. 2603, ""SAVING AMERICA'S ENDANGERED SPECIES ACT"" OR ""SAVES ACT""; AND H.R. 3131, ""ENDANGERED SPECIES LITIGATION REASONABLENESS ACT""",,"possible match (same committee, same days, different title)",https://www.govinfo.gov/content/pkg/CHRG-115hhrg26389/html/CHRG-115hhrg26389.htm
2017-07-19,115,house,hsii00,Committee on Natural Resources,"Subcommittee on Water, Power and Oceans",OVERSIGHT HEARING ON EXPLORING THE SUCCESSES AND CHALLENGES OF THE MAGNUSON-STEVENS ACT,106308,"possible match (same committee, same days, different title)",https://www.govinfo.gov/content/pkg/CHRG-115hhrg26390/html/CHRG-115hhrg26390.htm
2017-07-19,115,house,hswm00,Committee on Ways and Means,Subcommittee on Tax Policy,HOW TAX REFORM WILL SIMPLIFY OUR BROKEN TAX CODE AND HELP INDIVIDUALS AND FAMILIES,,no video found,https://www.govinfo.gov/content/pkg/CHRG-115hhrg33482/html/CHRG-115hhrg33482.htm
2017-07-19,115,house,hswm00,Committee on Ways and Means,Subcommittee on Oversight,"Efforts To Combat Waste, Fraud, and Abuse In The Medicare Program",,no video found,https://www.govinfo.gov/content/pkg/CHRG-115hhrg33613/html/CHRG-115hhrg33613.htm
2017-07-18,115,house,hsii00,Committee on Natural Resources,Subcommittee on Oversight and Investigations,"OVERSIGHT HEARING ON EXAMINING IMPACTS OF FEDERAL NATURAL RESOURCES LAWS GONE ASTRAY, PART II",,"possible match (same committee, same days, different title)",https://www.govinfo.gov/content/pkg/CHRG-115hhrg26387/html/CHRG-115hhrg26387.htm
2017-07-18,115,house,hsii00,Committee on Natural Resources,Subcommittee on Energy and Mineral Resources,OVERSIGHT HEARING ON PROMOTING ONSHORE OIL AND GAS DEVELOPMENT IN ALASKA,,"possible match (same committee, same days, different title)",https://www.govinfo.gov/content/pkg/CHRG-115hhrg26388/html/CHRG-115hhrg26388.htm
2017-07-18,115,house,hswm00,Committee on Ways and Means,Subcommittee on Trade,MODERNIZATION OF THE NORTH AMERICAN FREE TRADE AGREEMENT (NAFTA),,no video found,https://www.govinfo.gov/content/pkg/CHRG-115hhrg33481/html/CHRG-115hhrg33481.htm
2017-07-14,115,house,hswm00,Committee on Ways and Means,,SOCIAL SECURITY'S SOLVENCY CHALLENGE: STATUS OF THE SOCIAL SECURITY TRUST FUNDS,,no video found,https://www.govinfo.gov/content/pkg/CHRG-115hhrg33480/html/CHRG-115hhrg33480.htm
2017-07-13,115,house,hsii00,Committee on Natural Resources,"Subcommittee on Indian, Insular and Alaska Native Affairs",COMPARING 21ST CENTURY TRUST LAND ACQUISITION WITH THE INTENT OF THE 73RD CONGRESS IN SECTION 5 OF THE INDIAN REORGANIZATION ACT,,"possible match (same committee, same days, different title)",https://www.govinfo.gov/content/pkg/CHRG-115hhrg26253/html/CHRG-115hhrg26253.htm
2017-07-13,115,joint,jcse00,Commission on Security and Cooperation in Europe (U.S. Helsinki Commission),,ENERGY (IN)SECURITY IN RUSSIA'S PERIPHERY,,no video found,https://www.govinfo.gov/content/pkg/CHRG-115jhrg26485/html/CHRG-115jhrg26485.htm
2017-07-12,115,house,hsfa00,Committee on Foreign Affairs,Subcommittee on Asia and the Pacific,BLACK FLAGS OVER MINDANAO: TERRORISM IN SOUTHEAST ASIA,,"possible match (same committee, same days, different title)",https://www.govinfo.gov/content/pkg/CHRG-115hhrg26224/html/CHRG-115hhrg26224.htm
2017-07-12,115,house,hsii00,Committee on Natural Resources,Subcommittee on Energy and Mineral Resources,OVERSIGHT HEARING ON EVALUATING FEDERAL OFFSHORE OIL AND GAS DEVELOPMENT ON THE OUTER CONTINENTAL SHELF,106227,"possible match (same committee, same days, different title)",https://www.govinfo.gov/content/pkg/CHRG-115hhrg26252/html/CHRG-115hhrg26252.htm
2017-06-29,115,house,hsii00,Committee on Natural Resources,Subcommittee on Energy and Mineral Resources,OVERSIGHT HEARING ON EXAMINING ACCESS TO OIL AND GAS DEVELOPMENT ON FEDERAL LANDS,,"possible match (same committee, same days, different title)",https://www.govinfo.gov/content/pkg/CHRG-115hhrg26167/html/CHRG-115hhrg26167.htm
2017-06-29,115,house,hssy00,"Committee on Science, Space, and Technology",,AN OVERVIEW OF THE NATIONAL AERONAUTICS AND SPACE ADMINISTRATION BUDGET FOR FISCAL YEAR 2018,,"possible match (same committee, same days, different title)",https://www.govinfo.gov/content/pkg/CHRG-115hhrg26237/html/CHRG-115hhrg26237.htm
2017-06-29,115,house,hswm00,Committee on Ways and Means,,Complexities and Challenges of Social Security Coverage and Payroll Tax Compliance for State and Local Governments,,no video found,https://www.govinfo.gov/content/pkg/CHRG-115hhrg33479/html/CHRG-115hhrg33479.htm
2017-06-28,115,house,hsii00,Committee on Natural Resources,Subcommittee on Oversight and Investigations,OVERSIGHT HEARING ON EXAMINING POLICY IMPACTS OF EXCESSIVE LITIGATION AGAINST THE DEPARTMENT OF THE INTERIOR,,"possible match (same committee, same days, different title)",https://www.govinfo.gov/content/pkg/CHRG-115hhrg26166/html/CHRG-115hhrg26166.htm
2017-06-22,115,house,hsii00,Committee on Natural Resources,,EXAMINING THE DEPARTMENT OF THE INTERIOR'S SPENDING PRIORITIES AND THE PRESIDENT'S FISCAL YEAR 2018 BUDGET PROPOSAL,,"possible match (same committee, same days, different title)",https://www.govinfo.gov/content/pkg/CHRG-115hhrg25970/html/CHRG-115hhrg25970.htm
2017-06-22,115,house,hswm00,Committee on Ways and Means,,U.S. TRADE POLICY AGENDA,,no video found,https://www.govinfo.gov/content/pkg/CHRG-115hhrg33478/html/CHRG-115hhrg33478.htm
2017-06-21,115,house,hsii00,Committee on Natural Resources,"Subcommittee on Indian, Insular and Alaska Native Affairs","LEGISLATIVE HEARING ON H.R. 2662, TO AMEND THE INDIAN HEALTH CARE IMPROVEMENT ACT TO IMPROVE THE RECRUITMENT AND RETENTION OF EMPLOYEES IN THE INDIAN HEALTH SERVICE, RESTORE ACCOUNTABILITY IN THE INDIAN HEALTH SERVICE, IMPROVE HEALTH SERVICES, AND FOR OTHER PURPOSES, ""RESTORING ACCOUNTABILITY IN THE INDIAN HEALTH SERVICE ACT OF 2017""",106170,"possible match (same committee, same days, different title)",https://www.govinfo.gov/content/pkg/CHRG-115hhrg25969/html/CHRG-115hhrg25969.htm
2017-06-15,115,house,hsfa00,Committee on Foreign Affairs,"Subcommittee on Africa, Global Health, Global Human Rights, and International Organizations",END NEGLECTED TROPICAL DISEASES ACT,,"possible match (same committee, same days, different title)",https://www.govinfo.gov/content/pkg/CHRG-115hhrg25842/html/CHRG-115hhrg25842.htm
2017-06-15,115,house,hsfa00,Committee on Foreign Affairs,Subcommittee on Asia and the Pacific,"RECOGNIZING THAT FOR 50 YEARS THE ASSOCIATION OF SOUTH EAST ASIAN NATIONS (ASEAN) HAS WORKED TOWARD STABILITY, PROSPERITY, AND PEACE IN SOUTHEAST ASIA; TAIWAN TRAVEL ACT; NORTH KOREAN HUMAN RIGHTS REAUTHORIZATION ACT OF 2017; AND DISTRIBUTION AND PROMOTION OF RIGHTS AND KNOWLEDGE ACT OF 2017",,"possible match (same committee, same days, different title)",https://www.govinfo.gov/content/pkg/CHRG-115hhrg25845/html/CHRG-115hhrg25845.htm
2017-06-15,115,house,hsii00,Committee on Natural Resources,Subcommittee on Federal Lands,"LEGISLATIVE HEARING ON DISCUSSION DRAFT OF H.R., TO EXPEDITE UNDER THE NATIONAL ENVIRONMENTAL POLICY ACT OF 1969 AND IMPROVE FOREST MANAGEMENT ACTIVITIES ON NATIONAL FOREST SYSTEM LANDS, ON PUBLIC LANDS UNDER THE JURISDICTION OF THE BUREAU OF LAND MANAGEMENT, AND ON TRIBAL LANDS TO RETURN RESILIENCE TO OVERGROWN, FIRE-PRONE FORESTED LANDS, AND FOR OTHER PURPOSES, ""RESILIENT FEDERAL FORESTS ACT OF 2017""",106148,"possible match (same committee, same days, different title)",https://www.govinfo.gov/content/pkg/CHRG-115hhrg25884/html/CHRG-115hhrg25884.htm
2017-06-12,115,house,hsas00,Committee on Armed Services,,[H.A.S.C. No. 115-54] HEARING ON NATIONAL DEFENSE AUTHORIZATION ACT FOR FISCAL YEAR 2018 AND OVERSIGHT OF PREVIOUSLY AUTHORIZED PROGRAMS BEFORE THE COMMITTEE ON ARMED SERVICES HOUSE OF REPRESENTATIVES ONE HUNDRED FIFTEENTH CONGRESS FIRST SESSION,,"possible match (same committee, same days, different title)",https://www.govinfo.gov/content/pkg/CHRG-115hhrg26739/html/CHRG-115hhrg26739.htm
2017-06-07,115,house,hsbu00,Committee on the Budget,,THE ECONOMIC AND FISCAL BENEFITS OF PRO-GROWTH POLICIES,,no video found,https://www.govinfo.gov/content/pkg/CHRG-115hhrg30532/html/CHRG-115hhrg30532.htm
2017-06-07,115,house,hswm00,Committee on Ways and Means,Subcommittee on Health,MEDICARE ADVANTAGE HEARING ON PROMOTING INTEGRATED AND COORDINATED CARE FOR MEDICARE BENEFICIARIES,,no video found,https://www.govinfo.gov/content/pkg/CHRG-115hhrg33429/html/CHRG-115hhrg33429.htm
2017-06-01,115,joint,jcse00,Commission on Security and Cooperation in Europe (U.S. Helsinki Commission),,COUNTERING CORRUPTION IN THE OSCE REGION: RETURNING ILL-GOTTEN ASSETS AND CLOSING SAFE HAVENS,,no video found,https://www.govinfo.gov/content/pkg/CHRG-115jhrg25791/html/CHRG-115jhrg25791.htm
2017-05-25,115,house,hsap00,Committee on Appropriations,"Subcommittee on Commerce, Justice, Science,","COMMERCE, JUSTICE, SCIENCE, AND RELATED AGENCIES APPROPRIATIONS FOR 2018",,"possible match (same committee, same days, different title)",https://www.govinfo.gov/content/pkg/CHRG-115hhrg27225/html/CHRG-115hhrg27225.htm
2017-05-24,115,house,hsii00,Committee on Natural Resources,,OVERSIGHT HEARING ON EXAMINING IMPACTS OF FEDERAL NATURAL RESOURCES LAWS GONE ASTRAY,,"possible match (same committee, same days, different title)",https://www.govinfo.gov/content/pkg/CHRG-115hhrg25553/html/CHRG-115hhrg25553.htm
2017-05-24,115,house,hsii00,Committee on Natural Resources,Subcommittee on Energy and Mineral Resources,"DISCUSSION DRAFT OF H.R. ______,""COMMUNITY RECLAMATION PARTNER-SHIPS ACT""",106042,"possible match (same committee, same days, different title)",https://www.govinfo.gov/content/pkg/CHRG-115hhrg25554/html/CHRG-115hhrg25554.htm
2017-05-24,115,house,hsap00,Committee on Appropriations,"Subcommittee on Interior, Environment, and Related Agencies","INTERIOR, ENVIRONMENT, AND RELATED AGENCIES APPROPRIATIONS FOR 2018 PART 6",,"possible match (same committee, same days, different title)",https://www.govinfo.gov/content/pkg/CHRG-115hhrg26533/html/CHRG-115hhrg26533.htm
2017-05-24,115,house,hswm00,Committee on Ways and Means,,The President's Fiscal Year 2018 Budget Proposals with U.S. Secretary Of the Treasury Steven Mnuchin,,no video found,https://www.govinfo.gov/content/pkg/CHRG-115hhrg33428/html/CHRG-115hhrg33428.htm
2017-05-23,115,house,hsii00,Committee on Natural Resources,"Subcommittee on Indian, Insular and Alaska Native Affairs",OVERSIGHT HEARING ON THE STATUS AND FUTURE OF THE COBELL LAND CONSOLIDATION PROGRAM,,"possible match (same committee, same days, different title)",https://www.govinfo.gov/content/pkg/CHRG-115hhrg25552/html/CHRG-115hhrg25552.htm
2017-05-23,115,house,hsgo00,Committee on Oversight and Government Reform,Subcommittee on Information Technology,PROTECTING AMERICANS' IDENTITIES: EXAMINING EFFORTS TO LIMIT THE USE OF SOCIAL SECURITY NUMBERS,,"possible match (same committee, same days, different title)",https://www.govinfo.gov/content/pkg/CHRG-115hhrg33427/html/CHRG-115hhrg33427.htm
2017-05-19,115,house,hsas00,Committee on Armed Services,Subcommittee on Strategic Forces Hearing,[H.A.S.C. No. 115-46] HEARING ON NATIONAL DEFENSE AUTHORIZATION ACT FOR FISCAL YEAR 2018 AND OVERSIGHT OF PREVIOUSLY AUTHORIZED PROGRAMS BEFORE THE COMMITTEE ON ARMED SERVICES HOUSE OF REPRESENTATIVES ONE HUNDRED FIFTEENTH CONGRESS FIRST SESSION,,"possible match (same committee, same days, different title)",https://www.govinfo.gov/content/pkg/CHRG-115hhrg25868/html/CHRG-115hhrg25868.htm
2017-05-19,115,house,hswm00,Committee on Ways and Means,Subcommittee on Oversight,IRS REFORM: LESSONS LEARNED FROM THE NATIONAL TAXPAYER ADVOCATE,,no video found,https://www.govinfo.gov/content/pkg/CHRG-115hhrg33425/html/CHRG-115hhrg33425.htm
2017-05-18,115,house,hsap00,Committee on Appropriations,Subcommittee on Homeland Security,DEPARTMENT OF HOMELAND SECURITY APPROPRIATIONS FOR 2018,,"possible match (same committee, same days, different title)",https://www.govinfo.gov/content/pkg/CHRG-115hhrg27050/html/CHRG-115hhrg27050.htm
2017-05-18,115,house,hswm00,Committee on Ways and Means,,How Tax Reform Will Grow Our Economy and Create Jobs,,no video found,https://www.govinfo.gov/content/pkg/CHRG-115hhrg33393/html/CHRG-115hhrg33393.htm
2017-05-17,115,house,hswm00,Committee on Ways and Means,Subcommittee on Human Resources,OPPORTUNITIES FOR YOUTH AND YOUNG ADULTS TO BREAK THE CYCLE OF POVERTY,,no video found,https://www.govinfo.gov/content/pkg/CHRG-115hhrg33391/html/CHRG-115hhrg33391.htm
2017-05-04,115,joint,hssm00,Committee on Small Business,Subcommittee on Contracting and Workforce,IMPROVING THE SMALL BUSINESS INNOVATION RESEARCH AND SMALL BUSINESS TECHNOLOGY TRANSFER PROGRAMS,,"possible match (same committee, same days, different title)",https://www.govinfo.gov/content/pkg/CHRG-115jhrg25241/html/CHRG-115jhrg25241.htm
2017-05-03,115,house,hsfa00,Committee on Foreign Affairs,,TARGET ACT; CAESAR SYRIA CIVILIAN. PROTECTION ACT OF 2017; AND FREDERICK DOUGLASS TRAFFICKING VICTIMS PREVENTION AND PROTECTION REAUTHORIZATION ACT OF 2017,,"possible match (same committee, same days, different title)",https://www.govinfo.gov/content/pkg/CHRG-115hhrg25322/html/CHRG-115hhrg25322.htm
2017-05-03,115,house,hsap00,Committee on Appropriations,Subcommittee on Legislative Branch,LEGISLATIVE BRANCH APPROPRIATIONS FOR 2018,,"possible match (same committee, same days, different title)",https://www.govinfo.gov/content/pkg/CHRG-115hhrg26276/html/CHRG-115hhrg26276.htm
2017-05-03,115,house,hsap00,Committee on Appropriations,"Subcommittee on Commerce, Justice, Science,","COMMERCE, JUSTICE, SCIENCE, AND RELATED AGENCIES APPROPRIATIONS FOR 2018",,"possible match (same committee, same days, different title)",https://www.govinfo.gov/content/pkg/CHRG-115hhrg27526/html/CHRG-115hhrg27526.htm
2017-05-02,115,joint,jcse00,Commission on Security and Cooperation in Europe (U.S. Helsinki Commission),,TURKEY POST-REFERENDUM: INSTITUTIONS AND HUMAN RIGHTS,,no video found,https://www.govinfo.gov/content/pkg/CHRG-115jhrg25604/html/CHRG-115jhrg25604.htm
2017-04-27,115,house,hsas00,Committee on Armed Services,,[H.A.S.C. No. 115-38] HEARING ON NATIONAL DEFENSE AUTHORIZATION ACT FOR FISCAL YEAR 2018 AND OVERSIGHT OF PREVIOUSLY AUTHORIZED PROGRAMS BEFORE THE COMMITTEE ON ARMED SERVICES HOUSE OF REPRESENTATIVES ONE HUNDRED FIFTEENTH CONGRESS FIRST SESSION,,"possible match (same committee, same days, different title)",https://www.govinfo.gov/content/pkg/CHRG-115hhrg25824/html/CHRG-115hhrg25824.htm
2017-04-27,115,house,hshm00,Committee on Homeland Security,Subcommittee on Transportation and Protective Security,CHECKPOINT OF THE FUTURE: EVALUATING TSA'S INNOVATION TASK FORCE INITIATIVE,105904,no video found,https://www.govinfo.gov/content/pkg/CHRG-115hhrg27292/html/CHRG-115hhrg27292.htm
2017-04-27,115,joint,jcse00,Commission on Security and Cooperation in Europe (U.S. Helsinki Commission),,OLEG SENTSOV AND RUSSIA'S HUMAN RIGHTS VIOLATIONS AGAINST UKRAINIAN CITIZENS,,"possible match (same committee, same days, different title)",https://www.govinfo.gov/content/pkg/CHRG-115jhrg26681/html/CHRG-115jhrg26681.htm
2017-04-26,115,house,hswm00,Committee on Ways and Means,Subcommittee on Oversight,THE 2017 TAX FILING SEASON,,no video found,https://www.govinfo.gov/content/pkg/CHRG-115hhrg33389/html/CHRG-115hhrg33389.htm
2017-04-26,115,house,hswm00,Committee on Ways and Means,Subcommittee on Social Security,"STOPPING DISABILITY FRAUD: RISK, PREVENTION, AND DETECTION",,no video found,https://www.govinfo.gov/content/pkg/CHRG-115hhrg33390/html/CHRG-115hhrg33390.htm
2017-04-05,115,house,hsas00,Committee on Armed Services,Subcommittee on Readiness Hearing,[H.A.S.C. No. 115-34]NATIONAL DEFENSE AUTHORIZATION ACT FOR FISCAL YEAR 2018,,"possible match (same committee, same days, different title)",https://www.govinfo.gov/content/pkg/CHRG-115hhrg25150/html/CHRG-115hhrg25150.htm
2017-04-05,115,house,hsap00,Committee on Appropriations,"Subcommittee on Labor, Health and Human Services, Education, and","DEPARTMENTS OF LABOR, HEALTH AND HUMAN SERVICES, EDUCATION, AND RELATED AGENCIES APPROPRIATIONS FOR 2018",,"possible match (same committee, same days, different title)",https://www.govinfo.gov/content/pkg/CHRG-115hhrg27226/html/CHRG-115hhrg27226.htm
2017-04-04,115,house,hsba00,Committee on Financial Services,Subcommittee on Monetary Policy and Trade; Subcommittee on Terrorism and Illicit Finance,INCREASING THE EFFECTIVENESS OF NON-NUCLEAR SANCTIONS AGAINST IRAN,,"possible match (same committee, same days, different title)",https://www.govinfo.gov/content/pkg/CHRG-115hhrg28175/html/CHRG-115hhrg28175.htm
2017-04-04,115,house,hsju00,Committee on the Judiciary,"Subcommittee on Crime, Terrorism, Homeland Security, and Investigations","OVERSIGHT OF THE DRUG ENFORCEMENT ADMINISTRATION AND THE BUREAU OF ALCOHOL, TOBACCO, FIREARMS, AND EXPLOSIVES",,"possible match (same committee, same days, different title)",https://www.govinfo.gov/content/pkg/CHRG-115hhrg29792/html/CHRG-115hhrg29792.htm
2017-03-30,115,house,hsas00,Committee on Armed Services,Subcommittee on Readiness,[H.A.S.C. No. 115-30] NATIONAL DEFENSE AUTHORIZATION ACT FOR FISCAL YEAR 2018 AND OVERSIGHT OF PREVIOUSLY AUTHORIZED PROGRAMS,,"possible match (same committee, same days, different title)",https://www.govinfo.gov/content/pkg/CHRG-115hhrg25146/html/CHRG-115hhrg25146.htm
2017-03-30,115,house,,Committee on Armed Services,Subcommittee on Strategic Forces,[H.A.S.C. No. 115-31]Consequences and Context for Russia's Violations of the INF Treaty,,committee not tracked,https://www.govinfo.gov/content/pkg/CHRG-115hhrg25147/html/CHRG-115hhrg25147.htm
2017-03-29,115,house,hsfa00,Committee on Foreign Affairs,,VARIOUS MEASURES,,"possible match (same committee, same days, different title)",https://www.govinfo.gov/content/pkg/CHRG-115hhrg24833/html/CHRG-115hhrg24833.htm
2017-03-29,115,house,hsas00,Committee on Armed Services,Subcommittee on Strategic Forces,[H.A.S.C. No. 115-28]Threats to Space Assets and Implications for Homeland Security,,"possible match (same committee, same days, different title)",https://www.govinfo.gov/content/pkg/CHRG-115hhrg25094/html/CHRG-115hhrg25094.htm
2017-03-28,115,house,hsii00,Committee on Natural Resources,Subcommittee on Oversight and Investigations,ESA CONSULTATION IMPEDIMENTS TO ECONOMIC AND INFRASTRUCTURE DEVELOPMENT,,"possible match (same committee, same days, different title)",https://www.govinfo.gov/content/pkg/CHRG-115hhrg24804/html/CHRG-115hhrg24804.htm
2017-03-28,115,house,hsha00,Committee on House Administration,,MARKUP ON RESOLUTION TO APPROVE FRANKED MAIL ALLOWANCES FOR COMMITTEES IN THE 115TH CONGRESS,,"possible match (same committee, same days, different title)",https://www.govinfo.gov/content/pkg/CHRG-115hhrg25192/html/CHRG-115hhrg25192.htm
2017-03-22,115,house,hsii00,Committee on Natural Resources,"Subcommittee on Indian, Insular and Alaska Native Affairs",OVERSIGHT HEARING ON THE STATUS OF THE PUERTO RICO ELECTRIC POWER AUTHORITY (PREPA) RESTRUCTURING SUPPORT AGREEMENT,,"possible match (same committee, same days, different title)",https://www.govinfo.gov/content/pkg/CHRG-115hhrg24754/html/CHRG-115hhrg24754.htm
2017-03-22,115,house,hsas00,Committee on Armed Services,Subcommittee on Readiness Hearing,[H.A.S.C. No. 115-23] HEARING ON NATIONAL DEFENSE AUTHORIZATION ACT FOR FISCAL YEAR 2018 AND OVERSIGHT OF PREVIOUSLY AUTHORIZED PROGRAMS BEFORE THE COMMITTEE ON ARMED SERVICES HOUSE OF REPRESENTATIVES ONE HUNDRED FIFTEENTH CONGRESS FIRST SESSION,,"possible match (same committee, same days, different title)",https://www.govinfo.gov/content/pkg/CHRG-115hhrg25089/html/CHRG-115hhrg25089.htm
2017-03-22,115,house,hsap00,Committee on Appropriations,"Subcommittee on Military Construction, Veterans Affairs, and Related","MILITARY CONSTRUCTION, VETERANS AFFAIRS, AND RELATED AGENCIES APPROPRIATIONS FOR 2018",,"possible match (same committee, same days, different title)",https://www.govinfo.gov/content/pkg/CHRG-115hhrg28157/html/CHRG-115hhrg28157.htm
2017-03-22,115,house,hsvr00,Committee on Veterans' Affairs,Subcommittee on Health,HEALTHY HIRING: ENABLING VA TO RECRUIT AND RETAIN QUALITY PROVIDERS,,"possible match (same committee, same days, different title)",https://www.govinfo.gov/content/pkg/CHRG-115hhrg29403/html/CHRG-115hhrg29403.htm
2017-03-22,115,house,hswm00,Committee on Ways and Means,,SOCIAL SECURITY'S REPRESENTATIVE PAYEE PROGRAM,,no video found,https://www.govinfo.gov/content/pkg/CHRG-115hhrg33365/html/CHRG-115hhrg33365.htm
2017-03-15,115,house,hsii00,Committee on Natural Resources,"Subcommittee on Water, Power and Oceans",OVERSIGHT HEARING ON EXAMINING THE CREATION AND MANAGEMENT OF MARINE MONUMENTS AND SANCTUARIES,,"possible match (same committee, same days, different title)",https://www.govinfo.gov/content/pkg/CHRG-115hhrg24696/html/CHRG-115hhrg24696.htm
2017-03-15,115,house,hswm00,Committee on Ways and Means,Subcommittee on Human Resources,"THE REAUTHORIZATION OF THE MATERNAL, INFANT, AND EARLY CHILDHOOD HOME VISITING (MIECHV) PROGRAM",105699,no video found,https://www.govinfo.gov/content/pkg/CHRG-115hhrg33364/html/CHRG-115hhrg33364.htm
2017-03-09,115,house,hsii00,Committee on Natural Resources,"Subcommittee on Indian, Insular and Alaska Native Affairs",OVERSIGHT HEARING ON IMPROVING AND EXPANDING INFRASTRUCTURE IN TRIBAL AND INSULAR COMMUNITIES,105676,"possible match (same committee, same days, different title)",https://www.govinfo.gov/content/pkg/CHRG-115hhrg24578/html/CHRG-115hhrg24578.htm
2017-03-09,115,house,hsap00,Committee on Appropriations,"Subcommittee on Labor, Health and Human Services, Education, and","DEPARTMENTS OF LABOR, HEALTH AND HUMAN SERVICES, EDUCATION, AND RELATED AGENCIES APPROPRIATIONS FOR 2018",,"possible match (same committee, same days, different title)",https://www.govinfo.gov/content/pkg/CHRG-115hhrg27208/html/CHRG-115hhrg27208.htm
2017-03-08,115,house,hsha00,Committee on House Administration,,MARKUP OF H. RES. 173,,"possible match (same committee, same days, different title)",https://www.govinfo.gov/content/pkg/CHRG-115hhrg25186/html/CHRG-115hhrg25186.htm
2017-03-08,115,house,hsap00,Committee on Appropriations,"Subcommittee on Energy and Water Development,",ENERGY AND WATER DEVELOPMENT APPROPRIATIONS FOR 2018,,"possible match (same committee, same days, different title)",https://www.govinfo.gov/content/pkg/CHRG-115hhrg28306/html/CHRG-115hhrg28306.htm
2017-03-02,115,house,hsbu00,Committee on the Budget,,MEMBERS' DAY,,no video found,https://www.govinfo.gov/content/pkg/CHRG-115hhrg25917/html/CHRG-115hhrg25917.htm
2017-03-01,115,house,hssm00,Committee on Small Business,,MARKUP OF: BUDGET VIEWS AND ESTIMATES FOR FISCAL YEAR 2017,105653,"possible match (same committee, same days, different title)",https://www.govinfo.gov/content/pkg/CHRG-115hhrg26286/html/CHRG-115hhrg26286.htm
2017-03-01,115,joint,jcpk00,Congressional-Executive Commission on China,,THE BROKEN PROMISES OF CHINA'S WTO ACCESSION: REPRIORITIZING HUMAN RIGHTS,,no video found,https://www.govinfo.gov/content/pkg/CHRG-115jhrg24543/html/CHRG-115jhrg24543.htm
2017-02-28,115,house,,,,THE NEXT FARM BILL,,committee not tracked,https://www.govinfo.gov/content/pkg/CHRG-115hhrg24725/html/CHRG-115hhrg24725.htm
2017-02-28,115,house,hsap00,Committee on Appropriations,"Subcommittee on Interior, Environment, and Related Agencies","INTERIOR, ENVIRONMENT, AND RELATED AGENCIES APPROPRIATIONS FOR 2018",,"possible match (same committee, same days, different title)",https://www.govinfo.gov/content/pkg/CHRG-115hhrg26690/html/CHRG-115hhrg26690.htm
2017-02-28,115,house,hsap00,Committee on Appropriations,"Subcommittee on Agriculture, Rural Development, Food and Drug","AGRICULTURE, RURAL DEVELOPMENT, FOOD AND DRUG ADMINISTRATION, AND RELATED AGENCIES APPROPRIATIONS FOR 2018",,"possible match (same committee, same days, different title)",https://www.govinfo.gov/content/pkg/CHRG-115hhrg27041/html/CHRG-115hhrg27041.htm
2017-02-16,115,house,hsas00,Committee on Armed Services,Subcommittee on Tactical Air and Land Forces,[H.A.S.C. No. 115-6]MILITARY SERVICES FIFTH-GENERATION,,"possible match (same committee, same days, different title)",https://www.govinfo.gov/content/pkg/CHRG-115hhrg24678/html/CHRG-115hhrg24678.htm
2017-02-16,115,house,ssva00,Committee on Veterans' Affairs,,THE USE OF OFFICIAL TIME FOR UNION ACTIVITIES AT THE DEPARTMENT OF VETERANS AFFAIRS,105539,committee not tracked,https://www.govinfo.gov/content/pkg/CHRG-115hhrg29369/html/CHRG-115hhrg29369.htm
2017-02-15,115,house,hsap00,Committee on Appropriations,"Subcommittee on Agriculture, Rural Development, Food and Drug","AGRICULTURE, RURAL DEVELOPMENT, FOOD AND DRUG ADMINISTRATION, AND RELATED AGENCIES APPROPRIATIONS FOR 2018",,"possible match (same committee, same days, different title)",https://www.govinfo.gov/content/pkg/CHRG-115hhrg28273/html/CHRG-115hhrg28273.htm
2017-02-15,115,house,hswm00,Committee on Ways and Means,Subcommittee on Human Resources,THE GEOGRAPHY OF POVERTY,,no video found,https://www.govinfo.gov/content/pkg/CHRG-115hhrg33363/html/CHRG-115hhrg33363.htm
2017-02-07,115,house,hsa00,Committee on Armed Services,,[H.A.S.C. No. 115-4] THE STATE OF THE MILITARY,,committee not tracked,https://www.govinfo.gov/content/pkg/CHRG-115hhrg24676/html/CHRG-115hhrg24676.htm
2017-02-01,115,house,hsas00,Committee on Armed Services,,[H.A.S.C. No. 115-3] The State of The World: National Security Threats and Challenges,,"possible match (same committee, same days, different title)",https://www.govinfo.gov/content/pkg/CHRG-115hhrg24675/html/CHRG-115hhrg24675.htm
2017-01-31,115,joint,jcse00,Commission on Security and Cooperation in Europe (U.S. Helsinki Commission),,The International Tribunal and Beyond: Pursing Justice for Atrocities in the Western Balkans,,no video found,https://www.govinfo.gov/content/pkg/CHRG-115jhrg28316/html/CHRG-115jhrg28316.htm
2017-01-24,115,house,hswm00,Committee on Ways and Means,Subcommittee on Oversight,EXAMINING THE EFFECTIVENESS OF THE INDIVIDUAL MANDATE UNDER THE AFFORDABLE CARE ACT,,no video found,https://www.govinfo.gov/content/pkg/CHRG-115hhrg33361/html/CHRG-115hhrg33361.htm
2017-01-10,115,house,hssy00,"Committee on Science, Space, and Technology",,"PROCEEDINGS OF THE FULL COMMITTEE MARKUP ON H.R. 1224, NIST CYBERSECURITY FRAMEWORK, ASSESSMENT, AND AUDITING ACT OF 2017",,no video found,https://www.govinfo.gov/content/pkg/CHRG-115hhrg35710/html/CHRG-115hhrg35710.htm
2017-01-03,115,house,hsap00,Committee on Appropriations,,"DEPARTMENTS OF LABOR, HEALTH AND HUMAN SERVICES, EDUCATION, AND RELATED AGENCIES APPROPRIATIONS FOR 2019",,no video found,https://www.govinfo.gov/content/pkg/CHRG-115hhrg30871/html/CHRG-115hhrg30871.htm
2017-01-03,115,house,hsap00,Committee on Appropriations,,DEPARTMENT OF HOMELAND SECURITY APPROPRIATIONS FOR 2019,,no video found,https://www.govinfo.gov/content/pkg/CHRG-115hhrg31359/html/CHRG-115hhrg31359.htm
2017-01-03,115,house,hsap00,Committee on Appropriations,,ENERGY AND WATER DEVELOPMENT APPROPRIATIONS FOR 2019,,no video found,https://www.govinfo.gov/content/pkg/CHRG-115hhrg32440/html/CHRG-115hhrg32440.htm
2016-12-09,114,joint,jcse00,Commission on Security and Cooperation in Europe (U.S. Helsinki Commission),,TURKEY: HUMAN RIGHTS,,no video found,https://www.govinfo.gov/content/pkg/CHRG-114jhrg23374/html/CHRG-114jhrg23374.htm
2016-12-07,114,joint,jcse00,Commission on Security and Cooperation in Europe (U.S. Helsinki Commission),,BALTIC SECURITY AFTER THE WARSAW NATO SUMMIT,,no video found,https://www.govinfo.gov/content/pkg/CHRG-114jhrg22942/html/CHRG-114jhrg22942.htm
2016-12-06,114,house,hsii00,Committee on Natural Resources,Subcommittee on Oversight and Investigations,OVERSIGHT HEARING ON EXAMINING DECADES OF DATA MANIPULATION AT THE UNITED STATES GEOLOGICAL SURVEY,,"possible match (same committee, same days, different title)",https://www.govinfo.gov/content/pkg/CHRG-114hhrg22862/html/CHRG-114hhrg22862.htm
2016-11-15,114,joint,jcse00,Commission on Security and Cooperation in Europe (U.S. Helsinki Commission),,NUCLEAR POLLUTION IN THE ARCTIC: THE NEXT CHERNOBYL?,,no video found,https://www.govinfo.gov/content/pkg/CHRG-114jhrg22860/html/CHRG-114jhrg22860.htm
2016-11-10,114,joint,jcse00,Commission on Security and Cooperation in Europe (U.S. Helsinki Commission),,ONGOING HUMAN RIGHTS AND SECURITY VIOLATIONS IN RUSSIAN-OCCUPIED CRIMEA,,no video found,https://www.govinfo.gov/content/pkg/CHRG-114jhrg22555/html/CHRG-114jhrg22555.htm
2016-10-04,114,house,hsii00,Committee on Natural Resources,,OVERSIGHT FIELD HEARING ON TRIBAL PROSPERITY AND SELF-DETERMINATION THROUGH ENERGY DEVELOPMENT,,"possible match (same committee, same days, different title)",https://www.govinfo.gov/content/pkg/CHRG-114hhrg22190/html/CHRG-114hhrg22190.htm
2016-09-28,114,house,hswm00,Committee on Ways and Means,Subcommittee on Oversight,HEALTH CARE FRAUD INVESTIGATIONS,,no video found,https://www.govinfo.gov/content/pkg/CHRG-114hhrg23189/html/CHRG-114hhrg23189.htm
2016-09-27,114,house,hswm00,Committee on Ways and Means,Subcommittee on Trade,EFFECTIVE ENFORCEMENT OF U.S. TRADE LAWS,,no video found,https://www.govinfo.gov/content/pkg/CHRG-114hhrg23190/html/CHRG-114hhrg23190.htm
2016-09-22,114,house,hsfa00,Committee on Foreign Affairs,"Subcommittee on Africa, Global Health, Global Human Rights, and International Organizations",TO DIRECT THE PRESIDENT TO SUBMIT TO CONGRESS A REPORT ON FUGITIVES CURRENTLY RESIDING IN OTHER COUNTRIES WHOSE EXTRADITION IS SOUGHT BY THE UNITED STATES AND RELATED MATTERS; AND TO REQUIRE A REGIONAL STRATEGY TO ADDRESS THE THREAT POSED BY BOKO HARAM,,"possible match (same committee, same days, different title)",https://www.govinfo.gov/content/pkg/CHRG-114hhrg21607/html/CHRG-114hhrg21607.htm
2016-09-22,114,joint,jcse00,Commission on Security and Cooperation in Europe (U.S. Helsinki Commission),,MOLDOVA AT A CROSSROADS,,"possible match (same committee, same days, different title)",https://www.govinfo.gov/content/pkg/CHRG-114jhrg21917/html/CHRG-114jhrg21917.htm
2016-09-21,114,house,hsii00,Committee on Natural Resources,,OVERSIGHT HEARING ON THE IMPACTS OF THE OBAMA CEQ'S FINAL GUIDANCE FOR GHG EMISSIONS AND THE EFFECTS OF CLIMATE CHANGE,,"possible match (same committee, same days, different title)",https://www.govinfo.gov/content/pkg/CHRG-114hhrg21615/html/CHRG-114hhrg21615.htm
2016-09-21,114,house,hsii00,Committee on Natural Resources,Subcommittee on Oversight and Investigations,THE STATUS OF THE FEDERAL GOVERNMENT'S MANAGEMENT OF WOLVES,,"possible match (same committee, same days, different title)",https://www.govinfo.gov/content/pkg/CHRG-114hhrg21616/html/CHRG-114hhrg21616.htm
2016-09-21,114,house,hswm00,Committee on Ways and Means,Subcommittee on Social Security,UNDERSTANDING SOCIAL SECURITY'S SOLVENCY CHALLENGE,,no video found,https://www.govinfo.gov/content/pkg/CHRG-114hhrg23191/html/CHRG-114hhrg23191.htm
2016-09-20,114,house,hsvr00,Committee on Veterans' Affairs,,AN ASSESSMENT OF DEFICIENCIES AT THE NORTHPORT VA MEDICAL CENTER,,"possible match (same committee, same days, different title)",https://www.govinfo.gov/content/pkg/CHRG-114hhrg25226/html/CHRG-114hhrg25226.htm
2016-09-15,114,house,hsfa00,Committee on Foreign Affairs,Subcommittee on the Middle East and North Africa,CONDEMNING THE GOVERNMENT OF IRAN'S STATE-SPONSORED PERSECUTION OF ITS BAHA'I MINORITY AND ITS CONTINUED VIOLATION OF THE INTERNATIONAL COVENANTS ON HUMAN RIGHTS,,"possible match (same committee, same days, different title)",https://www.govinfo.gov/content/pkg/CHRG-114hhrg21544/html/CHRG-114hhrg21544.htm
2016-09-15,114,house,hsfa00,Committee on Foreign Affairs,Subcommittee on the Western Hemisphere,"EXPRESSING PROFOUND CONCERN ABOUT THE ONGOING POLITICAL, ECONOMIC, SOCIAL AND HUMANITARIAN CRISIS IN VENEZUELA, URGING THE RELEASE OF POLITICAL PRISONERS, AND CALLING FOR RESPECT OF CONSTITUTIONAL AND DEMOCRATIC PROCESSES; AND THE NICARAGUA INVESTMENT CONDITIONALITY ACT (NICA) OF 2016",,"possible match (same committee, same days, different title)",https://www.govinfo.gov/content/pkg/CHRG-114hhrg21545/html/CHRG-114hhrg21545.htm
2016-09-14,114,house,hsii00,Committee on Natural Resources,Subcommittee on Federal Lands,"H.R. 5780, TO PROVIDE GREATER CONSERVATION, RECREATION, ECONOMIC DEVELOPMENT AND LOCAL MANAGEMENT OF FEDERAL LANDS IN UTAH, AND FOR OTHER PURPOSES, ""UTAH PUBLIC LANDS INITIATIVE ACT""",,"possible match (same committee, same days, different title)",https://www.govinfo.gov/content/pkg/CHRG-114hhrg21547/html/CHRG-114hhrg21547.htm
2016-09-14,114,house,hswm00,Committee on Ways and Means,Subcommittee on Health,EXPLORING THE USE OF TECHNOLOGY AND INNOVATION TO CREATE EFFICIENCIES AND HIGHER QUALITY IN HEALTH CARE,,no video found,https://www.govinfo.gov/content/pkg/CHRG-114hhrg22232/html/CHRG-114hhrg22232.htm
2016-09-14,114,house,hsbu00,Committee on the Budget,,GROWING RISKS TO THE BUDGET AND THE ECONOMY,,no video found,https://www.govinfo.gov/content/pkg/CHRG-114hhrg22604/html/CHRG-114hhrg22604.htm
2016-09-13,114,house,hswm00,Committee on Ways and Means,Subcommittee on Oversight,HEARING ON TAX-EXEMPT COLLEGE AND UNIVERSITY ENDOWMENTS,,no video found,https://www.govinfo.gov/content/pkg/CHRG-114hhrg23192/html/CHRG-114hhrg23192.htm
2016-09-08,114,house,hhah00,Ad Hoc Committee on Energy,Subcommittee on the Middle East and North Africa,EASTERN MEDITERRANEAN ENERGY: CHALLENGES AND OPPORTUNITIES FOR U.S. REGIONAL PRIORITIES,,committee not tracked,https://www.govinfo.gov/content/pkg/CHRG-114hhrg21461/html/CHRG-114hhrg21461.htm
2016-09-07,114,house,hswm00,Committee on Ways and Means,Subcommittee on Human Resources,"""UNEMPLOYMENT INSURANCE: AN OVERVIEW OF THE CHALLENGES AND STRENGTHS OF TODAY'S SYSTEM""",,no video found,https://www.govinfo.gov/content/pkg/CHRG-114hhrg22104/html/CHRG-114hhrg22104.htm
2016-09-07,114,house,hswm00,Committee on Ways and Means,Subcommittee on Health,THE EVOLUTION OF QUALITY IN MEDICARE PART A,,no video found,https://www.govinfo.gov/content/pkg/CHRG-114hhrg22231/html/CHRG-114hhrg22231.htm
2016-08-09,114,house,hsvr00,Committee on Veterans' Affairs,Subcommittee on Health,TECHNOLOGY AND TREATMENT: TELEMEDICINE IN THE VA HEALTHCARE SYSTEM,,no video found,https://www.govinfo.gov/content/pkg/CHRG-114hhrg25211/html/CHRG-114hhrg25211.htm
2016-07-14,114,house,hsfa00,Committee on Foreign Affairs,"Subcommittee on Africa, Global Health, Global Human Rights, and International Organizations",CALLING FOR THE GLOBAL REPEAL OF BLASPHEMY LAWS,,"possible match (same committee, same days, different title)",https://www.govinfo.gov/content/pkg/CHRG-114hhrg20750/html/CHRG-114hhrg20750.htm
2016-07-14,114,house,hsfa00,Committee on Foreign Affairs,"Subcommittee on Africa, Global Health, Global Human Rights, and International Organizations",HOPE DEFERRED: SECURING ENFORCEMENT OF THE GOLDMAN ACT TO RETURN ABDUCTED AMERICAN CHILDREN,,"possible match (same committee, same days, different title)",https://www.govinfo.gov/content/pkg/CHRG-114hhrg20751/html/CHRG-114hhrg20751.htm
2016-07-14,114,house,hswm00,Committee on Ways and Means,Subcommittee on Social Security,MODERNIZING SOCIAL SECURITY'S INFORMATION TECHNOLOGY INFRASTRUCTURE,,no video found,https://www.govinfo.gov/content/pkg/CHRG-114hhrg22296/html/CHRG-114hhrg22296.htm
2016-07-13,114,house,hswm00,Committee on Ways and Means,Subcommittee on Trade,EXPANDING U.S. DIGITAL TRADE AND ELIMINATING BARRIERS TO U.S. DIGITAL EXPORTS,,no video found,https://www.govinfo.gov/content/pkg/CHRG-114hhrg22164/html/CHRG-114hhrg22164.htm
2016-07-12,114,house,hsii00,Committee on Natural Resources,"Subcommittee on Water, Power and Oceans",OVERSIGHT HEARING ON CHANGING DEMANDS AND WATER SUPPLY UNCERTAINTY IN CALIFORNIA,,"possible match (same committee, same days, different title)",https://www.govinfo.gov/content/pkg/CHRG-114hhrg20918/html/CHRG-114hhrg20918.htm
2016-07-12,114,house,hsii00,Committee on Natural Resources,"Subcommittee on Indian, Insular and Alaska Native Affairs","LEGISLATIVE HEARING ON H.R. 5406, TO AMEND THE INDIAN HEALTH CARE IMPROVEMENT ACT TO IMPROVE ACCESS TO TRIBAL HEALTH CARE BY PROVIDING FOR SYSTEMIC INDIAN HEALTH SERVICE WORKFORCE AND FUNDING ALLOCATION REFORMS, AND FOR OTHER PURPOSES, ""HELPING ENSURE ACCOUNTABILITY, LEADERSHIP, AND TRUST IN TRIBAL HEALTHCARE ACT,"" OR ""HEALTTH ACT""",,"possible match (same committee, same days, different title)",https://www.govinfo.gov/content/pkg/CHRG-114hhrg20919/html/CHRG-114hhrg20919.htm
2016-07-12,114,house,hswm00,Committee on Ways and Means,,RISING HEALTH INSURANCE PREMIUMS UNDER THE AFFORDABLE CARE ACT,,no video found,https://www.govinfo.gov/content/pkg/CHRG-114hhrg23193/html/CHRG-114hhrg23193.htm
2016-07-12,114,house,hsba00,Committee on Financial Services,Subcommittee on Financial Institutions and Consumer Credit,"EXAMINING THE OPPORTUNITIES AND CHALLENGES WITH FINANCIAL TECHNOLOGY (""FIN TECH""): THE DEVELOPMENT OF ONLINE MARKETPLACE LENDING",,"possible match (same committee, same days, different title)",https://www.govinfo.gov/content/pkg/CHRG-114hhrg25876/html/CHRG-114hhrg25876.htm
2016-07-07,114,house,hsii00,Committee on Natural Resources,Subcommittee on Oversight and Investigations,OVERSIGHT HEARING ON STATE PERSPECTIVES ON BLM'S DRAFT PLANNING 2.0 RULE,,"possible match (same committee, same days, different title)",https://www.govinfo.gov/content/pkg/CHRG-114hhrg20697/html/CHRG-114hhrg20697.htm
2016-07-07,114,house,hswm00,Committee on Ways and Means,Subcommittee on Oversight,THE COST SHARING REDUCTION PROGRAM INVESTIGATION AND THE EXECUTIVE BRANCH'S CONSTITUTIONAL VIOLATIONS,,no video found,https://www.govinfo.gov/content/pkg/CHRG-114hhrg23194/html/CHRG-114hhrg23194.htm
2016-07-06,114,house,hsfa00,Committee on Foreign Affairs,Subcommittee on Asia and the Pacific,"AFFIRMING AND RECOGNIZING THE KHMER, LAOTIAN, HMONG, AND MONTAGNARD FREEDOM FIGHTERS AND THE PEOPLE OF CAMBODIA; RECOGNIZING THE IMPORTANCE OF THE UNITED STATES-REPUBLIC OF KOREA-JAPAN TRILATERAL RELATIONSHIP TO COUNTER NORTH KOREAN THREATS AND NUCLEAR PROLIFERATION, AND TO ENSURE REGIONAL SECURITY AND HUMAN RIGHTS; SUPPORTING HUMAN RIGHTS, DEMOCRACY, AND THE RULE OF LAW IN CAMBODIA; AND DPRK ACT OF 2016",,"possible match (same committee, same days, different title)",https://www.govinfo.gov/content/pkg/CHRG-114hhrg20695/html/CHRG-114hhrg20695.htm
2016-06-23,114,house,hsii00,Committee on Natural Resources,Subcommittee on Oversight and Investigations,THE ADMINISTRATION'S RESPONSE TO FINDINGS OF UNETHICAL AND CRIMINAL CONDUCT AT THE DEPARTMENT OF THE INTERIOR,,"possible match (same committee, same days, different title)",https://www.govinfo.gov/content/pkg/CHRG-114hhrg20546/html/CHRG-114hhrg20546.htm
2016-06-23,114,joint,jcse00,Commission on Security and Cooperation in Europe (U.S. Helsinki Commission),,NATO'S WARSAW SUMMIT AND THE FUTURE OF EUROPEAN SECURITY,,no video found,https://www.govinfo.gov/content/pkg/CHRG-114jhrg20596/html/CHRG-114jhrg20596.htm
2016-06-22,114,house,hswm00,Committee on Ways and Means,Subcommittee on Social Security,THE 2016 ANNUAL REPORT OF THE SOCIAL SECURITY BOARD OF TRUSTEES,,no video found,https://www.govinfo.gov/content/pkg/CHRG-114hhrg21378/html/CHRG-114hhrg21378.htm
2016-06-20,114,house,hsvr00,Committee on Veterans' Affairs,Subcommittee on Health,ACCESS AND ACCOUNTABILITY: EXAMINING OBSTACLES TO HIGH-QUALITY PATIENT CARE IN LOUISIANA,,"possible match (same committee, same days, different title)",https://www.govinfo.gov/content/pkg/CHRG-114hhrg25208/html/CHRG-114hhrg25208.htm
2016-06-18,114,house,hsas00,Committee on Armed Services,Subcommittee on Tactical Air and Land Forces,[H.A.S.C. No. 114-127] Air Dominance and The Critical Role of Fifth Generation Fighter Aircraft,,no video found,https://www.govinfo.gov/content/pkg/CHRG-114hhrg20794/html/CHRG-114hhrg20794.htm
2016-06-16,114,house,hsfa00,Committee on Foreign Affairs,,"STATE SPONSORS OF TERRORISM REVIEW ENHANCEMENT ACT; NORTH KOREA STATE SPONSOR OF TERRORISM DESIGNATION ACT OF 2016; AND WOMEN, PEACE, AND SECURITY ACT OF 2016",,"possible match (same committee, same days, different title)",https://www.govinfo.gov/content/pkg/CHRG-114hhrg20456/html/CHRG-114hhrg20456.htm
2016-06-14,114,house,hswm00,Committee on Ways and Means,Subcommittee on Trade,EXPANDING U.S. AGRICULTURE TRADE AND ELIMINATING BARRIERS TO U.S. EXPORTS,,no video found,https://www.govinfo.gov/content/pkg/CHRG-114hhrg22163/html/CHRG-114hhrg22163.htm
2016-06-08,114,house,hswm00,Committee on Ways and Means,Subcommittee on Health,LEGISLATION TO IMPROVE AND SUSTAIN THE MEDICARE PROGRAM,,no video found,https://www.govinfo.gov/content/pkg/CHRG-114hhrg21308/html/CHRG-114hhrg21308.htm
2016-06-01,114,house,hsii00,Committee on Natural Resources,,ELEVATING LOCAL VOICES AND PROMOTING TRANSPARENCY FOR A POTENTIAL MONUMENT DESIGNATION IN MAINE,,"possible match (same committee, same days, different title)",https://www.govinfo.gov/content/pkg/CHRG-114hhrg20480/html/CHRG-114hhrg20480.htm
2016-05-26,114,house,hsfa00,Committee on Foreign Affairs,,"DEPARTMENT OF STATE OPERATIONS AUTHORIZATION AND EMBASSY SECURITY ACT, FISCAL YEAR 2016",,"possible match (same committee, same days, different title)",https://www.govinfo.gov/content/pkg/CHRG-114hhrg20259/html/CHRG-114hhrg20259.htm
2016-05-25,114,house,hswm00,Committee on Ways and Means,Subcommittee on Oversight,PROTECTING SMALL BUSINESSES FROM IRS ABUSE (PART II),,no video found,https://www.govinfo.gov/content/pkg/CHRG-114hhrg22297/html/CHRG-114hhrg22297.htm
2016-05-25,114,house,hswm00,Committee on Ways and Means,Subcommittee on Tax Policy,PERSPECTIVES ON THE NEED FOR TAX REFORM,,no video found,https://www.govinfo.gov/content/pkg/CHRG-114hhrg22371/html/CHRG-114hhrg22371.htm
2016-05-25,114,joint,jcse00,Commission on Security and Cooperation in Europe (U.S. Helsinki Commission),,COMBATTING CORRUPTION IN BOSNIA AND HERZEGOVINA,,no video found,https://www.govinfo.gov/content/pkg/CHRG-114jhrg20355/html/CHRG-114jhrg20355.htm
2016-05-24,114,house,hsii00,Committee on Natural Resources,"Subcommittee on Water, Power and Oceans","LEGISLATIVE HEARING ON H.R. 4366, TO AFFIRM AN AGREEMENT BETWEEN THE UNITED STATES AND WESTLANDS WATER DISTRICT DATED SEPTEMBER 15, 2015, AND FOR OTHER PURPOSES, ""SAN LUIS UNIT DRAINAGE RESOLUTION ACT""; H.R. 5217, TO AFFIRM ""THE AGREEMENT BETWEEN THE UNITED STATES AND WESTLANDS WATER DISTRICT"" DATED SEPTEMBER 15, 2015, ""THE AGREEMENT BETWEEN THE UNITED STATES, SAN LUIS WATER DISTRICT, PANOCHE WATER DISTRICT AND PACHECO WATER DISTRICT"", AND FOR OTHER PURPOSES, ""SAN LUIS UNIT DRAINAGE RESOLUTION ACT""; AND DISCUSSION DRAFT OF H.R., TO AUTHORIZE AND IMPLEMENT THE WATER RIGHTS COMPACT AMONG THE BLACKFEET TRIBE OF THE BLACKFEET INDIAN RESERVATION, THE STATE OF MONTANA, AND THE UNITED STATES, AND FOR OTHER PURPOSES, ""BLACKFEET WATER RIGHTS SETTLEMENT ACT OF 2016""",,"possible match (same committee, same days, different title)",https://www.govinfo.gov/content/pkg/CHRG-114hhrg20277/html/CHRG-114hhrg20277.htm
2016-05-24,114,house,hsii00,Committee on Natural Resources,Subcommittee on Oversight and Investigations,INVESTIGATING THE CULTURE OF CORRUPTION AT THE DEPARTMENT OF THE INTERIOR,,"possible match (same committee, same days, different title)",https://www.govinfo.gov/content/pkg/CHRG-114hhrg20278/html/CHRG-114hhrg20278.htm
2016-05-24,114,house,hswm00,Committee on Ways and Means,,MOVING AMERICA'S FAMILIES FORWARD: SETTING PRIORITIES FOR REDUCING POVERTY AND EXPANDING OPPORTUNITY,,no video found,https://www.govinfo.gov/content/pkg/CHRG-114hhrg22187/html/CHRG-114hhrg22187.htm
2016-05-20,114,house,hsvr00,Committee on Veterans' Affairs,Subcommittee on Oversight and Investigations,ASSESSING VA OVERSIGHT OF DRUG PRESCRIPTION PRACTICES AND PROPER USE OF MEDICAL FACILITIES,,no video found,https://www.govinfo.gov/content/pkg/CHRG-114hhrg25181/html/CHRG-114hhrg25181.htm
2016-05-18,114,house,hsfa00,Committee on Foreign Affairs,,VARIOUS MEASURES,,"possible match (same committee, same days, different title)",https://www.govinfo.gov/content/pkg/CHRG-114hhrg20174/html/CHRG-114hhrg20174.htm
2016-05-18,114,house,hswm00,Committee on Ways and Means,Subcommittee on Social Security,"PROTECTING SOCIAL SECURITY FROM WASTE, FRAUD, AND ABUSE",,no video found,https://www.govinfo.gov/content/pkg/CHRG-114hhrg21377/html/CHRG-114hhrg21377.htm
2016-05-18,114,house,hswm00,Committee on Ways and Means,Subcommittee on Human Resources,"""THE HEROIN EPIDEMIC AND PARENTAL SUBSTANCE ABUSE: USING EVIDENCE AND DATA TO PROTECT KIDS FROM HARM""",,no video found,https://www.govinfo.gov/content/pkg/CHRG-114hhrg22105/html/CHRG-114hhrg22105.htm
2016-05-17,114,house,hsii00,Committee on Natural Resources,"Subcommittee on Water, Power and Oceans",OVERSIGHT HEARING ON THE IMPLICATIONS OF PRESIDENT OBAMA'S NATIONAL OCEAN POLICY,,"possible match (same committee, same days, different title)",https://www.govinfo.gov/content/pkg/CHRG-114hhrg20220/html/CHRG-114hhrg20220.htm
2016-05-17,114,house,hswm00,Committee on Ways and Means,Subcommittee on Health,TAX-RELATED PROPOSALS TO IMPROVE HEALTH CARE,,no video found,https://www.govinfo.gov/content/pkg/CHRG-114hhrg21307/html/CHRG-114hhrg21307.htm
2016-05-17,114,house,hsha00,Committee on House Administration,,"MARKUP ON COMMITTEE RESOLUTION 114, H.R. 5160, H.R. 4511, H.R. 4092, H.R. 4733, H.R. 5227, AND H.R. 4734",,"possible match (same committee, same days, different title)",https://www.govinfo.gov/content/pkg/CHRG-114hhrg21309/html/CHRG-114hhrg21309.htm
2016-05-17,114,house,hsha00,Committee on House Administration,,SAFEGUARDING OUR SYMBOL OF DEMOCRACY: U.S. CAPITOL POLICE'S MANAGEMENT PLAN FOR 2017 AND BEYOND,,"possible match (same committee, same days, different title)",https://www.govinfo.gov/content/pkg/CHRG-114hhrg21517/html/CHRG-114hhrg21517.htm
2016-05-12,114,house,hsii00,Committee on Natural Resources,Subcommittee on Oversight and Investigations,OVERSIGHT HEARING ON LOCAL AND STATE PERSPECTIVES ON BLM'S DRAFT PLANNING 2.0 RULE,,"possible match (same committee, same days, different title)",https://www.govinfo.gov/content/pkg/CHRG-114hhrg20117/html/CHRG-114hhrg20117.htm
2016-05-12,114,house,hswm00,Committee on Ways and Means,Subcommittee on Tax Policy,MEMBER PROPOSALS FOR IMPROVEMENTS TO THE U.S. TAX SYSTEM,,no video found,https://www.govinfo.gov/content/pkg/CHRG-114hhrg22372/html/CHRG-114hhrg22372.htm
2016-05-11,114,house,hswm00,Committee on Ways and Means,Subcommittee on Health,THE IMPLEMENTATION OF THE MEDICARE ACCESS & CHIP REAUTHORIZATION ACT OF 2015 (MACRA),,no video found,https://www.govinfo.gov/content/pkg/CHRG-114hhrg21365/html/CHRG-114hhrg21365.htm
2016-04-28,114,house,hsii00,Committee on Natural Resources,Subcommittee on Oversight and Investigations,OVERSIGHT HEARING ON THE CONSEQUENCES OF FEDERAL LAND MANAGEMENT ALONG THE U.S. BORDER TO RURAL COMMUNITIES AND NATIONAL SECURITY,,"possible match (same committee, same days, different title)",https://www.govinfo.gov/content/pkg/CHRG-114hhrg99957/html/CHRG-114hhrg99957.htm
2016-04-27,114,house,hsii00,Committee on Natural Resources,"Subcommittee on Water, Power and Oceans","OVERSIGHT HEARING ON REALIZING THE POTENTIAL OF HYDROPOWER AS A CLEAN, RENEWABLE AND DOMESTIC ENERGY RESOURCE",,"possible match (same committee, same days, different title)",https://www.govinfo.gov/content/pkg/CHRG-114hhrg99956/html/CHRG-114hhrg99956.htm
2016-04-20,114,house,hsfa00,Committee on Foreign Affairs,,"FRANK R. WOLF INTERNATIONAL RELIGIOUS FREEDOM ACT OF 2015; STRATEGY TO OPPOSE PREDATORY ORGAN TRAFFICKING ACT; UNITED STATES-CARIBBEAN STRATEGIC ENGAGEMENT ACT OF 2016; REAFFIRMING THE TAIWAN RELATIONS ACT AND THE SIX ASSURANCES AS THE CORNERSTONE OF UNITED STATES-TAIWAN RELATIONS; AND TO PROVIDE FOR THE AUTHORITY FOR THE SUCCESSORS AND ASSIGNS OF THE STARR-CAMARGO BRIDGE COMPANY TO MAINTAIN AND OPERATE A TOLL BRIDGE ACROSS THE RIO GRANDE NEAR RIO GRANDE CITY, TEXAS, AND FOR OTHER PURPOSES",,"possible match (same committee, same days, different title)",https://www.govinfo.gov/content/pkg/CHRG-114hhrg99851/html/CHRG-114hhrg99851.htm
2016-04-20,114,house,hsii00,Committee on Natural Resources,"Subcommittee on Water, Power and Oceans","H.R.1869, ""ENVIRONMENTAL COMPLIANCE COST TRANSPARENCY ACT OF 2015""; H.R. 2993, ""WATER RECYCLING ACCELERATION ACT OF 2015""; AND H.R. 4582, ""SAVE OUR SALMON (SOS) ACT""",,"possible match (same committee, same days, different title)",https://www.govinfo.gov/content/pkg/CHRG-114hhrg99892/html/CHRG-114hhrg99892.htm
2016-04-19,114,house,hswm00,Committee on Ways and Means,Subcommittee on Oversight,TAX RETURN FILING SEASON,,"possible match (same committee, same days, different title)",https://www.govinfo.gov/content/pkg/CHRG-114hhrg22230/html/CHRG-114hhrg22230.htm
2016-04-19,114,house,hsba00,Committee on Financial Services,,PREVENTING CULTURAL GENOCIDE: COUNTERING THE PLUNDER AND SALE OF PRICELESS CULTURAL ANTIQUITIES BY ISIS,,"possible match (same committee, same days, different title)",https://www.govinfo.gov/content/pkg/CHRG-114hhrg23891/html/CHRG-114hhrg23891.htm
2016-04-19,114,house,hsii00,Committee on Natural Resources,Subcommittee on Energy and Mineral Resources,"LEGISLATIVE HEARING ON H.R. 3881, TO AMEND THE MINERAL LEASING ACT TO REPEAL PROVISIONS RELATING ONLY TO THE ALLEGHENY NATIONAL FOREST, ""COOPERATIVE MANAGEMENT OF MINERAL RIGHTS ACT OF 2015""",,"possible match (same committee, same days, different title)",https://www.govinfo.gov/content/pkg/CHRG-114hhrg99890/html/CHRG-114hhrg99890.htm
2016-04-19,114,house,hsii00,Committee on Natural Resources,,OVERSIGHT HEARING ON RECENT CHANGES TO ENDANGERED SPECIES CRITICAL HABITAT DESIGNATION AND IMPLEMENTATION,,"possible match (same committee, same days, different title)",https://www.govinfo.gov/content/pkg/CHRG-114hhrg99891/html/CHRG-114hhrg99891.htm
2016-04-14,114,house,hsas00,Committee on Armed Services,Subcommittee on Strategic Forces Hearing,[H.A.S.C. No. 114-120] HEARING ON NATIONAL DEFENSE AUTHORIZATION ACT FOR FISCAL YEAR 2017 AND OVERSIGHT OF PREVIOUSLY AUTHORIZED PROGRAMS BEFORE THE COMMITTEE ON ARMED SERVICES HOUSE OF REPRESENTATIVES ONE HUNDRED FOURTEENTH CONGRESS SECOND SESSION,,"possible match (same committee, same days, different title)",https://www.govinfo.gov/content/pkg/CHRG-114hhrg20080/html/CHRG-114hhrg20080.htm
2016-04-14,114,house,hsif00,Committee on Energy and Commerce,"Subcommittee on Commerce, Manufacturing, and Trade",OVERSIGHT OF THE NATIONAL HIGHWAY TRAFFIC SAFETY ADMINISTRATION,,"possible match (same committee, same days, different title)",https://www.govinfo.gov/content/pkg/CHRG-114hhrg20613/html/CHRG-114hhrg20613.htm
2016-04-14,114,house,hswm00,Committee on Ways and Means,Subcommittee on Trade,MISCELLANEOUS TARIFF BILL: HELPING U.S. MANUFACTURERS THROUGH TAX CUTS,,no video found,https://www.govinfo.gov/content/pkg/CHRG-114hhrg22162/html/CHRG-114hhrg22162.htm
2016-04-14,114,house,hswm00,Committee on Ways and Means,,TAX TREATMENT OF HEALTH CARE,,no video found,https://www.govinfo.gov/content/pkg/CHRG-114hhrg22186/html/CHRG-114hhrg22186.htm
2016-04-13,114,house,hswm00,Committee on Ways and Means,Subcommittee on Tax Policy,SECOND MEMBER DAY HEARING ON FUNDAMENTAL TAX REFORM PROPOSALS,,no video found,https://www.govinfo.gov/content/pkg/CHRG-114hhrg22336/html/CHRG-114hhrg22336.htm
2016-04-13,114,house,hsii00,Committee on Natural Resources,,"LEGISLATIVE HEARING ON DISCUSSION DRAFT, H.R., ""PUERTO RICO OVERSIGHT, MANAGEMENT, AND ECONOMIC STABILITY ACT (PROMESA)""",,"possible match (same committee, same days, different title)",https://www.govinfo.gov/content/pkg/CHRG-114hhrg99800/html/CHRG-114hhrg99800.htm
2016-04-07,114,house,hlzi00,Select Committee on the Events Surrounding the 2012 Terrorist Attack in Benghazi,,INTERVIEWS OF WITNESSES BEFORE THE SELECT COMMITTEE ON THE EVENTS SURROUNDING THE 2012 TERRORIST ATTACK IN BENGHAZI - VOLUME 10,,no video found,https://www.govinfo.gov/content/pkg/CHRG-114hhrg22354/html/CHRG-114hhrg22354.htm
2016-04-05,114,house,hssm00,Committee on Small Business,Subcommittee on Contracting and Workforce,CHALLENGES FOR SMALL DEFENSE CONTRACTORS,,no video found,https://www.govinfo.gov/content/pkg/CHRG-114hhrg99715/html/CHRG-114hhrg99715.htm
2016-04-05,114,house,hssm00,Committee on Small Business,"Subcommittee on Economic Growth, Tax and Capital Access",BRIDGING THE GAP - INCREASING ACCESS TO VENTURE CAPITAL FOR SMALL BUSINESSES.,,no video found,https://www.govinfo.gov/content/pkg/CHRG-114hhrg99716/html/CHRG-114hhrg99716.htm
2016-03-22,114,house,hswm00,Committee on Ways and Means,Subcommittee on Social Security,HEARING ON SOCIAL SECURITY AND PUBLIC SERVANTS: ENSURING EQUAL TREATMENT,,no video found,https://www.govinfo.gov/content/pkg/CHRG-114hhrg21290/html/CHRG-114hhrg21290.htm
2016-03-22,114,house,hswm00,Committee on Ways and Means,Subcommittee on Tax Policy,FUNDAMENTAL TAX REFORM PROPOSALS,,no video found,https://www.govinfo.gov/content/pkg/CHRG-114hhrg22335/html/CHRG-114hhrg22335.htm
2016-03-17,114,house,hsap00,Committee on Appropriations,,"INTERIOR, ENVIRONMENT, AND RELATED AGENCIES APPROPRIATIONS FOR 2017",,"possible match (same committee, same days, different title)",https://www.govinfo.gov/content/pkg/CHRG-114hhrg99905/html/CHRG-114hhrg99905.htm
2016-03-16,114,house,hsha00,Committee on House Administration,,COMMITTEE BUSINESS MEETING,,"possible match (same committee, same days, different title)",https://www.govinfo.gov/content/pkg/CHRG-114hhrg20148/html/CHRG-114hhrg20148.htm
2016-03-16,114,house,hswm00,Committee on Ways and Means,Subcommittee on Health,PRESERVING AND STRENGTHENING MEDICARE,,no video found,https://www.govinfo.gov/content/pkg/CHRG-114hhrg21305/html/CHRG-114hhrg21305.htm
2016-03-16,114,house,hsap00,Committee on Appropriations,"Subcommittee on the Departments of Labor, Health and Human Services,","DEPARTMENTS OF LABOR, HEALTH AND HUMAN SERVICES, EDUCATION, AND RELATED AGENCIES APPROPRIATIONS FOR 2017",,"possible match (same committee, same days, different title)",https://www.govinfo.gov/content/pkg/CHRG-114hhrg21343/html/CHRG-114hhrg21343.htm
2016-03-16,114,house,hsba00,Committee on Financial Services,,THE SEMI-ANNUAL REPORT OF THE BUREAU OF CONSUMER FINANCIAL PROTECTION,,"possible match (same committee, same days, different title)",https://www.govinfo.gov/content/pkg/CHRG-114hhrg23721/html/CHRG-114hhrg23721.htm
2016-03-16,114,house,hsfa00,Committee on Foreign Affairs,,"UNITED STATES NAVAL STATION GUANTANAMO BAY PRESERVATION ACT; AND EXPRESSING CONCERN REGARDING PERSISTENT AND CREDIBLE REPORTS OF SYSTEMATIC, STATE-SANCTIONED ORGAN HARVESTING FROM NON-CONSENTING PRISONERS OF CONSCIENCE IN THE PEOPLE'S REPUBLIC OF CHINA, INCLUDING FROM LARGE NUMBERS OF FALUN GONG PRACTITIONERS AND MEMBERS OF OTHER RELIGIOUS AND ETHNIC MINORITY GROUPS",,"possible match (same committee, same days, different title)",https://www.govinfo.gov/content/pkg/CHRG-114hhrg99471/html/CHRG-114hhrg99471.htm
2016-03-16,114,joint,ssva00,Committee on Veterans' Affairs,Subcommittee on Health Joint with Subcommittee on Economic Opportunity,LEGISLATIVE HEARING ON DRAFT LEGISLATION TO IMPROVE THE AUTHORITY OF THE SECRETARY OF VETERANS AFFAIRS TO HIRE AND RETAIN PHYSICIANS AND OTHER EMPLOYEES OF THE DEPARTMENT OF VETERANS AFFAIRS,,committee not tracked,https://www.govinfo.gov/content/pkg/CHRG-114jhrg25123/html/CHRG-114jhrg25123.htm
2016-03-15,114,house,hsap00,Committee on Appropriations,"Subcommittee on Interior, Environment, and Related Agencies","INTERIOR, ENVIRONMENT, AND RELATED AGENCIES APPROPRIATIONS FOR 2017",,"possible match (same committee, same days, different title)",https://www.govinfo.gov/content/pkg/CHRG-114hhrg20144/html/CHRG-114hhrg20144.htm
2016-03-15,114,house,hsag00,Committee on Agriculture,"Subcommittee on Biotechnology, Horticulture, and Research; Subcommittee on Livestock and Foreign Agriculture",DEFENDING AMERICAN AGRICULTURE AGAINST FOREIGN PESTS AND DISEASES,,"possible match (same committee, same days, different title)",https://www.govinfo.gov/content/pkg/CHRG-114hhrg99584/html/CHRG-114hhrg99584.htm
2016-03-14,114,house,hsap00,Committee on Appropriations,,"AGRICULTURE, RURAL DEVELOPMENT, FOOD AND DRUG ADMINISTRATION, AND RELATED AGENCIES APPROPRIATIONS FOR 2017",,"possible match (same committee, same days, different title)",https://www.govinfo.gov/content/pkg/CHRG-114hhrg99666/html/CHRG-114hhrg99666.htm
2016-03-08,114,house,hssm00,Committee on Small Business,Subcommittee on Contracting and Workforce,"COMMERCIALIZING ON INNOVATION: REAUTHORIZING THE SMALL BUSINESS INNOVATION RESEARCH AND SMALL BUSINESS TECHNOLOGY TRANSFER PROGRAMS, PART II",,no video found,https://www.govinfo.gov/content/pkg/CHRG-114hhrg99447/html/CHRG-114hhrg99447.htm
2016-03-04,114,house,hsvr00,Committee on Veterans' Affairs,Subcommittee on Oversight and Investigations,ADDRESSING VA OPIOID PRESCRIPTION AND PAIN MANAGEMENT PRACTICES,,"possible match (same committee, same days, different title)",https://www.govinfo.gov/content/pkg/CHRG-114hhrg25104/html/CHRG-114hhrg25104.htm
2016-03-03,114,joint,jcse00,Commission on Security and Cooperation in Europe (U.S. Helsinki Commission),,INTERNET FREEDOM IN THE AGE OF DICTATORS AND TERRORISTS,,no video found,https://www.govinfo.gov/content/pkg/CHRG-114jhrg99387/html/CHRG-114jhrg99387.htm
2016-03-02,114,house,hswm00,Committee on Ways and Means,Subcommittee on Oversight,PROTECTING THE FREE EXCHANGE OF IDEAS ON COLLEGE CAMPUSES,,no video found,https://www.govinfo.gov/content/pkg/CHRG-114hhrg22161/html/CHRG-114hhrg22161.htm
2016-03-02,114,house,hsfa00,Committee on Foreign Affairs,,"THE SENSE OF CONGRESS THAT THOSE WHO COMMIT OR SUPPORT ATROCITIES AGAINST CHRISTIANS AND OTHER ETHNIC AND RELIGIOUS MINORITIES . . . ARE COMMITTING, AND ARE HEREBY DECLARED TO BE COMMITTING, ""WAR CRIMES"", ""CRIMES AGAINST HUMANITY"", AND ""GENOCIDE""; CONDEMNING THE GROSS VIOLATIONS OF INTERNATIONAL LAW AMOUNTING TO WAR CRIMES AND CRIMES AGAINST HUMANITY BY THE GOV'T OF SYRIA, ITS ALLIES, AND OTHER PARTIES TO THE CONFLICT IN SYRIA, AND ASKING THE PRESIDENT TO DIRECT HIS AMBASSADOR AT THE U.N. TO PROMOTE THE ESTABLISHMENT OF A WAR CRIMES TRIBUNAL WHERE THESE CRIMES COULD BE ADDRESSED",,"possible match (same committee, same days, different title)",https://www.govinfo.gov/content/pkg/CHRG-114hhrg98948/html/CHRG-114hhrg98948.htm
2016-03-02,114,house,hsas00,Committee on Armed Services,Subcommittee on Tactical Air and Land Forces Hearing,[H.A.S.C. No. 114-106] HEARING ON NATIONAL DEFENSE AUTHORIZATION ACT FOR FISCAL YEAR 2017 AND OVERSIGHT OF PREVIOUSLY AUTHORIZED PROGRAMS BEFORE THE COMMITTEE ON ARMED SERVICES HOUSE OF REPRESENTATIVES ONE HUNDRED FOURTEENTH CONGRESS SECOND SESSION,,"possible match (same committee, same days, different title)",https://www.govinfo.gov/content/pkg/CHRG-114hhrg99650/html/CHRG-114hhrg99650.htm
2016-03-02,114,house,hsas00,Committee on Armed Services,Subcommittee on Strategic Forces Hearing,[H.A.S.C. No. 114-107] HEARING ON NATIONAL DEFENSE AUTHORIZATION ACT FOR FISCAL YEAR 2017 AND OVERSIGHT OF PREVIOUSLY AUTHORIZED PROGRAMS BEFORE THE COMMITTEE ON ARMED SERVICES HOUSE OF REPRESENTATIVES ONE HUNDRED FOURTEENTH CONGRESS SECOND SESSION,,"possible match (same committee, same days, different title)",https://www.govinfo.gov/content/pkg/CHRG-114hhrg99651/html/CHRG-114hhrg99651.htm
2016-03-01,114,house,hsap00,Committee on Appropriations,Subcommittee on Energy and Water Development,ENERGY AND WATER DEVELOPMENT APPROPRIATIONS FOR 2017,,"possible match (same committee, same days, different title)",https://www.govinfo.gov/content/pkg/CHRG-114hhrg20704/html/CHRG-114hhrg20704.htm
2016-03-01,114,house,hsap00,Committee on Appropriations,Subcommittee on Energy and Water Development,ENERGY AND WATER DEVELOPMENT APPROPRIATIONS FOR 2017,,"possible match (same committee, same days, different title)",https://www.govinfo.gov/content/pkg/CHRG-114hhrg20843/html/CHRG-114hhrg20843.htm
2016-03-01,114,house,hswm00,Committee on Ways and Means,Subcommittee on Human Resources,GETTING INCENTIVES RIGHT: CONNECTING LOW-INCOME INDIVIDUALS WITH JOBS,,no video found,https://www.govinfo.gov/content/pkg/CHRG-114hhrg21287/html/CHRG-114hhrg21287.htm
2016-03-01,114,house,hsii00,Committee on Natural Resources,,EXAMINING THE DEPARTMENT OF THE INTERIOR'S SPENDING PRIORITIES AND THE PRESIDENT'S FISCAL YEAR 2017 BUDGET PROPOSAL,,"possible match (same committee, same days, different title)",https://www.govinfo.gov/content/pkg/CHRG-114hhrg99380/html/CHRG-114hhrg99380.htm
2016-03-01,114,house,hsas00,Committee on Armed Services,Subcommittee on Seapower and Projection Forces Hearing,[H.A.S.C. No. 114-103]HEARING ON NATIONAL DEFENSE AUTHORIZATION ACT FOR FISCAL YEAR 2017 AND OVERSIGHT OF PREVIOUSLY AUTHORIZED PROGRAMS BEFORE THE COMMITTEE ON ARMED SERVICES HOUSE OF REPRESENTATIVES ONE HUNDRED FOURTEENTH CONGRESS SECOND SESSION,,"possible match (same committee, same days, different title)",https://www.govinfo.gov/content/pkg/CHRG-114hhrg99647/html/CHRG-114hhrg99647.htm
2016-03-01,114,house,hsas00,Committee on Armed Services,Subcommittee on Emerging Threats and Capabilities Hearing,[H.A.S.C. No. 114-104] HEARING ON NATIONAL DEFENSE AUTHORIZATION ACT FOR FISCAL YEAR 2017 AND OVERSIGHT OF PREVIOUSLY AUTHORIZED PROGRAMS BEFORE THE COMMITTEE ON ARMED SERVICES HOUSE OF REPRESENTATIVES ONE HUNDRED FOURTEENTH CONGRESS SECOND SESSION,,"possible match (same committee, same days, different title)",https://www.govinfo.gov/content/pkg/CHRG-114hhrg99648/html/CHRG-114hhrg99648.htm
2016-03-01,114,house,hsap00,Committee on Appropriations,Subcommittee on Legislative Branch,LEGISLATIVE BRANCH APPROPRIATIONS FOR 2017,,"possible match (same committee, same days, different title)",https://www.govinfo.gov/content/pkg/CHRG-114hhrg99994/html/CHRG-114hhrg99994.htm
2016-02-26,114,house,hsap00,Committee on Appropriations,,"MILITARY CONSTRUCTION, VETERANS AFFAIRS, AND RELATED AGENCIES APPROPRIATIONS FOR 2017",,"possible match (same committee, same days, different title)",https://www.govinfo.gov/content/pkg/CHRG-114hhrg20347/html/CHRG-114hhrg20347.htm
2016-02-25,114,house,hsap00,Committee on Appropriations,"Subcommittee on the Departments of Labor, Health and Human Services,","DEPARTMENTS OF LABOR, HEALTH AND HUMAN SERVICES, EDUCATION, AND RELATED AGENCIES APPROPRIATIONS FOR 2017",,"possible match (same committee, same days, different title)",https://www.govinfo.gov/content/pkg/CHRG-114hhrg21342/html/CHRG-114hhrg21342.htm
2016-02-25,114,house,hsap00,Committee on Appropriations,Subcommittee on Financial Services and General Government,FINANCIAL SERVICES AND GENERAL GOVERNMENT APPROPRIATIONS FOR 2017,,"possible match (same committee, same days, different title)",https://www.govinfo.gov/content/pkg/CHRG-114hhrg21418/html/CHRG-114hhrg21418.htm
2016-02-25,114,house,hsii00,Committee on Natural Resources,,OVERSIGHT HEARING ON THE U.S. DEPARTMENT OF THE TREASURY'S ANALYSIS OF THE SITUATION IN PUERTO RICO,,"possible match (same committee, same days, different title)",https://www.govinfo.gov/content/pkg/CHRG-114hhrg98879/html/CHRG-114hhrg98879.htm
2016-02-24,114,house,hsap00,Committee on Appropriations,"Subcommittee on Interior, Environment, and Related Agencies","INTERIOR, ENVIRONMENT, AND RELATED AGENCIES APPROPRIATIONS FOR 2017",,"possible match (same committee, same days, different title)",https://www.govinfo.gov/content/pkg/CHRG-114hhrg20042/html/CHRG-114hhrg20042.htm
2016-02-24,114,house,hsap00,Committee on Appropriations,"Subcommittee on Commerce, Justice, Science, and Related Agencies",COMMITTEE ON APPROPRIATIONS,,"possible match (same committee, same days, different title)",https://www.govinfo.gov/content/pkg/CHRG-114hhrg20680/html/CHRG-114hhrg20680.htm
2016-02-24,114,house,hswm00,Committee on Ways and Means,,THE GLOBAL TAX ENVIRONMENT IN 2016 AND IMPLICATIONS FOR INTERNATIONAL TAX REFORM,,no video found,https://www.govinfo.gov/content/pkg/CHRG-114hhrg22373/html/CHRG-114hhrg22373.htm
2016-02-24,114,house,hsfa00,Committee on Foreign Affairs,,"CALLING ON THE GOVERNMENT OF IRAN TO FULFILL THEIR PROMISES OF ASSISTANCE IN THIS CASE OF ROBERT LEVINSON, THE LONGEST HELD UNITED STATES HOSTAGE IN OUR NATION'S HISTORY; RECOGNIZING THE IMPORTANCE OF THE UNITED STATES-ISRAEL ECONOMIC RELATIONSHIP AND ENCOURAGING NEW AREAS OF COOPERATION; GLOBAL DEVELOPMENT LAB ACT OF 2015, AND ENHANCING OVERSEAS TRAVELER VETTING ACT",,"possible match (same committee, same days, different title)",https://www.govinfo.gov/content/pkg/CHRG-114hhrg98828/html/CHRG-114hhrg98828.htm
2016-02-24,114,house,hsii00,Committee on Natural Resources,Subcommittee on Oversight and Investigations,THE IMPOSITION OF NEW REGULATIONS THROUGH THE PRESIDENT'S MEMORANDUM ON MITIGATION,,"possible match (same committee, same days, different title)",https://www.govinfo.gov/content/pkg/CHRG-114hhrg98877/html/CHRG-114hhrg98877.htm
2016-02-24,114,house,hsii00,Committee on Natural Resources,"Subcommittee on Water, Power and Oceans",OVERSIGHT HEARING ON THE 2016 CALIFORNIA WATER SUPPLY OUTLOOK DURING THE EL NINO AND THREE YEARS OF RESTRICTED WATER DELIVERIES,,"possible match (same committee, same days, different title)",https://www.govinfo.gov/content/pkg/CHRG-114hhrg98878/html/CHRG-114hhrg98878.htm
2016-02-24,114,house,hsas00,Committee on Armed Services,Subcommittee on Emerging Threats and Capabilities Hearing,[H.A.S.C. No. 114-95] HEARING ON NATIONAL DEFENSE AUTHORIZATION ACT FOR FISCAL YEAR 2017 AND OVERSIGHT OF PREVIOUSLY AUTHORIZED PROGRAMS BEFORE THE COMMITTEE ON ARMED SERVICES HOUSE OF REPRESENTATIVES ONE HUNDRED FOURTEENTH CONGRESS SECOND SESSION,,"possible match (same committee, same days, different title)",https://www.govinfo.gov/content/pkg/CHRG-114hhrg99626/html/CHRG-114hhrg99626.htm
2016-02-23,114,house,hsap00,Committee on Appropriations,"Subcommittee on Commerce, Justice, Science, and Related Agencies","COMMERCE, JUSTICE, SCIENCE, AND RELATED AGENCIES APPROPRIATIONS FOR 2017",,"possible match (same committee, same days, different title)",https://www.govinfo.gov/content/pkg/CHRG-114hhrg20501/html/CHRG-114hhrg20501.htm
2016-02-22,114,house,hssm00,Committee on Small Business,,FIELD HEARING IN NEW YORK: THE EMPIRE (STATE) STRIKES BACK: CREATING 21ST CENTURY MANUFACTURING OPPORTUNITIES IN NEW YORK CITY,,"possible match (same committee, same days, different title)",https://www.govinfo.gov/content/pkg/CHRG-114hhrg98750/html/CHRG-114hhrg98750.htm
2016-02-22,114,house,hssm00,Committee on Small Business,"Subcommittee on Agriculture, Energy and Trade",OVERCOMING CHALLENGES TO EXPORTING FOR SMALL BUSINESSES,,"possible match (same committee, same days, different title)",https://www.govinfo.gov/content/pkg/CHRG-114hhrg98751/html/CHRG-114hhrg98751.htm
2016-02-19,114,house,hsvr00,Committee on Veterans' Affairs,Subcommittee on Economic Opportunity,BEST PRACTICES IN VETERAN HIRING,,no video found,https://www.govinfo.gov/content/pkg/CHRG-114hhrg25102/html/CHRG-114hhrg25102.htm
2016-02-11,114,house,hsap00,Committee on Appropriations,Subcommittee on Energy and Water Development,ENERGY AND WATER DEVELOPMENT APPROPRIATIONS FOR 2017,,"possible match (same committee, same days, different title)",https://www.govinfo.gov/content/pkg/CHRG-114hhrg20788/html/CHRG-114hhrg20788.htm
2016-02-11,114,house,hsap00,Committee on Appropriations,Subcommittee on Financial Services and General Government,FINANCIAL SERVICES AND GENERAL GOVERNMENT APPROPRIATIONS FOR 2017,,"possible match (same committee, same days, different title)",https://www.govinfo.gov/content/pkg/CHRG-114hhrg21682/html/CHRG-114hhrg21682.htm
2016-02-11,114,house,hlzi00,Select Committee on the Events Surrounding the 2012 Terrorist Attack in Benghazi,,INTERVIEWS OF WITNESSES BEFORE THE SELECT COMMITTEE ON THE EVENTS SURROUNDING THE 2012 TERRORIST ATTACK IN BENGHAZI - VOLUME 9,,no video found,https://www.govinfo.gov/content/pkg/CHRG-114hhrg22353/html/CHRG-114hhrg22353.htm
2016-02-11,114,house,hswm00,Committee on Ways and Means,,PRESIDENT'S FISCAL YEAR BUDGET PROPOSAL WITH U.S. SECRETARY OF THE TREASURY JACOB J. LEW,,"possible match (same committee, same days, different title)",https://www.govinfo.gov/content/pkg/CHRG-114hhrg22374/html/CHRG-114hhrg22374.htm
2016-02-11,114,house,hsfa00,Committee on Foreign Affairs,Subcommittee on the Middle East and North Africa,"CALLING ON THE GOVERNMENT OF IRAN TO FULFILL THEIR PROMISES OF ASSISTANCE IN THIS CASE OF ROBERT LEVINSON, THE LONGEST HELD UNITED STATES CIVILIAN IN OUR NATION'S HISTORY",,"possible match (same committee, same days, different title)",https://www.govinfo.gov/content/pkg/CHRG-114hhrg98603/html/CHRG-114hhrg98603.htm
2016-02-10,114,house,hsap00,Committee on Appropriations,Subcommittee on Energy and Water Development,ENERGY AND WATER DEVELOPMENT APPROPRIATIONS FOR 2017,,"possible match (same committee, same days, different title)",https://www.govinfo.gov/content/pkg/CHRG-114hhrg20729/html/CHRG-114hhrg20729.htm
2016-02-10,114,house,hswm00,Committee on Ways and Means,,THE DEPARTMENT OF HEALTH AND HUMAN SERVICES (HHS) FISCAL YEAR 2017 BUDGET REQUEST,,"possible match (same committee, same days, different title)",https://www.govinfo.gov/content/pkg/CHRG-114hhrg22185/html/CHRG-114hhrg22185.htm
2016-02-10,114,house,hsap00,Committee on Appropriations,,REVIEW OF AIR TRAFFIC CONTROL REFORM PROPOSALS,,"possible match (same committee, same days, different title)",https://www.govinfo.gov/content/pkg/CHRG-114hhrg98580/html/CHRG-114hhrg98580.htm
2016-02-10,114,house,hsag00,Committee on Agriculture,,HEARING TO REVIEW THE 2016 AGENDA FOR THE COMMODITY FUTURES TRADING COMMISSION,,"possible match (same committee, same days, different title)",https://www.govinfo.gov/content/pkg/CHRG-114hhrg98680/html/CHRG-114hhrg98680.htm
2016-02-10,114,house,hsii00,Committee on Natural Resources,"Subcommittee on Water, Power and Oceans",OVERSIGHT HEARING ON THE COSTLY IMPACTS OF PREDATION AND CONFLICTING FEDERAL STATUTES ON NATIVE AND ENDANGERED FISH SPECIES,,"possible match (same committee, same days, different title)",https://www.govinfo.gov/content/pkg/CHRG-114hhrg98723/html/CHRG-114hhrg98723.htm
2016-02-10,114,house,hsas00,Committee on Armed Services,Subcommittee on Emerging Threats and Capabilities Hearing,[H.A.S.C. No. 114-89] HEARING ON NATIONAL DEFENSE AUTHORIZATION ACT FOR FISCAL YEAR 2017 AND OVERSIGHT OF PREVIOUSLY AUTHORIZED PROGRAMS BEFORE THE COMMITTEE ON ARMED SERVICES HOUSE OF REPRESENTATIVES ONE HUNDRED FOURTEENTH CONGRESS SECOND SESSION,,"possible match (same committee, same days, different title)",https://www.govinfo.gov/content/pkg/CHRG-114hhrg98956/html/CHRG-114hhrg98956.htm
2016-02-03,114,house,hsap00,Committee on Appropriations,"Subcommittee on State, Foreign Operations, and Related Programs","STATE, FOREIGN OPERATIONS, AND RELATED PROGRAMS APPROPRIATIONS FOR 2017",,"possible match (same committee, same days, different title)",https://www.govinfo.gov/content/pkg/CHRG-114hhrg21440/html/CHRG-114hhrg21440.htm
2016-02-02,114,house,hswm00,Committee on Ways and Means,,REACHING AMERICA'S POTENTIAL: DELIVERING GROWTH AND OPPORTUNITY FOR ALL AMERICANS,,"possible match (same committee, same days, different title)",https://www.govinfo.gov/content/pkg/CHRG-114hhrg22375/html/CHRG-114hhrg22375.htm
2016-02-02,114,house,hsii00,Committee on Natural Resources,"Subcommittee on Water, Power and Oceans","LEGISLATIVE HEARING ON H.R. 3070, TO CLARIFY THAT FOR PURPOSES OF ALL FEDERAL LAWS GOVERNING MARINE FISHERIES MANAGEMENT, THE LANDWARD BOUNDARY OF THE EXCLUSIVE ECONOMIC ZONE BETWEEN AREAS SOUTH OF MONTAUK, NEW YORK, AND POINT JUDITH, RHODE ISLAND, AND FOR OTHER PURPOSES, ""EEZ CLARIFICATION ACT""; AND H.R. 4245, TO EXEMPT IMPORTATION AND EXPORTATION OF SEA URCHINS AND SEA CUCUMBERS FROM LICENSING REQUIREMENTS UNDER THE ENDANGERED SPECIES ACT OF 1973",,"possible match (same committee, same days, different title)",https://www.govinfo.gov/content/pkg/CHRG-114hhrg98457/html/CHRG-114hhrg98457.htm
2016-02-02,114,house,hsii00,Committee on Natural Resources,"Subcommittee on Indian, Insular and Alaska Native Affairs",OVERSIGHT HEARING ON THE NEED FOR THE ESTABLISHMENT OF A PUERTO RICO FINANCIAL STABILITY AND ECONOMIC GROWTH AUTHORITY,,"possible match (same committee, same days, different title)",https://www.govinfo.gov/content/pkg/CHRG-114hhrg98458/html/CHRG-114hhrg98458.htm
2016-01-20,114,house,hsvr00,Committee on Veterans' Affairs,Subcommittee on Economic Opportunity,FINDING SOLUTIONS FOR VETERAN HOMELESSNESS IN SOUTHERN CALIFORNIA,104337,no video found,https://www.govinfo.gov/content/pkg/CHRG-114hhrg25016/html/CHRG-114hhrg25016.htm
2016-01-12,114,house,hsii00,Committee on Natural Resources,Subcommittee on Energy and Mineral Resources,EXPLORING ENERGY CHALLENGES AND OPPORTUNITIES FACING PUERTO RICO,,"possible match (same committee, same days, different title)",https://www.govinfo.gov/content/pkg/CHRG-114hhrg98270/html/CHRG-114hhrg98270.htm
2016-01-12,114,house,hsfa00,Committee on Foreign Affairs,Subcommittee on Asia and the Pacific,"REGARDING THE 25TH ANNIVERSARY OF DEMOCRACY IN MONGOLIA; CONCERN REGARDING PERSISTENT AND CREDIBLE REPORTS OF SYSTEMATIC, STATE- SANCTIONED ORGAN HARVESTING FROM NON-CONSENTING PRISONERS OF CONSCIENCE IN THE PEOPLE'S REPUBLIC OF CHINA; AND RECOGNIZING THE 50TH ANNIVERSARY OF SINGAPOREAN INDEPENDENCE AND REAFFIRMING SINGAPORE'S CLOSE PARTNERSHIP WITH THE UNITED STATES",,"possible match (same committee, same days, different title)",https://www.govinfo.gov/content/pkg/CHRG-114hhrg98311/html/CHRG-114hhrg98311.htm
2016-01-12,114,house,hsag00,Committee on Agriculture,,SUPPLEMENTAL NUTRITION ASSISTANCE PROGRAM,104319,"possible match (same committee, same days, different title)",https://www.govinfo.gov/content/pkg/CHRG-114hhrg98359/html/CHRG-114hhrg98359.htm
2016-01-07,114,house,hlzi00,Select Committee on the Events Surrounding the 2012 Terrorist Attack in Benghazi,,INTERVIEWS OF WITNESSES BEFORE THE SELECT COMMITTEE ON THE EVENTS SURROUNDING THE 2012 TERRORIST ATTACK IN BENGHAZI - VOLUME 8,,no video found,https://www.govinfo.gov/content/pkg/CHRG-114hhrg22352/html/CHRG-114hhrg22352.htm
2015-12-16,114,house,hsba00,Committee on Financial Services,Subcommittee on Oversight and Investigations,EXAMINING THE CONSUMER FINANCIAL PROTECTION BUREAU'S MASS DATA COLLECTION PROGRAM,,"possible match (same committee, same days, different title)",https://www.govinfo.gov/content/pkg/CHRG-114hhrg99797/html/CHRG-114hhrg99797.htm
2015-12-16,114,joint,jcse00,Commission on Security and Cooperation in Europe (U.S. Helsinki Commission),,AZERBAIJAN'S PERSECUTION OF RFE/RL REPORTER KHADIJA ISMAYILOVA,,no video found,https://www.govinfo.gov/content/pkg/CHRG-114jhrg98127/html/CHRG-114jhrg98127.htm
2015-12-14,114,house,hsii00,Committee on Natural Resources,Subcommittee on Energy and Mineral Resources,"LEGISLATIVE FIELD HEARING ON H.R. 3734, TO AMEND THE SURFACE MINING CONTROL AND RECLAMATION ACT OF 1977 TO PROVIDE SUPPORT TO MINING SCHOOLS, AND FOR OTHER PURPOSES, ""MINING SCHOOLS ENHANCEMENT ACT""",,no video found,https://www.govinfo.gov/content/pkg/CHRG-114hhrg98011/html/CHRG-114hhrg98011.htm
2015-12-11,114,joint,jcse00,Commission on Security and Cooperation in Europe (U.S. Helsinki Commission),,HUMAN RIGHTS VIOLATIONS IN RUSSIAN-OCCUPIED CRIMEA,,no video found,https://www.govinfo.gov/content/pkg/CHRG-114jhrg98261/html/CHRG-114jhrg98261.htm
2015-12-09,114,house,hsfa00,Committee on Foreign Affairs,,VARIOUS MEASURES,,"possible match (same committee, same days, different title)",https://www.govinfo.gov/content/pkg/CHRG-114hhrg97857/html/CHRG-114hhrg97857.htm
2015-12-09,114,house,hsii00,Committee on Natural Resources,,OVERSIGHT HEARING ON THE DEPARTMENT OF THE INTERIOR'S ROLE IN THE EPA'S ANIMAS SPILL,,"possible match (same committee, same days, different title)",https://www.govinfo.gov/content/pkg/CHRG-114hhrg97867/html/CHRG-114hhrg97867.htm
2015-12-02,114,house,hsha00,Committee on House Administration,,IMPROVING CUSTOMER SERVICE FOR THE COPYRIGHT COMMUNITY: ENSURING THE COPYRIGHT OFFICE AND THE LIBRARY OF CONGRESS ARE ABLE TO MEET THE DEMANDS OF THE DIGITAL AGE,,"possible match (same committee, same days, different title)",https://www.govinfo.gov/content/pkg/CHRG-114hhrg21529/html/CHRG-114hhrg21529.htm
2015-12-02,114,house,hsii00,Committee on Natural Resources,Subcommittee on Federal Lands,"LEGISLATIVE HEARING ON DISCUSSION DRAFT, H.R., TO PREPARE THE NATIONAL PARK SERVICE FOR ITS CENTENNIAL IN 2016 AND FOR A SECOND CENTURY OF PROMOTING AND PROTECTING THE NATURAL, HISTORIC, AND CULTURAL RESOURCES OF OUR NATIONAL PARKS FOR THE ENJOYMENT OF PRESENT AND FUTURE GENERATIONS, AND FOR OTHER PURPOSES, ""NATIONAL PARK SERVICE CENTENNIAL ACT""",,"possible match (same committee, same days, different title)",https://www.govinfo.gov/content/pkg/CHRG-114hhrg97736/html/CHRG-114hhrg97736.htm
2015-12-02,114,house,hsha00,Committee on House Administration,,"MARKUP ON: H.R. 1670, THE NATIONAL POW/MIA REMEMBRANCE ACT OF 2015",,"possible match (same committee, same days, different title)",https://www.govinfo.gov/content/pkg/CHRG-114hhrg97880/html/CHRG-114hhrg97880.htm
2015-12-01,114,house,hswm00,Committee on Ways and Means,Subcommittee on Tax Policy,THE OECD BASE EROSION AND PROFIT SHIFTING (BEPS) PROJECT,,"possible match (same committee, same days, different title)",https://www.govinfo.gov/content/pkg/CHRG-114hhrg22334/html/CHRG-114hhrg22334.htm
2015-11-17,114,house,hswm00,Committee on Ways and Means,Subcommittee on Human Resources,LESSONS LEARNED FROM WELFARE REFORMS IN OTHER COUNTRIES,,"possible match (same committee, same days, different title)",https://www.govinfo.gov/content/pkg/CHRG-114hhrg22103/html/CHRG-114hhrg22103.htm
2015-11-17,114,house,hsag00,Committee on Agriculture,,U.S. INTERNATIONAL FOOD AID PROGRAMS: TRANSPORTATION PERSPECTIVES,,"possible match (same committee, same days, different title)",https://www.govinfo.gov/content/pkg/CHRG-114hhrg97713/html/CHRG-114hhrg97713.htm
2015-11-06,114,house,hssm00,Committee on Small Business,"Subcommittee on Investigations, Oversight and Regulations",REGULATORY OVERLOAD: THE EFFECTS OF FEDERAL REGULATIONS ON SMALL FIRMS,,no video found,https://www.govinfo.gov/content/pkg/CHRG-114hhrg97450/html/CHRG-114hhrg97450.htm
2015-11-06,114,house,hsfa00,Committee on Foreign Affairs,Subcommittee on the Western Hemisphere,DEPLORABLE HUMAN RIGHTS VIOLATIONS IN CUBA AND VENEZUELA,,"possible match (same committee, same days, different title)",https://www.govinfo.gov/content/pkg/CHRG-114hhrg97464/html/CHRG-114hhrg97464.htm
2015-11-06,114,house,hsba00,Committee on Financial Services,Subcommittee on Housing and Insurance,NEW ORLEANS: TEN YEARS AFTER THE STORM,,"possible match (same committee, same days, different title)",https://www.govinfo.gov/content/pkg/CHRG-114hhrg99779/html/CHRG-114hhrg99779.htm
2015-11-05,114,house,hsfa00,Committee on Foreign Affairs,,GLOBAL HEALTH INNOVATION ACT OF 2015; AGOA ENHANCEMENT ACT OF 2015;. FIRST RESPONDERS PASSPORT ACT OF 2015;. AND FOREIGN AID TRANSPARENCY AND ACCOUNTABILITY ACT OF 2015,,"possible match (same committee, same days, different title)",https://www.govinfo.gov/content/pkg/CHRG-114hhrg97463/html/CHRG-114hhrg97463.htm
2015-11-05,114,joint,jcse00,Commission on Security and Cooperation in Europe (U.S. Helsinki Commission),,THE RULE OF LAW AND CIVIL SOCIETY IN AZERBAIJAN,,no video found,https://www.govinfo.gov/content/pkg/CHRG-114jhrg98259/html/CHRG-114jhrg98259.htm
2015-11-04,114,house,hswm00,Committee on Ways and Means,Subcommittee on Oversight,IRAN TERROR FINANCING AND THE TAX CODE,,no video found,https://www.govinfo.gov/content/pkg/CHRG-114hhrg22160/html/CHRG-114hhrg22160.htm
2015-11-04,114,house,hssm00,Committee on Small Business,Subcommittee on Contracting and Workforce; Subcommittee on Oversight and Investigations,AN EXAMINATION OF CONTINUED CHALLENGES IN VA'S VETS FIRST VERIFICATION PROCESS,,no video found,https://www.govinfo.gov/content/pkg/CHRG-114hhrg98698/html/CHRG-114hhrg98698.htm
2015-11-04,114,joint,jsec00,Joint Economic Committee,,ENSURING SUCCESS FOR THE SOCIAL SECURITY DISABILITY INSURANCE PROGRAM AND ITS BENEFICIARIES,,no video found,https://www.govinfo.gov/content/pkg/CHRG-114jhrg97902/html/CHRG-114jhrg97902.htm
2015-11-03,114,house,hswm00,Committee on Ways and Means,Subcommittee on Human Resources,BETTER COORDINATING WELFARE PROGRAMS TO SERVE FAMILIES IN NEED,,no video found,https://www.govinfo.gov/content/pkg/CHRG-114hhrg21286/html/CHRG-114hhrg21286.htm
2015-11-03,114,house,hswm00,Committee on Ways and Means,Subcommittee on Health,THE STATE OF OBAMACARE'S CO-OP PROGRAM,,no video found,https://www.govinfo.gov/content/pkg/CHRG-114hhrg21367/html/CHRG-114hhrg21367.htm
2015-11-03,114,house,hsju00,Committee on the Judiciary,"Subcommittee on Regulatory Reform, Commercial and Antitrust Law",REQUIRE EVALUATION BEFORE IMPLEMENTING EXECUTIVE WISHLISTS (REVIEW) ACT OF 2015; AND THE REGULATORY PREDICTABILITY FOR BUSINESS GROWTH ACT OF 2015,104126,"possible match (same committee, same days, different title)",https://www.govinfo.gov/content/pkg/CHRG-114hhrg97418/html/CHRG-114hhrg97418.htm
2015-10-23,114,house,hsif00,Committee on Energy and Commerce,"Subcommittee on Commerce, Manufacturing, and Trade","FIGHTING FRAUD AGAINST THE ELDERLY, AN UPDATE",104089,"possible match (same committee, same days, different title)",https://www.govinfo.gov/content/pkg/CHRG-114hhrg20425/html/CHRG-114hhrg20425.htm
2015-10-23,114,house,hsba00,Committee on Financial Services,Subcommittee on Capital Markets and Government Sponsored Enterprises,OVERSIGHT OF THE SEC'S DIVISION OF INVESTMENT MANAGEMENT,,"possible match (same committee, same days, different title)",https://www.govinfo.gov/content/pkg/CHRG-114hhrg99777/html/CHRG-114hhrg99777.htm
2015-10-22,114,house,hsvr00,Committee on Veterans' Affairs,Subcommittee on Economic Opportunity,A REVIEW OF VA'S VETSUCCESS ON CAMPUS PROGRAM,,"possible match (same committee, same days, different title)",https://www.govinfo.gov/content/pkg/CHRG-114hhrg98695/html/CHRG-114hhrg98695.htm
2015-10-22,114,house,hlzi00,Select Committee on the Events Surrounding the 2012 Terrorist Attack in Benghazi,,"SELECT COMMITTEE ON THE EVENTS SURROUNDING THE 2012 TERRORIST ATTACKS IN BENGHAZI, LIBYA - HEARING 4",,"possible match (same committee, same days, different title)",https://www.govinfo.gov/content/pkg/CHRG-114hhrg98884/html/CHRG-114hhrg98884.htm
2015-10-20,114,joint,jcse00,Commission on Security and Cooperation in Europe (U.S. Helsinki Commission),,"EUROPE'S REFUGEE CRISIS: HOW SHOULD THE U.S., EU, AND OSCE RESPOND?",,no video found,https://www.govinfo.gov/content/pkg/CHRG-114jhrg97466/html/CHRG-114jhrg97466.htm
2015-10-20,114,joint,jcse00,Commission on Security and Cooperation in Europe (U.S. Helsinki Commission),,RUSSIAN VIOLATIONS OF THE RULE OF LAW:. HOW SHOULD THE U.S. RESPOND?. THREE CASE STUDIES,,no video found,https://www.govinfo.gov/content/pkg/CHRG-114jhrg97467/html/CHRG-114jhrg97467.htm
2015-10-09,114,house,hsfa00,Committee on Foreign Affairs,,SUPPORTING THE RIGHT OF THE PEOPLE OF UKRAINE TO FREELY ELECT THEIR GOVERNMENT AND DETERMINE THEIR FUTURE; AND EXPRESSING THE SENSE OF THE HOUSE OF REPRESENTATIVES REGARDING THE SAFETY AND SECURITY OF JEWISH COMMUNITIES IN EUROPE,,"possible match (same committee, same days, different title)",https://www.govinfo.gov/content/pkg/CHRG-114hhrg96910/html/CHRG-114hhrg96910.htm
2015-10-08,114,house,hsas00,Committee on Armed Services,,"House of Representatives, Committee on Armed Services, Washington, DC, Wednesday, Thursday, October 8, 2015. The committee met, pursuant to call, at 9:32 a.m., in room 2118, Rayburn House Office Building, Hon. William M. ""Mac"" Thornberry (chairman of the committee) presiding.",,"possible match (same committee, same days, different title)",https://www.govinfo.gov/content/pkg/CHRG-114hhrg97194/html/CHRG-114hhrg97194.htm
2015-10-08,114,joint,jcpk00,Congressional-Executive Commission on China,,ACCESS TO JUSTICE,,no video found,https://www.govinfo.gov/content/pkg/CHRG-114jhrg98306/html/CHRG-114jhrg98306.htm
2015-10-08,114,joint,jcpk00,Congressional-Executive Commission on China,,CRIMINAL JUSTICE,,no video found,https://www.govinfo.gov/content/pkg/CHRG-114jhrg98307/html/CHRG-114jhrg98307.htm
2015-10-07,114,house,hswm00,Committee on Ways and Means,Subcommittee on Oversight,THE RISING COSTS OF HIGHER EDUCATION AND TAX POLICY,,no video found,https://www.govinfo.gov/content/pkg/CHRG-114hhrg22150/html/CHRG-114hhrg22150.htm
2015-09-30,114,house,hswm00,Committee on Ways and Means,,DEPARTMENT OF LABOR'S PROPOSED FIDUCIARY RULE,104001,no video found,https://www.govinfo.gov/content/pkg/CHRG-114hhrg22149/html/CHRG-114hhrg22149.htm
2015-09-29,114,house,hsii00,Committee on Natural Resources,"Subcommittee on Water, Power and Oceans",OVERSIGHT HEARING ON THE POTENTIAL IMPLICATIONS OF PENDING MARINE NATIONAL MONUMENT DESIGNATIONS,,"possible match (same committee, same days, different title)",https://www.govinfo.gov/content/pkg/CHRG-114hhrg96866/html/CHRG-114hhrg96866.htm
2015-09-28,114,house,hlzi00,Select Committee on the Events Surrounding the 2012 Terrorist Attack in Benghazi,,INTERVIEWS OF WITNESSES BEFORE THE SELECT COMMITTEE ON THE EVENTS SURROUNDING THE 2012 TERRORIST ATTACK IN BENGHAZI - VOLUME 11,,no video found,https://www.govinfo.gov/content/pkg/CHRG-114hhrg22355/html/CHRG-114hhrg22355.htm
2015-09-18,114,house,hshm00,Committee on Homeland Security,Subcommittee on Oversight and Management Efficiency,MAKING DHS MORE EFFICIENT: INDUSTRY RECOMMENDATIONS TO IMPROVE HOMELAND SECURITY,,"possible match (same committee, same days, different title)",https://www.govinfo.gov/content/pkg/CHRG-114hhrg99575/html/CHRG-114hhrg99575.htm
2015-09-17,114,house,hsfa00,Committee on Foreign Affairs,Subcommittee on the Middle East and North Africa,HONORING THE TUNISIAN PEOPLE FOR THEIR DEMOCRATIC TRANSITION; AND EXPRESSING CONCERN OVER ANTI-ISRAEL AND ANTI-SEMITIC INCITEMENT WITHIN THE PALESTINIAN AUTHORITY,,"possible match (same committee, same days, different title)",https://www.govinfo.gov/content/pkg/CHRG-114hhrg96146/html/CHRG-114hhrg96146.htm
2015-09-15,114,house,hsii00,Committee on Natural Resources,,THE IMPACTS OF FEDERAL POLICIES ON ENERGY PRODUCTION AND ECONOMIC GROWTH IN THE GULF,,"possible match (same committee, same days, different title)",https://www.govinfo.gov/content/pkg/CHRG-114hhrg96241/html/CHRG-114hhrg96241.htm
2015-09-15,114,house,hsag00,Committee on Agriculture,,HEARINGS TO REVIEW USDA ORGANIZATION AND PROGRAM ADMINISTRATION,,"possible match (same committee, same days, different title)",https://www.govinfo.gov/content/pkg/CHRG-114hhrg96269/html/CHRG-114hhrg96269.htm
2015-09-08,114,house,hshm00,Committee on Homeland Security,,BEYOND BIN LADEN'S CAVES AND COURIERS TO A NEW GENERATION OF TERRORISTS: CONFRONTING THE CHALLENGES IN A POST-9/11 WORLD,,"possible match (same committee, same days, different title)",https://www.govinfo.gov/content/pkg/CHRG-114hhrg99573/html/CHRG-114hhrg99573.htm
2015-09-02,114,house,hlzi00,Select Committee on the Events Surrounding the 2012 Terrorist Attack in Benghazi,,INTERVIEWS OF WITNESSES BEFORE THE SELECT COMMITTEE ON THE EVENTS SURROUNDING THE 2012 TERRORIST ATTACK IN BENGHAZI - VOLUME 6,,no video found,https://www.govinfo.gov/content/pkg/CHRG-114hhrg22350/html/CHRG-114hhrg22350.htm
2015-09-01,114,house,hsvr00,Committee on Veterans' Affairs,Subcommittee on Health,REALIZING QUALITY RURAL CARE THROUGH APPROPRIATE STAFFING AND IMPROVED CHOICE,,no video found,https://www.govinfo.gov/content/pkg/CHRG-114hhrg98690/html/CHRG-114hhrg98690.htm
2015-08-21,114,house,hsfa00,Committee on Foreign Affairs,Subcommittee on Asia and the Pacific,PROPERTY RIGHTS AND DEVELOPMENT IN SOUTHEAST ASIA,,"possible match (same committee, same days, different title)",https://www.govinfo.gov/content/pkg/CHRG-114hhrg95991/html/CHRG-114hhrg95991.htm
2015-07-29,114,house,hsju00,Committee on the Judiciary,"Subcommittee on Courts, Intellectual Property, and the Internet",INTERNET OF THINGS,,"possible match (same committee, same days, different title)",https://www.govinfo.gov/content/pkg/CHRG-114hhrg95686/html/CHRG-114hhrg95686.htm
2015-07-29,114,house,hssy00,"Committee on Science, Space, and Technology",,A REVIEW OF THE NUCLEAR REGULATORY COMMISSION'S LICENSING PROCESS,,"possible match (same committee, same days, different title)",https://www.govinfo.gov/content/pkg/CHRG-114hhrg97575/html/CHRG-114hhrg97575.htm
2015-07-29,114,house,hshm00,Committee on Homeland Security,,AVIATION SECURITY CHALLENGES: IS TSA READY FOR THE THREATS OF TODAY?,,"possible match (same committee, same days, different title)",https://www.govinfo.gov/content/pkg/CHRG-114hhrg97919/html/CHRG-114hhrg97919.htm
2015-07-28,114,house,hswm00,Committee on Ways and Means,Subcommittee on Health,RURAL HEALTH CARE DISPARITIES CREATED BY MEDICARE REGULATIONS,,no video found,https://www.govinfo.gov/content/pkg/CHRG-114hhrg22101/html/CHRG-114hhrg22101.htm
2015-07-28,114,house,hsii00,Committee on Natural Resources,Subcommittee on Oversight and Investigations,"ACCOUNTABILITY, POLICIES, AND TACTICS OF LAW ENFORCEMENT WITHIN THE DEPARTMENT OF THE INTERIOR AND THE U.S. FOREST SERVICE",,"possible match (same committee, same days, different title)",https://www.govinfo.gov/content/pkg/CHRG-114hhrg95713/html/CHRG-114hhrg95713.htm
2015-07-28,114,house,hssy00,"Committee on Science, Space, and Technology",,EXPLORATION OF THE SOLAR SYSTEM: FROM MERCURY TO PLUTO AND BEYOND,,"possible match (same committee, same days, different title)",https://www.govinfo.gov/content/pkg/CHRG-114hhrg97574/html/CHRG-114hhrg97574.htm
2015-07-28,114,house,hshm00,Committee on Homeland Security,"Subcommittee on Cybersecurity, Infrastructure Protection, and Security Technologies",PROMOTING AND INCENTIVIZING CYBERSECURITY BEST PRACTICES,103814,"possible match (same committee, same days, different title)",https://www.govinfo.gov/content/pkg/CHRG-114hhrg97918/html/CHRG-114hhrg97918.htm
2015-07-23,114,house,hswm00,Committee on Ways and Means,,THE INTERNAL REVENUE SERVICE'S AUDIT SELECTION PROCESS AND INTERNAL CONTROLS WITHIN THE TAX EXEMPT AND GOVERNMENT ENTITIES DIVISION,,no video found,https://www.govinfo.gov/content/pkg/CHRG-114hhrg22148/html/CHRG-114hhrg22148.htm
2015-07-23,114,house,hlzi00,Select Committee on the Events Surrounding the 2012 Terrorist Attack in Benghazi,,INTERVIEWS OF WITNESSES BEFORE THE SELECT COMMITTEE ON THE EVENTS SURROUNDING THE 2012 TERRORIST ATTACK IN BENGHAZI - VOLUME 5,,no video found,https://www.govinfo.gov/content/pkg/CHRG-114hhrg22349/html/CHRG-114hhrg22349.htm
2015-07-23,114,house,hlzi00,Select Committee on the Events Surrounding the 2012 Terrorist Attack in Benghazi,,INTERVIEWS OF WITNESSES BEFORE THE SELECT COMMITTEE ON THE EVENTS SURROUNDING THE 2012 TERRORIST ATTACK IN BENGHAZI - VOLUME 7,,no video found,https://www.govinfo.gov/content/pkg/CHRG-114hhrg22351/html/CHRG-114hhrg22351.htm
2015-07-23,114,house,hsfa00,Committee on Foreign Affairs,Subcommittee on Asia and the Pacific,AMERICA'S SECURITY ROLE IN THE SOUTH CHINA SEA,,"possible match (same committee, same days, different title)",https://www.govinfo.gov/content/pkg/CHRG-114hhrg95637/html/CHRG-114hhrg95637.htm
2015-07-23,114,house,hsfa00,Committee on Foreign Affairs,Subcommittee on the Western Hemisphere,PURSUING NORTH AMERICAN ENERGY INDEPENDENCE: MEXICO'S ENERGY REFORMS,,"possible match (same committee, same days, different title)",https://www.govinfo.gov/content/pkg/CHRG-114hhrg95638/html/CHRG-114hhrg95638.htm
2015-07-23,114,house,hsba00,Committee on Financial Services,,"ENDING ""TOO BIG TO FAIL:"" WHAT IS THE PROPER ROLE OF CAPITAL AND LIQUIDITY?",,"possible match (same committee, same days, different title)",https://www.govinfo.gov/content/pkg/CHRG-114hhrg97158/html/CHRG-114hhrg97158.htm
2015-07-23,114,house,hsba00,Committee on Financial Services,Subcommittee on Financial Institutions and Consumer Credit,NATIONAL CREDIT UNION ADMINISTRATION OPERATIONS AND BUDGET,,"possible match (same committee, same days, different title)",https://www.govinfo.gov/content/pkg/CHRG-114hhrg97159/html/CHRG-114hhrg97159.htm
2015-07-22,114,house,hswm00,Committee on Ways and Means,Subcommittee on Health,"HEARING WITH MEDPAC TO DISCUSS HOSPITAL PAYMENT ISSUES, RURAL HEALTH ISSUES, AND BENEFICIARY ACCESS TO CARE",,no video found,https://www.govinfo.gov/content/pkg/CHRG-114hhrg21368/html/CHRG-114hhrg21368.htm
2015-07-22,114,house,hsii00,Committee on Natural Resources,,OVERSIGHT HEARING ON AN ANALYSIS OF THE OBAMA ADMINISTRATION'S SOCIAL COST OF CARBON,,"possible match (same committee, same days, different title)",https://www.govinfo.gov/content/pkg/CHRG-114hhrg95643/html/CHRG-114hhrg95643.htm
2015-07-22,114,house,hsba00,Committee on Financial Services,Subcommittee on Monetary Policy and Trade,EXAMINING FEDERAL RESERVE REFORM PROPOSALS,,"possible match (same committee, same days, different title)",https://www.govinfo.gov/content/pkg/CHRG-114hhrg97156/html/CHRG-114hhrg97156.htm
2015-07-22,114,house,hsba00,Committee on Financial Services,,THE IRAN NUCLEAR DEAL AND ITS IMPACT ON TERRORISM FINANCING,,"possible match (same committee, same days, different title)",https://www.govinfo.gov/content/pkg/CHRG-114hhrg97157/html/CHRG-114hhrg97157.htm
2015-07-22,114,house,hsvr00,Committee on Veterans' Affairs,,TO RECEIVE THE SECRETARY'S TESTIMONY REGARDING THE PENDING VA HEALTHCARE BUDGET SHORTFALL AND SYSTEM SHUTDOWN,,no video found,https://www.govinfo.gov/content/pkg/CHRG-114hhrg98689/html/CHRG-114hhrg98689.htm
2015-07-21,114,house,hsvr00,Committee on Veterans' Affairs,Subcommittee on Oversight and Investigations,LACK OF OVERSIGHT OF INTERAGENCY AGREEMENTS--VA PROCUREMENT FAILURES CONTINUED,,no video found,https://www.govinfo.gov/content/pkg/CHRG-114hhrg98688/html/CHRG-114hhrg98688.htm
2015-07-16,114,house,hsfa00,Committee on Foreign Affairs,"Subcommittee on Africa, Global Health, Global Human Rights, and International Organizations",THE GOLDMAN ACT TO RETURN ABDUCTED AMERICAN CHILDREN: ENSURING ACCURATE NUMBERS AND ADMINISTRATION ACTION,,"possible match (same committee, same days, different title)",https://www.govinfo.gov/content/pkg/CHRG-114hhrg95517/html/CHRG-114hhrg95517.htm
2015-07-16,114,house,hshm00,Committee on Homeland Security,Subcommittee on Transportation Security,EXAMINING THE FEDERAL AIR MARSHAL SERVICE AND ITS READINESS TO MEET THE EVOLVING THREAT,,"possible match (same committee, same days, different title)",https://www.govinfo.gov/content/pkg/CHRG-114hhrg97917/html/CHRG-114hhrg97917.htm
2015-07-15,114,house,hswm00,Committee on Ways and Means,Subcommittee on Human Resources,WELFARE REFORM PROPOSALS,,no video found,https://www.govinfo.gov/content/pkg/CHRG-114hhrg21285/html/CHRG-114hhrg21285.htm
2015-07-15,114,house,hsag00,Committee on Agriculture,,SUPPLEMENTAL NUTRITION ASSISTANCE PROGRAM,,"possible match (same committee, same days, different title)",https://www.govinfo.gov/content/pkg/CHRG-114hhrg93962/html/CHRG-114hhrg93962.htm
2015-07-15,114,house,hsju00,Committee on the Judiciary,"Subcommittee on Regulatory Reform, Commercial and Antitrust Law",OFFICE OF INFORMATION AND REGULATORY AFFAIRS,,"possible match (same committee, same days, different title)",https://www.govinfo.gov/content/pkg/CHRG-114hhrg95483/html/CHRG-114hhrg95483.htm
2015-07-15,114,house,hsfa00,Committee on Foreign Affairs,Subcommittee on Asia and the Pacific,U.S. ECONOMIC AND MILITARY ALLIANCES IN ASIA,,"possible match (same committee, same days, different title)",https://www.govinfo.gov/content/pkg/CHRG-114hhrg95515/html/CHRG-114hhrg95515.htm
2015-07-15,114,house,hsii00,Committee on Natural Resources,Subcommittee on Energy and Mineral Resources,OVERSIGHT HEARING ON THE FUTURE OF HYDRAULIC FRACTURING ON FEDERALLY MANAGED LANDS,,"possible match (same committee, same days, different title)",https://www.govinfo.gov/content/pkg/CHRG-114hhrg95556/html/CHRG-114hhrg95556.htm
2015-07-15,114,house,hsba00,Committee on Financial Services,,MONETARY POLICY AND THE STATE OF THE ECONOMY,,"possible match (same committee, same days, different title)",https://www.govinfo.gov/content/pkg/CHRG-114hhrg97154/html/CHRG-114hhrg97154.htm
2015-07-15,114,house,hssy00,"Committee on Science, Space, and Technology",,INVESTIGATING CONTRACT MISCONDUCT AT THE NATIONAL WEATHER SERVICE,,"possible match (same committee, same days, different title)",https://www.govinfo.gov/content/pkg/CHRG-114hhrg97572/html/CHRG-114hhrg97572.htm
2015-07-15,114,house,hshm00,Committee on Homeland Security,,THE RISE OF RADICALIZATION: IS THE U.S. GOVERNMENT FAILING TO COUNTER INTERNATIONAL AND DOMESTIC TERRORISM?,,"possible match (same committee, same days, different title)",https://www.govinfo.gov/content/pkg/CHRG-114hhrg97916/html/CHRG-114hhrg97916.htm
2015-07-15,114,house,hsvr00,Committee on Veterans' Affairs,,EXPLORING VA'S ADMINISTRATION OF INDIVIDUAL UNEMPLOYABILITY BENEFITS,,"possible match (same committee, same days, different title)",https://www.govinfo.gov/content/pkg/CHRG-114hhrg98687/html/CHRG-114hhrg98687.htm
2015-07-14,114,house,hsju00,Committee on the Judiciary,,UNITED STATES DEPARTMENT OF HOMELAND SECURITY,,"possible match (same committee, same days, different title)",https://www.govinfo.gov/content/pkg/CHRG-114hhrg95482/html/CHRG-114hhrg95482.htm
2015-07-14,114,house,hsfa00,Committee on Foreign Affairs,"Subcommittee on Europe, Eurasia, and Emerging Threats",THE EUROPEAN UNION'S FUTURE,,"possible match (same committee, same days, different title)",https://www.govinfo.gov/content/pkg/CHRG-114hhrg95514/html/CHRG-114hhrg95514.htm
2015-07-14,114,house,hsba00,Committee on Financial Services,Subcommittee on Oversight and Investigations,FED OVERSIGHT: LACK OF TRANSPARENCY AND ACCOUNTABILITY,,"possible match (same committee, same days, different title)",https://www.govinfo.gov/content/pkg/CHRG-114hhrg97153/html/CHRG-114hhrg97153.htm
2015-07-14,114,house,hssy00,"Committee on Science, Space, and Technology",,"ADVANCING COMMERCIAL WEATHER DATA: COLLABORATIVE EFFORTS TO IMPROVE FORECASTS, PART II",,"possible match (same committee, same days, different title)",https://www.govinfo.gov/content/pkg/CHRG-114hhrg97571/html/CHRG-114hhrg97571.htm
2015-07-14,114,house,hshm00,Committee on Homeland Security,"Subcommittee on Cybersecurity, Infrastructure Protection, and Security Technologies; Subcommittee on Emergency Preparedness, Response, and Communications",WEAPONS OF MASS DESTRUCTION: BOLSTERING DHS TO COMBAT PERSISTENT THREATS TO AMERICA,,"possible match (same committee, same days, different title)",https://www.govinfo.gov/content/pkg/CHRG-114hhrg97915/html/CHRG-114hhrg97915.htm
2015-07-14,114,house,hsvr00,Committee on Veterans' Affairs,Subcommittee on Health,"LEGISLATIVE HEARING ON: H.R. 272; H.R. 353; H.R. 359; H.R. 421; H.R. 423; H.R. 1356; H.R. 1688; H.R. 1862; H.R. 2464; H.R. 2914; H.R. 2915; H.R. 3016; AND, DRAFT LEGISLATION TO AUTHORIZE VA MAJOR MEDICAL FACILITY CONSTRUCTION PROJECTS FOR FY 2015 AND TO MAKE CERTAIN IMPROVEMENTS IN THE ADMINISTRATION OF VA MEDICAL FACILITY CONSTRUCTION PROJECTS",,"possible match (same committee, same days, different title)",https://www.govinfo.gov/content/pkg/CHRG-114hhrg98686/html/CHRG-114hhrg98686.htm
2015-07-10,114,house,hsba00,Committee on Financial Services,Subcommittee on Housing and Insurance,THE FUTURE OF HOUSING IN AMERICA: OVERSIGHT OF HUD'S PUBLIC AND INDIAN HOUSING PROGRAMS,,"possible match (same committee, same days, different title)",https://www.govinfo.gov/content/pkg/CHRG-114hhrg97152/html/CHRG-114hhrg97152.htm
2015-07-09,114,house,hswm00,Committee on Ways and Means,,PROMOTING OPPORTUNITY FOR DISABILITY INSURANCE BENEFICIARIES,,no video found,https://www.govinfo.gov/content/pkg/CHRG-114hhrg22229/html/CHRG-114hhrg22229.htm
2015-07-09,114,house,hsfa00,Committee on Foreign Affairs,Subcommittee on the Middle East and North Africa,THE GULF COOPERATION COUNCIL CAMP DAVID SUMMIT: ANY RESULTS?,,"possible match (same committee, same days, different title)",https://www.govinfo.gov/content/pkg/CHRG-114hhrg95423/html/CHRG-114hhrg95423.htm
2015-07-09,114,house,hsfa00,Committee on Foreign Affairs,"Subcommittee on Africa, Global Health, Global Human Rights, and International Organizations",AFRICA'S DISPLACED PEOPLE,,"possible match (same committee, same days, different title)",https://www.govinfo.gov/content/pkg/CHRG-114hhrg95424/html/CHRG-114hhrg95424.htm
2015-07-09,114,house,hsju00,Committee on the Judiciary,"Subcommittee on Regulatory Reform, Commercial and Antitrust Law",FINANCIAL INSTITUTION BANKRUPTCY ACT OF 2015,,no video found,https://www.govinfo.gov/content/pkg/CHRG-114hhrg95425/html/CHRG-114hhrg95425.htm
2015-07-09,114,house,hsju00,Committee on the Judiciary,Subcommittee on the Constitution and Civil Justice,STATE OF PROPERTY RIGHTS IN AMERICA TEN YEARS AFTER KELO V. CITY OF NEW LONDON,,no video found,https://www.govinfo.gov/content/pkg/CHRG-114hhrg95426/html/CHRG-114hhrg95426.htm
2015-07-09,114,house,hsba00,Committee on Financial Services,,THE DODD-FRANK ACT FIVE YEARS LATER: ARE WE MORE STABLE?,,"possible match (same committee, same days, different title)",https://www.govinfo.gov/content/pkg/CHRG-114hhrg97151/html/CHRG-114hhrg97151.htm
2015-07-09,114,house,hssy00,"Committee on Science, Space, and Technology",,EXAMINING EPA'S REGULATORY OVERREACH,,"possible match (same committee, same days, different title)",https://www.govinfo.gov/content/pkg/CHRG-114hhrg97569/html/CHRG-114hhrg97569.htm
2015-07-08,114,house,hsag00,Committee on Agriculture,,ENERGY AND THE RURAL ECONOMY: THE ECONOMIC IMPACT OF EXPORTING CRUDE OIL,,"possible match (same committee, same days, different title)",https://www.govinfo.gov/content/pkg/CHRG-114hhrg95510/html/CHRG-114hhrg95510.htm
2015-07-08,114,house,hshm00,Committee on Homeland Security,Subcommittee on Oversight and Management Efficiency,EXAMINING DHS'S MISPLACED FOCUS ON CLIMATE CHANGE,,no video found,https://www.govinfo.gov/content/pkg/CHRG-114hhrg96170/html/CHRG-114hhrg96170.htm
2015-07-08,114,house,hssy00,"Committee on Science, Space, and Technology",,IS THE OPM DATA BREACH THE TIP OF THE ICEBERG?,,"possible match (same committee, same days, different title)",https://www.govinfo.gov/content/pkg/CHRG-114hhrg97568/html/CHRG-114hhrg97568.htm
2015-07-08,114,house,hsvr00,Committee on Veterans' Affairs,Subcommittee on Economic Opportunity,A REVIEW OF VA'S VOCATIONAL REHABILITATION AND EMPLOYMENT PROGRAM,,no video found,https://www.govinfo.gov/content/pkg/CHRG-114hhrg98685/html/CHRG-114hhrg98685.htm
2015-06-25,114,house,hsfa00,Committee on Foreign Affairs,,GLOBAL ANTI-POACHING ACT,,"possible match (same committee, same days, different title)",https://www.govinfo.gov/content/pkg/CHRG-114hhrg95247/html/CHRG-114hhrg95247.htm
2015-06-25,114,house,hsii00,Committee on Natural Resources,Subcommittee on Energy and Mineral Resources,"LEGISLATIVE HEARING ON H.R. 1937, TO REQUIRE THE SECRETARY OF THE INTERIOR AND THE SECRETARY OF AGRICULTURE TO MORE EFFICIENTLY DEVELOP DOMESTIC SOURCES OF THE MINERALS AND MINERAL MATERIALS OF STRATEGIC AND CRITICAL IMPORTANCE TO UNITED STATES ECONOMIC AND NATIONAL SECURITY AND MANUFACTURING COMPETITIVENESS, ""NATIONAL STRATEGIC AND CRITICAL MINERALS PRODUCTION ACT OF 2015""",103842,"possible match (same committee, same days, different title)",https://www.govinfo.gov/content/pkg/CHRG-114hhrg95301/html/CHRG-114hhrg95301.htm
2015-06-25,114,house,hsba00,Committee on Financial Services,Subcommittee on Oversight and Investigations,EXAMINING CONTINUING ALLEGATIONS OF DISCRIMINATION AND RETALIATION AT THE CONSUMER FINANCIAL PROTECTION BUREAU,,"possible match (same committee, same days, different title)",https://www.govinfo.gov/content/pkg/CHRG-114hhrg96998/html/CHRG-114hhrg96998.htm
2015-06-25,114,house,hssy00,"Committee on Science, Space, and Technology",,IS NSF PROPERLY MANAGING ITS ROTATING STAFF?,,"possible match (same committee, same days, different title)",https://www.govinfo.gov/content/pkg/CHRG-114hhrg97567/html/CHRG-114hhrg97567.htm
2015-06-25,114,house,hsvr00,Committee on Veterans' Affairs,,THE STATE OF VA'S FISCAL YEAR 2015 BUDGET,,no video found,https://www.govinfo.gov/content/pkg/CHRG-114hhrg98646/html/CHRG-114hhrg98646.htm
2015-06-24,114,house,hswm00,Committee on Ways and Means,,RISING HEALTH INSURANCE PREMIUMS UNDER OBAMACARE,103672,no video found,https://www.govinfo.gov/content/pkg/CHRG-114hhrg22147/html/CHRG-114hhrg22147.htm
2015-06-24,114,house,hswm00,Committee on Ways and Means,Subcommittee on Select Revenue Measures,REPATRIATION OF FOREIGN EARNINGS AS A SOURCE OF FUNDING FOR THE HIGHWAY TRUST FUND,,no video found,https://www.govinfo.gov/content/pkg/CHRG-114hhrg22333/html/CHRG-114hhrg22333.htm
2015-06-24,114,house,hsii00,Committee on Natural Resources,"Subcommittee on Indian, Insular and Alaska Native Affairs",EXAMINING PROCEDURES REGARDING PUERTO RICO'S POLITICAL STATUS AND ECONOMIC OUTLOOK,,"possible match (same committee, same days, different title)",https://www.govinfo.gov/content/pkg/CHRG-114hhrg95300/html/CHRG-114hhrg95300.htm
2015-06-24,114,house,hshm00,Committee on Homeland Security,"Subcommittee on Cybersecurity, Infrastructure Protection, and Security Technologies",DHS'S EFFORT TO SECURE .GOV,,"possible match (same committee, same days, different title)",https://www.govinfo.gov/content/pkg/CHRG-114hhrg96169/html/CHRG-114hhrg96169.htm
2015-06-24,114,house,hsba00,Committee on Financial Services,,EVALUATING THE SECURITY OF THE U.S. FINANCIAL SECTOR,103753,"possible match (same committee, same days, different title)",https://www.govinfo.gov/content/pkg/CHRG-114hhrg96997/html/CHRG-114hhrg96997.htm
2015-06-24,114,house,hssy00,"Committee on Science, Space, and Technology",,U.S. ENERGY INFORMATION ADMINISTRATION REPORT: ANALYSIS OF THE IMPACTS OF THE EPA'S CLEAN POWER PLAN,,"possible match (same committee, same days, different title)",https://www.govinfo.gov/content/pkg/CHRG-114hhrg97566/html/CHRG-114hhrg97566.htm
2015-06-24,114,house,hsvr00,Committee on Veterans' Affairs,Subcommittee on Disability Assistance and Memorial Affairs,"LEGISLATIVE HEARING ON H.R. 2214, H.R. 1380, H.R. 2706, H.R. 2691, H.R. 303, H.R. 1338, H.R. 1302, H.R. 2605 AND H.R. 1384",,no video found,https://www.govinfo.gov/content/pkg/CHRG-114hhrg98645/html/CHRG-114hhrg98645.htm
2015-06-19,114,house,hsgo00,Committee on Oversight and Government Reform,Subcommittee on Government Operations,OPERATION SOMETHING BRUIN,,"possible match (same committee, same days, different title)",https://www.govinfo.gov/content/pkg/CHRG-114hhrg97400/html/CHRG-114hhrg97400.htm
2015-06-18,114,house,hsju00,Committee on the Judiciary,"Subcommittee on Crime, Terrorism, Homeland Security, and Investigations",RAPID DNA ACT,,no video found,https://www.govinfo.gov/content/pkg/CHRG-114hhrg95120/html/CHRG-114hhrg95120.htm
2015-06-17,114,house,hswm00,Committee on Ways and Means,,LONG-TERM FINANCING OF THE HIGHWAY TRUST FUND,,"possible match (same committee, same days, different title)",https://www.govinfo.gov/content/pkg/CHRG-114hhrg22332/html/CHRG-114hhrg22332.htm
2015-06-17,114,house,hsfa00,Committee on Foreign Affairs,Subcommittee on the Middle East and North Africa,"THE IRAN, NORTH KOREA, AND SYRIA NONPROLIFERATION ACT: STATE DEPARTMENT'S NON-COMPLIANCE",,"possible match (same committee, same days, different title)",https://www.govinfo.gov/content/pkg/CHRG-114hhrg95129/html/CHRG-114hhrg95129.htm
2015-06-17,114,house,hsii00,Committee on Natural Resources,"Subcommittee on Indian, Insular and Alaska Native Affairs","LEGISLATIVE HEARING ON H.R. 1157, TO AUTHORIZE THE SECRETARY OF THE INTERIOR TO TAKE LAND INTO TRUST FOR THE BENEFIT OF THE SANTA YNEZ BAND OF CHUMASH MISSION INDIANS, AND FOR OTHER PURPOSES, ""SANTA YNEZ BAND OF CHUMASH MISSION INDIANS LAND TRANSFER ACT OF 2015""; H.R. 2386, TO PROVIDE FOR THE RECOGNITION OF CERTAIN NATIVE COMMUNITIES AND THE SETTLEMENT OF CERTAIN CLAIMS UNDER THE ALASKA NATIVE CLAIMS SETTLEMENT ACT, AND FOR OTHER PURPOSES, ""UNRECOGNIZED SOUTHEAST ALASKA NATIVE COMMUNITIES RECOGNITION AND COMPENSATION ACT""; AND H.R. 2538, TO TAKE LANDS IN SONOMA COUNTY, CALIFORNIA, INTO TRUST AS PART OF THE RESERVATION OF THE LYTTON RANCHERIA OF CALIFORNIA, AND FOR OTHER PURPOSES, ""LYTTON RANCHERIA HOMELANDS ACT OF 2015""",,"possible match (same committee, same days, different title)",https://www.govinfo.gov/content/pkg/CHRG-114hhrg95136/html/CHRG-114hhrg95136.htm
2015-06-17,114,house,hsha00,Committee on House Administration,,THE STATE OF THE SMITHSONIAN,,no video found,https://www.govinfo.gov/content/pkg/CHRG-114hhrg95907/html/CHRG-114hhrg95907.htm
2015-06-17,114,house,hsba00,Committee on Financial Services,,THE ANNUAL REPORT OF THE FINANCIAL STABILITY OVERSIGHT COUNCIL,,"possible match (same committee, same days, different title)",https://www.govinfo.gov/content/pkg/CHRG-114hhrg96995/html/CHRG-114hhrg96995.htm
2015-06-17,114,house,hsba00,Committee on Financial Services,Subcommittee on Monetary Policy and Trade,THE IMPACT OF THE INTERNATIONAL MONETARY FUND: ECONOMIC STABILITY OR MORAL HAZARD?,,"possible match (same committee, same days, different title)",https://www.govinfo.gov/content/pkg/CHRG-114hhrg96996/html/CHRG-114hhrg96996.htm
2015-06-17,114,house,hssy00,"Committee on Science, Space, and Technology",,DEPARTMENT OF ENERGY OVERSIGHT: ENERGY INNOVATION HUBS,,no video found,https://www.govinfo.gov/content/pkg/CHRG-114hhrg97565/html/CHRG-114hhrg97565.htm
2015-06-16,114,house,hswm00,Committee on Ways and Means,Subcommittee on Social Security,THE FINANCIAL RISK OF RETURNING TO WORK,,"possible match (same committee, same days, different title)",https://www.govinfo.gov/content/pkg/CHRG-114hhrg21289/html/CHRG-114hhrg21289.htm
2015-06-16,114,house,hsju00,Committee on the Judiciary,"Subcommittee on Regulatory Reform, Commercial and Antitrust Law",STANDARD MERGER AND ACQUISITION REVIEWS THROUGH EQUAL RULES ACT OF 2015,,no video found,https://www.govinfo.gov/content/pkg/CHRG-114hhrg95119/html/CHRG-114hhrg95119.htm
2015-06-16,114,house,hsfa00,Committee on Foreign Affairs,,ADVANCING UNITED STATES' INTERESTS AT THE UNITED NATIONS,,"possible match (same committee, same days, different title)",https://www.govinfo.gov/content/pkg/CHRG-114hhrg95125/html/CHRG-114hhrg95125.htm
2015-06-16,114,house,hsfa00,Committee on Foreign Affairs,"Subcommittee on Europe, Eurasia, and Emerging Threats",REVIEWING THE ADMINISTRATION'S FY 2016 BUDGET REQUEST FOR EUROPE AND EURASIA,,"possible match (same committee, same days, different title)",https://www.govinfo.gov/content/pkg/CHRG-114hhrg95126/html/CHRG-114hhrg95126.htm
2015-06-16,114,house,hsba00,Committee on Financial Services,Subcommittee on Capital Markets and Government Sponsored Enterprises,LEGISLATIVE PROPOSALS TO MODERNIZE BUSINESS DEVELOPMENT COMPANIES AND EXPAND INVESTMENT OPPORTUNITIES,,"possible match (same committee, same days, different title)",https://www.govinfo.gov/content/pkg/CHRG-114hhrg96994/html/CHRG-114hhrg96994.htm
2015-06-16,114,house,hssy00,"Committee on Science, Space, and Technology",,THE SCIENCE AND ETHICS OF GENETICALLY ENGINEERED HUMAN DNA,,no video found,https://www.govinfo.gov/content/pkg/CHRG-114hhrg97564/html/CHRG-114hhrg97564.htm
2015-06-12,114,house,hssy00,"Committee on Science, Space, and Technology",,U.S. SURFACE TRANSPORTATION: TECHNOLOGY DRIVING THE FUTURE,,no video found,https://www.govinfo.gov/content/pkg/CHRG-114hhrg95228/html/CHRG-114hhrg95228.htm
2015-06-11,114,house,hsfa00,Committee on Foreign Affairs,Subcommittee on Asia and the Pacific,RETREAT OR REVIVAL: A STATUS REPORT ON DEMOCRACY IN ASIA,,"possible match (same committee, same days, different title)",https://www.govinfo.gov/content/pkg/CHRG-114hhrg94942/html/CHRG-114hhrg94942.htm
2015-06-11,114,house,hsfa00,Committee on Foreign Affairs,"Subcommittee on Africa, Global Health, Global Human Rights, and International Organizations",THE GOLDMAN ACT TO RETURN ABDUCTED AMERICAN CHILDREN: ASSESSING THE COMPLIANCE REPORT AND REQUIRED ACTION,,"possible match (same committee, same days, different title)",https://www.govinfo.gov/content/pkg/CHRG-114hhrg94943/html/CHRG-114hhrg94943.htm
2015-06-11,114,house,hssy00,"Committee on Science, Space, and Technology",,TRANSFORMING AMERICA'S AIR TRAVEL,,"possible match (same committee, same days, different title)",https://www.govinfo.gov/content/pkg/CHRG-114hhrg95227/html/CHRG-114hhrg95227.htm
2015-06-11,114,house,hsba00,Committee on Financial Services,,THE FUTURE OF HOUSING IN AMERICA: OVERSIGHT OF THE DEPARTMENT OF HOUSING AND URBAN DEVELOPMENT,,"possible match (same committee, same days, different title)",https://www.govinfo.gov/content/pkg/CHRG-114hhrg96991/html/CHRG-114hhrg96991.htm
2015-06-11,114,house,hsba00,Committee on Financial Services,Subcommittee on Financial Institutions and Consumer Credit,EXAMINING LEGISLATIVE PROPOSALS TO PRESERVE CONSUMER CHOICE AND FINANCIAL INDEPENDENCE,,"possible match (same committee, same days, different title)",https://www.govinfo.gov/content/pkg/CHRG-114hhrg96992/html/CHRG-114hhrg96992.htm
2015-06-11,114,house,hsvr00,Committee on Veterans' Affairs,Subcommittee on Disability Assistance and Memorial Affairs,EXPLORING VBA'S FIDUCIARY PROGRAM,,no video found,https://www.govinfo.gov/content/pkg/CHRG-114hhrg98643/html/CHRG-114hhrg98643.htm
2015-06-10,114,house,hswm00,Committee on Ways and Means,,OBAMACARE IMPLEMENTATION AND THE DEPARTMENT OF HEALTH AND HUMAN SERVICES FY16 BUDGET REQUEST,,"possible match (same committee, same days, different title)",https://www.govinfo.gov/content/pkg/CHRG-114hhrg22184/html/CHRG-114hhrg22184.htm
2015-06-10,114,house,hshm00,Committee on Homeland Security,"Subcommittee on Emergency Preparedness, Response, and Communications",DEFENSE SUPPORT OF CIVIL AUTHORITIES: A VITAL RESOURCE IN THE NATION'S HOMELAND SECURITY MISSIONS,,no video found,https://www.govinfo.gov/content/pkg/CHRG-114hhrg95684/html/CHRG-114hhrg95684.htm
2015-06-10,114,house,hsvr00,Committee on Veterans' Affairs,Subcommittee on Oversight and Investigations,PRESCRIPTION MISMANAGEMENT AND THE RISK OF VETERAN SUICIDE,,no video found,https://www.govinfo.gov/content/pkg/CHRG-114hhrg98642/html/CHRG-114hhrg98642.htm
2015-06-10,114,joint,jcse00,Commission on Security and Cooperation in Europe (U.S. Helsinki Commission),,WANTED: FOREIGN FIGHTERS—THE ESCALATING THREAT OF ISIL IN CENTRAL ASIA,,no video found,https://www.govinfo.gov/content/pkg/CHRG-114jhrg95333/html/CHRG-114jhrg95333.htm
2015-06-04,114,house,hssy00,"Committee on Science, Space, and Technology",,EPA REGULATORY OVERREACH: IMPACTS ON AMERICAN COMPETITIVENESS,,no video found,https://www.govinfo.gov/content/pkg/CHRG-114hhrg95226/html/CHRG-114hhrg95226.htm
2015-06-03,114,house,hswm00,Committee on Ways and Means,Subcommittee on Human Resources,"PROTECTING THE SAFETY NET FROM WASTE, FRAUD, AND ABUSE",,no video found,https://www.govinfo.gov/content/pkg/CHRG-114hhrg21284/html/CHRG-114hhrg21284.htm
2015-06-03,114,house,hsfa00,Committee on Foreign Affairs,Subcommittee on the Middle East and North Africa,U.S. POLICY TOWARDS ISIL AFTER TERROR GROUP SEIZES RAMADI AND PALMYRA,,"possible match (same committee, same days, different title)",https://www.govinfo.gov/content/pkg/CHRG-114hhrg94835/html/CHRG-114hhrg94835.htm
2015-06-03,114,house,hsha00,Committee on House Administration,,HOUSE OFFICER PRIORITIES FOR 2016 AND BEYOND,,no video found,https://www.govinfo.gov/content/pkg/CHRG-114hhrg95762/html/CHRG-114hhrg95762.htm
2015-06-03,114,house,hsba00,Committee on Financial Services,,EXAMINING THE EXPORT-IMPORT BANK'S REAUTHORIZATION REQUEST AND THE GOVERNMENT'S ROLE IN EXPORT FINANCING,,"possible match (same committee, same days, different title)",https://www.govinfo.gov/content/pkg/CHRG-114hhrg96990/html/CHRG-114hhrg96990.htm
2015-06-03,114,house,hsvr00,Committee on Veterans' Affairs,Subcommittee on Health,ASSESSING VA'S ABILITY TO PROMPTLY PAY NON-VA PROVIDERS,,no video found,https://www.govinfo.gov/content/pkg/CHRG-114hhrg98641/html/CHRG-114hhrg98641.htm
2015-06-02,114,house,hsju00,Committee on the Judiciary,Subcommittee on the Constitution and Civil Justice,FIRST AMENDMENT PROTECTIONS ON PUBLIC COLLEGE AND UNIVERSITY CAMPUSES,,"possible match (same committee, same days, different title)",https://www.govinfo.gov/content/pkg/CHRG-114hhrg94808/html/CHRG-114hhrg94808.htm
2015-06-02,114,house,hsba00,Committee on Financial Services,Subcommittee on Housing and Insurance,THE NATIONAL FLOOD INSURANCE PROGRAM: OVERSIGHT OF SUPERSTORM SANDY CLAIMS,,"possible match (same committee, same days, different title)",https://www.govinfo.gov/content/pkg/CHRG-114hhrg96989/html/CHRG-114hhrg96989.htm
2015-06-02,114,house,hsvr00,Committee on Veterans' Affairs,Subcommittee on Economic Opportunity,"LEGISLATIVE HEARING ON H.R. 356, H.R. 832, H.R. 1994, H.R. 2133, H.R. 2275, H.R. 2344, H.R. 2360, H.R. 2361, AND A DRAFT BILL ENTITLED ""TO AMEND TITLE 38, UNITED STATES CODE, TO MAKE CERTAIN MODIFICATIONS AND IMPROVEMENTS IN THE TRANSFER OF UNUSED EDUCATIONAL ASSISTANCE BENEFITS UNDER THE POST-9/11 EDUCATIONAL ASSISTANCE PROGRAM OF THE DEPARTMENT OF VETERANS AFFAIRS, AND FOR OTHER PURPOSES""",,no video found,https://www.govinfo.gov/content/pkg/CHRG-114hhrg98640/html/CHRG-114hhrg98640.htm
2015-06-01,114,house,hsvr00,Committee on Veterans' Affairs,Subcommittee on Oversight and Investigations,CIRCUMVENTION OF CONTRACTS IN THE PROVISION OF NON-VA HEALTHCARE,,no video found,https://www.govinfo.gov/content/pkg/CHRG-114hhrg98639/html/CHRG-114hhrg98639.htm
2015-05-21,114,house,hsba00,Committee on Financial Services,,"A DANGEROUS NEXUS: TERRORISM, CRIME, AND CORRUPTION",,"possible match (same committee, same days, different title)",https://www.govinfo.gov/content/pkg/CHRG-114hhrg95071/html/CHRG-114hhrg95071.htm
2015-05-20,114,house,hswm00,Committee on Ways and Means,,EXAMINING THE USE OF ADMINISTRATIVE ACTIONS IN THE IMPLEMENTATION OF THE AFFORDABLE CARE ACT,,"possible match (same committee, same days, different title)",https://www.govinfo.gov/content/pkg/CHRG-114hhrg22146/html/CHRG-114hhrg22146.htm
2015-05-20,114,house,hsfa00,Committee on Foreign Affairs,Subcommittee on Asia and the Pacific,EVEREST TREMBLED: LESSONS LEARNED FROM THE NEPAL EARTHQUAKE RESPONSE,,"possible match (same committee, same days, different title)",https://www.govinfo.gov/content/pkg/CHRG-114hhrg94690/html/CHRG-114hhrg94690.htm
2015-05-20,114,house,hsii00,Committee on Natural Resources,Subcommittee on Energy and Mineral Resources,"LEGISLATIVE HEARING ON H.R. 2295, TO AMEND THE MINERAL LEASING ACT TO REQUIRE THE SECRETARY OF THE INTERIOR TO IDENTIFY AND DESIGNATE NATIONAL ENERGY SECURITY CORRIDORS FOR THE CONSTRUCTION OF NATURAL GAS PIPELINES ON FEDERAL LAND, AND FOR OTHER PURPOSES, ""NATIONAL ENERGY SECURITY CORRIDORS ACT""",,"possible match (same committee, same days, different title)",https://www.govinfo.gov/content/pkg/CHRG-114hhrg94773/html/CHRG-114hhrg94773.htm
2015-05-20,114,house,hsii00,Committee on Natural Resources,"Subcommittee on Water, Power and Oceans","LEGISLATIVE HEARING ON H.R. 2358, TO AMEND THE FEDERAL LAND POLICY AND MANAGEMENT ACT OF 1976 TO ENHANCE THE RELIABILITY OF THE ELECTRICITY GRID AND REDUCE THE THREAT OF WILDFIRES TO AND FROM ELECTRIC TRANSMISSION AND DISTRIBUTION FACILITIES ON FEDERAL LANDS BY FACILITATING VEGETATION MANAGEMENT ON SUCH LANDS, ""ELECTRICITY RELIABILITY AND FOREST PROTECTION ACT""",,"possible match (same committee, same days, different title)",https://www.govinfo.gov/content/pkg/CHRG-114hhrg94774/html/CHRG-114hhrg94774.htm
2015-05-20,114,house,hsii00,Committee on Natural Resources,Subcommittee on Oversight and Investigations,OVERSIGHT HEARING ON STATE PERSPECTIVES ON THE STATUS OF COOPERATING AGENCIES FOR THE OFFICE OF SURFACE MINING'S STREAM PROTECTION RULE,,"possible match (same committee, same days, different title)",https://www.govinfo.gov/content/pkg/CHRG-114hhrg94775/html/CHRG-114hhrg94775.htm
2015-05-20,114,house,hssy00,"Committee on Science, Space, and Technology",,ADVANCING COMMERCIAL WEATHER DATA: COLLABORATIVE EFFORTS TO IMPROVE FORECASTS,,"possible match (same committee, same days, different title)",https://www.govinfo.gov/content/pkg/CHRG-114hhrg95225/html/CHRG-114hhrg95225.htm
2015-05-20,114,house,hsha00,Committee on House Administration,,THE UNITED STATES CAPITOL POLICE,,no video found,https://www.govinfo.gov/content/pkg/CHRG-114hhrg95310/html/CHRG-114hhrg95310.htm
2015-05-19,114,house,hswm00,Committee on Ways and Means,Subcommittee on Health,IDEAS TO IMPROVE COMPETTION IN THE MEDICARE PROGRAM,,"possible match (same committee, same days, different title)",https://www.govinfo.gov/content/pkg/CHRG-114hhrg21366/html/CHRG-114hhrg21366.htm
2015-05-19,114,house,hsju00,Committee on the Judiciary,"Subcommittee on Regulatory Reform, Commercial and Antitrust Law","ONGOING OVERSIGHT: MONITORING THE ACTIVITIES OF THE JUSTICE DEPARTMENT'S CIVIL, TAX AND ENVIRONMENT AND NATURAL RESOURCES DIVISIONS AND THE U.S. TRUSTEE PROGRAM",,"possible match (same committee, same days, different title)",https://www.govinfo.gov/content/pkg/CHRG-114hhrg94654/html/CHRG-114hhrg94654.htm
2015-05-19,114,house,hsfa00,Committee on Foreign Affairs,"Subcommittee on Europe, Eurasia, and Emerging Threats",THE FUTURE OF U.S. - HUNGARY RELATIONS,,"possible match (same committee, same days, different title)",https://www.govinfo.gov/content/pkg/CHRG-114hhrg94687/html/CHRG-114hhrg94687.htm
2015-05-19,114,house,hsii00,Committee on Natural Resources,,OVERSIGHT HEARING ON EMPOWERING STATE MANAGEMENT OF GREATER SAGE GROUSE,,"possible match (same committee, same days, different title)",https://www.govinfo.gov/content/pkg/CHRG-114hhrg94772/html/CHRG-114hhrg94772.htm
2015-05-19,114,house,hsba00,Committee on Financial Services,Subcommittee on Housing and Insurance,THE FUTURE OF HOUSING IN AMERICA: OVERSIGHT OF THE RURAL HOUSING SERVICE,,"possible match (same committee, same days, different title)",https://www.govinfo.gov/content/pkg/CHRG-114hhrg95069/html/CHRG-114hhrg95069.htm
2015-05-19,114,house,hsba00,Committee on Financial Services,Subcommittee on Financial Institutions and Consumer Credit,PROTECTING CRITICAL INFRASTRUCTURE: HOW THE FINANCIAL SECTOR ADDRESSES CYBER THREATS,,"possible match (same committee, same days, different title)",https://www.govinfo.gov/content/pkg/CHRG-114hhrg95070/html/CHRG-114hhrg95070.htm
2015-05-19,114,house,hshm00,Committee on Homeland Security,"Subcommittee on Cybersecurity, Infrastructure Protection, and Security Technologies",EXAMINING DHS SCIENCE AND TECHNOLOGY DIRECTORATE'S ENGAGEMENT WITH ACADEMIA AND INDUSTRY,,"possible match (same committee, same days, different title)",https://www.govinfo.gov/content/pkg/CHRG-114hhrg95681/html/CHRG-114hhrg95681.htm
2015-05-15,114,house,hsju00,Committee on the Judiciary,"Subcommittee on Regulatory Reform, Commercial and Antitrust Law",OVERSIGHT OF THE ANTITRUST ENFORCEMENT AGENCIES,,no video found,https://www.govinfo.gov/content/pkg/CHRG-114hhrg94604/html/CHRG-114hhrg94604.htm
2015-05-15,114,house,hsvr00,Committee on Veterans' Affairs,Subcommittee on Health,OVERCOMING BARRIERS TO MORE EFFICIENT AND EFFECTIVE VA STAFFING,,no video found,https://www.govinfo.gov/content/pkg/CHRG-114hhrg98638/html/CHRG-114hhrg98638.htm
2015-05-14,114,house,hspw00,Committee on Transportation and Infrastructure,Subcommittee on Coast Guard and Maritime Transportation,COAST GUARD MAJOR ACQUISITIONS,,"possible match (same committee, same days, different title)",https://www.govinfo.gov/content/pkg/CHRG-114hhrg31123/html/CHRG-114hhrg31123.htm
2015-05-14,114,house,hsfa00,Committee on Foreign Affairs,"Subcommittee on Africa, Global Health, Global Human Rights, and International Organizations","VIETNAM HUMAN RIGHTS ACT OF 2015; AND CONDEMNING THE APRIL 2015 TERRORIST ATTACK AT THE GARISSA UNIVERSITY COLLEGE IN GARISSA, KENYA, AND REAFFIRMING THE UNITED STATES SUPPORT FOR THE PEOPLE AND GOVERNMENT OF KENYA, AND FOR OTHER PURPOSES",,"possible match (same committee, same days, different title)",https://www.govinfo.gov/content/pkg/CHRG-114hhrg94607/html/CHRG-114hhrg94607.htm
2015-05-14,114,house,hsfa00,Committee on Foreign Affairs,"Subcommittee on Africa, Global Health, Global Human Rights, and International Organizations",A PATHWAY TO FREEDOM: RESCUE AND REFUGE FOR SEX TRAFFICKING VICTIMS,,"possible match (same committee, same days, different title)",https://www.govinfo.gov/content/pkg/CHRG-114hhrg94608/html/CHRG-114hhrg94608.htm
2015-05-14,114,house,hsfa00,Committee on Foreign Affairs,Subcommittee on the Western Hemisphere,ENERGY REVOLUTION IN THE WESTERN HEMISPHERE: OPPORTUNITIES AND CHALLENGES FOR THE U.S.,,"possible match (same committee, same days, different title)",https://www.govinfo.gov/content/pkg/CHRG-114hhrg94609/html/CHRG-114hhrg94609.htm
2015-05-14,114,house,hsba00,Committee on Financial Services,,PROTECTING CONSUMERS: FINANCIAL DATA SECURITY IN THE AGE OF COMPUTER HACKERS,,"possible match (same committee, same days, different title)",https://www.govinfo.gov/content/pkg/CHRG-114hhrg95067/html/CHRG-114hhrg95067.htm
2015-05-14,114,house,hsvr00,Committee on Veterans' Affairs,Subcommittee on Oversight and Investigations,"WASTE, FRAUD, AND ABUSE IN VA'S PURCHASE CARD PROGRAM",,no video found,https://www.govinfo.gov/content/pkg/CHRG-114hhrg98637/html/CHRG-114hhrg98637.htm
2015-05-13,114,house,hsju00,Committee on the Judiciary,"Subcommittee on Courts, Intellectual Property, and the Internet",STAKEHOLDER PERSPECTIVES ON ICANN: THE .SUCKS DOMAIN AND ESSENTIAL STEPS TO GUARANTEE TRUST AND ACCOUNTABILITY IN THE INTERNET'S OPERATION,,"possible match (same committee, same days, different title)",https://www.govinfo.gov/content/pkg/CHRG-114hhrg94603/html/CHRG-114hhrg94603.htm
2015-05-13,114,house,hssy00,"Committee on Science, Space, and Technology",,NUCLEAR ENERGY INNOVATION AND THE NATIONAL LABS,,no video found,https://www.govinfo.gov/content/pkg/CHRG-114hhrg95224/html/CHRG-114hhrg95224.htm
2015-05-13,114,house,hsvr00,Committee on Veterans' Affairs,,ASSESSING THE PROMISE AND PROGRESS OF THE CHOICE PROGRAM,,no video found,https://www.govinfo.gov/content/pkg/CHRG-114hhrg98636/html/CHRG-114hhrg98636.htm
2015-05-01,114,house,hsju00,Committee on the Judiciary,Subcommittee on the Constitution and Civil Justice,VICTIMS' RIGHTS AMENDMENT,,no video found,https://www.govinfo.gov/content/pkg/CHRG-114hhrg94411/html/CHRG-114hhrg94411.htm
2015-05-01,114,house,hsba00,Committee on Financial Services,Subcommittee on Capital Markets and Government Sponsored Enterprises,OVERSIGHT OF THE FINANCIAL INDUSTRY REGULATORY AUTHORITY,,"possible match (same committee, same days, different title)",https://www.govinfo.gov/content/pkg/CHRG-114hhrg95064/html/CHRG-114hhrg95064.htm
2015-05-01,114,house,hssy00,"Committee on Science, Space, and Technology",,INNOVATIONS IN BATTERY STORAGE FOR RENEWABLE ENERGY,,no video found,https://www.govinfo.gov/content/pkg/CHRG-114hhrg95223/html/CHRG-114hhrg95223.htm
2015-04-30,114,house,hswm00,Committee on Ways and Means,Subcommittee on Human Resources,NEXT STEPS FOR WELFARE REFORM: IDEAS TO IMPROVE TEMPORARY ASSISTANCE FOR NEEDY FAMILIES TO HELP MORE FAMILIES FIND WORK AND ESCAPE POVERTY,,no video found,https://www.govinfo.gov/content/pkg/CHRG-114hhrg21283/html/CHRG-114hhrg21283.htm
2015-04-30,114,house,hsfa00,Committee on Foreign Affairs,Subcommittee on Asia and the Pacific,BANGLADESH'S FRACTURE: POLITICAL AND RELIGIOUS EXTREMISM,,"possible match (same committee, same days, different title)",https://www.govinfo.gov/content/pkg/CHRG-114hhrg94391/html/CHRG-114hhrg94391.htm
2015-04-30,114,house,hsvr00,Committee on Veterans' Affairs,,EXAMINING ACCESS AND QUALITY OF CARE AND SERVICES FOR WOMEN VETERANS,,no video found,https://www.govinfo.gov/content/pkg/CHRG-114hhrg98635/html/CHRG-114hhrg98635.htm
2015-04-29,114,house,hsfa00,Committee on Foreign Affairs,"Subcommittee on Europe, Eurasia, and Emerging Threats",PROGRESS AND CHALLENGES IN THE WESTERN BALKANS,,"possible match (same committee, same days, different title)",https://www.govinfo.gov/content/pkg/CHRG-114hhrg94387/html/CHRG-114hhrg94387.htm
2015-04-29,114,house,hsju00,Committee on the Judiciary,Subcommittee on the Constitution and Civil Justice,FAIRNESS IN CLASS ACTION LITIGATION ACT OF 2015,,no video found,https://www.govinfo.gov/content/pkg/CHRG-114hhrg94410/html/CHRG-114hhrg94410.htm
2015-04-29,114,house,hsgo00,Committee on Oversight and Government Reform,Subcommittee on National Security,FOLLOWING THE TRAIL OF U.S. TAXPAYERS' DOLLARS ABROAD: ON-BUDGET ASSISTANCE IN AFGHANISTAN,,"possible match (same committee, same days, different title)",https://www.govinfo.gov/content/pkg/CHRG-114hhrg94837/html/CHRG-114hhrg94837.htm
2015-04-29,114,house,hsba00,Committee on Financial Services,Subcommittee on Housing and Insurance,THE IMPACT OF INTERNATIONAL REGULATORY STANDARDS ON THE COMPETITIVENESS OF U.S. INSURERS,,"possible match (same committee, same days, different title)",https://www.govinfo.gov/content/pkg/CHRG-114hhrg95061/html/CHRG-114hhrg95061.htm
2015-04-29,114,house,hsba00,Committee on Financial Services,Subcommittee on Capital Markets and Government Sponsored Enterprises,LEGISLATIVE PROPOSALS TO ENHANCE CAPITAL FORMATION AND REDUCE REGULATORY BURDENS,,"possible match (same committee, same days, different title)",https://www.govinfo.gov/content/pkg/CHRG-114hhrg95062/html/CHRG-114hhrg95062.htm
2015-04-29,114,house,hssy00,"Committee on Science, Space, and Technology",Subcommittee on Environment,REALITY CHECK PART II: THE IMPACT OF EPA'S PROPOSED OZONE STANDARDS ON RURAL AMERICA,,no video found,https://www.govinfo.gov/content/pkg/CHRG-114hhrg95222/html/CHRG-114hhrg95222.htm
2015-04-25,114,house,hsfa00,Committee on Foreign Affairs,Subcommittee on Asia and the Pacific,"TO DIRECT THE PRESIDENT TO DEVELOP A STRATEGY TO OBTAIN OBSERVER STATUS FOR TAIWAN IN THE INTER- NATIONAL CRIMINAL POLICE ORGANIZATION, AND FOR OTHER PURPOSES; AND EXPRESSING DEEPEST CONDOLENCES TO AND SOLIDARITY WITH THE PEOPLE OF NEPAL FOL- LOWING THE DEVASTATING EARTHQUAKE ON APRIL 25, 2015",,"possible match (same committee, same days, different title)",https://www.govinfo.gov/content/pkg/CHRG-114hhrg94689/html/CHRG-114hhrg94689.htm
2015-04-25,114,house,hsfa00,Committee on Foreign Affairs,,"TO DIRECT THE PRESIDENT TO DEVELOP A STRATEGY TO OBTAIN OBSERVER STATUS FOR TAIWAN IN THE INTERNATIONAL CRIMINAL POLICE ORGANIZATION; THE GIRLS COUNT ACT OF 2015; THE UNITED STATES INTERNATIONAL COMMUNICATIONS REFORM ACT OF 2015; CONDEMNING THE APRIL 2015 TERRORIST ATTACK AT THE GARISSA UNIVERSITY COLLEGE IN GARISSA, KENYA; AND EXPRESSING DEEPEST CONDOLENCES TO AND SOLIDARITY WITH THE PEOPLE OF NEPAL FOLLOWING THE DEVASTATING EARTHQUAKE ON APRIL 25, 2015",,"possible match (same committee, same days, different title)",https://www.govinfo.gov/content/pkg/CHRG-114hhrg94692/html/CHRG-114hhrg94692.htm
2015-04-23,114,house,hsfa00,Committee on Foreign Affairs,Subcommittee on Asia and the Pacific,THE U.S. REBALANCE IN EAST ASIA: BUDGET PRIORITIES FOR FY 2016,,"possible match (same committee, same days, different title)",https://www.govinfo.gov/content/pkg/CHRG-114hhrg94310/html/CHRG-114hhrg94310.htm
2015-04-23,114,house,hsba00,Committee on Financial Services,Subcommittee on Financial Institutions and Consumer Credit,EXAMINING REGULATORY. BURDENS--REGULATOR. PERSPECTIVE,,"possible match (same committee, same days, different title)",https://www.govinfo.gov/content/pkg/CHRG-114hhrg95060/html/CHRG-114hhrg95060.htm
2015-04-23,114,house,hssy00,"Committee on Science, Space, and Technology",,HYDRAULIC FRACTURING: BANNING PROVEN TECHNOLOGIES ON POSSIBILITIES INSTEAD OF PROBABILITIES,,no video found,https://www.govinfo.gov/content/pkg/CHRG-114hhrg95221/html/CHRG-114hhrg95221.htm
2015-04-23,114,house,hsvr00,Committee on Veterans' Affairs,Subcommittee on Health,"LEGISLATIVE HEARING ON: DRAFT LEGISLATION TO IMPROVE REPRODUCTIVE TREATMENT PROVIDED TO CERTAIN DISABLED VETERANS; DRAFT LEGISLATION TO DIRECT THE DEPARTMENT OF VETERANS AFFAIRS (VA) TO SUBMIT AN ANNUAL REPORT ON THE VETERANS HEALTH ADMINISTRATION; H.R. 271; H.R. 627; H.R. 1369; H.R. 1575; AND, H.R. 1769",,no video found,https://www.govinfo.gov/content/pkg/CHRG-114hhrg98634/html/CHRG-114hhrg98634.htm
2015-04-23,114,joint,jcse00,Commission on Security and Cooperation in Europe (U.S. Helsinki Commission),,A CENTURY OF DENIAL: THE ARMENIAN GENOCIDE AND THE ONGOING QUEST FOR JUSTICE,,no video found,https://www.govinfo.gov/content/pkg/CHRG-114jhrg95113/html/CHRG-114jhrg95113.htm
2015-04-22,114,house,hswm00,Committee on Ways and Means,Subcommittee on Oversight,2015 TAX FILING SEASON AND GENERAL OPERATIONS AT THE INTERNAL REVENUE SERVICE,,no video found,https://www.govinfo.gov/content/pkg/CHRG-114hhrg21376/html/CHRG-114hhrg21376.htm
2015-04-22,114,house,hswm00,Committee on Ways and Means,,EXPANDING AMERICAN TRADE WITH ACCOUNTABILITY AND TRANSPARENCY,,no video found,https://www.govinfo.gov/content/pkg/CHRG-114hhrg22183/html/CHRG-114hhrg22183.htm
2015-04-22,114,house,hsfa00,Committee on Foreign Affairs,"Subcommittee on Africa, Global Health, Global Human Rights, and International Organizations",ACCOUNTABILITY AND TRANSFORMATION: TIER RANKINGS IN THE FIGHT AGAINST HUMAN TRAFFICKING,,"possible match (same committee, same days, different title)",https://www.govinfo.gov/content/pkg/CHRG-114hhrg94307/html/CHRG-114hhrg94307.htm
2015-04-22,114,house,hsfa00,Committee on Foreign Affairs,"Subcommittee on Terrorism, Nonproliferation, and Trade",POACHING AND TERRORISM: A NATIONAL SECURITY CHALLENGE,,"possible match (same committee, same days, different title)",https://www.govinfo.gov/content/pkg/CHRG-114hhrg94308/html/CHRG-114hhrg94308.htm
2015-04-22,114,house,hsii00,Committee on Natural Resources,,INNOVATIONS IN SAFETY SINCE THE 2010 MACONDO INCIDENT,,"possible match (same committee, same days, different title)",https://www.govinfo.gov/content/pkg/CHRG-114hhrg94319/html/CHRG-114hhrg94319.htm
2015-04-22,114,house,hsii00,Committee on Natural Resources,"Subcommittee on Indian, Insular and Alaska Native Affairs","OVERSIGHT HEARING ON THE OBAMA ADMINISTRATION'S PART 83 REVISIONS AND HOW THEY MAY ALLOW THE INTERIOR DEPARTMENT TO CREATE TRIBES, NOT RECOGNIZE THEM",,"possible match (same committee, same days, different title)",https://www.govinfo.gov/content/pkg/CHRG-114hhrg94320/html/CHRG-114hhrg94320.htm
2015-04-22,114,house,hshm00,Committee on Homeland Security,,STRATEGIC PERSPECTIVES OF THE BIOTERRORISM THREAT,,"possible match (same committee, same days, different title)",https://www.govinfo.gov/content/pkg/CHRG-114hhrg94889/html/CHRG-114hhrg94889.htm
2015-04-22,114,house,hshm00,Committee on Homeland Security,Subcommittee on Oversight and Management Efficiency,ACQUISITION OVERSIGHT: HOW EFFECTIVELY IS DHS SAFEGUARDING TAXPAYER DOLLARS?,,"possible match (same committee, same days, different title)",https://www.govinfo.gov/content/pkg/CHRG-114hhrg94890/html/CHRG-114hhrg94890.htm
2015-04-22,114,house,hsba00,Committee on Financial Services,,A SURVEY OF GLOBAL TERRORISM. AND TERRORIST FINANCING,,"possible match (same committee, same days, different title)",https://www.govinfo.gov/content/pkg/CHRG-114hhrg95059/html/CHRG-114hhrg95059.htm
2015-04-22,114,house,hshm00,Committee on Homeland Security,,[ERRATA] STRATEGIC PERSPECTIVES OF THE BIOTERRORISM THREAT,,"possible match (same committee, same days, different title)",https://www.govinfo.gov/content/pkg/CHRG-114hhrg96956/html/CHRG-114hhrg96956.htm
2015-04-22,114,house,hsvr00,Committee on Veterans' Affairs,,PHILADELPHIA AND OAKLAND: SYSTEMIC FAILURES AND MISMANAGEMENT,,no video found,https://www.govinfo.gov/content/pkg/CHRG-114hhrg98633/html/CHRG-114hhrg98633.htm
2015-04-18,114,house,hsap00,Committee on Appropriations,,"COMMERCE, JUSTICE, SCIENCE, AND RELATED AGENCIES APPROPRIATIONS FOR 2016",,no video found,https://www.govinfo.gov/content/pkg/CHRG-114hhrg96099/html/CHRG-114hhrg96099.htm
2015-04-16,114,house,hsba00,Committee on Financial Services,Subcommittee on Housing and Insurance,THE FUTURE OF HOUSING IN AMERICA: INCREASING PRIVATE SECTOR. PARTICIPATION IN AFFORDABLE HOUSING,,"possible match (same committee, same days, different title)",https://www.govinfo.gov/content/pkg/CHRG-114hhrg95058/html/CHRG-114hhrg95058.htm
2015-04-16,114,house,hssy00,"Committee on Science, Space, and Technology",,AN OVERVIEW OF THE BUDGET PROPOSAL FOR THE NATIONAL AERONAUTICS AND SPACE ADMINISTRATION FOR FISCAL YEAR 2016,,no video found,https://www.govinfo.gov/content/pkg/CHRG-114hhrg95220/html/CHRG-114hhrg95220.htm
2015-04-15,114,house,hsfa00,Committee on Foreign Affairs,"Subcommittee on Africa, Global Health, Global Human Rights, and International Organizations",THE CONTINUING THREAT OF NEGLECTED TROPICAL DISEASES,,"possible match (same committee, same days, different title)",https://www.govinfo.gov/content/pkg/CHRG-114hhrg94180/html/CHRG-114hhrg94180.htm
2015-04-15,114,house,hspw00,Committee on Transportation and Infrastructure,Subcommittee on Coast Guard and Maritime Transportation,AN OVERVIEW OF THE U.S. COAST GUARD'S MISSIONS,,"possible match (same committee, same days, different title)",https://www.govinfo.gov/content/pkg/CHRG-114hhrg94182/html/CHRG-114hhrg94182.htm
2015-04-15,114,house,hsju00,Committee on the Judiciary,"Subcommittee on Crime, Terrorism, Homeland Security, and Investigations",ANALYZING MISCONDUCT IN FEDERAL LAW ENFORCEMENT,,"possible match (same committee, same days, different title)",https://www.govinfo.gov/content/pkg/CHRG-114hhrg94185/html/CHRG-114hhrg94185.htm
2015-04-15,114,house,hsfa00,Committee on Foreign Affairs,"Subcommittee on Africa, Global Health, Global Human Rights, and International Organizations",FRANK R. WOLF INTERNATIONAL RELIGIOUS FREEDOM ACT OF 2015; AND CALLING FOR THE RELEASE OF UKRAINIAN FIGHTER PILOT NADIYA SAVCHENKO,,"possible match (same committee, same days, different title)",https://www.govinfo.gov/content/pkg/CHRG-114hhrg94187/html/CHRG-114hhrg94187.htm
2015-04-15,114,house,hsii00,Committee on Natural Resources,Subcommittee on Energy and Mineral Resources,OVERSIGHT HEARING ON EXAMINING THE FUTURE IMPACTS OF PRESIDENT OBAMA'S OFFSHORE ENERGY PLAN,,"possible match (same committee, same days, different title)",https://www.govinfo.gov/content/pkg/CHRG-114hhrg94270/html/CHRG-114hhrg94270.htm
2015-04-15,114,house,hsas00,Committee on Armed Services,Subcommittee on Strategic Forces Hearing,[H.A.S.C. No. 114-38] HEARING ON NATIONAL DEFENSE AUTHORIZATION ACT FOR FISCAL YEAR 2016 AND OVERSIGHT OF PREVIOUSLY AUTHORIZED PROGRAMS BEFORE THE COMMITTEE ON ARMED SERVICES HOUSE OF REPRESENTATIVES ONE HUNDRED FOURTEENTH CONGRESS FIRST SESSION,,"possible match (same committee, same days, different title)",https://www.govinfo.gov/content/pkg/CHRG-114hhrg94749/html/CHRG-114hhrg94749.htm
2015-04-15,114,house,hsba00,Committee on Financial Services,Subcommittee on Monetary Policy and Trade,OVERSIGHT OF EFFORTS TO REFORM THE EXPORT-IMPORT BANK OF THE UNITED STATES,,"possible match (same committee, same days, different title)",https://www.govinfo.gov/content/pkg/CHRG-114hhrg95056/html/CHRG-114hhrg95056.htm
2015-04-15,114,house,hsba00,Committee on Financial Services,Subcommittee on Financial Institutions and Consumer Credit,EXAMINING REGULATORY BURDENS ON NON-DEPOSITORY FINANCIAL INSTITUTIONS,,"possible match (same committee, same days, different title)",https://www.govinfo.gov/content/pkg/CHRG-114hhrg95057/html/CHRG-114hhrg95057.htm
2015-04-15,114,house,hsap00,Committee on Appropriations,Subcommittee on Homeland Security,DEPARTMENT OF HOMELAND SECURITY APPROPRIATIONS FOR 2016,,"possible match (same committee, same days, different title)",https://www.govinfo.gov/content/pkg/CHRG-114hhrg96904/html/CHRG-114hhrg96904.htm
2015-04-15,114,house,hsvr00,Committee on Veterans' Affairs,,DENVER VA MEDICAL CENTER: CONSTRUCTING A WAY FORWARD,,no video found,https://www.govinfo.gov/content/pkg/CHRG-114hhrg98632/html/CHRG-114hhrg98632.htm
2015-04-14,113,house,hsvr00,Committee on Veterans' Affairs,Subcommittee on Disability Assistance and Memorial Affairs,"LEGISLATIVE HEARING ON H.R. 675, H.R. 677, H.R. 732, H.R. 800, H.R. 1067, H.R. 1331, H.R. 1379, H.R. 1414, H.R. 1569, AND H.R. 1607",,no video found,https://www.govinfo.gov/content/pkg/CHRG-113hhrg98631/html/CHRG-113hhrg98631.htm
2015-04-14,114,house,hswm00,Committee on Ways and Means,Subcommittee on Health,THE INDIVIDUAL AND EMPLOYER MANDATES IN THE PRESIDENT'S HEALTH CARE LAW,,"possible match (same committee, same days, different title)",https://www.govinfo.gov/content/pkg/CHRG-114hhrg21306/html/CHRG-114hhrg21306.htm
2015-04-14,114,house,hsfa00,Committee on Foreign Affairs,Subcommittee on the Middle East and North Africa,YEMEN UNDER ATTACK BY IRANIAN-BACKED HOUTHIS,,"possible match (same committee, same days, different title)",https://www.govinfo.gov/content/pkg/CHRG-114hhrg94179/html/CHRG-114hhrg94179.htm
2015-04-14,114,house,hsju00,Committee on the Judiciary,,U.S. IMMIGRATION AND CUSTOMS ENFORCEMENT,,"possible match (same committee, same days, different title)",https://www.govinfo.gov/content/pkg/CHRG-114hhrg94183/html/CHRG-114hhrg94183.htm
2015-04-14,114,house,hsii00,Committee on Natural Resources,"Subcommittee on Water, Power and Oceans","PROPOSED FEDERAL WATER GRABS AND THEIR POTEN- TIAL IMPACTS ON STATES, WATER AND POWER USERS, AND LANDOWNERS",,"possible match (same committee, same days, different title)",https://www.govinfo.gov/content/pkg/CHRG-114hhrg94271/html/CHRG-114hhrg94271.htm
2015-04-14,114,house,hsag00,Committee on Agriculture,"Subcommittee on Biotechnology, Horticulture, and Research",A PRESENTATION BY NATIONAL 4-H CONFERENCE PARTICIPANTS CONCERNING THE FUTURE OF AGRICULTURE IN THE UNITED STATES,,"possible match (same committee, same days, different title)",https://www.govinfo.gov/content/pkg/CHRG-114hhrg94334/html/CHRG-114hhrg94334.htm
2015-04-14,114,house,hsas00,Committee on Armed Services,,[H.A.S.C. No. 114-34] HEARING ON NATIONAL DEFENSE AUTHORIZATION ACT FOR FISCAL YEAR 2016 AND OVERSIGHT OF PREVIOUSLY AUTHORIZED PROGRAMS BEFORE THE COMMITTEE ON ARMED SERVICES HOUSE OF REPRESENTATIVES ONE HUNDRED FOURTEENTH CONGRESS FIRST SESSION,,"possible match (same committee, same days, different title)",https://www.govinfo.gov/content/pkg/CHRG-114hhrg94745/html/CHRG-114hhrg94745.htm
2015-04-13,114,house,hsvr00,Committee on Veterans' Affairs,Subcommittee on Oversight and Investigation,ADDRESSING CONTINUED WHISTLEBLOWER RETALIATION WITHIN VA,,no video found,https://www.govinfo.gov/content/pkg/CHRG-114hhrg98630/html/CHRG-114hhrg98630.htm
2015-04-03,114,house,hlzi00,Select Committee on the Events Surrounding the 2012 Terrorist Attack in Benghazi,,INTERVIEWS OF WITNESSES BEFORE THE SELECT COMMITTEE ON THE EVENTS SURROUNDING THE 2012 TERRORIST ATTACK IN BENGHAZI - VOLUME 4,,no video found,https://www.govinfo.gov/content/pkg/CHRG-114hhrg22298/html/CHRG-114hhrg22298.htm
2015-04-03,114,house,hsap00,Committee on Appropriations,,ENERGY AND WATER DEVELOPMENT APPROPRIATIONS FOR 2016,,no video found,https://www.govinfo.gov/content/pkg/CHRG-114hhrg96118/html/CHRG-114hhrg96118.htm
2015-03-30,114,joint,ssga00,Committee on Homeland Security and Governmental Affairs,,"TOMAH VAMC: EXAMINING QUALITY, ACCESS, AND A CULTURE OF OVERRELIANCE ON HIGH-RISK MEDICATIONS",,committee not tracked,https://www.govinfo.gov/content/pkg/CHRG-114jhrg94902/html/CHRG-114jhrg94902.htm
2015-03-26,114,house,hssy00,"Committee on Science, Space, and Technology",,DESTRUCTION OF RECORDS AT EPA: WHEN RECORDS MUST BE KEPT,,no video found,https://www.govinfo.gov/content/pkg/CHRG-114hhrg93891/html/CHRG-114hhrg93891.htm
2015-03-26,114,house,hsag00,Committee on Agriculture,Subcommittee on General Farm Commodities and Risk Management,IMPLEMENTING THE AGRICULTURAL ACT OF 2014: COMMODITY POLICY AND CROP INSURANCE,,"possible match (same committee, same days, different title)",https://www.govinfo.gov/content/pkg/CHRG-114hhrg93969/html/CHRG-114hhrg93969.htm
2015-03-26,114,house,hsas00,Committee on Armed Services,Subcommittee on Readiness Hearing,[H.A.S.C. No. 114-31]- THE DEPARTMENT OF DEFENSE'S READINESS POSTURE,,"possible match (same committee, same days, different title)",https://www.govinfo.gov/content/pkg/CHRG-114hhrg94233/html/CHRG-114hhrg94233.htm
2015-03-26,114,house,hsas00,Committee on Armed Services,Subcommittee on Emerging Threats and Capabilities Hearing,[H.A.S.C. No. 114-33]DEPARTMENT OF DEFENSE FISCAL YEAR 2016 SCIENCE AND TECHNOLOGY PROGRAMS: LAYING THE GROUNDWORK TO MAINTAIN TECHNOLOGICAL SUPERIORITY,,"possible match (same committee, same days, different title)",https://www.govinfo.gov/content/pkg/CHRG-114hhrg94235/html/CHRG-114hhrg94235.htm
2015-03-26,114,house,hshm00,Committee on Homeland Security,,LEADERSHIP CHALLENGES AT THE DEPARTMENT OF HOMELAND SECURITY: ALLEGATIONS OF IMPROPER INFLUENCE REGARDING SPECIAL VISAS,,no video found,https://www.govinfo.gov/content/pkg/CHRG-114hhrg94888/html/CHRG-114hhrg94888.htm
2015-03-25,114,house,hsju00,Committee on the Judiciary,"Subcommittee on Courts, Intellectual Property, and the Internet",PATENT REFORM: PROTECTING AMERICAN INNOVATORS AND JOB CREATORS FROM ABUSIVE PATENT LITIGATION,,"possible match (same committee, same days, different title)",https://www.govinfo.gov/content/pkg/CHRG-114hhrg93896/html/CHRG-114hhrg93896.htm
2015-03-25,114,house,hsfa00,Committee on Foreign Affairs,"Subcommittee on Terrorism, Nonproliferation, and Trade",FTO PASSPORT REVOCATION ACT OF 2015,,"possible match (same committee, same days, different title)",https://www.govinfo.gov/content/pkg/CHRG-114hhrg93915/html/CHRG-114hhrg93915.htm
2015-03-25,114,house,hsfa00,Committee on Foreign Affairs,"Subcommittee on Africa, Global Health, Global Human Rights, and International Organizations",THE GOLDMAN ACT TO RETURN ABDUCTED. AMERICAN CHILDREN: REVIEWING OBAMA. ADMINISTRATION IMPLEMENTATION,,"possible match (same committee, same days, different title)",https://www.govinfo.gov/content/pkg/CHRG-114hhrg93916/html/CHRG-114hhrg93916.htm
2015-03-25,114,house,hsas00,Committee on Armed Services,Subcommittee on Military Personnel,[H.A.S.C. No. 114-28] STAKEHOLDER’S VIEWS ON THE RECOMMENDATIONS OF THE MILITARY COMPENSATION AND RETIREMENT MODERNIZATION COMMISSION,,"possible match (same committee, same days, different title)",https://www.govinfo.gov/content/pkg/CHRG-114hhrg94230/html/CHRG-114hhrg94230.htm
2015-03-25,114,house,hsas00,Committee on Armed Services,Subcommittee on Emerging Threats and Capabilities Hearing,[H.A.S.C. No. 114-29]- Countering Weapons of Mass Destruction Strategy And The Fiscal Year 2016,,"possible match (same committee, same days, different title)",https://www.govinfo.gov/content/pkg/CHRG-114hhrg94231/html/CHRG-114hhrg94231.htm
2015-03-25,114,house,hshm00,Committee on Homeland Security,Subcommittee on Transportation Security,RISK-BASED SECURITY: ASSESSING THE PATH FORWARD FOR TSA PRE CHECK,,"possible match (same committee, same days, different title)",https://www.govinfo.gov/content/pkg/CHRG-114hhrg94887/html/CHRG-114hhrg94887.htm
2015-03-25,114,house,hsap00,Committee on Appropriations,"Subcommittee on the Departments of Labor, Health and Human Services,","DEPARTMENTS OF LABOR, HEALTH AND HUMAN SERVICES, EDUCATION, AND RELATED AGENCIES APPROPRIATIONS FOR 2016",,"possible match (same committee, same days, different title)",https://www.govinfo.gov/content/pkg/CHRG-114hhrg96220/html/CHRG-114hhrg96220.htm
2015-03-25,114,house,hsap00,Committee on Appropriations,"Subcommittee on State, Foreign Operations, and Related Programs","STATE, FOREIGN OPERATIONS, AND RELATED PROGRAMS APPROPRIATIONS FOR 2016",,"possible match (same committee, same days, different title)",https://www.govinfo.gov/content/pkg/CHRG-114hhrg97394/html/CHRG-114hhrg97394.htm
2015-03-24,114,house,hswm00,Committee on Ways and Means,,THE USE OF DATA TO STOP MEDICARE FRAUD,,no video found,https://www.govinfo.gov/content/pkg/CHRG-114hhrg21375/html/CHRG-114hhrg21375.htm
2015-03-24,114,house,hssy00,"Committee on Science, Space, and Technology",,DEPARTMENT OF ENERGY OVERSIGHT: OFFICE OF ENERGY EFFICIENCY AND RENEWABLE ENERGY,,no video found,https://www.govinfo.gov/content/pkg/CHRG-114hhrg93889/html/CHRG-114hhrg93889.htm
2015-03-24,114,house,hssy00,"Committee on Science, Space, and Technology",,SEARCHING FOR THE ORIGINS OF THE UNIVERSE: AN UPDATE ON THE PROGRESS OF THE JAMES WEBB SPACE TELESCOPE,,no video found,https://www.govinfo.gov/content/pkg/CHRG-114hhrg93890/html/CHRG-114hhrg93890.htm
2015-03-24,114,house,hsfa00,Committee on Foreign Affairs,Subcommittee on the Western Hemisphere,OVERSIGHT OF THE STATE DEPARTMENT AND AGENCY FOR INTERNATIONAL DEVELOPMENT FUNDING PRIORITIES FOR THE WESTERN HEMISPHERE,,"possible match (same committee, same days, different title)",https://www.govinfo.gov/content/pkg/CHRG-114hhrg93912/html/CHRG-114hhrg93912.htm
2015-03-24,114,house,hsfa00,Committee on Foreign Affairs,"Subcommittee on Africa, Global Health, Global Human Rights, and International Organizations",AFTER PARIS AND COPENHAGEN: RESPONDING TO THE RISING TIDE OF ANTI-SEMITISM,,"possible match (same committee, same days, different title)",https://www.govinfo.gov/content/pkg/CHRG-114hhrg93914/html/CHRG-114hhrg93914.htm
2015-03-24,114,house,hsag00,Committee on Agriculture,,EXAMINATION OF THE COSTS AND IMPACTS OF MANDATORY BIOTECHNOLOGY LABELING LAWS,,"possible match (same committee, same days, different title)",https://www.govinfo.gov/content/pkg/CHRG-114hhrg93965/html/CHRG-114hhrg93965.htm
2015-03-24,114,house,hsag00,Committee on Agriculture,"Subcommittee on Commodity Exchanges, Energy, and Credit",REAUTHORIZING THE COMMODITY FUTURES TRADING COMMISSION,,"possible match (same committee, same days, different title)",https://www.govinfo.gov/content/pkg/CHRG-114hhrg93966/html/CHRG-114hhrg93966.htm
2015-03-24,114,house,hshm00,Committee on Homeland Security,,A GLOBAL BATTLEGROUND: THE FIGHT AGAINST ISLAMIST EXTREMISM AT HOME AND ABROAD,,"possible match (same committee, same days, different title)",https://www.govinfo.gov/content/pkg/CHRG-114hhrg94886/html/CHRG-114hhrg94886.htm
2015-03-24,114,house,hsba00,Committee on Financial Services,,"EXAMINING THE SEC'S AGENDA, OPERATIONS, AND FY 2016 BUDGET REQUEST",,"possible match (same committee, same days, different title)",https://www.govinfo.gov/content/pkg/CHRG-114hhrg95054/html/CHRG-114hhrg95054.htm
2015-03-24,114,house,hsba00,Committee on Financial Services,Subcommittee on Oversight and Investigations,THE FEDERAL DEPOSIT INSURANCE. CORPORATION'S ROLE IN. OPERATION CHOKE POINT,,"possible match (same committee, same days, different title)",https://www.govinfo.gov/content/pkg/CHRG-114hhrg95055/html/CHRG-114hhrg95055.htm
2015-03-24,114,house,hsap00,Committee on Appropriations,,"DEPARTMENTS OF LABOR, HFALTH AND HUMAN SERVICES, EDUCATION, AND RELATED AGENCIES APPROPRIATIONS FOR 2016",,"possible match (same committee, same days, different title)",https://www.govinfo.gov/content/pkg/CHRG-114hhrg96205/html/CHRG-114hhrg96205.htm
2015-03-24,114,house,hsap00,Committee on Appropriations,"Subcommittee on Agriculture, Rural Development, Food and Drug","AGRICULTURE, RURAL DEVELOPMENT, FOOD AND DRUG ADMINISTRATION, AND RELATED AGENCIES APPROPRIATIONS FOR 2016",,"possible match (same committee, same days, different title)",https://www.govinfo.gov/content/pkg/CHRG-114hhrg98154/html/CHRG-114hhrg98154.htm
2015-03-24,114,house,hsvr00,Committee on Veterans' Affairs,Subcommittee on Economic Opportunity,"""LEGISLATIVE HEARING ON H.R. 456; H.R. 473; H.R. 474; H.R. 475; H.R. 476; H.R. 643; H.R. 1038; H.R. 1141; H.R. 1187; H.R. 1313; H.R. 1382""",,"possible match (same committee, same days, different title)",https://www.govinfo.gov/content/pkg/CHRG-114hhrg98629/html/CHRG-114hhrg98629.htm
2015-03-19,114,house,hsju00,Committee on the Judiciary,"Subcommittee on Crime, Terrorism, Homeland Security, and Investigations",CHILD EXPLOITATION RESTITUTION FOLLOWING THE PAROLINE v. UNITED STATES DECISION,,no video found,https://www.govinfo.gov/content/pkg/CHRG-114hhrg93798/html/CHRG-114hhrg93798.htm
2015-03-19,114,house,hsfa00,Committee on Foreign Affairs,,NEGOTIATIONS WITH IRAN: BLOCKING OR PAVING TEHRAN'S PATH TO NUCLEAR WEAPONS?,,"possible match (same committee, same days, different title)",https://www.govinfo.gov/content/pkg/CHRG-114hhrg93822/html/CHRG-114hhrg93822.htm
2015-03-19,114,house,hsgo00,Committee on Oversight and Government Reform,,"A REVIEW OF THE DEPARTMENT OF HOMELAND SECURITY'S POLICIES AND PROCEDURES FOR THE APPREHENSION, DETENTION, AND RELEASE OF NON-CITIZENS UNLAWFULLY PRESENT IN THE UNITED STATES (PART II)",,"possible match (same committee, same days, different title)",https://www.govinfo.gov/content/pkg/CHRG-114hhrg94538/html/CHRG-114hhrg94538.htm
2015-03-19,114,house,hshm00,Committee on Homeland Security,"Subcommittee on Emergency Preparedness, Response, and Communications",AGENTS OF OPPORTUNITY: RESPONDING TO THE THREAT OF CHEMICAL TERRORISM,,"possible match (same committee, same days, different title)",https://www.govinfo.gov/content/pkg/CHRG-114hhrg94581/html/CHRG-114hhrg94581.htm
2015-03-19,114,house,hsba00,Committee on Financial Services,Subcommittee on Capital Markets and Government Sponsored Enterprises,OVERSIGHT OF THE SEC'S DIVISION OF ENFORCEMENT,,"possible match (same committee, same days, different title)",https://www.govinfo.gov/content/pkg/CHRG-114hhrg95053/html/CHRG-114hhrg95053.htm
2015-03-19,114,house,hsap00,Committee on Appropriations,Subcommittee on Financial Services and General Government,FINANCIAL SERVICES AND GENERAL GOVERNMENT APPROPRIATIONS FOR 2016,,"possible match (same committee, same days, different title)",https://www.govinfo.gov/content/pkg/CHRG-114hhrg97181/html/CHRG-114hhrg97181.htm
2015-03-19,114,house,hsvr00,Committee on Veterans' Affairs,Subcommittee on Oversight and Investigations,"LEGISLATIVE HEARING ON H.R. 571, H.R. 593, H.R. 1015, H.R. 1016, H.R. 1017, H.R. 1128, AND H.R. 1129",,no video found,https://www.govinfo.gov/content/pkg/CHRG-114hhrg98628/html/CHRG-114hhrg98628.htm
2015-03-18,114,house,hswm00,Committee on Ways and Means,Subcommittee on Select Revenue Measures,THE BURDEN OF THE ESTATE TAX ON FAMILY BUSINESSES AND FARMS,,no video found,https://www.govinfo.gov/content/pkg/CHRG-114hhrg23195/html/CHRG-114hhrg23195.htm
2015-03-18,114,house,hsfa00,Committee on Foreign Affairs,"Subcommittee on Africa, Global Health, Global Human Rights, and International Organizations",U.S. ELECTION SUPPORT IN AFRICA,,"possible match (same committee, same days, different title)",https://www.govinfo.gov/content/pkg/CHRG-114hhrg93820/html/CHRG-114hhrg93820.htm
2015-03-18,114,house,hsas00,Committee on Armed Services,,"[H.A.S.C. No. 114-22]OPENING STATEMENT OF HON. WILLIAM M. ""MAC""THORNBERRY, A REPRESENTATIVE FROM TEXAS, CHAIRMAN, COMMITTEE ON ARMED SERVICES",,"possible match (same committee, same days, different title)",https://www.govinfo.gov/content/pkg/CHRG-114hhrg94224/html/CHRG-114hhrg94224.htm
2015-03-18,114,house,hshm00,Committee on Homeland Security,Subcommittee on Oversight and Management Efficiency,UNMANNED AERIAL SYSTEM THREATS: EXPLOR- ING SECURITY IMPLICATIONS AND MITIGATION TECHNOLOGIES,,"possible match (same committee, same days, different title)",https://www.govinfo.gov/content/pkg/CHRG-114hhrg94580/html/CHRG-114hhrg94580.htm
2015-03-18,114,house,hsba00,Committee on Financial Services,,PRESERVING CONSUMER CHOICE. AND FINANCIAL INDEPENDENCE,,"possible match (same committee, same days, different title)",https://www.govinfo.gov/content/pkg/CHRG-114hhrg95052/html/CHRG-114hhrg95052.htm
2015-03-18,114,joint,jsec00,Joint Economic Committee,,THE ECONOMIC REPORT OF THE PRESIDENT,,no video found,https://www.govinfo.gov/content/pkg/CHRG-114jhrg94196/html/CHRG-114jhrg94196.htm
2015-03-18,114,joint,jcse00,Commission on Security and Cooperation in Europe (U.S. Helsinki Commission),,"NORTHERN IRELAND: STORMONT, COLLUSION, AND THE FINUCANE INQUIRY",,no video found,https://www.govinfo.gov/content/pkg/CHRG-114jhrg94241/html/CHRG-114jhrg94241.htm
2015-03-17,114,house,hswm00,Committee on Ways and Means,Subcommittee on Human Resources,USING EVIDENCE TO HELP LOW-INCOME INDIVIDUALS AND FAMILIES GET AHEAD,,no video found,https://www.govinfo.gov/content/pkg/CHRG-114hhrg21282/html/CHRG-114hhrg21282.htm
2015-03-17,114,house,hsju00,Committee on the Judiciary,Subcommittee on the Constitution and Civil Justice,LAWSUIT ABUSE REDUCTION ACT OF 2015,,"possible match (same committee, same days, different title)",https://www.govinfo.gov/content/pkg/CHRG-114hhrg93797/html/CHRG-114hhrg93797.htm
2015-03-17,114,house,hsfa00,Committee on Foreign Affairs,,THE FY 2016 BUDGET REQUEST: ASSESSING U.S. FOREIGN ASSISTANCE EFFECTIVENESS,,"possible match (same committee, same days, different title)",https://www.govinfo.gov/content/pkg/CHRG-114hhrg93817/html/CHRG-114hhrg93817.htm
2015-03-17,114,house,hssy00,"Committee on Science, Space, and Technology",,REALITY CHECK: THE IMPACT AND ACHIEVABILITY OF EPA'S PROPOSED OZONE STANDARDS,,"possible match (same committee, same days, different title)",https://www.govinfo.gov/content/pkg/CHRG-114hhrg93888/html/CHRG-114hhrg93888.htm
2015-03-17,114,house,hsag00,Committee on Agriculture,Subcommittee on Conservation and Forestry,HEARING TO REVIEW THE DEFINITION OF THE WATERS OF THE UNITED STATES,,"possible match (same committee, same days, different title)",https://www.govinfo.gov/content/pkg/CHRG-114hhrg93963/html/CHRG-114hhrg93963.htm
2015-03-17,114,house,hsap00,Committee on Appropriations,Subcommittee on Homeland Security,DEPARTMENT OF HOMELAND SECURITY APPROPRIATIONS FOR 2016,,"possible match (same committee, same days, different title)",https://www.govinfo.gov/content/pkg/CHRG-114hhrg96145/html/CHRG-114hhrg96145.htm
2015-03-17,114,house,hsap00,Committee on Appropriations,Subcommittee on Energy and Water Development,ENERGY AND WATER DEVELOPMENT APPROPRIATIONS FOR 2016,,"possible match (same committee, same days, different title)",https://www.govinfo.gov/content/pkg/CHRG-114hhrg96876/html/CHRG-114hhrg96876.htm
2015-03-17,114,house,hsap00,Committee on Appropriations,"Subcommittee on Agriculture, Rural Development, Food and Drug","AGRICULTURE, RURAL DEVELOPMENT, FOOD AND DRUG ADMINISTRATION, AND RELATED AGENCIES APPROPRIATIONS FOR 2016",,"possible match (same committee, same days, different title)",https://www.govinfo.gov/content/pkg/CHRG-114hhrg97958/html/CHRG-114hhrg97958.htm
2015-03-17,114,house,hsvr00,Committee on Veterans' Affairs,Subcommittee on Economic Opportunity,A REVIEW OF HIGHER EDUCATION OPPORTUNITIES FOR THE NEWEST GENERATION OF VETERANS,,no video found,https://www.govinfo.gov/content/pkg/CHRG-114hhrg98573/html/CHRG-114hhrg98573.htm
2015-03-16,114,house,hsap00,Committee on Appropriations,Subcommittee on Financial Services and General Government,FINANCIAL SERVICES AND GENERAL GOVERNMENT APPROPRIATIONS FOR 2016,,"possible match (same committee, same days, different title)",https://www.govinfo.gov/content/pkg/CHRG-114hhrg97155/html/CHRG-114hhrg97155.htm
2015-03-16,114,house,hsvr00,Committee on Veterans' Affairs,,POWER OF LEGISLATIVE INQUIRY_IMPROVING VA BY IMPROVING TRANSPARENCY,,no video found,https://www.govinfo.gov/content/pkg/CHRG-114hhrg98572/html/CHRG-114hhrg98572.htm
2015-03-06,114,house,hlzi00,Select Committee on the Events Surrounding the 2012 Terrorist Attack in Benghazi,,INTERVIEWS OF WITNESSES BEFORE THE SELECT COMMITTEE ON THE EVENTS SURROUNDING THE 2012 TERRORIST ATTACK IN BENGHAZI - VOLUME 3,,no video found,https://www.govinfo.gov/content/pkg/CHRG-114hhrg22233/html/CHRG-114hhrg22233.htm
2015-03-04,114,house,hsha00,Committee on House Administration,,"MARKUP OF H. RES. 132, OMNIBUS RESOLUTION FOR COMMITTEE FUNDING IN THE 114TH CONGRESS; COMMITTEE RES. 114-6, LIMITATION ON ALLOCATION OF FRANKED MAIL; H.R. 195, ELECTION ASSISTANCE COMMISSION TERMINATION ACT; AND H.R. 412, TO REDUCE FEDERAL SPENDING AND THE DEFICIT BY TERMINATING TAXPAYER FINANCING OF PRESIDENTIAL ELECTION CAMPAIGNS",,no video found,https://www.govinfo.gov/content/pkg/CHRG-114hhrg93826/html/CHRG-114hhrg93826.htm
2015-03-04,114,house,hsas00,Committee on Armed Services,,"[H.A.S.C. No. 114-17] U.S. POLICY, STRATEGY, AND POSTURE IN AFGHANISTAN: POST-2014 TRANSITION, RISKS, AND LESSONS LEARNED",,"possible match (same committee, same days, different title)",https://www.govinfo.gov/content/pkg/CHRG-114hhrg94219/html/CHRG-114hhrg94219.htm
2015-03-04,114,house,hshm00,Committee on Homeland Security,"Subcommittee on Cybersecurity, Infrastructure Protection, and Security Technologies",INDUSTRY PERSPECTIVES ON THE PRESIDENT'S CYBERSECURITY INFORMATION-SHARING PRO- POSAL,,"possible match (same committee, same days, different title)",https://www.govinfo.gov/content/pkg/CHRG-114hhrg94578/html/CHRG-114hhrg94578.htm
2015-03-04,114,house,hsgo00,Committee on Oversight and Government Reform,,"U.S. SECRET SERVICE: ACCOUNTABILITY FOR MARCH 4, 2015 INCIDENT",,"possible match (same committee, same days, different title)",https://www.govinfo.gov/content/pkg/CHRG-114hhrg95421/html/CHRG-114hhrg95421.htm
2015-03-04,114,house,hsap00,Committee on Appropriations,,ENERGY AND WATER DEVELOPMENT APPROPRIATIONS FOR 2016,,"possible match (same committee, same days, different title)",https://www.govinfo.gov/content/pkg/CHRG-114hhrg96878/html/CHRG-114hhrg96878.htm
2015-03-04,114,house,hsap00,Committee on Appropriations,,"MILITARY CONSTRUCTION, VETERANS AFFAIRS, AND RELATED AGENCIES APPROPRIATIONS FOR 2016",,"possible match (same committee, same days, different title)",https://www.govinfo.gov/content/pkg/CHRG-114hhrg97454/html/CHRG-114hhrg97454.htm
2015-03-03,114,house,hsas00,Committee on Armed Services,Subcommittee on Readiness Hearing,[H.A.S.C. No. 114-16] HEARING ON NATIONAL DEFENSE AUTHORIZATION ACT FOR FISCAL YEAR 2016 AND OVERSIGHT OF PREVIOUSLY AUTHORIZED PROGRAMS BEFORE THE COMMITTEE ON ARMED SERVICES HOUSE OF REPRESENTATIVES ONE HUNDRED FOURTEENTH CONGRESS FIRST SESSION,,"possible match (same committee, same days, different title)",https://www.govinfo.gov/content/pkg/CHRG-114hhrg94218/html/CHRG-114hhrg94218.htm
2015-03-03,114,house,hsap00,Committee on Appropriations,,"INTERIOR, ENVIRONMENT, AND RELATED AGENCIES APPROPRIATIONS FOR 2016",,"possible match (same committee, same days, different title)",https://www.govinfo.gov/content/pkg/CHRG-114hhrg94693/html/CHRG-114hhrg94693.htm
2015-03-03,114,house,hsba00,Committee on Financial Services,,THE SEMI-ANNUAL REPORT OF THE BUREAU OF CONSUMER FINANCIAL PROTECTION,,"possible match (same committee, same days, different title)",https://www.govinfo.gov/content/pkg/CHRG-114hhrg95050/html/CHRG-114hhrg95050.htm
2015-03-03,114,house,hsap00,Committee on Appropriations,"Subcommittee on Commerce, Justice, Science, and Related Agencies","COMMERCE, JUSTICE, SCIENCE, AND RELATED AGENCIES APPROPRIATIONS FOR 2016",,"possible match (same committee, same days, different title)",https://www.govinfo.gov/content/pkg/CHRG-114hhrg96070/html/CHRG-114hhrg96070.htm
2015-03-03,114,house,hsap00,Committee on Appropriations,,"MILITARY CONSTRUCTION, VETERANS AFFAIRS, AND RELATED AGENCIES FOR 2016",,"possible match (same committee, same days, different title)",https://www.govinfo.gov/content/pkg/CHRG-114hhrg97381/html/CHRG-114hhrg97381.htm
2015-03-02,114,house,hsju00,Committee on the Judiciary,"Subcommittee on Regulatory Reform, Commercial and Antitrust Law",THE RAPID ACT; THE SUNSHINE FOR REGULATORY DECREES AND SETTLEMENTS ACT OF 2015; AND THE SCRUB ACT OF 2015,,"possible match (same committee, same days, different title)",https://www.govinfo.gov/content/pkg/CHRG-114hhrg93599/html/CHRG-114hhrg93599.htm
2015-02-27,114,house,hsju00,Committee on the Judiciary,Subcommittee on the Constitution and Civil Justice,STATE OF CLASS ACTIONS TEN YEARS AFTER THE ENACTMENT OF THE CLASS ACTION FAIRNESS ACT,,"possible match (same committee, same days, different title)",https://www.govinfo.gov/content/pkg/CHRG-114hhrg93530/html/CHRG-114hhrg93530.htm
2015-02-27,114,house,hssy00,"Committee on Science, Space, and Technology",,THE COMMERCIAL CREW PROGRAM: CHALLENGES AND OPPORTUNITIES,,no video found,https://www.govinfo.gov/content/pkg/CHRG-114hhrg93887/html/CHRG-114hhrg93887.htm
2015-02-26,114,house,hsju00,Committee on the Judiciary,"Subcommittee on Crime, Terrorism, Homeland Security, and Investigations",ISIL IN AMERICA: DOMESTIC TERROR AND RADICALIZATION,,"possible match (same committee, same days, different title)",https://www.govinfo.gov/content/pkg/CHRG-114hhrg93527/html/CHRG-114hhrg93527.htm
2015-02-26,114,house,hsju00,Committee on the Judiciary,,U.S. COPYRIGHT OFFICE: ITS FUNCTIONS AND RESOURCES,,"possible match (same committee, same days, different title)",https://www.govinfo.gov/content/pkg/CHRG-114hhrg93529/html/CHRG-114hhrg93529.htm
2015-02-26,114,house,hssy00,"Committee on Science, Space, and Technology",,AN OVERVIEW OF THE BUDGET PROPOSALS FOR THE NATIONAL SCIENCE FOUNDATION AND NATIONAL INSTITUTE OF STANDARDS AND TECHNOLOGY FOR FISCAL YEAR 2016,,no video found,https://www.govinfo.gov/content/pkg/CHRG-114hhrg93886/html/CHRG-114hhrg93886.htm
2015-02-26,114,house,hshm00,Committee on Homeland Security,Subcommittee on Oversight and Management Efficiency,ASSESSING DHS'S PERFORMANCE: WATCHDOG RECOMMENDATIONS TO IMPROVE HOMELAND SECURITY,,"possible match (same committee, same days, different title)",https://www.govinfo.gov/content/pkg/CHRG-114hhrg94109/html/CHRG-114hhrg94109.htm
2015-02-26,114,house,hshm00,Committee on Homeland Security,Subcommittee on Counterterrorism and Intelligence,"ADDRESSING REMAINING GAPS IN FEDERAL, STATE, AND LOCAL INFORMATION SHARING",,"possible match (same committee, same days, different title)",https://www.govinfo.gov/content/pkg/CHRG-114hhrg94110/html/CHRG-114hhrg94110.htm
2015-02-26,114,house,hsba00,Committee on Financial Services,Subcommittee on Housing and Insurance,THE FUTURE OF HOUSING IN AMERICA: OVERSIGHT OF THE FEDERAL HOUSING ADMINISTRATION--PART II,,"possible match (same committee, same days, different title)",https://www.govinfo.gov/content/pkg/CHRG-114hhrg95049/html/CHRG-114hhrg95049.htm
2015-02-26,114,house,hsap00,Committee on Appropriations,Subcommittee on Energy and Water Development,ENERGY AND WATER DEVELOPMENT APPROPRIATIONS FOR 2016,,"possible match (same committee, same days, different title)",https://www.govinfo.gov/content/pkg/CHRG-114hhrg96877/html/CHRG-114hhrg96877.htm
2015-02-25,114,house,hswm00,Committee on Ways and Means,Subcommittee on Social Security,MAINTAINING THE DISABILITY INSURANCE TRUST FUND'S SOLVENCY,,no video found,https://www.govinfo.gov/content/pkg/CHRG-114hhrg21288/html/CHRG-114hhrg21288.htm
2015-02-25,114,house,hsfa00,Committee on Foreign Affairs,,ADVANCING U.S. INTERESTS IN A TROUBLED WORLD: THE FY 2016 FOREIGN AFFAIRS BUDGET,,"possible match (same committee, same days, different title)",https://www.govinfo.gov/content/pkg/CHRG-114hhrg93532/html/CHRG-114hhrg93532.htm
2015-02-25,114,house,hssy00,"Committee on Science, Space, and Technology",,AN OVERVIEW OF THE BUDGET PROPOSAL FOR THE DEPARTMENT OF ENERGY FOR FISCAL YEAR 2016,,"possible match (same committee, same days, different title)",https://www.govinfo.gov/content/pkg/CHRG-114hhrg93885/html/CHRG-114hhrg93885.htm
2015-02-25,114,house,hsag00,Committee on Agriculture,,SUPPLEMENTAL NUTRITION ASSISTANCE PROGRAM,,no video found,https://www.govinfo.gov/content/pkg/CHRG-114hhrg93961/html/CHRG-114hhrg93961.htm
2015-02-25,114,house,hsas00,Committee on Armed Services,,[H.A.S.C. No. 114-10] HEARING ON NATIONAL DEFENSE AUTHORIZATION ACT FOR FISCAL YEAR 2016 AND OVERSIGHT OF PREVIOUSLY AUTHORIZED PROGRAMS BEFORE THE COMMITTEE ON ARMED SERVICES HOUSE OF REPRESENTATIVES ONE HUNDRED FOURTEENTH CONGRESS FIRST SESSION,,"possible match (same committee, same days, different title)",https://www.govinfo.gov/content/pkg/CHRG-114hhrg94097/html/CHRG-114hhrg94097.htm
2015-02-25,114,house,hsas00,Committee on Armed Services,Subcommittee on Seapower and Projection Forces Hearing,[H.A.S.C. No. 114-11] HEARING ON NATIONAL DEFENSE AUTHORIZATION ACT FOR FISCAL YEAR 2016 AND OVERSIGHT OF PREVIOUSLY AUTHORIZED PROGRAMS BEFORE THE COMMITTEE ON ARMED SERVICES HOUSE OF REPRESENTATIVES ONE HUNDRED FOURTEENTH CONGRESS FIRST SESSION,,"possible match (same committee, same days, different title)",https://www.govinfo.gov/content/pkg/CHRG-114hhrg94098/html/CHRG-114hhrg94098.htm
2015-02-25,114,house,hsap00,Committee on Appropriations,,LEGISLATIVE BRANCH APPROPRIATIONS FOR 2016,,"possible match (same committee, same days, different title)",https://www.govinfo.gov/content/pkg/CHRG-114hhrg94245/html/CHRG-114hhrg94245.htm
2015-02-25,114,house,hsap00,Committee on Appropriations,,"DEPARTMENTS OF TRANSPORTATION, AND HOUSING AND URBAN DEVELOPMENT, AND RELATED AGENCIES APPROPRIATIONS FOR 2016",,"possible match (same committee, same days, different title)",https://www.govinfo.gov/content/pkg/CHRG-114hhrg94665/html/CHRG-114hhrg94665.htm
2015-02-25,114,house,hsap00,Committee on Appropriations,"Subcommittee on Commerce, Justice, Science, and Related Agencies","COMMERCE, JUSTICE, SCIENCE, AND RELATED AGENCIES APPROPRIATIONS FOR 2016",,"possible match (same committee, same days, different title)",https://www.govinfo.gov/content/pkg/CHRG-114hhrg96083/html/CHRG-114hhrg96083.htm
2015-02-25,114,house,hsap00,Committee on Appropriations,Subcommittee on Financial Services and General Government,FINANCIAL SERVICES AND GENERAL GOVERNMENT APPROPRIATIONS FOR 2016,,"possible match (same committee, same days, different title)",https://www.govinfo.gov/content/pkg/CHRG-114hhrg96927/html/CHRG-114hhrg96927.htm
2015-02-25,114,house,hsap00,Committee on Appropriations,"Subcommittee on Agriculture, Rural Development, Food and Drug","AGRICULTURE, RURAL DEVELOPMENT, FOOD AND DRUG ADMINISTRATION, AND RELATED AGENCIES APPROPRIATIONS FOR 2016 Wednesday, February 25, 2015.",,"possible match (same committee, same days, different title)",https://www.govinfo.gov/content/pkg/CHRG-114hhrg96947/html/CHRG-114hhrg96947.htm
2015-02-25,114,joint,jcse00,Commission on Security and Cooperation in Europe (U.S. Helsinki Commission),,SERBIA'S LEADERSHIP OF THE OSCE,,no video found,https://www.govinfo.gov/content/pkg/CHRG-114jhrg94130/html/CHRG-114jhrg94130.htm
2015-02-13,114,house,hsas00,Committee on Armed Services,,"[H.A.S.C. No. 114-9] WHAT IS THE STATE OF ISLAMIC EXTREMISM: KEY TRENDS, CHALLENGES, AND IMPLICATIONS FOR U.S. POLICY",,"possible match (same committee, same days, different title)",https://www.govinfo.gov/content/pkg/CHRG-114hhrg94096/html/CHRG-114hhrg94096.htm
2015-02-13,114,house,hsap00,Committee on Appropriations,"Subcommittee on Agriculture, Rural Development, Food and","AGRICULTURE, RURAL DEVELOPMENT, FOOD AND DRUG ADMINISTRATION, AND RELATED AGENCIES APPROPRIATIONS FOR 2016",,"possible match (same committee, same days, different title)",https://www.govinfo.gov/content/pkg/CHRG-114hhrg95352/html/CHRG-114hhrg95352.htm
2015-02-12,114,house,hsju00,Committee on the Judiciary,"Subcommittee on Regulatory Reform, Commercial and Antitrust Law",CONSUMERS SHORTCHANGED? OVERSIGHT OF THE JUSTICE DEPARTMENT'S MORTGAGE LENDING SETTLEMENTS,,"possible match (same committee, same days, different title)",https://www.govinfo.gov/content/pkg/CHRG-114hhrg93280/html/CHRG-114hhrg93280.htm
2015-02-12,114,house,hsju00,Committee on the Judiciary,"Subcommittee on Courts, Intellectual Property, and the Internet",EXAMINING RECENT SUPREME COURT CASES IN THE PATENT ARENA,,"possible match (same committee, same days, different title)",https://www.govinfo.gov/content/pkg/CHRG-114hhrg93281/html/CHRG-114hhrg93281.htm
2015-02-12,114,house,hsfa00,Committee on Foreign Affairs,"Subcommittee on Europe, Eurasia, and Emerging Threats","AZERBAIJAN: U.S. ENERGY, SECURITY, AND HUMAN RIGHTS INTERESTS",,"possible match (same committee, same days, different title)",https://www.govinfo.gov/content/pkg/CHRG-114hhrg93285/html/CHRG-114hhrg93285.htm
2015-02-12,114,house,hsfa00,Committee on Foreign Affairs,"Subcommittee on the Middle East and North Africa; Subcommittee on Africa, Global Health, Global Human Rights, and International Organizations",THE SYRIAN HUMANITARIAN CRISIS: FOUR YEARS LATER AND NO END IN SIGHT,,"possible match (same committee, same days, different title)",https://www.govinfo.gov/content/pkg/CHRG-114hhrg93286/html/CHRG-114hhrg93286.htm
2015-02-12,114,house,hssm00,Committee on Small Business,,ORGANIZATIONAL MEETING AND SBA VIEWS AND ESTIMATES FOR THE 114TH CONGRESS,,"possible match (same committee, same days, different title)",https://www.govinfo.gov/content/pkg/CHRG-114hhrg93465/html/CHRG-114hhrg93465.htm
2015-02-12,114,house,hssy00,"Committee on Science, Space, and Technology",,BRIDGING THE GAP: AMERICA'S WEATHER SATELLITES AND WEATHER FORECASTING,,no video found,https://www.govinfo.gov/content/pkg/CHRG-114hhrg93883/html/CHRG-114hhrg93883.htm
2015-02-12,114,house,hssy00,"Committee on Science, Space, and Technology",,CAN AMERICANS TRUST THE PRIVACY AND SECURITY OF THEIR INFORMATION ON HEALTHCARE.GOV?,,no video found,https://www.govinfo.gov/content/pkg/CHRG-114hhrg93884/html/CHRG-114hhrg93884.htm
2015-02-12,114,house,hsag00,Committee on Agriculture,,HEARING TO REVIEW THE 2015 AGENDA FOR THE COMMODITY FUTURES TRADING COMMISSION,,"possible match (same committee, same days, different title)",https://www.govinfo.gov/content/pkg/CHRG-114hhrg93960/html/CHRG-114hhrg93960.htm
2015-02-12,114,house,hshm00,Committee on Homeland Security,"Subcommittee on Cybersecurity, Infrastructure Protection, and Security Technologies",EMERGING THREATS AND TECHNOLOGIES TO PROTECT THE HOMELAND,,"possible match (same committee, same days, different title)",https://www.govinfo.gov/content/pkg/CHRG-114hhrg94107/html/CHRG-114hhrg94107.htm
2015-02-12,114,house,hsvr00,Committee on Veterans' Affairs,Subcommittee on Economic Opportunity,A REVIEW OF THE PRESIDENT'S FISCAL YEAR 2016 BUDGET REQUEST FOR THE DEPARTMENT OF LABOR'S VETERAN EMPLOYMENT AND TRAINING SERVICE (VETS),,no video found,https://www.govinfo.gov/content/pkg/CHRG-114hhrg98571/html/CHRG-114hhrg98571.htm
2015-02-11,114,house,hswm00,Committee on Ways and Means,Subcommittee on Human Resources,FIRST HEARING IN SERIES ON MOVING AMERICA'S FAMILIES FORWARD,,no video found,https://www.govinfo.gov/content/pkg/CHRG-114hhrg21281/html/CHRG-114hhrg21281.htm
2015-02-11,114,house,hswm00,Committee on Ways and Means,Subcommittee on Oversight,PROTECTING SMALL BUSINESS FROM IRS ABUSE,,no video found,https://www.govinfo.gov/content/pkg/CHRG-114hhrg22102/html/CHRG-114hhrg22102.htm
2015-02-11,114,house,hsha00,Committee on House Administration,,COMMITTEE FUNDING FOR THE 114TH CONGRESS (PART TWO),,no video found,https://www.govinfo.gov/content/pkg/CHRG-114hhrg93561/html/CHRG-114hhrg93561.htm
2015-02-11,114,house,hsas00,Committee on Armed Services,Subcommittee on Military Personnel,[H.A.S.C. No. 114-7] FINAL RECOMMENDATIONS FROM THE MILITARY COMPENSATION AND RETIRE- MENT MODERNIZATION COMMISSION,,"possible match (same committee, same days, different title)",https://www.govinfo.gov/content/pkg/CHRG-114hhrg94094/html/CHRG-114hhrg94094.htm
2015-02-11,114,house,hsap00,Committee on Appropriations,,"DEPARTMENT OF THE INTERIOR, ENVIRONMENT, AND RELATED AGENCIES APPROPRIATIONS FOR 2016",,"possible match (same committee, same days, different title)",https://www.govinfo.gov/content/pkg/CHRG-114hhrg94523/html/CHRG-114hhrg94523.htm
2015-02-11,114,house,hsba00,Committee on Financial Services,,THE FUTURE OF HOUSING IN AMERICA: OVERSIGHT OF THE FEDERAL HOUSING ADMINISTRATION,,"possible match (same committee, same days, different title)",https://www.govinfo.gov/content/pkg/CHRG-114hhrg95047/html/CHRG-114hhrg95047.htm
2015-02-11,114,house,hsif00,Committee on Energy and Commerce,Subcommittee on Energy and Power,THE FISCAL YEAR 2016 DEPARTMENT OF ENERGY BUDGET,,"possible match (same committee, same days, different title)",https://www.govinfo.gov/content/pkg/CHRG-114hhrg95232/html/CHRG-114hhrg95232.htm
2015-02-11,114,house,hsap00,Committee on Appropriations,Subcommittee on Energy and Water Development,ENERGY AND WATER DEVELOPMENT APPROPRIATIONS FOR 2016,,"possible match (same committee, same days, different title)",https://www.govinfo.gov/content/pkg/CHRG-114hhrg96875/html/CHRG-114hhrg96875.htm
2015-02-11,114,house,hsap00,Committee on Appropriations,"Subcommittee on State, Foreign Operations, and Related Programs","STATE, FOREIGN OPERATIONS, AND RELATED PROGRAMS APPROPRIATIONS FOR 2016",,"possible match (same committee, same days, different title)",https://www.govinfo.gov/content/pkg/CHRG-114hhrg97414/html/CHRG-114hhrg97414.htm
2015-02-11,114,house,hsvr00,Committee on Veterans' Affairs,,U.S. DEPARTMENT OF VETERANS AFFAIRS BUDGET REQUEST FOR FISCAL YEAR 2016,102892,no video found,https://www.govinfo.gov/content/pkg/CHRG-114hhrg98570/html/CHRG-114hhrg98570.htm
2015-02-11,114,house,hsvr00,Committee on Veterans' Affairs,,U.S. DEPARTMENT OF VETERANS AFFAIRS BUDGET REQUEST FOR FISCAL YEAR,,no video found,https://www.govinfo.gov/content/pkg/CHRG-114hhrg99633/html/CHRG-114hhrg99633.htm
2015-02-10,114,house,hsvr00,Committee on Veterans' Affairs,,AN EXAMINATION OF WASTE AND ABUSE ASSOCIATED WITH VA'S MANAGEMENT OF LAND-USE AGREEMENTS,,no video found,https://www.govinfo.gov/content/pkg/CHRG-114hhrg98569/html/CHRG-114hhrg98569.htm
2015-02-04,114,house,hsju00,Committee on the Judiciary,Subcommittee on Immigration and Border Security,HEARING ON THE LEGAL WORKFORCE ACT,,no video found,https://www.govinfo.gov/content/pkg/CHRG-114hhrg93081/html/CHRG-114hhrg93081.htm
2015-02-04,114,house,hsju00,Committee on the Judiciary,"Subcommittee on Regulatory Reform, Commercial and Antitrust Law",FURTHERING ASBESTOS CLAIM TRANSPARENCY (FACT) ACT OF 2015,,no video found,https://www.govinfo.gov/content/pkg/CHRG-114hhrg93082/html/CHRG-114hhrg93082.htm
2015-02-04,114,house,hsha00,Committee on House Administration,,COMMITTEE FUNDING FOR THE 114TH CONGRESS (PART ONE),,no video found,https://www.govinfo.gov/content/pkg/CHRG-114hhrg93363/html/CHRG-114hhrg93363.htm
2015-02-04,114,house,hsas00,Committee on Armed Services,,[H.A.S.C. No. 114-5] FINAL RECOMMENDATIONS FROM THE MILITARY COMPENSATION AND RETIRE- MENT MODERNIZATION COMMISSION,,"possible match (same committee, same days, different title)",https://www.govinfo.gov/content/pkg/CHRG-114hhrg94092/html/CHRG-114hhrg94092.htm
2015-02-04,114,house,hsba00,Committee on Financial Services,Subcommittee on Oversight and Investigations,EXPLORING ALLEGED ETHICAL AND LEGAL VIOLATIONS AT THE U.S. DEPARTMENT OF HOUSING AND URBAN DEVELOPMENT,,"possible match (same committee, same days, different title)",https://www.govinfo.gov/content/pkg/CHRG-114hhrg95046/html/CHRG-114hhrg95046.htm
2015-02-03,114,house,hswm00,Committee on Ways and Means,,THE PRESIDENT'S FISCAL YEAR 2016 BUDGET PROPOSAL WITH U.S. DEPARTMENT OF THE TREASURY SECRETARY JACOB J. LEW,,"possible match (same committee, same days, different title)",https://www.govinfo.gov/content/pkg/CHRG-114hhrg22331/html/CHRG-114hhrg22331.htm
2015-02-03,114,house,hsju00,Committee on the Judiciary,,EXAMINING THE ADEQUACY AND ENFORCEMENT OF OUR NATION'S IMMIGRATION LAWS,,no video found,https://www.govinfo.gov/content/pkg/CHRG-114hhrg93080/html/CHRG-114hhrg93080.htm
2015-02-03,114,house,hssy00,"Committee on Science, Space, and Technology",,NSF'S OVERSIGHT OF THE NEON PROJECT AND OTHER MAJOR RESEARCH FACILITIES DEVELOPED UNDER COOPERATIVE AGREEMENTS,,no video found,https://www.govinfo.gov/content/pkg/CHRG-114hhrg93882/html/CHRG-114hhrg93882.htm
2015-02-03,114,house,hsas00,Committee on Armed Services,,[H.A.S.C. No. 114-3] WORLDWIDE THREATS,,"possible match (same committee, same days, different title)",https://www.govinfo.gov/content/pkg/CHRG-114hhrg94090/html/CHRG-114hhrg94090.htm
2015-02-03,114,house,hshm00,Committee on Homeland Security,Subcommittee on Transportation Security,A REVIEW OF ACCESS CONTROL MEASURES AT OUR NATION’S AIRPORTS,,"possible match (same committee, same days, different title)",https://www.govinfo.gov/content/pkg/CHRG-114hhrg94105/html/CHRG-114hhrg94105.htm
2015-01-28,114,house,hssy00,"Committee on Science, Space, and Technology",,SUPERCOMPUTING AND AMERICAN TECHNOLOGY LEADERSHIP,,no video found,https://www.govinfo.gov/content/pkg/CHRG-114hhrg93881/html/CHRG-114hhrg93881.htm
2015-01-28,114,house,hsvr00,Committee on Veterans' Affairs,Subcommittee on Health,EXAMINING THE QUALITY AND COST OF VA HEALTHCARE,102850,no video found,https://www.govinfo.gov/content/pkg/CHRG-114hhrg97996/html/CHRG-114hhrg97996.htm
2015-01-27,114,house,hswm00,Committee on Ways and Means,,U.S. TRADE POLICY AGENDA,,no video found,https://www.govinfo.gov/content/pkg/CHRG-114hhrg22228/html/CHRG-114hhrg22228.htm
2015-01-27,114,house,hsfa00,Committee on Foreign Affairs,,IRAN NUCLEAR NEGOTIATIONS AFTER THE SECOND EXTENSION: WHERE ARE THEY GOING?,,"possible match (same committee, same days, different title)",https://www.govinfo.gov/content/pkg/CHRG-114hhrg92850/html/CHRG-114hhrg92850.htm
2015-01-27,114,house,hsfa00,Committee on Foreign Affairs,"Subcommittee on Africa, Global Health, Global Human Rights, and International Organizations",NIGERIA ON THE BRINK?,,"possible match (same committee, same days, different title)",https://www.govinfo.gov/content/pkg/CHRG-114hhrg92851/html/CHRG-114hhrg92851.htm
2015-01-27,114,house,hsfa00,Committee on Foreign Affairs,"Subcommittee on Terrorism, Nonproliferation, and Trade",THE EVOLUTION OF TERRORIST PROPAGANDA: THE PARIS ATTACK AND SOCIAL MEDIA,,"possible match (same committee, same days, different title)",https://www.govinfo.gov/content/pkg/CHRG-114hhrg92852/html/CHRG-114hhrg92852.htm
2015-01-27,114,house,hsha00,Committee on House Administration,,ORGANIZATIONAL MEETING FOR THE 114TH CONGRESS: COMMITTEE RULES; OVERSIGHT PLAN; PARKING POLICY; AND RESOLUTION TO DECLARE THE ELECTRONIC REPOSITORY,,no video found,https://www.govinfo.gov/content/pkg/CHRG-114hhrg93209/html/CHRG-114hhrg93209.htm
2015-01-27,114,house,hlzi00,Select Committee on the Events Surrounding the 2012 Terrorist Attack in Benghazi,,"SELECT COMMITTEE ON THE EVENTS SURROUNDING THE 2012 TERRORIST ATTACKS IN BENGHAZI, LIBYA - HEARING 3",,no video found,https://www.govinfo.gov/content/pkg/CHRG-114hhrg93579/html/CHRG-114hhrg93579.htm
2015-01-27,114,house,hssy00,"Committee on Science, Space, and Technology",,THE EXPANDING CYBER THREAT,,no video found,https://www.govinfo.gov/content/pkg/CHRG-114hhrg93880/html/CHRG-114hhrg93880.htm
2015-01-27,114,house,hsba00,Committee on Financial Services,,SUSTAINABLE HOUSING FINANCE:. AN UPDATE FROM THE DIRECTOR. OF THE FEDERAL HOUSING. FINANCE AGENCY,,"possible match (same committee, same days, different title)",https://www.govinfo.gov/content/pkg/CHRG-114hhrg95045/html/CHRG-114hhrg95045.htm
2015-01-27,114,house,hsvr00,Committee on Veterans' Affairs,,"LEGISLATIVE HEARING ON H.R. 189, H.R. 216, H.R. 245, H.R. 280, AND H.R. 294",,no video found,https://www.govinfo.gov/content/pkg/CHRG-114hhrg97994/html/CHRG-114hhrg97994.htm
2015-01-27,114,house,hsvr00,Committee on Veterans' Affairs,Subcommittee on Economic Opportunity,A REVIEW OF THE TRANSITION ASSISTANCE PROGRAM (TAP),,no video found,https://www.govinfo.gov/content/pkg/CHRG-114hhrg97995/html/CHRG-114hhrg97995.htm
2015-01-22,114,house,hsif00,Committee on Energy and Commerce,Subcommittee on Environment and the Economy,EPA'S 2014 FINAL RULE: DISPOSAL OF COAL COMBUSTION RESIDUALS FROM ELECTRIC UTIL- ITIES,,"possible match (same committee, same days, different title)",https://www.govinfo.gov/content/pkg/CHRG-114hhrg94939/html/CHRG-114hhrg94939.htm
2015-01-22,114,house,hsvr00,Committee on Veterans' Affairs,Subcommittee on Disability Assistance and Memorial Affairs,VETERANS' DILEMMA: NAVIGATING THE APPEALS SYSTEM FOR VETERANS CLAIMS,,no video found,https://www.govinfo.gov/content/pkg/CHRG-114hhrg97993/html/CHRG-114hhrg97993.htm
2015-01-21,114,house,hssy00,"Committee on Science, Space, and Technology",,UNMANNED AIRCRAFT SYSTEMS RESEARCH AND DEVELOPMENT,,no video found,https://www.govinfo.gov/content/pkg/CHRG-114hhrg93879/html/CHRG-114hhrg93879.htm
2015-01-21,114,house,hsvr00,Committee on Veterans' Affairs,,BUILDING A BETTER VA: ASSESSING ONGOING MAJOR CONSTRUCTION MANAGEMENT PROBLEMS WITHIN THE DEPARTMENT,,no video found,https://www.govinfo.gov/content/pkg/CHRG-114hhrg97992/html/CHRG-114hhrg97992.htm
2015-01-14,114,house,hsas00,Committee on Armed Services,,[H.A.S.C. No. 114-1] COMMITTEE ORGANIZATION,,"possible match (same committee, same days, different title)",https://www.govinfo.gov/content/pkg/CHRG-114hhrg92849/html/CHRG-114hhrg92849.htm
2015-01-13,114,house,hswm00,Committee on Ways and Means,,MOVING AMERICA FORWARD: WITH A FOCUS ON ECONOMIC GROWTH,,no video found,https://www.govinfo.gov/content/pkg/CHRG-114hhrg22376/html/CHRG-114hhrg22376.htm
2015-01-13,114,house,hsfa00,Committee on Foreign Affairs,,"THE NORTH KOREAN THREAT: NUCLEAR, MISSILES AND CYBER",,"possible match (same committee, same days, different title)",https://www.govinfo.gov/content/pkg/CHRG-114hhrg92556/html/CHRG-114hhrg92556.htm
2015-01-06,114,house,hsap00,Committee on Appropriations,,"DEPARTMENTS OF TRANSPORTATION, AND HOUSING AND URBAN DEVELOPMENT, AND RELATED AGENCIES APPROPRIATIONS FOR 2017",,no video found,https://www.govinfo.gov/content/pkg/CHRG-114hhrg20054/html/CHRG-114hhrg20054.htm
2015-01-06,114,house,hsap00,Committee on Appropriations,,"COMMERCE, JUSTICE, SCIENCE, AND RELATED AGENCIES APPROPRIATIONS FOR 2017",,no video found,https://www.govinfo.gov/content/pkg/CHRG-114hhrg20502/html/CHRG-114hhrg20502.htm
2015-01-06,114,house,hsap00,Committee on Appropriations,,"AGRICULTURE, RURAL DEVELOPMENT, FOOD AND DRUG ADMINISTRATION, AND RELATED AGENCIES APPROPRIATIONS FOR 2017",,no video found,https://www.govinfo.gov/content/pkg/CHRG-114hhrg20558/html/CHRG-114hhrg20558.htm
2015-01-06,114,house,hsap00,Committee on Appropriations,Subcommittee on Energy and Water Development,ENERGY AND WATER DEVELOPMENT APPROPRIATIONS FOR 2017,,no video found,https://www.govinfo.gov/content/pkg/CHRG-114hhrg20727/html/CHRG-114hhrg20727.htm
2015-01-06,114,house,hsap00,Committee on Appropriations,,"MILITARY CONSTRUCTION, VETERANS AFFAIRS, AND RELATED AGENCIES APPROPRIATIONS FOR 2017",,no video found,https://www.govinfo.gov/content/pkg/CHRG-114hhrg20953/html/CHRG-114hhrg20953.htm
2015-01-06,114,house,hsap00,Committee on Appropriations,,"DEPARTMENTS OF LABOR, HEALTH AND HUMAN SERVICES, EDUCATION, AND RELATED AGENCIES APPROPRIATIONS FOR 2017",,no video found,https://www.govinfo.gov/content/pkg/CHRG-114hhrg21344/html/CHRG-114hhrg21344.htm
2015-01-06,114,house,hsap00,Committee on Appropriations,,"STATE, FOREIGN OPERATIONS, AND RELATED PROGRAMS APPROPRIATIONS FOR 2017",,no video found,https://www.govinfo.gov/content/pkg/CHRG-114hhrg21439/html/CHRG-114hhrg21439.htm
2014-12-17,113,joint,jcse00,Commission on Security and Cooperation in Europe (U.S. Helsinki Commission),,THE GANG: 15 YEARS ON AND STILL SILENT,,no video found,https://www.govinfo.gov/content/pkg/CHRG-113jhrg95571/html/CHRG-113jhrg95571.htm
2014-12-11,113,house,hssy00,"Committee on Science, Space, and Technology",,THE FUTURE OF NUCLEAR ENERGY,,"possible match (same committee, same days, different title)",https://www.govinfo.gov/content/pkg/CHRG-113hhrg92332/html/CHRG-113hhrg92332.htm
2014-12-11,113,house,hsvr00,Committee on Veterans' Affairs,,EVALUATING FEDERAL AND COMMUNITY EFFORTS TO ELIMINATE VETERAN HOMELESSNESS,,no video found,https://www.govinfo.gov/content/pkg/CHRG-113hhrg96139/html/CHRG-113hhrg96139.htm
2014-12-10,113,house,hsju00,Committee on the Judiciary,Subcommittee on Immigration and Border Security,IMPACT ON LOCAL COMMUNITIES OF THE RELEASE OF UNACCOMPANIED ALIEN MINORS AND THE NEED FOR CONSULTATION AND NOTIFICATION,,no video found,https://www.govinfo.gov/content/pkg/CHRG-113hhrg91742/html/CHRG-113hhrg91742.htm
2014-12-10,113,house,hsfa00,Committee on Foreign Affairs,,COUNTERING ISIS: ARE WE MAKING PROGRESS?,,"possible match (same committee, same days, different title)",https://www.govinfo.gov/content/pkg/CHRG-113hhrg91843/html/CHRG-113hhrg91843.htm
2014-12-10,113,house,hsfa00,Committee on Foreign Affairs,"Subcommittee on Europe, Eurasia, and Emerging Threats",THE UNITED STATES AS AN ARCTIC NATION: OPPORTUNITIES IN THE HIGH NORTH,,"possible match (same committee, same days, different title)",https://www.govinfo.gov/content/pkg/CHRG-113hhrg91844/html/CHRG-113hhrg91844.htm
2014-12-10,113,house,hsfa00,Committee on Foreign Affairs,Subcommittee on the Middle East and North Africa; Subcommittee on Asia and the Pacific,AFTER THE WITHDRAWAL: THE WAY FORWARD IN AFGHANISTAN AND PAKISTAN (PART III),,"possible match (same committee, same days, different title)",https://www.govinfo.gov/content/pkg/CHRG-113hhrg91845/html/CHRG-113hhrg91845.htm
2014-12-10,113,house,hssy00,"Committee on Science, Space, and Technology",,AN UPDATE ON THE SPACE LAUNCH SYSTEM AND ORION: MONITORING THE DEVELOPMENT OF THE NATION'S DEEP SPACE EXPLORATION CAPABILITIES,,"possible match (same committee, same days, different title)",https://www.govinfo.gov/content/pkg/CHRG-113hhrg92331/html/CHRG-113hhrg92331.htm
2014-12-10,113,house,,Select Committee on the Events Surrounding the 2012 Terrorist Attack in Benghazi,,"SELECT COMMITTEE ON THE EVENTS SURROUNDING THE 2012 TERRORIST ATTACKS IN BENGHAZI, LIBYA - HEARING 2",,committee not tracked,https://www.govinfo.gov/content/pkg/CHRG-113hhrg92592/html/CHRG-113hhrg92592.htm
2014-12-10,113,house,hsgo00,Committee on Oversight and Government Reform,"Subcommittee on Energy Policy, Health Care & Entitlements,",EXAMINING EPA’S MANAGEMENT OF THE RENEWABLE FUEL STANDARD PROGRAM,,"possible match (same committee, same days, different title)",https://www.govinfo.gov/content/pkg/CHRG-113hhrg93667/html/CHRG-113hhrg93667.htm
2014-12-09,113,house,hsvr00,Committee on Veterans' Affairs,Subcommittee on Disability Assistance and Memorial Affairs,TIMELESS HONOR: REVIEWING CURRENT OPERATIONS OF OUR NATIONAL CEMETERIES,,no video found,https://www.govinfo.gov/content/pkg/CHRG-113hhrg96138/html/CHRG-113hhrg96138.htm
2014-12-04,113,house,hsii00,Committee on Natural Resources,"Subcommittee on Fisheries, Wildlife, Oceans and Insular Affairs","H.R. 3099, ``GULF OF MEXICO RED SNAPPER CONSERVATION ACT OF 2013''",,no video found,https://www.govinfo.gov/content/pkg/CHRG-113hhrg91743/html/CHRG-113hhrg91743.htm
2014-12-03,113,house,hsju00,Committee on the Judiciary,"Subcommittee on Courts, Intellectual Property, and the Internet",SUNSHINE IN THE COURTROOM ACT OF 2013,,"possible match (same committee, same days, different title)",https://www.govinfo.gov/content/pkg/CHRG-113hhrg91546/html/CHRG-113hhrg91546.htm
2014-12-03,113,house,hssy00,"Committee on Science, Space, and Technology",,REVIEW OF THE RESULTS OF TWO AUDITS OF THE NATIONAL ECOLOGICAL OBSERVATORY NETWORK,,"possible match (same committee, same days, different title)",https://www.govinfo.gov/content/pkg/CHRG-113hhrg92330/html/CHRG-113hhrg92330.htm
2014-12-03,113,house,hsgo00,Committee on Oversight and Government Reform,,TRANSFORMING FEDERAL SPENDING: IMPLE- MENTING THE DIGITAL ACCOUNTABILITY AND TRANSPARENCY ACT,,"possible match (same committee, same days, different title)",https://www.govinfo.gov/content/pkg/CHRG-113hhrg93835/html/CHRG-113hhrg93835.htm
2014-12-03,113,house,hsvr00,Committee on Veterans' Affairs,Subcommittee on Health,VA'S CAREGIVER PROGRAM: ASSESSING CURRENT PROSPECTS AND FUTURE POSSIBILITIES,,no video found,https://www.govinfo.gov/content/pkg/CHRG-113hhrg96137/html/CHRG-113hhrg96137.htm
2014-12-02,113,house,hsas00,Committee on Armed Services,,[H.A.S.C. No. 113-130] NATIONAL DEFENSE PANEL ASSESSMENT OF THE 2014 QUADRENNIAL DEFENSE REVIEW,,no video found,https://www.govinfo.gov/content/pkg/CHRG-113hhrg91815/html/CHRG-113hhrg91815.htm
2014-12-02,113,house,hsas00,Committee on Armed Services,Subcommittee on Seapower and Projection Forces,THE ROLE OF MARITIME AND AIR POWER IN DOD'S THIRD OFFSET STRATEGY,,no video found,https://www.govinfo.gov/content/pkg/CHRG-113hhrg91816/html/CHRG-113hhrg91816.htm
2014-12-02,113,house,hshm00,Committee on Homeland Security,,OPEN BORDERS: THE IMPACT OF PRESIDENTIAL AMNESTY ON BORDER SECURITY,,"possible match (same committee, same days, different title)",https://www.govinfo.gov/content/pkg/CHRG-113hhrg93649/html/CHRG-113hhrg93649.htm
2014-11-21,113,house,hshm00,Committee on Homeland Security,Subcommittee on Oversight and Management Efficiency,EMERGENCY PREPAREDNESS: ARE WE READY FOR A 21ST CENTURY HUGO?,,no video found,https://www.govinfo.gov/content/pkg/CHRG-113hhrg93648/html/CHRG-113hhrg93648.htm
2014-11-20,113,house,hsfa00,Committee on Foreign Affairs,Subcommittee on the Middle East and North Africa,EXAMINING WHAT A NUCLEAR IRAN DEAL MEANS FOR GLOBAL SECURITY,,"possible match (same committee, same days, different title)",https://www.govinfo.gov/content/pkg/CHRG-113hhrg91459/html/CHRG-113hhrg91459.htm
2014-11-20,113,house,hsii00,Committee on Natural Resources,"Subcommittee on Fisheries, Wildlife, Oceans and Insular Affairs",IS THE MIDWAY ATOLL NATIONAL WILDLIFE REFUGE BEING PROPERLY MANAGED?,,"possible match (same committee, same days, different title)",https://www.govinfo.gov/content/pkg/CHRG-113hhrg91523/html/CHRG-113hhrg91523.htm
2014-11-20,113,house,hsvr00,Committee on Veterans' Affairs,Subcommittee on Disability Assistance and Memorial Affairs,FILIPINO VETERANS EQUITY COMPENSATION FUND: INQUIRY INTO THE ADEQUACY OF PROCESS IN VERIFYING ELIGIBILITY,,no video found,https://www.govinfo.gov/content/pkg/CHRG-113hhrg96136/html/CHRG-113hhrg96136.htm
2014-11-19,113,house,hsju00,Committee on the Judiciary,"Subcommittee on Courts, Intellectual Property, and the Internet",COPYRIGHT ISSUES IN EDUCATION AND FOR THE VISUALLY IMPAIRED,,"possible match (same committee, same days, different title)",https://www.govinfo.gov/content/pkg/CHRG-113hhrg91317/html/CHRG-113hhrg91317.htm
2014-11-19,113,house,hsfa00,Committee on Foreign Affairs,Subcommittee on the Middle East and North Africa,UNITED STATES-JORDAN DEFENSE COOPERATION ACT OF 2014,,"possible match (same committee, same days, different title)",https://www.govinfo.gov/content/pkg/CHRG-113hhrg91456/html/CHRG-113hhrg91456.htm
2014-11-19,113,house,hsas00,Committee on Armed Services,Subcommittee on Military Personnel,[H.A.S.C. No. 113-129] RELIGIOUS ACCOMMODATIONS IN THE ARMED SERVICES,,no video found,https://www.govinfo.gov/content/pkg/CHRG-113hhrg91814/html/CHRG-113hhrg91814.htm
2014-11-19,113,house,hssy00,"Committee on Science, Space, and Technology",Subcommittee on Oversight,THE ROLE OF THE WHITE HOUSE CHIEF TECHNOLOGY OFFICER IN THE HEALTHCARE.GOV WEBSITE DEBACLE,,"possible match (same committee, same days, different title)",https://www.govinfo.gov/content/pkg/CHRG-113hhrg92329/html/CHRG-113hhrg92329.htm
2014-11-19,113,house,hsba00,Committee on Financial Services,Subcommittee on Housing and Insurance,OPPORTUNITIES FOR A PRIVATE AND COMPETITIVE SUSTAINABLE FLOOD INSURANCE MARKET,,"possible match (same committee, same days, different title)",https://www.govinfo.gov/content/pkg/CHRG-113hhrg92876/html/CHRG-113hhrg92876.htm
2014-11-19,113,house,hsvr00,Committee on Veterans' Affairs,Subcommittee on Economic Opportunity,THE ROLE OF THE STATE APPROVING AGENCIES IN ENSURING QUALITY EDUCATION PROGRAMS FOR VETERANS,,no video found,https://www.govinfo.gov/content/pkg/CHRG-113hhrg96134/html/CHRG-113hhrg96134.htm
2014-11-19,113,house,hsvr00,Committee on Veterans' Affairs,Subcommittee on Health,"LEGISLATIVE HEARING ON H.R. 4720, THE MEDAL OF HONOR PRIORITY CARE ACT; H.R. 4887, THE EXPANDING CARE FOR VETERANS ACT; H.R. 4977, THE COVER (CREATING OPTIONS FOR VETERANS EXPEDITED RECOVERY ACT); H.R. 5059, THE CLAY HUNT SUICIDE PREVENTION FOR AMERICAN VETERANS ACT; H.R. 5475, TO IMPROVE THE CARE PROVIDED BY VA TO NEWBORN CHILDREN; H.R. 5484, THE TOXIC EXPOSURE RESEARCH ACT; AND H.R. 5686, THE PHYSICIAN AMBASSADORS HELPING VETERANS ACT",,no video found,https://www.govinfo.gov/content/pkg/CHRG-113hhrg96135/html/CHRG-113hhrg96135.htm
2014-11-19,113,joint,jcse00,Commission on Security and Cooperation in Europe (U.S. Helsinki Commission),,COMBATING CORRUPTION IN THE OSCE REGION: THE LINK BETWEEN SECURITY AND GOOD GOVERNANCE,,no video found,https://www.govinfo.gov/content/pkg/CHRG-113jhrg95572/html/CHRG-113jhrg95572.htm
2014-11-18,113,house,hsfa00,Committee on Foreign Affairs,"Subcommittee on Africa, Global Health, Global Human Rights, and International Organizations",FIGHTING EBOLA: A GROUND-LEVEL VIEW,,"possible match (same committee, same days, different title)",https://www.govinfo.gov/content/pkg/CHRG-113hhrg91452/html/CHRG-113hhrg91452.htm
2014-11-18,113,house,hsfa00,Committee on Foreign Affairs,"Subcommittee on Terrorism, Nonproliferation, and Trade",IRANIAN NUCLEAR TALKS: NEGOTIATING A BAD DEAL?,,"possible match (same committee, same days, different title)",https://www.govinfo.gov/content/pkg/CHRG-113hhrg91453/html/CHRG-113hhrg91453.htm
2014-11-18,113,house,hsfa00,Committee on Foreign Affairs,Subcommittee on the Western Hemisphere,UNACCOMPANIED ALIEN CHILDREN: PRESSING THE ADMINISTRATION FOR A STRATEGY,,"possible match (same committee, same days, different title)",https://www.govinfo.gov/content/pkg/CHRG-113hhrg91454/html/CHRG-113hhrg91454.htm
2014-11-18,113,house,hsba00,Committee on Financial Services,Subcommittee on Housing and Insurance,"THE IMPACT OF INTERNATIONAL REGULATORY STANDARDS ON THE COMPETITIVENESS OF U.S. INSURERS, PART II",,"possible match (same committee, same days, different title)",https://www.govinfo.gov/content/pkg/CHRG-113hhrg92875/html/CHRG-113hhrg92875.htm
2014-11-18,113,house,hsvr00,Committee on Veterans' Affairs,,VA'S LONGSTANDING INFORMATION SECURITY WEAKNESSES CONTINUE TO ALLOW EXTENSIVE DATA MANIPULATION,,no video found,https://www.govinfo.gov/content/pkg/CHRG-113hhrg96133/html/CHRG-113hhrg96133.htm
2014-11-14,113,joint,jcse00,Commission on Security and Cooperation in Europe (U.S. Helsinki Commission),,Ukraine’s Pivotal Parliamentary Poll,,no video found,https://www.govinfo.gov/content/pkg/CHRG-113jhrg95573/html/CHRG-113jhrg95573.htm
2014-11-13,113,house,hsas00,Committee on Armed Services,,[H.A.S.C. No. 113-127] THE ADMINISTRATION'S STRATEGY AND MILITARY CAMPAIGN AGAINST ISLAMIC STATE IN IRAQ AND THE LEVANT,,no video found,https://www.govinfo.gov/content/pkg/CHRG-113hhrg91812/html/CHRG-113hhrg91812.htm
2014-11-13,113,house,hsas00,Committee on Armed Services,Subcommittee on Oversight and Investigations,"[H.A.S.C. No. 113-128] THE DEPARTMENT OF DEFENSE EXCESS PROPERTY PROGRAM IN SUPPORT OF U.S. LAW ENFORCEMENT AGENCIES: AN OVERVIEW OF DOD AUTHORITIES, ROLES, RESPONSIBILITIES, AND IMPLEMENTATION OF SECTION 1033 OF THE 1997 NATIONAL DEFENSE AUTHORIZATION ACT",,no video found,https://www.govinfo.gov/content/pkg/CHRG-113hhrg91813/html/CHRG-113hhrg91813.htm
2014-11-13,113,house,hsvr00,Committee on Veterans' Affairs,,"ASSESSING THE IMPLEMENTATION OF THE VETERANS ACCESS, CHOICE, AND ACCOUNTABILITY ACT OF 2014",,no video found,https://www.govinfo.gov/content/pkg/CHRG-113hhrg96132/html/CHRG-113hhrg96132.htm
2014-10-28,113,joint,jcse00,Commission on Security and Cooperation in Europe (U.S. Helsinki Commission),,Imprisoned in Uzbekistan – Politically Motivated Cases,,no video found,https://www.govinfo.gov/content/pkg/CHRG-113jhrg95574/html/CHRG-113jhrg95574.htm
2014-10-03,113,house,hsvr00,Committee on Veterans' Affairs,Subcommittee on Disability Assistance and Memorial Affairs,RHETORIC V. REALITY: INVESTIGATING THE CON- TINUED FAILURES OF THE PHILADELPHIA VA REGIONAL OFFICE,,no video found,https://www.govinfo.gov/content/pkg/CHRG-113hhrg96131/html/CHRG-113hhrg96131.htm
2014-10-01,113,house,hsfa00,Committee on Foreign Affairs,Subcommittee on the Western Hemisphere,SERGEANT ANDREW TAHMOORESSI: OUR MARINE IN MEXICAN CUSTODY,,"possible match (same committee, same days, different title)",https://www.govinfo.gov/content/pkg/CHRG-113hhrg90725/html/CHRG-113hhrg90725.htm
2014-09-19,113,house,hsfa00,Committee on Foreign Affairs,"Subcommittee on Europe, Eurasia, and Emerging Threats",ISLAMIST FOREIGN FIGHTERS RETURNING HOME AND THE THREAT TO EUROPE,,"possible match (same committee, same days, different title)",https://www.govinfo.gov/content/pkg/CHRG-113hhrg89816/html/CHRG-113hhrg89816.htm
2014-09-19,113,house,hshm00,Committee on Homeland Security,Subcommittee on Oversight and Management Efficiency,OVERSIGHT OF THE DHS HEADQUARTERS PROJECT AT ST. ELIZABETHS: IMPACT ON THE TAXPAYER,,"possible match (same committee, same days, different title)",https://www.govinfo.gov/content/pkg/CHRG-113hhrg93365/html/CHRG-113hhrg93365.htm
2014-09-18,113,house,hsju00,Committee on the Judiciary,"Subcommittee on Crime, Terrorism, Homeland Security, and Investigations",DRUG ENFORCEMENT ADMINISTRATION,,"possible match (same committee, same days, different title)",https://www.govinfo.gov/content/pkg/CHRG-113hhrg89809/html/CHRG-113hhrg89809.htm
2014-09-18,113,house,hsju00,Committee on the Judiciary,"Subcommittee on Courts, Intellectual Property, and the Internet",U.S. COPYRIGHT OFFICE,,"possible match (same committee, same days, different title)",https://www.govinfo.gov/content/pkg/CHRG-113hhrg89810/html/CHRG-113hhrg89810.htm
2014-09-18,113,house,hsfa00,Committee on Foreign Affairs,,THE ISIS THREAT: WEIGHING THE OBAMA ADMINISTRATION'S RESPONSE,,"possible match (same committee, same days, different title)",https://www.govinfo.gov/content/pkg/CHRG-113hhrg89814/html/CHRG-113hhrg89814.htm
2014-09-18,113,house,hsag00,Committee on Agriculture,"Subcommittee on Conservation, Energy, and Forestry",THE BENEFITS OF PROMOTING SOIL HEALTH IN AGRICULTURE AND RURAL AMERICA,,no video found,https://www.govinfo.gov/content/pkg/CHRG-113hhrg89881/html/CHRG-113hhrg89881.htm
2014-09-18,113,house,hsas00,Committee on Armed Services,,[H.A.S.C. No.113-126]THE ADMINISTRATION'S STRATEGY FOR THE ISLAMIC STATE IN IRAQ AND THE LEVANT,,no video found,https://www.govinfo.gov/content/pkg/CHRG-113hhrg91811/html/CHRG-113hhrg91811.htm
2014-09-18,113,house,hssy00,"Committee on Science, Space, and Technology",,THE SCIENCE OF DYSLEXIA,,"possible match (same committee, same days, different title)",https://www.govinfo.gov/content/pkg/CHRG-113hhrg92328/html/CHRG-113hhrg92328.htm
2014-09-18,113,house,hshm00,Committee on Homeland Security,Subcommittee on Transportation Security,SAFEGUARDING PRIVACY AND CIVIL LIBERTIES WHILE KEEPING OUR SKIES SAFE,,"possible match (same committee, same days, different title)",https://www.govinfo.gov/content/pkg/CHRG-113hhrg93366/html/CHRG-113hhrg93366.htm
2014-09-17,113,house,hsed00,Committee on Education and the Workforce,,"[ERRATA] H.R. 4959, EEOC TRANSPARENCY AND ACCOUNTABILITY ACT, H.R. 5422, LITIGATION OVERSIGHT ACT OF 2014, AND H.R. 5423, CERTAINTY IN ENFORCEMENT ACT OF 2014",,"possible match (same committee, same days, different title)",https://www.govinfo.gov/content/pkg/CHRG-113hhrg20321/html/CHRG-113hhrg20321.htm
2014-09-17,113,house,hsed00,Committee on Education and the Workforce,,H.R. 4959: EEOC TRANSPARENCY AND ACCOUNTABILITY ACT; H.R. 5422: LITIGATION OVERSIGHT ACT OF 2014; AND H.R. 5423 CERTAINTY IN ENFORCEMENT ACT OF 2014,,"possible match (same committee, same days, different title)",https://www.govinfo.gov/content/pkg/CHRG-113hhrg89724/html/CHRG-113hhrg89724.htm
2014-09-17,113,house,hsju00,Committee on the Judiciary,"Subcommittee on Courts, Intellectual Property, and the Internet",CHAPTER 12 OF TITLE 17,,"possible match (same committee, same days, different title)",https://www.govinfo.gov/content/pkg/CHRG-113hhrg89808/html/CHRG-113hhrg89808.htm
2014-09-17,113,house,hsfa00,Committee on Foreign Affairs,Subcommittee on Asia and the Pacific,"REAFFIRMING THE PEACEFUL AND COLLABORATIVE RESOLUTION OF MARITIME AND JURISDICTIONAL DISPUTES IN THE SOUTH CHINA SEA AND THE EAST CHINA SEA AS PROVIDED FOR BY UNIVERSALLY RECOGNIZED PRINCIPLES OF INTERNATIONAL LAW, AND REAFFIRMING THE STRONG SUPPORT OF THE UNITED STATES GOVERNMENT FOR FREEDOM OF NAVIGATION AND OTHER INTERNATIONALLY LAWFUL USES OF SEA AND AIRSPACE IN THE ASIA-PACIFIC REGION",,"possible match (same committee, same days, different title)",https://www.govinfo.gov/content/pkg/CHRG-113hhrg89812/html/CHRG-113hhrg89812.htm
2014-09-17,113,house,hsag00,Committee on Agriculture,,HEARING TO REVIEW THE IMPLEMENTATION OF SECTION 4022 OF THE AGRICULTURAL ACT OF 2014: PILOT PROJECTS TO REDUCE DEPENDENCY AND INCREASE WORK REQUIREMENTS AND WORK EFFORTS UNDER THE SUPPLEMENTAL NUTRITION ASSISTANCE PROGRAM,,no video found,https://www.govinfo.gov/content/pkg/CHRG-113hhrg89880/html/CHRG-113hhrg89880.htm
2014-09-17,113,house,hsba00,Committee on Financial Services,Subcommittee on Oversight and Investigations,OVERSIGHT OF THE FINANCIAL STABILITY OVERSIGHT COUNCIL,,"possible match (same committee, same days, different title)",https://www.govinfo.gov/content/pkg/CHRG-113hhrg91162/html/CHRG-113hhrg91162.htm
2014-09-17,113,house,,Select Committee on the Events Surrounding the 2012 Terrorist Attack in Benghazi,,"SELECT COMMITTEE ON THE EVENTS SURROUNDING THE 2012 TERRORIST ATTACKS IN BENGHAZI, LIBYA - HEARING 1",,committee not tracked,https://www.govinfo.gov/content/pkg/CHRG-113hhrg91485/html/CHRG-113hhrg91485.htm
2014-09-17,113,house,hssy00,"Committee on Science, Space, and Technology",,THE ADMINISTRATION'S CLIMATE PLAN:,,"possible match (same committee, same days, different title)",https://www.govinfo.gov/content/pkg/CHRG-113hhrg92327/html/CHRG-113hhrg92327.htm
2014-09-17,113,house,hswm00,Committee on Ways and Means,Subcommittee on Select Revenue Measures,PRIVATE EMPLOYER DEFINED BENEFIT PENSION PLANS,,no video found,https://www.govinfo.gov/content/pkg/CHRG-113hhrg94394/html/CHRG-113hhrg94394.htm
2014-09-17,113,house,hsvr00,Committee on Veterans' Affairs,,SCHEDULING MANIPULATION AND VETERAN DEATHS IN PHOENIX: EXAMINATION OF THE OIG'S FINAL REPORT,,no video found,https://www.govinfo.gov/content/pkg/CHRG-113hhrg96130/html/CHRG-113hhrg96130.htm
2014-09-11,113,house,hsii00,Committee on Natural Resources,,OVERSIGHT HEARING ON THE OFFICE OF INSPECTOR GENERAL AND ITS ONGOING FAILURE TO COMPLY WITH A SUBPOENA FOR DOCUMENTS ABOUT A RECENT INVESTIGATION,,"possible match (same committee, same days, different title)",https://www.govinfo.gov/content/pkg/CHRG-113hhrg89835/html/CHRG-113hhrg89835.htm
2014-09-10,113,house,hswm00,Committee on Ways and Means,Subcommittee on Health,HEARING ON THE STATUS OF THE AFFORDABLE CARE ACT IMPLEMENTATION,,"possible match (same committee, same days, different title)",https://www.govinfo.gov/content/pkg/CHRG-113hhrg20995/html/CHRG-113hhrg20995.htm
2014-09-10,113,house,hsag00,Committee on Agriculture,"Subcommittee on Conservation, Energy, and Forestry",HEARING TO REVIEW THE U.S. FOREST SERVICE'S PROPOSED GROUNDWATER,,no video found,https://www.govinfo.gov/content/pkg/CHRG-113hhrg89799/html/CHRG-113hhrg89799.htm
2014-09-10,113,house,hsii00,Committee on Natural Resources,,"THE STATUS OF THE FISH AND WILDLIFE SERVICE'S RESPONSES TO COMMITTEE SUBPOENAS AND THE CONTINUED LACK OF TRANSPARENCY ABOUT ITS IMPLEMENTATION AND ENFORCEMENT OF AMERICAN WILDLIFE LAWS, AND OVERSIGHT OF THE DEPARTMENT OF THE INTERIOR'S SOLICITOR'S OFFICE",,"possible match (same committee, same days, different title)",https://www.govinfo.gov/content/pkg/CHRG-113hhrg89833/html/CHRG-113hhrg89833.htm
2014-09-10,113,house,hsii00,Committee on Natural Resources,Subcommittee on Water and Power,"LEGISLATIVE HEARING ON H.R. 5412, TO FACILITATE AND STREAMLINE THE BUREAU OF RECLAMATION PROCESS FOR CREATING OR EXPANDING SURFACE WATER STORAGE UNDER RECLAMATION LAW, ``BUREAU OF RECLAMATION SURFACE WATER STORAGE STREAMLINING ACT''",,"possible match (same committee, same days, different title)",https://www.govinfo.gov/content/pkg/CHRG-113hhrg89834/html/CHRG-113hhrg89834.htm
2014-09-10,113,house,hsba00,Committee on Financial Services,Subcommittee on Financial Institutions and Consumer Credit,AN OVERVIEW OF THE CREDIT REPORTING SYSTEM,,no video found,https://www.govinfo.gov/content/pkg/CHRG-113hhrg91161/html/CHRG-113hhrg91161.htm
2014-09-10,113,house,hssy00,"Committee on Science, Space, and Technology",,EXPLORING OUR SOLAR SYSTEM: THE ASTEROIDS ACT AS A KEY STEP,,"possible match (same committee, same days, different title)",https://www.govinfo.gov/content/pkg/CHRG-113hhrg92326/html/CHRG-113hhrg92326.htm
2014-09-10,113,house,hshm00,Committee on Homeland Security,Subcommittee on Border and Maritime Security,ONE FLIGHT AWAY: AN EXAMINATION OF THE THREAT POSED BY ISIS TERRORISTS WITH WESTERN PASSPORTS,,"possible match (same committee, same days, different title)",https://www.govinfo.gov/content/pkg/CHRG-113hhrg92901/html/CHRG-113hhrg92901.htm
2014-09-10,113,house,hsvr00,Committee on Veterans' Affairs,Subcommittee on Oversight and Investigation,"METRICS, MEASUREMENTS AND MISMANAGEMENT IN THE BOARD OF VETERANS' APPEALS",,no video found,https://www.govinfo.gov/content/pkg/CHRG-113hhrg96129/html/CHRG-113hhrg96129.htm
2014-09-09,113,house,hswm00,Committee on Ways and Means,Subcommittee on Human Resources,SOCIAL IMPACT BONDS: CAN THEY HELP GOVERNMENT ACHIEVE BETTER RESULTS FOR FAMILIES IN NEED?,,"possible match (same committee, same days, different title)",https://www.govinfo.gov/content/pkg/CHRG-113hhrg21109/html/CHRG-113hhrg21109.htm
2014-09-09,113,house,hsed00,Committee on Education and the Workforce,,EXPANDING JOINT EMPLOYER STATUS: WHAT DOES IT MEAN FOR WORKERS AND JOB CREATORS?,,"possible match (same committee, same days, different title)",https://www.govinfo.gov/content/pkg/CHRG-113hhrg89631/html/CHRG-113hhrg89631.htm
2014-09-09,113,house,hsju00,Committee on the Judiciary,,ACCESS TO JUSTICE?: DOES DOJ'S OFFICE OF INSPECTOR GENERAL HAVE ACCESS TO INFORMATION NEEDED TO CONDUCT PROPER OVERSIGHT?,,no video found,https://www.govinfo.gov/content/pkg/CHRG-113hhrg89704/html/CHRG-113hhrg89704.htm
2014-09-09,113,house,hsju00,Committee on the Judiciary,Subcommittee on the Constitution and Civil Justice,PROPOSING AN AMENDMENT TO THE CONSTITUTION OF THE UNITED STATES RELATING TO PARENTAL RIGHTS,,no video found,https://www.govinfo.gov/content/pkg/CHRG-113hhrg89705/html/CHRG-113hhrg89705.htm
2014-09-09,113,house,hsfa00,Committee on Foreign Affairs,Subcommittee on Asia and the Pacific,BURMA HUMAN RIGHTS AND DEMOCRACY ACT OF 2014,,"possible match (same committee, same days, different title)",https://www.govinfo.gov/content/pkg/CHRG-113hhrg89739/html/CHRG-113hhrg89739.htm
2014-09-09,113,house,hsii00,Committee on Natural Resources,,"H.R. 1314, H.R. 1927, H.R. 4256, H.R. 4284, H.R. 4319, AND H.R. 4866",,"possible match (same committee, same days, different title)",https://www.govinfo.gov/content/pkg/CHRG-113hhrg89832/html/CHRG-113hhrg89832.htm
2014-09-09,113,house,hssy00,"Committee on Science, Space, and Technology",,BAKKEN PETROLEUM: THE SUBSTANCE OF ENERGY INDEPENDENCE,,"possible match (same committee, same days, different title)",https://www.govinfo.gov/content/pkg/CHRG-113hhrg92325/html/CHRG-113hhrg92325.htm
2014-09-09,113,house,hshm00,Committee on Homeland Security,"Subcommittee on Cybersecurity, Infrastructure Protection, and Security Technologies; Subcommittee on Research and Technology",STRATEGY AND MISSION OF THE DHS SCIENCE AND TECHNOLOGY DIRECTORATE,,"possible match (same committee, same days, different title)",https://www.govinfo.gov/content/pkg/CHRG-113hhrg92900/html/CHRG-113hhrg92900.htm
2014-09-08,113,house,hsii00,Committee on Natural Resources,,THE NORTHERN LONG-EARED BAT: THE FEDERAL ENDANGERED SPECIES ACT AND IMPACTS OF A LISTING ON PENNSYLVANIA AND 37 OTHER STATES,,"possible match (same committee, same days, different title)",https://www.govinfo.gov/content/pkg/CHRG-113hhrg89831/html/CHRG-113hhrg89831.htm
2014-09-04,113,house,hsed00,Committee on Education and the Workforce,,[ERRATA] THE EFFECTS OF THE PRESIDENT'S HEALTH CARE LAW ON INDIANA'S CLASSROOMS AND WORKPLACES,,no video found,https://www.govinfo.gov/content/pkg/CHRG-113hhrg20312/html/CHRG-113hhrg20312.htm
2014-09-04,113,house,hsed00,Committee on Education and the Workforce,,THE EFFECTS OF THE PRESIDENT'S HEALTH CARE LAW ON INDIANA'S CLASSROOMS AND WORKPLACES,,no video found,https://www.govinfo.gov/content/pkg/CHRG-113hhrg89535/html/CHRG-113hhrg89535.htm
2014-08-27,113,house,hsvr00,Committee on Veterans' Affairs,Subcommittee on Health,AN EXAMINATION OF RURAL AND NATIVE AMERICAN VETERAN ACCESS TO CARE,,no video found,https://www.govinfo.gov/content/pkg/CHRG-113hhrg96128/html/CHRG-113hhrg96128.htm
2014-08-14,113,house,hsvr00,Committee on Veterans' Affairs,,CHALLENGES IN RURAL AMERICA: INFRASTRUCTURE NEEDS AND ACCESS TO CARE,,no video found,https://www.govinfo.gov/content/pkg/CHRG-113hhrg96127/html/CHRG-113hhrg96127.htm
2014-08-07,113,house,hsfa00,Committee on Foreign Affairs,"Subcommittee on Africa, Global Health, Global Human Rights, and International Organizations",COMBATING THE EBOLA THREAT,,"possible match (same committee, same days, different title)",https://www.govinfo.gov/content/pkg/CHRG-113hhrg89385/html/CHRG-113hhrg89385.htm
2014-08-06,113,house,hsvr00,Committee on Veterans' Affairs,,CHALLENGES IN RURAL AMERICA: VA ACCESS AND MENTAL HEALTHCARE,,no video found,https://www.govinfo.gov/content/pkg/CHRG-113hhrg96126/html/CHRG-113hhrg96126.htm
2014-07-31,113,house,hssy00,"Committee on Science, Space, and Technology",,TECHNOLOGY NEEDED TO SECURE AMERICA'S BORDER,,"possible match (same committee, same days, different title)",https://www.govinfo.gov/content/pkg/CHRG-113hhrg89419/html/CHRG-113hhrg89419.htm
2014-07-30,113,house,hsfa00,Committee on Foreign Affairs,,"GIRLS COUNT ACT OF 2013; NAFTALI FRAENKEL REWARDS FOR JUSTICE ACT OF 2014; EMERGENCY IRON DOME REPLENISHMENT ACT; EXPRESSING CONCERN OVER PERSISTENT AND CREDIBLE REPORTS OF SYSTEMATIC, STATE-SANCTIONED ORGAN HARVESTING FROM NON-CONSENTING PRISONERS OF CONSCIENCE, IN THE PEOPLE'S REPUBLIC OF CHINA; AND EXPRESSING THE SENSE OF THE HOUSE OF REPRESENTATIVES ON THE CURRENT SITUATION IN IRAQ",,"possible match (same committee, same days, different title)",https://www.govinfo.gov/content/pkg/CHRG-113hhrg88916/html/CHRG-113hhrg88916.htm
2014-07-30,113,house,hsfa00,Committee on Foreign Affairs,Subcommittee on Asia and the Pacific,TWENTY-YEARS OF U.S. POLICY ON NORTH KOREA: FROM AGREED FRAMEWORK TO STRATEGIC PATIENCE,,"possible match (same committee, same days, different title)",https://www.govinfo.gov/content/pkg/CHRG-113hhrg88917/html/CHRG-113hhrg88917.htm
2014-07-30,113,house,hsju00,Committee on the Judiciary,,IRS TARGETING SCANDAL: THE NEED FOR A SPECIAL COUNSEL,,no video found,https://www.govinfo.gov/content/pkg/CHRG-113hhrg88920/html/CHRG-113hhrg88920.htm
2014-07-30,113,house,hsju00,Committee on the Judiciary,Subcommittee on the Constitution and Civil Justice,FALSE CLAIMS ACT,,no video found,https://www.govinfo.gov/content/pkg/CHRG-113hhrg88921/html/CHRG-113hhrg88921.htm
2014-07-30,113,house,hsju00,Committee on the Judiciary,"Subcommittee on Courts, Intellectual Property, and the Internet","U.S. PATENT AND TRADEMARK OFFICE: THE AMERICA INVENTS ACT AND BEYOND, DOMESTIC AND INTERNATIONAL POLICY GOALS",,no video found,https://www.govinfo.gov/content/pkg/CHRG-113hhrg88922/html/CHRG-113hhrg88922.htm
2014-07-30,113,house,hsag00,Committee on Agriculture,"Subcommittee on Horticulture, Research, Biotechnology, and Foreign Agriculture",HEARING TO REVIEW THE IMPACT OF ENFORCEMENT ACTIVITIES BY THE,,no video found,https://www.govinfo.gov/content/pkg/CHRG-113hhrg88968/html/CHRG-113hhrg88968.htm
2014-07-30,113,house,hssy00,"Committee on Science, Space, and Technology",,EPA'S CARBON PLAN: FAILURE BY DESIGN,,"possible match (same committee, same days, different title)",https://www.govinfo.gov/content/pkg/CHRG-113hhrg89418/html/CHRG-113hhrg89418.htm
2014-07-30,113,house,hsas00,Committee on Armed Services,,"[H.A.S.C. No. 113-124] RISKS TO STABILITY IN AFGHANISTAN: POLITICS,SECURITY, AND INTERNATIONAL COMMITMENT",,no video found,https://www.govinfo.gov/content/pkg/CHRG-113hhrg89517/html/CHRG-113hhrg89517.htm
2014-07-30,113,house,hsas00,Committee on Armed Services,Subcommittee on Seapower and Projection Forces,H.A.S.C. No. 113-125]LOGISTICS AND SEALIFT FORCE REQUIREMENTS AND FORCE STRUCTURE ASSESSMENT,,no video found,https://www.govinfo.gov/content/pkg/CHRG-113hhrg89518/html/CHRG-113hhrg89518.htm
2014-07-30,113,house,hsba00,Committee on Financial Services,Subcommittee on Oversight and Investigations,ALLEGATIONS OF DISCRIMINATION,,"possible match (same committee, same days, different title)",https://www.govinfo.gov/content/pkg/CHRG-113hhrg91160/html/CHRG-113hhrg91160.htm
2014-07-30,113,house,hswm00,Committee on Ways and Means,Subcommittee on Select Revenue Measures,DYNAMIC ANALYSIS OF THE TAX REFORM ACT OF 2014,,no video found,https://www.govinfo.gov/content/pkg/CHRG-113hhrg94395/html/CHRG-113hhrg94395.htm
2014-07-30,113,house,hswm00,Committee on Ways and Means,Subcommittee on Human Resources,SUBSIDIZED JOB PROGRAMS AND THEIR EFFECTIVENESS IN HELPING FAMILIES GO TO WORK AND ESCAPE POVERTY,,no video found,https://www.govinfo.gov/content/pkg/CHRG-113hhrg94398/html/CHRG-113hhrg94398.htm
2014-07-29,113,house,hswm00,Committee on Ways and Means,Subcommittee on Trade,ADVANCING THE U.S. TRADE AGENDA: TRADE WITH AFRICA AND THE AFRICAN GROWTH AND OPPORTUNITY ACT,,no video found,https://www.govinfo.gov/content/pkg/CHRG-113hhrg21110/html/CHRG-113hhrg21110.htm
2014-07-29,113,house,hsfa00,Committee on Foreign Affairs,"Subcommittee on Europe, Eurasia, and Emerging Threats; Subcommittee on Terrorism, Nonproliferation, and Trade",THE SHOOTDOWN OF MALAYSIAN FLIGHT 17 AND THE ESCALATING CRISIS IN UKRAINE,,"possible match (same committee, same days, different title)",https://www.govinfo.gov/content/pkg/CHRG-113hhrg88914/html/CHRG-113hhrg88914.htm
2014-07-29,113,house,hsju00,Committee on the Judiciary,,U.S. CITIZENSHIP AND IMMIGRATION SERVICES,,no video found,https://www.govinfo.gov/content/pkg/CHRG-113hhrg88919/html/CHRG-113hhrg88919.htm
2014-07-29,113,house,hsii00,Committee on Natural Resources,,"H.R. 596, ``PUBLIC LANDS RENEW- ABLE ENERGY DEVELOPMENT ACT OF 2013''; H.R. 1363, ``EXPLORING FOR GEOTHERMAL ENERGY ON FEDERAL LANDS ACT''; AND H.R. 2004, ``GEOTHERMAL PRODUCTION EXPANSION ACT OF 2013''",,"possible match (same committee, same days, different title)",https://www.govinfo.gov/content/pkg/CHRG-113hhrg88966/html/CHRG-113hhrg88966.htm
2014-07-29,113,house,hsii00,Committee on Natural Resources,Subcommittee on Public Lands and Environmental Regulation,"H.R. 445, H.R. 1785, H.R. 4119, H.R. 4901, H.R. 4979, H.R. 5086, S.311, S. 476, AND S. 609",,"possible match (same committee, same days, different title)",https://www.govinfo.gov/content/pkg/CHRG-113hhrg88967/html/CHRG-113hhrg88967.htm
2014-07-29,113,house,hsag00,Committee on Agriculture,"Subcommittee on Livestock, Rural Development, and Credit",COORDINATING FUTURE INVESTMENTS IN BROADBAND,,no video found,https://www.govinfo.gov/content/pkg/CHRG-113hhrg88993/html/CHRG-113hhrg88993.htm
2014-07-29,113,house,hssy00,"Committee on Science, Space, and Technology",,A REVIEW OF THE NATIONAL EARTHQUAKE,,"possible match (same committee, same days, different title)",https://www.govinfo.gov/content/pkg/CHRG-113hhrg89417/html/CHRG-113hhrg89417.htm
2014-07-29,113,house,hsas00,Committee on Armed Services,,[H.A.S.C. No. 113-123] SECURITY SITUATION IN IRAQ AND SYRIA: U.S. POLICY OPTIONS AND IMPLICATIONS FOR THE REGION,,no video found,https://www.govinfo.gov/content/pkg/CHRG-113hhrg89516/html/CHRG-113hhrg89516.htm
2014-07-29,113,house,hsgo00,Committee on Oversight and Government Reform,"Subcommittee on Energy Policy, Health Care and Entitlements",EXAMINING THE FEDERAL GOVERNMENT'S FAILURE TO CURB WASTEFUL STATE MEDICAID FINANCING SCHEMES,,"possible match (same committee, same days, different title)",https://www.govinfo.gov/content/pkg/CHRG-113hhrg90771/html/CHRG-113hhrg90771.htm
2014-07-29,113,house,hswm00,Committee on Ways and Means,Subcommittee on Social Security,WHAT WORKERS NEED TO KNOW ABOUT SOCIAL SECURITY AS THEY PLAN FOR THEIR RETIREMENT,,no video found,https://www.govinfo.gov/content/pkg/CHRG-113hhrg92445/html/CHRG-113hhrg92445.htm
2014-07-29,113,house,hshm00,Committee on Homeland Security,Subcommittee on Transportation Security,EXAMINING TSA'S MANAGEMENT OF THE SCREENING PARTNERSHIP PROGRAM,,"possible match (same committee, same days, different title)",https://www.govinfo.gov/content/pkg/CHRG-113hhrg92898/html/CHRG-113hhrg92898.htm
2014-07-29,113,joint,jsec00,Joint Economic Committee,,INCREASING ECONOMIC OPPORTUNITY FOR AFRICAN AMERICANS: LOCAL INITIATIVES THAT ARE MAKING A DIFFERENCE,,"possible match (same committee, same days, different title)",https://www.govinfo.gov/content/pkg/CHRG-113jhrg89574/html/CHRG-113jhrg89574.htm
2014-07-25,113,house,hsju00,Committee on the Judiciary,,THE CRIMES ON THE BOOKS AND COMMITTEE JURISDICTION,,no video found,https://www.govinfo.gov/content/pkg/CHRG-113hhrg88816/html/CHRG-113hhrg88816.htm
2014-07-25,113,house,hsfa00,Committee on Foreign Affairs,Subcommittee on the Middle East and North Africa,DENOUNCING THE USE OF CIVILIANS AS HUMAN SHIELDS BY HAMAS AND OTHER TERRORIST ORGANIZATIONS IN VIOLATION OF INTERNATIONAL HUMANITARIAN LAW; AND CONDEMNING THE MURDER OF ISRAELI AND PALESTINIAN CHILDREN IN ISRAEL AND THE ONGOING AND ESCALATING VIOLENCE IN THAT COUNTRY,,"possible match (same committee, same days, different title)",https://www.govinfo.gov/content/pkg/CHRG-113hhrg88835/html/CHRG-113hhrg88835.htm
2014-07-25,113,house,hsas00,Committee on Armed Services,Subcommittee on Seapower and Projection Forces,[H.A.S.C. No. 113-122] AMPHIBIOUS FLEET REQUIREMENTS,,no video found,https://www.govinfo.gov/content/pkg/CHRG-113hhrg89515/html/CHRG-113hhrg89515.htm
2014-07-24,113,house,hswm00,Committee on Ways and Means,Subcommittee on Health,FUTURE OF MEDICARE ADVANTAGE HEALTH PLANS,,"possible match (same committee, same days, different title)",https://www.govinfo.gov/content/pkg/CHRG-113hhrg20996/html/CHRG-113hhrg20996.htm
2014-07-24,113,house,hsju00,Committee on the Judiciary,,CONSTITUTIONAL SOLUTIONS TO OUR ESCALATING NATIONAL DEBT: EXAMINING BALANCED BUDGET AMENDMENTS,,no video found,https://www.govinfo.gov/content/pkg/CHRG-113hhrg88814/html/CHRG-113hhrg88814.htm
2014-07-24,113,house,hsju00,Committee on the Judiciary,"Subcommittee on Courts, Intellectual Property, and the Internet",COPYRIGHT REMEDIES,,no video found,https://www.govinfo.gov/content/pkg/CHRG-113hhrg88815/html/CHRG-113hhrg88815.htm
2014-07-24,113,house,hsfa00,Committee on Foreign Affairs,Subcommittee on Asia and the Pacific,U.S.-INDIA RELATIONS UNDER THE MODI GOVERNMENT,,"possible match (same committee, same days, different title)",https://www.govinfo.gov/content/pkg/CHRG-113hhrg88834/html/CHRG-113hhrg88834.htm
2014-07-24,113,house,hsii00,Committee on Natural Resources,Subcommittee on Public Lands and Environmental Regulation,"OVERSIGHT HEARING ON THREATS, INTIMIDATION AND BULLYING BY FEDERAL LAND MANAGING AGENCIES, PART II",,"possible match (same committee, same days, different title)",https://www.govinfo.gov/content/pkg/CHRG-113hhrg88873/html/CHRG-113hhrg88873.htm
2014-07-24,113,house,hsag00,Committee on Agriculture,"Subcommittee on Department Operations, Oversight, and Nutrition",HEARING TO EXAMINE THE ROLE OF THE SUPPLEMENTAL NUTRITION ASSISTANCE PROGRAM IN RELATION TO OTHER FEDERAL ASSISTANCE PROGRAMS,,no video found,https://www.govinfo.gov/content/pkg/CHRG-113hhrg88943/html/CHRG-113hhrg88943.htm
2014-07-24,113,house,hsvr00,Committee on Veterans' Affairs,,RESTORING TRUST: THE VIEW OF THE ACTING SECRETARY AND THE VETERANS COMMUNITY,,"possible match (same committee, same days, different title)",https://www.govinfo.gov/content/pkg/CHRG-113hhrg89381/html/CHRG-113hhrg89381.htm
2014-07-24,113,house,hsba00,Committee on Financial Services,Subcommittee on Capital Markets and Government Sponsored Enterprises,OVERSIGHT OF THE SEC'S DIVISION,,"possible match (same committee, same days, different title)",https://www.govinfo.gov/content/pkg/CHRG-113hhrg91159/html/CHRG-113hhrg91159.htm
2014-07-23,113,house,hsed00,Committee on Education and the Workforce,,[ERRATA] IMPROVING THE FEDERAL WAGE AND HOUR REGULATORY STRUCTURE,,"possible match (same committee, same days, different title)",https://www.govinfo.gov/content/pkg/CHRG-113hhrg20318/html/CHRG-113hhrg20318.htm
2014-07-23,113,house,hsed00,Committee on Education and the Workforce,,IMPROVING THE FEDERAL WAGE AND HOUR REGULATORY STRUCTURE,,"possible match (same committee, same days, different title)",https://www.govinfo.gov/content/pkg/CHRG-113hhrg88786/html/CHRG-113hhrg88786.htm
2014-07-23,113,house,hspw00,Committee on Transportation and Infrastructure,Subcommittee on Coast Guard and Maritime Transportation,IMPLEMENTING U.S. POLICY IN THE ARCTIC,,"possible match (same committee, same days, different title)",https://www.govinfo.gov/content/pkg/CHRG-113hhrg88818/html/CHRG-113hhrg88818.htm
2014-07-23,113,house,hsfa00,Committee on Foreign Affairs,Subcommittee on the Western Hemisphere,U.S.-DOMINICAN REPUBLIC RELATIONS: BOLSTERING ECONOMIC GROWTH AND ENERGY INDEPENDENCE,,"possible match (same committee, same days, different title)",https://www.govinfo.gov/content/pkg/CHRG-113hhrg88831/html/CHRG-113hhrg88831.htm
2014-07-23,113,house,hsii00,Committee on Natural Resources,"Subcommittee on Fisheries, Wildlife, Oceans and Insular Affairs","H.R. 3109, TO AMEND THE MIGRATORY BIRD TREATY ACT TO EXEMPT CERTAIN ALASKAN NATIVE ARTICLES; H.R. 3409, ``NATIONAL WILDLIFE REFUGE EXPAN- SION LIMITATION ACT OF 2013''; H.R. 5026, ``FISH HATCHERY PROTECTION ACT''; AND H.R. 5069, ``FEDERAL DUCK STAMP ACT OF 2014''",,"possible match (same committee, same days, different title)",https://www.govinfo.gov/content/pkg/CHRG-113hhrg88872/html/CHRG-113hhrg88872.htm
2014-07-23,113,house,hssm00,Committee on Small Business,,OVERSIGHT OF THE SMALL BUSINESS INNOVATION RESEARCH AND SMALL BUSINESS TECHNOLOGY TRANSFER PROGRAMS - PART II,,"possible match (same committee, same days, different title)",https://www.govinfo.gov/content/pkg/CHRG-113hhrg88923/html/CHRG-113hhrg88923.htm
2014-07-23,113,house,hsas00,Committee on Armed Services,Subcommittee on Strategic Forces,"[H.A.S.C. No. 113-121] ADAPTING U.S. MISSILE DEFENSE FOR FUTURE THREATS: RUSSIA, CHINA AND MODERNIZING THE NATIONAL MISSILE DEFENSE ACT",,no video found,https://www.govinfo.gov/content/pkg/CHRG-113hhrg89514/html/CHRG-113hhrg89514.htm
2014-07-23,113,house,hsha00,Committee on House Administration,,EXAMINING THE VOTING PROCESS,,no video found,https://www.govinfo.gov/content/pkg/CHRG-113hhrg89838/html/CHRG-113hhrg89838.htm
2014-07-23,113,house,hsba00,Committee on Financial Services,,ASSESSING THE IMPACT OF THE DODD-FRANK ACT FOUR YEARS LATER,,"possible match (same committee, same days, different title)",https://www.govinfo.gov/content/pkg/CHRG-113hhrg91158/html/CHRG-113hhrg91158.htm
2014-07-23,113,house,hshm00,Committee on Homeland Security,,THE RISING TERRORIST THREAT AND THE UNFULFILLED 9/11 RECOMMENDATION,,"possible match (same committee, same days, different title)",https://www.govinfo.gov/content/pkg/CHRG-113hhrg91931/html/CHRG-113hhrg91931.htm
2014-07-23,113,house,hswm00,Committee on Ways and Means,Subcommittee on Oversight,HEARING ON THE INTEGRITY OF THE AFFORDABLE CARE ACT'S PREMIUM TAX CREDIT,,"possible match (same committee, same days, different title)",https://www.govinfo.gov/content/pkg/CHRG-113hhrg94428/html/CHRG-113hhrg94428.htm
2014-07-22,113,joint,jcse00,Commission on Security and Cooperation in Europe (U.S. Helsinki Commission),,"ANTI-SEMITISM, RACISM AND DISCRIMINATION IN THE OSCE REGION",,no video found,https://www.govinfo.gov/content/pkg/CHRG-113jhrg95575/html/CHRG-113jhrg95575.htm
2014-07-17,113,house,hsju00,Committee on the Judiciary,"Subcommittee on Regulatory Reform, Commercial and Antitrust Law",GUILTY UNTIL PROVEN INNOCENT?,,no video found,https://www.govinfo.gov/content/pkg/CHRG-113hhrg88724/html/CHRG-113hhrg88724.htm
2014-07-17,113,house,hssy00,"Committee on Science, Space, and Technology",,POLICIES TO SPUR INNOVATIVE MEDICAL,,"possible match (same committee, same days, different title)",https://www.govinfo.gov/content/pkg/CHRG-113hhrg89416/html/CHRG-113hhrg89416.htm
2014-07-17,113,house,hsas00,Committee on Armed Services,Subcommittee on Strategic Forces,[H.A.S.C. No. 113-120] RUSSIAN VIOLATIONS OF THE INF TREATY: AFTER DETECTION,,no video found,https://www.govinfo.gov/content/pkg/CHRG-113hhrg89513/html/CHRG-113hhrg89513.htm
2014-07-17,113,house,hsba00,Committee on Financial Services,Subcommittee on Monetary Policy and Trade,A LEGISLATIVE PROPOSAL ENTITLED THE ``BANK ACCOUNT SEIZURE OF TERRORIST ASSETS (BASTA) ACT'',,no video found,https://www.govinfo.gov/content/pkg/CHRG-113hhrg91157/html/CHRG-113hhrg91157.htm
2014-07-16,113,house,hswm00,Committee on Ways and Means,Subcommittee on Trade,ADVANCING THE U.S. TRADE AGENDA: THE WORLD TRADE ORGANIZATION,,"possible match (same committee, same days, different title)",https://www.govinfo.gov/content/pkg/CHRG-113hhrg21111/html/CHRG-113hhrg21111.htm
2014-07-16,113,house,hsvr00,Committee on Veterans' Affairs,,CREATING EFFICIENCY THROUGH COMPARISON: AN EVALUATION OF PRIVATE SECTOR,,"possible match (same committee, same days, different title)",https://www.govinfo.gov/content/pkg/CHRG-113hhrg89380/html/CHRG-113hhrg89380.htm
2014-07-16,113,house,hsgo00,Committee on Oversight and Government Reform,,WHITE HOUSE OFFICE OF POLITICAL AFFAIRS: IS SUPPORTING CANDIDATES AND CAMPAIGN FUND-RAISING AN APPROPRIATE USE OF A GOVERNMENT OFFICE?,,"possible match (same committee, same days, different title)",https://www.govinfo.gov/content/pkg/CHRG-113hhrg89384/html/CHRG-113hhrg89384.htm
2014-07-16,113,house,hssy00,"Committee on Science, Space, and Technology",,STATUS OF REFORMS TO EPA'S INTEGRATED RISK INFORMATION SYSTEM,,"possible match (same committee, same days, different title)",https://www.govinfo.gov/content/pkg/CHRG-113hhrg89415/html/CHRG-113hhrg89415.htm
2014-07-16,113,house,hsas00,Committee on Armed Services,,[H.A.S.C. No. 113-118] FISCAL YEAR 2015 OVERSEAS CONTINGENCY OPERATIONS BUDGET REQUEST,,no video found,https://www.govinfo.gov/content/pkg/CHRG-113hhrg89511/html/CHRG-113hhrg89511.htm
2014-07-16,113,house,hsas00,Committee on Armed Services,Subcommittee on Seapower and Projection Forces,[H.A.S.C. No. 113-119] UNMANNED CARRIER-LAUNCHED AIRBORNE SURVEILLANCE AND STRIKE (UCLASS) REQUIREMENTS ASSESSMENT,,no video found,https://www.govinfo.gov/content/pkg/CHRG-113hhrg89512/html/CHRG-113hhrg89512.htm
2014-07-16,113,house,hsgo00,Committee on Oversight and Government Reform,,"RESUMPTION OF THE JULY 16, 2014 FULL COMMITTEE HEARING, ``WHITE HOUSE OFFICE OF POLITICAL AFFAIRS: IS SUPPORTING CANDIDATES AND CAMPAIGN FUNDRAISING AN APPROPRIATE USE OF A GOVERNMENT OFFICE?",,"possible match (same committee, same days, different title)",https://www.govinfo.gov/content/pkg/CHRG-113hhrg89594/html/CHRG-113hhrg89594.htm
2014-07-16,113,house,hsba00,Committee on Financial Services,,MONETARY POLICY AND THE STATE OF THE ECONOMY,,"possible match (same committee, same days, different title)",https://www.govinfo.gov/content/pkg/CHRG-113hhrg91156/html/CHRG-113hhrg91156.htm
2014-07-16,113,house,hshm00,Committee on Homeland Security,Subcommittee on Border and Maritime Security,PORT OF ENTRY INFRASTRUCTURE: HOW DOES THE FEDERAL GOVERNMENT PRIORITIZE INVESTMENTS?,,"possible match (same committee, same days, different title)",https://www.govinfo.gov/content/pkg/CHRG-113hhrg91930/html/CHRG-113hhrg91930.htm
2014-07-16,113,joint,jcse00,Commission on Security and Cooperation in Europe (U.S. Helsinki Commission),,POLITICAL PLURALISM IN THE OSCE MEDITERRANEAN PARTNERS,,"possible match (same committee, same days, different title)",https://www.govinfo.gov/content/pkg/CHRG-113jhrg95576/html/CHRG-113jhrg95576.htm
2014-07-15,113,house,hsed00,Committee on Education and the Workforce,,PROTECTING AMERICA'S YOUTH: AN UPDATE FROM THE NATIONAL CENTER FOR MISSING AND EXPLOITED CHILDREN,,"possible match (same committee, same days, different title)",https://www.govinfo.gov/content/pkg/CHRG-113hhrg88650/html/CHRG-113hhrg88650.htm
2014-07-15,113,house,hsju00,Committee on the Judiciary,"Subcommittee on Crime, Terrorism, Homeland Security, and Investigations",LESSONS FROM THE STATES: RESPONSIBLE PRISON REFORM,,no video found,https://www.govinfo.gov/content/pkg/CHRG-113hhrg88721/html/CHRG-113hhrg88721.htm
2014-07-15,113,house,hsju00,Committee on the Judiciary,"Subcommittee on Courts, Intellectual Property, and the Internet","MORAL RIGHTS, TERMINATION RIGHTS, RESALE ROYALTY, AND COPYRIGHT TERM",,no video found,https://www.govinfo.gov/content/pkg/CHRG-113hhrg88722/html/CHRG-113hhrg88722.htm
2014-07-15,113,house,hsju00,Committee on the Judiciary,"Subcommittee on Regulatory Reform, Commercial and Antitrust Law",HEARING ON THE ``FINANCIAL INSTITUTION BANKRUPTCY ACT OF 2014'',,no video found,https://www.govinfo.gov/content/pkg/CHRG-113hhrg88723/html/CHRG-113hhrg88723.htm
2014-07-15,113,house,hsas00,Committee on Armed Services,Subcommittee on Military Personnel,[H.A.S.C. No. 113-117] GOVERNMENT ACCOUNTABILITY OFFICE REVIEW OF THE PRISONER OF WAR/ MISSING IN ACTION (POW/MIA) COMMUNITY AND THE RESTRUCTURING OF THESE AGENCIES AS PROPOSED BY THE DEPARTMENT OF DEFENSE,,no video found,https://www.govinfo.gov/content/pkg/CHRG-113hhrg89510/html/CHRG-113hhrg89510.htm
2014-07-15,113,house,hsba00,Committee on Financial Services,Subcommittee on Oversight and Investigations,THE DEPARTMENT OF JUSTICE’S‘‘OPERATION CHOKE POINT’’,,"possible match (same committee, same days, different title)",https://www.govinfo.gov/content/pkg/CHRG-113hhrg91154/html/CHRG-113hhrg91154.htm
2014-07-15,113,house,hsba00,Committee on Financial Services,Subcommittee on Financial Institutions and Consumer Credit,"EXAMINING REGULATORY RELIEF PROPOSALS FOR COMMUNITY FINANCIAL INSTITUTIONS, PART II",,"possible match (same committee, same days, different title)",https://www.govinfo.gov/content/pkg/CHRG-113hhrg91155/html/CHRG-113hhrg91155.htm
2014-07-14,113,house,hsvr00,Committee on Veterans' Affairs,,EVALUATION OF THE PROCESS TO ACHIEVE VBA GOALS,,no video found,https://www.govinfo.gov/content/pkg/CHRG-113hhrg89379/html/CHRG-113hhrg89379.htm
2014-07-11,113,house,hsju00,Committee on the Judiciary,,AGENCY PERSPECTIVES,,"possible match (same committee, same days, different title)",https://www.govinfo.gov/content/pkg/CHRG-113hhrg88643/html/CHRG-113hhrg88643.htm
2014-07-11,113,house,hssy00,"Committee on Science, Space, and Technology",,FUSION: THE WORLD'S MOST COMPLEX ENERGY PROJECT,,"possible match (same committee, same days, different title)",https://www.govinfo.gov/content/pkg/CHRG-113hhrg89414/html/CHRG-113hhrg89414.htm
2014-07-10,113,house,hsag00,Committee on Agriculture,Subcommittee on General Farm Commodities and Risk Management,IMPLEMENTING THE AGRICULTURAL ACT OF 2014: COMMODITY POLICY AND CROP INSURANCE,,no video found,https://www.govinfo.gov/content/pkg/CHRG-113hhrg88810/html/CHRG-113hhrg88810.htm
2014-07-10,113,house,hsvr00,Committee on Veterans' Affairs,,SERVICE SHOULD NOT LEAD TO SUICIDE: ACCESS TO VA'S MENTAL HEALTH CARE,,"possible match (same committee, same days, different title)",https://www.govinfo.gov/content/pkg/CHRG-113hhrg89378/html/CHRG-113hhrg89378.htm
2014-07-10,113,house,hsas00,Committee on Armed Services,,[H.A.S.C. No. 113-115]DEFENSE REFORM: EMPOWERING SUCCESS IN ACQUISITION,,no video found,https://www.govinfo.gov/content/pkg/CHRG-113hhrg89508/html/CHRG-113hhrg89508.htm
2014-07-10,113,house,hsas00,Committee on Armed Services,Subcommittee on Seapower and Projection Forces,[H.A.S.C. No. 113-116] CRUISER AND DESTROYER MODERNIZA- TION AND LARGE SURFACE COMBATANT FORCE STRUCTURE ASSESSMENT,,no video found,https://www.govinfo.gov/content/pkg/CHRG-113hhrg89509/html/CHRG-113hhrg89509.htm
2014-07-10,113,house,hsba00,Committee on Financial Services,,LEGISLATION TO REFORM THE FEDERAL RESERVE ON ITS 100–YEAR ANNIVERSARY,,no video found,https://www.govinfo.gov/content/pkg/CHRG-113hhrg91153/html/CHRG-113hhrg91153.htm
2014-07-09,113,house,hsag00,Committee on Agriculture,"Subcommittee on Horticulture, Research, Biotechnology, and Foreign Agriculture",HEARING TO CONSIDER THE SOCIETAL BENEFITS OF BIOTECHNOLOGY,,no video found,https://www.govinfo.gov/content/pkg/CHRG-113hhrg88678/html/CHRG-113hhrg88678.htm
2014-07-09,113,house,hsii00,Committee on Natural Resources,Subcommittee on Public Lands and Environmental Regulation,"H.R. 3994, ``FEDERAL LANDS INVASIVE SPECIES CONTROL, PREVENTION, AND MANAGEMENT ACT''; AND H.R. 4751, TO MAKE TECHNICAL CORRECTIONS TO PUBLIC LAW 110-229 TO REFLECT THE RENAMING OF THE BAINBRIDGE ISLAND JAPANESE AMERICAN EXCLUSION MEMORIAL, AND FOR OTHER PURPOSES",,"possible match (same committee, same days, different title)",https://www.govinfo.gov/content/pkg/CHRG-113hhrg88697/html/CHRG-113hhrg88697.htm
2014-07-09,113,house,hssy00,"Committee on Science, Space, and Technology",,NAVIGATING THE CLEAN WATER ACT: IS WATER WET?,,"possible match (same committee, same days, different title)",https://www.govinfo.gov/content/pkg/CHRG-113hhrg89413/html/CHRG-113hhrg89413.htm
2014-07-08,113,house,hsvr00,Committee on Veterans' Affairs,,VA WHISTLEBLOWERS: EXPOSING INADEQUATE SERVICE PROVIDED TO VETERANS AND ENSURING APPROPRIATE ACCOUNTABILITY,,"possible match (same committee, same days, different title)",https://www.govinfo.gov/content/pkg/CHRG-113hhrg89377/html/CHRG-113hhrg89377.htm
2014-06-26,113,house,hsju00,Committee on the Judiciary,,COLLATERAL CONSEQUENCES,,no video found,https://www.govinfo.gov/content/pkg/CHRG-113hhrg88438/html/CHRG-113hhrg88438.htm
2014-06-26,113,house,hssy00,"Committee on Science, Space, and Technology",,TECHNOLOGY FOR PATIENT SAFETY AT VETERANS HOSPITALS,,"possible match (same committee, same days, different title)",https://www.govinfo.gov/content/pkg/CHRG-113hhrg89412/html/CHRG-113hhrg89412.htm
2014-06-26,113,house,hsba00,Committee on Financial Services,Subcommittee on Capital Markets and Government Sponsored Enterprises,OVERSIGHT OF THE SEC'S DIVISION OF TRADING AND MARKETS,,"possible match (same committee, same days, different title)",https://www.govinfo.gov/content/pkg/CHRG-113hhrg91152/html/CHRG-113hhrg91152.htm
2014-06-25,113,house,hsju00,Committee on the Judiciary,,AN ADMINISTRATION MADE DISASTER: THE SOUTH TEXAS BORDER SURGE OF UNACCOMPANIED ALIEN MINORS,,no video found,https://www.govinfo.gov/content/pkg/CHRG-113hhrg88437/html/CHRG-113hhrg88437.htm
2014-06-25,113,house,hsfa00,Committee on Foreign Affairs,"Subcommittee on Europe, Eurasia, and Emerging Threats",REVIEWING THE ADMINISTRATION'S FY 2015 BUDGET REQUEST FOR EUROPE AND EURASIA,,"possible match (same committee, same days, different title)",https://www.govinfo.gov/content/pkg/CHRG-113hhrg88459/html/CHRG-113hhrg88459.htm
2014-06-25,113,house,hsag00,Committee on Agriculture,"Subcommittee on Livestock, Rural Development, and Credit",A REVIEW OF CREDIT AVAILABILITY IN RURAL AMERICA,,no video found,https://www.govinfo.gov/content/pkg/CHRG-113hhrg88547/html/CHRG-113hhrg88547.htm
2014-06-25,113,house,hsvr00,Committee on Veterans' Affairs,,VBA AND VHA INTERACTIONS: ORDERING AND CONDUCTING MEDICAL EXAMINATIONS,,no video found,https://www.govinfo.gov/content/pkg/CHRG-113hhrg89376/html/CHRG-113hhrg89376.htm
2014-06-25,113,house,hssy00,"Committee on Science, Space, and Technology",,PATHWAYS TO EXPLORATION: A REVIEW OF THE FUTURE OF HUMAN SPACE EXPLORATION,,"possible match (same committee, same days, different title)",https://www.govinfo.gov/content/pkg/CHRG-113hhrg89411/html/CHRG-113hhrg89411.htm
2014-06-25,113,house,hsha00,Committee on House Administration,,H.R. 186: TO AMEND THE FEDERAL ELECTIONS CAMPAIGN ACT OF 1971 TO PERMIT CANDIDATES FOR ELECTION FOR FEDERAL OFFICE TO DESIGNATE AN INDIVIDUAL WHO WILL BE AUTHORIZED TO DISBURSE FUNDS OF THE AUTHORIZED CAMPAIGN COMMITTEES OF THE CANDIDATE IN THE EVENT OF THE DEATH OF THE CANDIDATE,,no video found,https://www.govinfo.gov/content/pkg/CHRG-113hhrg89702/html/CHRG-113hhrg89702.htm
2014-06-25,113,house,hsed00,Committee on Education and the Workforce,"Subcommittee on Early Childhood, Elementary, and Secondary Education; Subcommittee on Cybersecurity, Infrastructure Protection, and Security Technologies",HOW DATA MINING THREATENS STUDENT PRIVACY,,no video found,https://www.govinfo.gov/content/pkg/CHRG-113hhrg91448/html/CHRG-113hhrg91448.htm
2014-06-24,113,house,hsed00,Committee on Education and the Workforce,,[ERRATA] WHAT SHOULD WORKERS AND EMPLOYERS EXPECT NEXT FROM THE NATIONAL LABOR RELATIONS BOARD?,,no video found,https://www.govinfo.gov/content/pkg/CHRG-113hhrg20316/html/CHRG-113hhrg20316.htm
2014-06-24,113,house,hsed00,Committee on Education and the Workforce,,WHAT SHOULD WORKERS AND EMPLOYERS EXPECT NEXT FROM THE NATIONAL LABOR RELATIONS BOARD?,,no video found,https://www.govinfo.gov/content/pkg/CHRG-113hhrg88403/html/CHRG-113hhrg88403.htm
2014-06-24,113,house,hsju00,Committee on the Judiciary,"Subcommittee on Regulatory Reform, Commercial and Antitrust Law",PROPOSED MERGER OF AT&T AND DIRECTV,,no video found,https://www.govinfo.gov/content/pkg/CHRG-113hhrg88435/html/CHRG-113hhrg88435.htm
2014-06-24,113,house,hsju00,Committee on the Judiciary,"Subcommittee on Courts, Intellectual Property, and the Internet","TRADE SECRETS: PROMOTING AND PROTECTING AMERICAN INNOVATION, COMPETITIVENESS AND MARKET ACCESS IN FOREIGN MARKETS",,no video found,https://www.govinfo.gov/content/pkg/CHRG-113hhrg88436/html/CHRG-113hhrg88436.htm
2014-06-24,113,house,hsii00,Committee on Natural Resources,"Subcommittee on Fisheries, Wildlife, Oceans and Insular Affairs",OVERSIGHT HEARING ON THE U.S. FISH AND WILDLIFE SERVICE'S PLAN TO IMPLEMENT A BAN ON THE COMMERCIAL TRADE IN ELEPHANT IVORY,,"possible match (same committee, same days, different title)",https://www.govinfo.gov/content/pkg/CHRG-113hhrg88502/html/CHRG-113hhrg88502.htm
2014-06-24,113,house,hsii00,Committee on Natural Resources,Subcommittee on Indian and Alaska Native Affairs,OVERSIGHT HEARING ON CHILD PROTECTION AND THE JUSTICE SYSTEM ON THE SPIRIT LAKE INDIAN RESERVATION,,"possible match (same committee, same days, different title)",https://www.govinfo.gov/content/pkg/CHRG-113hhrg88503/html/CHRG-113hhrg88503.htm
2014-06-24,113,house,hsas00,Committee on Armed Services,,[H.A.S.C. No. 113-113] CASE STUDIES IN DOD ACQUISITION: FINDING WHAT WORKS,,no video found,https://www.govinfo.gov/content/pkg/CHRG-113hhrg89506/html/CHRG-113hhrg89506.htm
2014-06-24,113,house,hsas00,Committee on Armed Services,Subcommittee on Oversight and Investigations,[H.A.S.C. No. 113-114] FILIPINO VETERANS EQUITY COMPENSA- TION FUND: EXAMINING THE DEPART- MENT OF DEFENSE AND INTERAGENCY PROCESS FOR VERIFYING ELIGIBILITY,,no video found,https://www.govinfo.gov/content/pkg/CHRG-113hhrg89507/html/CHRG-113hhrg89507.htm
2014-06-24,113,house,hsba00,Committee on Financial Services,,THE ANNUAL REPORT OF THE FINANCIAL STABILITY OVERSIGHT COUNCIL,,"possible match (same committee, same days, different title)",https://www.govinfo.gov/content/pkg/CHRG-113hhrg91150/html/CHRG-113hhrg91150.htm
2014-06-24,113,house,hshm00,Committee on Homeland Security,Subcommittee on Transportation Security,UTILIZING CANINE TEAMS TO DETECT EXPLOSIVES AND MITIGATE THREATS,,"possible match (same committee, same days, different title)",https://www.govinfo.gov/content/pkg/CHRG-113hhrg91447/html/CHRG-113hhrg91447.htm
2014-06-23,113,house,hsvr00,Committee on Veterans' Affairs,,EVALUATING THE CAPACITY OF THE VA TO CARE FOR VETERAN PATIENTS,,no video found,https://www.govinfo.gov/content/pkg/CHRG-113hhrg89375/html/CHRG-113hhrg89375.htm
2014-06-23,113,house,hshm00,Committee on Homeland Security,"Subcommittee on Emergency Preparedness, Response, and Communications",MASS GATHERING SECURITY: A LOOK AT THE COORDINATED APPROACH TO SUPER BOWL XLVIII IN NEW JERSEY AND OTHER LARGE-SCALE EVENTS,,"possible match (same committee, same days, different title)",https://www.govinfo.gov/content/pkg/CHRG-113hhrg90883/html/CHRG-113hhrg90883.htm
2014-06-20,113,house,hswm00,Committee on Ways and Means,,IRS COMMISSIONER JOHN KOSKINEN,,"possible match (same committee, same days, different title)",https://www.govinfo.gov/content/pkg/CHRG-113hhrg21117/html/CHRG-113hhrg21117.htm
2014-06-20,113,house,hsju00,Committee on the Judiciary,"Subcommittee on Regulatory Reform, Commercial and Antitrust Law",NET NEUTRALITY: IS ANTITRUST LAW MORE,,no video found,https://www.govinfo.gov/content/pkg/CHRG-113hhrg88377/html/CHRG-113hhrg88377.htm
2014-06-20,113,house,hsii00,Committee on Natural Resources,Subcommittee on Energy and Mineral Resources,"LEGISLATIVE HEARING ON H.R. 4293, TO AUTHORIZE THE APPROVAL OF NATURAL GAS PIPELINES AND ESTABLISH DEADLINES AND EXPEDITE PERMITS FOR CERTAIN NATURAL GAS GATHERING LINES ON FEDERAL LAND AND INDIAN LAND, ``NATURAL GAS GATHERING ENHANCEMENT ACT''; AND H.R. 1587, TO AUTHORIZE THE SECRETARY OF THE INTERIOR AND THE SECRETARY OF AGRICULTURE TO ISSUE PERMITS FOR RIGHTS-OF-WAY, TEMPORARY EASEMENTS, OR OTHER NECESSARY AUTHORIZATIONS TO FACILITATE NATURAL GAS, OIL, AND PETROLEUM PRODUCT PIPELINES AND RELATED FACILITIES ON ELIGIBLE FEDERAL LANDS, AND FOR OTHER PURPOSES, ``ENERGY INFRASTRUCTURE IMPROVEMENT ACT''",,"possible match (same committee, same days, different title)",https://www.govinfo.gov/content/pkg/CHRG-113hhrg88391/html/CHRG-113hhrg88391.htm
2014-06-20,113,house,hsvr00,Committee on Veterans' Affairs,,REVIEW OF AWARDING BONUSES TO SENIOR EXECUTIVES AT THE DEPARTMENT OF VETERANS AFFAIRS,,no video found,https://www.govinfo.gov/content/pkg/CHRG-113hhrg89374/html/CHRG-113hhrg89374.htm
2014-06-20,113,house,hssy00,"Committee on Science, Space, and Technology",,NASA SECURITY: ASSESSING THE AGENCY'S,,"possible match (same committee, same days, different title)",https://www.govinfo.gov/content/pkg/CHRG-113hhrg89410/html/CHRG-113hhrg89410.htm
2014-06-20,113,house,hshm00,Committee on Homeland Security,Subcommittee on Oversight and Management Efficiency,STAKEHOLDER PERSPECTIVES ON PRIORITIES FOR THE QUADRENNIAL HOMELAND SECURITY REVIEW,,"possible match (same committee, same days, different title)",https://www.govinfo.gov/content/pkg/CHRG-113hhrg90882/html/CHRG-113hhrg90882.htm
2014-06-19,113,house,hsju00,Committee on the Judiciary,"Subcommittee on Courts, Intellectual Property, and the Internet",GSA'S FAILURE TO MEET THE NEEDS OF THE JUDICIARY: A CASE STUDY OF BUREAUCRATIC NEGLIGENCE AND WASTE,,no video found,https://www.govinfo.gov/content/pkg/CHRG-113hhrg88376/html/CHRG-113hhrg88376.htm
2014-06-19,113,house,hsfa00,Committee on Foreign Affairs,Subcommittee on the Middle East and North Africa,"CONDEMNING THE GOVERNMENT OF IRAN FOR ITS STATE-SPONSORED PERSECUTION OF ITS BAHA'I MINORITY AND ITS CONTINUED VIOLATION OF THE INTERNATIONAL COVENANTS ON HUMAN RIGHTS; AND CALLING ON THE GOVERNMENT OF IRAN TO FULFILL THEIR PROMISES OF ASSISTANCE IN THIS CASE OF ROBERT LEVINSON, ONE OF THE LONGEST HELD UNITED STATES CIVILIANS IN OUR NATION'S HISTORY",,"possible match (same committee, same days, different title)",https://www.govinfo.gov/content/pkg/CHRG-113hhrg88386/html/CHRG-113hhrg88386.htm
2014-06-19,113,house,hsag00,Committee on Agriculture,"Subcommittee on Conservation, Energy, and Forestry",A REVIEW OF THE INTERPRETIVE RULE REGARDING THE APPLICABILITY OF CLEAN WATER ACT AGRICULTURAL EXEMPTIONS,,no video found,https://www.govinfo.gov/content/pkg/CHRG-113hhrg88485/html/CHRG-113hhrg88485.htm
2014-06-19,113,house,hsas00,Committee on Armed Services,,[H.A.S.C. No. 113-112] P5+1 NEGOTIATIONS OVER IRAN'S NUCLEAR PROGRAM AND ITS IMPLICA- TIONS FOR UNITED STATES DEFENSE,,no video found,https://www.govinfo.gov/content/pkg/CHRG-113hhrg89505/html/CHRG-113hhrg89505.htm
2014-06-18,113,house,hswm00,Committee on Ways and Means,Subcommittee on Health,MEDPAC'S JUNE REPORT TO CONGRESS,,"possible match (same committee, same days, different title)",https://www.govinfo.gov/content/pkg/CHRG-113hhrg20997/html/CHRG-113hhrg20997.htm
2014-06-18,113,house,hspw00,Committee on Transportation and Infrastructure,Subcommittee on Coast Guard and Maritime Transportation,MAINTAINING COAST GUARD READINESS,,"possible match (same committee, same days, different title)",https://www.govinfo.gov/content/pkg/CHRG-113hhrg88351/html/CHRG-113hhrg88351.htm
2014-06-18,113,house,hsfa00,Committee on Foreign Affairs,"Subcommittee on Terrorism, Nonproliferation, and Trade; Subcommittee on the Middle East and North Africa",THE BERGDAHL EXCHANGE: IMPLICATIONS FOR U.S. NATIONAL SECURITY AND THE FIGHT AGAINST TERRORISM,,"possible match (same committee, same days, different title)",https://www.govinfo.gov/content/pkg/CHRG-113hhrg88387/html/CHRG-113hhrg88387.htm
2014-06-18,113,house,hsfa00,Committee on Foreign Affairs,"Subcommittee on Africa, Global Health, Global Human Rights, and International Organizations",UNITED STATES COMMISSION ON INTERNATIONAL RELIGIOUS FREEDOM REAUTHORIZATION ACT OF 2014; CONCERNING THE SUSPENSION OF EXIT PERMIT ISSUANCE BY THE DEMOCRATIC REPUBLIC OF CONGO FOR ADOPTED CONGOLESE CHILDREN; AND THE NEED TO BRING THE SOUTH SUDAN CONFLICT TO A SUSTAINABLE AND LASTING END,,"possible match (same committee, same days, different title)",https://www.govinfo.gov/content/pkg/CHRG-113hhrg88388/html/CHRG-113hhrg88388.htm
2014-06-18,113,house,hsvr00,Committee on Veterans' Affairs,,NON-VA CARE: AN INTEGRATED SOLUTION FOR VETERAN ACCESS,,no video found,https://www.govinfo.gov/content/pkg/CHRG-113hhrg89373/html/CHRG-113hhrg89373.htm
2014-06-18,113,house,hssy00,"Committee on Science, Space, and Technology",,THE FUTURE OF SURFACE TRANSPORTATION,,"possible match (same committee, same days, different title)",https://www.govinfo.gov/content/pkg/CHRG-113hhrg89409/html/CHRG-113hhrg89409.htm
2014-06-18,113,house,hsba00,Committee on Financial Services,,THE SEMI ANNUAL REPORT OF THE CONSUMER FINANCIAL PROTECTION BUREAU,,"possible match (same committee, same days, different title)",https://www.govinfo.gov/content/pkg/CHRG-113hhrg91148/html/CHRG-113hhrg91148.htm
2014-06-18,113,house,hsba00,Committee on Financial Services,Subcommittee on Oversight and Investigations,ALLEGATIONS OF DISCRIMINATION,,"possible match (same committee, same days, different title)",https://www.govinfo.gov/content/pkg/CHRG-113hhrg91149/html/CHRG-113hhrg91149.htm
2014-06-12,113,house,hsvr00,Committee on Veterans' Affairs,,AN EXAMINATION OF BUREAUCRATIC BARRIERS TO CARE FOR VETERANS,,no video found,https://www.govinfo.gov/content/pkg/CHRG-113hhrg88984/html/CHRG-113hhrg88984.htm
2014-06-12,113,house,hssy00,"Committee on Science, Space, and Technology",,REDUCING THE ADMINISTRATIVE WORKLOAD,,"possible match (same committee, same days, different title)",https://www.govinfo.gov/content/pkg/CHRG-113hhrg89408/html/CHRG-113hhrg89408.htm
2014-06-11,113,house,hswm00,Committee on Ways and Means,Subcommittee on Trade,ADVANCING THE U.S. TRADE AGENDA: BENEFITS OF EXPANDING U.S. AGRICULTURE TRADE AND ELIMINATING BARRIERS TO U.S. EXPORTS,,no video found,https://www.govinfo.gov/content/pkg/CHRG-113hhrg21112/html/CHRG-113hhrg21112.htm
2014-06-11,113,house,hsju00,Committee on the Judiciary,,FEDERAL BUREAU OF INVESTIGATION,,no video found,https://www.govinfo.gov/content/pkg/CHRG-113hhrg88242/html/CHRG-113hhrg88242.htm
2014-06-11,113,house,hsfa00,Committee on Foreign Affairs,"Subcommittee on Africa, Global Health, Global Human Rights, and International Organizations",THE ONGOING STRUGGLE AGAINST BOKO HARAM,,"possible match (same committee, same days, different title)",https://www.govinfo.gov/content/pkg/CHRG-113hhrg88290/html/CHRG-113hhrg88290.htm
2014-06-11,113,house,hsba00,Committee on Financial Services,Subcommittee on Monetary Policy and Trade,THE PRODUCTION AND CIRCULATION OF COINS AND CURRENCY,,"possible match (same committee, same days, different title)",https://www.govinfo.gov/content/pkg/CHRG-113hhrg91147/html/CHRG-113hhrg91147.htm
2014-06-11,113,joint,jcse00,Commission on Security and Cooperation in Europe (U.S. Helsinki Commission),,"THE SECURITY, ECONOMIC, AND HUMAN RIGHTS RELATIONS DIMENSIONS OF U.S.-AZERBAIJAN RELATIONS",,no video found,https://www.govinfo.gov/content/pkg/CHRG-113jhrg95592/html/CHRG-113jhrg95592.htm
2014-06-10,113,house,hsed00,Committee on Education and the Workforce,,[ERRATA] THE REGULATORY AND ENFORCEMENT PRIORITIES OF THE EEOC: EXAMINING THE CONCERNS OF STAKEHOLDERS,,no video found,https://www.govinfo.gov/content/pkg/CHRG-113hhrg20319/html/CHRG-113hhrg20319.htm
2014-06-10,113,house,hsed00,Committee on Education and the Workforce,,THE REGULATORY AND ENFORCEMENT PRIORITIES OF THE EEOC: EXAMINING THE CONCERNS OF STAKEHOLDERS,,no video found,https://www.govinfo.gov/content/pkg/CHRG-113hhrg88194/html/CHRG-113hhrg88194.htm
2014-06-10,113,house,hsju00,Committee on the Judiciary,"Subcommittee on Courts, Intellectual Property, and the Internet",MUSIC LICENSING UNDER TITLE 17 (PART I & II),,no video found,https://www.govinfo.gov/content/pkg/CHRG-113hhrg88240/html/CHRG-113hhrg88240.htm
2014-06-10,113,house,hsju00,Committee on the Judiciary,Subcommittee on the Constitution and Civil Justice,STATE OF RELIGIOUS LIBERTY IN THE UNITED STATES,,no video found,https://www.govinfo.gov/content/pkg/CHRG-113hhrg88241/html/CHRG-113hhrg88241.htm
2014-06-10,113,house,hsii00,Committee on Natural Resources,Subcommittee on Public Lands and Environmental Regulation,"H.R. 318, H.R. 4029, H.R. 4049, H.R. 4182, H.R. 4272, H.R. 4283, H.R. 4489, AND H.R. 4527",,"possible match (same committee, same days, different title)",https://www.govinfo.gov/content/pkg/CHRG-113hhrg88342/html/CHRG-113hhrg88342.htm
2014-06-10,113,house,hssy00,"Committee on Science, Space, and Technology",,A REVIEW OF THE P5: THE U.S. VISION FOR PARTICLE PHYSICS AFTER DISCOVERY OF THE HIGGS BOSON,,"possible match (same committee, same days, different title)",https://www.govinfo.gov/content/pkg/CHRG-113hhrg89407/html/CHRG-113hhrg89407.htm
2014-06-10,113,house,hshm00,Committee on Homeland Security,"Subcommittee on Emergency Preparedness, Response, and Communications",BIOWATCH: LESSONS LEARNED AND THE PATH FORWARD,,"possible match (same committee, same days, different title)",https://www.govinfo.gov/content/pkg/CHRG-113hhrg90880/html/CHRG-113hhrg90880.htm
2014-06-10,113,house,hswm00,Committee on Ways and Means,Subcommittee on Oversight and Subcommittee on Health,VERIFICATION OF INCOME AND INSURANCE INFORMATION UNDER THE AFFORDABLE CARE ACT,,no video found,https://www.govinfo.gov/content/pkg/CHRG-113hhrg94427/html/CHRG-113hhrg94427.htm
2014-06-02,113,house,hsju00,Committee on the Judiciary,"Subcommittee on Courts, Intellectual Property, and the Internet",FIRST SALE UNDER TITLE 17,,no video found,https://www.govinfo.gov/content/pkg/CHRG-113hhrg88109/html/CHRG-113hhrg88109.htm
2014-05-31,113,house,hsas00,Committee on Armed Services,,"[H.A.S.C. No. 113-111] THE MAY 31, 2014, TRANSFER OF FIVE SENIOR TALIBAN DETAINEES",,no video found,https://www.govinfo.gov/content/pkg/CHRG-113hhrg88456/html/CHRG-113hhrg88456.htm
2014-05-30,113,house,hsju00,Committee on the Judiciary,,PENALTIES,,"possible match (same committee, same days, different title)",https://www.govinfo.gov/content/pkg/CHRG-113hhrg88041/html/CHRG-113hhrg88041.htm
2014-05-30,113,house,hsfa00,Committee on Foreign Affairs,"Subcommittee on Africa, Global Health, Global Human Rights, and International Organizations",TIANANMEN 25 YEARS LATER: LEADERS WHO WERE THERE,,"possible match (same committee, same days, different title)",https://www.govinfo.gov/content/pkg/CHRG-113hhrg88107/html/CHRG-113hhrg88107.htm
2014-05-30,113,house,hsfa00,Committee on Foreign Affairs,Subcommittee on the Western Hemisphere,WESTERN HEMISPHERE DRUG POLICY COMMISSION ACT OF 2014,,"possible match (same committee, same days, different title)",https://www.govinfo.gov/content/pkg/CHRG-113hhrg88108/html/CHRG-113hhrg88108.htm
2014-05-29,113,house,hsju00,Committee on the Judiciary,,UNITED STATES DEPARTMENT OF HOMELAND SECURITY,,"possible match (same committee, same days, different title)",https://www.govinfo.gov/content/pkg/CHRG-113hhrg88040/html/CHRG-113hhrg88040.htm
2014-05-29,113,house,hsfa00,Committee on Foreign Affairs,Subcommittee on Asia and the Pacific,ENERGY NEEDS IN ASIA: THE U.S. LIQUEFIED NATURAL GAS OPTION,,"possible match (same committee, same days, different title)",https://www.govinfo.gov/content/pkg/CHRG-113hhrg88106/html/CHRG-113hhrg88106.htm
2014-05-29,113,house,hssy00,"Committee on Science, Space, and Technology",,EXAMINING THE U.N. INTERGOVERNMENTAL,,"possible match (same committee, same days, different title)",https://www.govinfo.gov/content/pkg/CHRG-113hhrg88147/html/CHRG-113hhrg88147.htm
2014-05-29,113,house,hsvr00,Committee on Veterans' Affairs,Subcommittee on Oversight and Investigation,ASSESSING INADEQUACIES IN VA DATA USAGE FOR AND SERVICES PROVIDED TO VISUALLY-IMPAIRED VETERANS,,"possible match (same committee, same days, different title)",https://www.govinfo.gov/content/pkg/CHRG-113hhrg88981/html/CHRG-113hhrg88981.htm
2014-05-29,113,house,hsvr00,Committee on Veterans' Affairs,Subcommittee on Disability Assistance and Memorial Affairs,DEFINED EXPECTATIONS: EVALUATING VA'S PERFORMANCE IN THE SERVICEMEMBER TRANSITION PROCESS,,"possible match (same committee, same days, different title)",https://www.govinfo.gov/content/pkg/CHRG-113hhrg88982/html/CHRG-113hhrg88982.htm
2014-05-29,113,house,hswm00,Committee on Ways and Means,Subcommittee on Human Resources,CARING FOR OUR KIDS: ARE WE OVERMEDICATING CHILDREN IN FOSTER CARE?,,"possible match (same committee, same days, different title)",https://www.govinfo.gov/content/pkg/CHRG-113hhrg94399/html/CHRG-113hhrg94399.htm
2014-05-28,113,house,hsvr00,Committee on Veterans' Affairs,,TO RECEIVE WITNESS TESTIMONY RELATED TO COMMITTEE SUBPOENA,,"possible match (same committee, same days, different title)",https://www.govinfo.gov/content/pkg/CHRG-113hhrg88980/html/CHRG-113hhrg88980.htm
2014-05-22,113,house,hsfa00,Committee on Foreign Affairs,Subcommittee on the Middle East and North Africa,THE GULF COOPERATION COUNCIL: DEEPENING RIFTS AND EMERGING CHALLENGES,,"possible match (same committee, same days, different title)",https://www.govinfo.gov/content/pkg/CHRG-113hhrg88021/html/CHRG-113hhrg88021.htm
2014-05-22,113,house,hsfa00,Committee on Foreign Affairs,"Subcommittee on Africa, Global Health, Global Human Rights, and International Organizations",PROTECTING RELIGIOUS FREEDOM: U.S. EFFORTS TO HOLD ACCOUNTABLE COUNTRIES OF PARTICULAR CONCERN,,"possible match (same committee, same days, different title)",https://www.govinfo.gov/content/pkg/CHRG-113hhrg88022/html/CHRG-113hhrg88022.htm
2014-05-22,113,house,hsgo00,Committee on Oversight and Government Reform,"Subcommittee on Federal Workforce, US Postal Service and the Census",EXAMINING INNOVATIVE POSTAL PRODUCTS FOR THE 21ST CENTURY,,"possible match (same committee, same days, different title)",https://www.govinfo.gov/content/pkg/CHRG-113hhrg88825/html/CHRG-113hhrg88825.htm
2014-05-21,113,house,hssm00,Committee on Small Business,,OVERSIGHT OF THE SMALL BUSINESS INNOVATION RESEARCH AND SMALL BUSINESS TECHNOLOGY TRANSFER PROGRAMS,,"possible match (same committee, same days, different title)",https://www.govinfo.gov/content/pkg/CHRG-113hhrg87949/html/CHRG-113hhrg87949.htm
2014-05-21,113,house,hspw00,Committee on Transportation and Infrastructure,Subcommittee on Coast Guard and Maritime Transportation,USING NEW OCEAN TECHNOLOGIES: PROMOTING EFFICIENT MARITIME TRANSPORTATION AND IMPROVING MARITIME DOMAIN AWARENESS AND RESPONSE CAPABILITY,,"possible match (same committee, same days, different title)",https://www.govinfo.gov/content/pkg/CHRG-113hhrg87964/html/CHRG-113hhrg87964.htm
2014-05-21,113,house,hsfa00,Committee on Foreign Affairs,,"BOKO HARAM: THE GROWING THREAT TO SCHOOLGIRLS, NIGERIA, AND BEYOND",,"possible match (same committee, same days, different title)",https://www.govinfo.gov/content/pkg/CHRG-113hhrg88018/html/CHRG-113hhrg88018.htm
2014-05-21,113,house,hssy00,"Committee on Science, Space, and Technology",,ASTROBIOLOGY AND THE SEARCH FOR LIFE IN THE UNIVERSE,,"possible match (same committee, same days, different title)",https://www.govinfo.gov/content/pkg/CHRG-113hhrg88146/html/CHRG-113hhrg88146.htm
2014-05-21,113,house,hsba00,Committee on Financial Services,Subcommittee on Oversight and Investigations,"ALLEGATIONS OF DISCRIMINATION AND RETALIATION WITHIN THE CONSUMER FINANCIAL PROTECTION BUREAU, PART TWO",,no video found,https://www.govinfo.gov/content/pkg/CHRG-113hhrg88543/html/CHRG-113hhrg88543.htm
2014-05-21,113,house,hsba00,Committee on Financial Services,Subcommittee on Financial Institutions and Consumer Credit,LEGISLATIVE PROPOSALS TO IMPROVE TRANSPARENCY AND ACCOUNTABILITY AT THE CFPB,,no video found,https://www.govinfo.gov/content/pkg/CHRG-113hhrg88544/html/CHRG-113hhrg88544.htm
2014-05-21,113,house,hshm00,Committee on Homeland Security,"Subcommittee on Counterterrorism and Intelligence; Subcommittee on Cybersecurity, Infrastructure Protection, and Security Technologies",ASSESSING PERSISTENT AND EMERGING CYBER THREATS TO THE U.S. IN THE HOMELAND,,"possible match (same committee, same days, different title)",https://www.govinfo.gov/content/pkg/CHRG-113hhrg89764/html/CHRG-113hhrg89764.htm
2014-05-20,113,house,hswm00,Committee on Ways and Means,Subcommittee on Health,CURRENT HOSPITAL ISSUES IN THE MEDICARE PROGRAM,,"possible match (same committee, same days, different title)",https://www.govinfo.gov/content/pkg/CHRG-113hhrg20998/html/CHRG-113hhrg20998.htm
2014-05-20,113,house,hsii00,Committee on Natural Resources,"Subcommittee on Fisheries, Wildlife, Oceans and Insular Affairs",OIL AND GAS ACTIVITIES WITH- IN THE NATIONAL WILDLIFE REFUGE SYSTEM AND THE FISH AND WILDLIFE SERV- ICE'S INTEREST IN FURTHER REGULATING THEM,,"possible match (same committee, same days, different title)",https://www.govinfo.gov/content/pkg/CHRG-113hhrg88011/html/CHRG-113hhrg88011.htm
2014-05-20,113,house,hsii00,Committee on Natural Resources,Subcommittee on Public Lands and Environmental Regulation,"H.R. 1776, ``CLEAR CREEK NATIONAL RECREATION AREA AND CONSERVATION ACT''; H.R. 2175, ``WORLD WAR II MEMORIAL PRAYER ACT OF 2013''; H.R. 2489, ``OREGON CAVES REVITALIZATION ACT OF 2013''; AND H.R. 3806, ``GREAT SMOKY MOUNTAINS NATIONAL PARK AGREEMENT ACT OF 2013''",,"possible match (same committee, same days, different title)",https://www.govinfo.gov/content/pkg/CHRG-113hhrg88012/html/CHRG-113hhrg88012.htm
2014-05-20,113,house,hsfa00,Committee on Foreign Affairs,"Subcommittee on Terrorism, Nonproliferation, and Trade",AL-QAEDA IN AFGHANISTAN AND PAKISTAN: AN ENDURING THREAT,,"possible match (same committee, same days, different title)",https://www.govinfo.gov/content/pkg/CHRG-113hhrg88017/html/CHRG-113hhrg88017.htm
2014-05-20,113,house,hssy00,"Committee on Science, Space, and Technology",,NANOTECHNOLOGY: FROM LABORATORIES TO COMMERCIAL PRODUCTS,,"possible match (same committee, same days, different title)",https://www.govinfo.gov/content/pkg/CHRG-113hhrg88145/html/CHRG-113hhrg88145.htm
2014-05-20,113,house,hsba00,Committee on Financial Services,,EXAMINING THE DANGERS OF THE FSOC’S DESIGNATION PROCESS AND ITS IMPACT ON THE U.S. FINANCIAL SYSTEM,,no video found,https://www.govinfo.gov/content/pkg/CHRG-113hhrg88541/html/CHRG-113hhrg88541.htm
2014-05-20,113,house,hsba00,Committee on Financial Services,Subcommittee on Housing and Insurance,LEGISLATIVE PROPOSALS TO REFORM DOMESTIC INSURANCE POLICY,,no video found,https://www.govinfo.gov/content/pkg/CHRG-113hhrg88542/html/CHRG-113hhrg88542.htm
2014-05-20,113,house,hsvr00,Committee on Veterans' Affairs,Subcommittee on Economic Opportunity,EXPLORING JOBS FOR VETERANS IN THE ENERGY SECTOR,,"possible match (same committee, same days, different title)",https://www.govinfo.gov/content/pkg/CHRG-113hhrg88979/html/CHRG-113hhrg88979.htm
2014-05-14,113,house,hsii00,Committee on Natural Resources,,OVERSIGHT FIELD HEARING ON PROTECTING THE RIGHTS OF PROPERTY OWNERS: PROPOSED FEDERAL CRITICAL HABITAT DESIGNATIONS GONE WILD,,no video found,https://www.govinfo.gov/content/pkg/CHRG-113hhrg87907/html/CHRG-113hhrg87907.htm
2014-05-13,113,house,hssm00,Committee on Small Business,Subcommittee on Health and Technology,ROOM TO GROW: THE BENEFITS OF PARTNERSHIPS IN SMALL AGRICULTURE BUSINESS DEVELOPMENT,,no video found,https://www.govinfo.gov/content/pkg/CHRG-113hhrg87899/html/CHRG-113hhrg87899.htm
2014-05-09,113,house,hsfa00,Committee on Foreign Affairs,,INTERNATIONAL MEGAN'S LAW TO PREVENT DEMAND FOR CHILD SEX TRAFFICKING; VENEZUELAN HUMAN RIGHTS AND DEMOCRACY PROTECTION ACT; AND CONDEMNING THE ABDUCTION OF FEMALE STUDENTS BY ARMED MILITANTS FROM THE TERRORIST GROUP KNOWN AS BOKO HARAM IN NORTHEASTERN PROVINCES OF THE FEDERAL REPUBLIC OF NIGERIA,,"possible match (same committee, same days, different title)",https://www.govinfo.gov/content/pkg/CHRG-113hhrg87839/html/CHRG-113hhrg87839.htm
2014-05-09,113,house,hssy00,"Committee on Science, Space, and Technology",,SPACE TRAFFIC MANAGEMENT: HOW TO PREVENT A REAL LIFE ``GRAVITY'',,no video found,https://www.govinfo.gov/content/pkg/CHRG-113hhrg88144/html/CHRG-113hhrg88144.htm
2014-05-08,113,house,hsed00,Committee on Education and the Workforce,,[ERRATA] BIG LABOR ON COLLEGE CAMPUSES: EXAMINING THE CONSEQUENCES OF UNIONIZING STUDENT ATHLETES,,"possible match (same committee, same days, different title)",https://www.govinfo.gov/content/pkg/CHRG-113hhrg20315/html/CHRG-113hhrg20315.htm
2014-05-08,113,house,hsed00,Committee on Education and the Workforce,,BIG LABOR ON COLLEGE CAMPUSES: EXAMINING THE CONSEQUENCES OF UNIONIZING STUDENT ATHLETES,,"possible match (same committee, same days, different title)",https://www.govinfo.gov/content/pkg/CHRG-113hhrg87709/html/CHRG-113hhrg87709.htm
2014-05-08,113,house,hsju00,Committee on the Judiciary,"Subcommittee on Regulatory Reform, Commercial and Antitrust Law",COMPETITION IN THE VIDEO AND BROADBAND MARKETS: THE PROPOSED MERGER OF COMCAST AND TIME WARNER CABLE,,no video found,https://www.govinfo.gov/content/pkg/CHRG-113hhrg87799/html/CHRG-113hhrg87799.htm
2014-05-08,113,house,hsju00,Committee on the Judiciary,"Subcommittee on Courts, Intellectual Property, and the Internet",COMPULSORY VIDEO LICENSES OF TITLE 17,,no video found,https://www.govinfo.gov/content/pkg/CHRG-113hhrg87800/html/CHRG-113hhrg87800.htm
2014-05-08,113,house,hsfa00,Committee on Foreign Affairs,Subcommittee on the Middle East and North Africa,"THE PALESTINIAN AUTHORITY, ISRAEL AND THE PEACE PROCESS: WHAT'S NEXT?",,"possible match (same committee, same days, different title)",https://www.govinfo.gov/content/pkg/CHRG-113hhrg87838/html/CHRG-113hhrg87838.htm
2014-05-08,113,house,hsba00,Committee on Financial Services,,THE ANNUAL TESTIMONY OF THE SECRETARY OF THE TREASURY ON THE STATE OF THE INTERNATIONAL FINANCIAL SYSTEM,,"possible match (same committee, same days, different title)",https://www.govinfo.gov/content/pkg/CHRG-113hhrg88540/html/CHRG-113hhrg88540.htm
2014-05-08,113,house,hsvr00,Committee on Veterans' Affairs,Subcommittee on Economic Opportunity,DEFINING AND IMPROVING SUCCESS FOR STUDENT VETERANS,,no video found,https://www.govinfo.gov/content/pkg/CHRG-113hhrg88978/html/CHRG-113hhrg88978.htm
2014-05-07,113,house,hsfa00,Committee on Foreign Affairs,"Subcommittee on Europe, Eurasia, and Emerging Threats",ASSESSING THE BIOLOGICAL WEAPONS THREAT: RUSSIA AND BEYOND,,"possible match (same committee, same days, different title)",https://www.govinfo.gov/content/pkg/CHRG-113hhrg87836/html/CHRG-113hhrg87836.htm
2014-05-07,113,house,hsii00,Committee on Natural Resources,,OVERSIGHT HEARING ON KEEPING THE LIGHTS ON AND REDUCING CATASTROPHIC FOREST FIRE RISK: PROPER MANAGEMENT OF ELECTRICITY RIGHTS-OF-WAY ON FEDERAL LANDS,,"possible match (same committee, same days, different title)",https://www.govinfo.gov/content/pkg/CHRG-113hhrg87850/html/CHRG-113hhrg87850.htm
2014-05-07,113,house,hshm00,Committee on Homeland Security,,"PREVENTING WASTE, FRAUD, ABUSE, AND MISMANAGEMENT IN HOMELAND SECURITY--A GAO HIGH-RISK LIST REVIEW",,"possible match (same committee, same days, different title)",https://www.govinfo.gov/content/pkg/CHRG-113hhrg89762/html/CHRG-113hhrg89762.htm
2014-05-07,113,house,hswm00,Committee on Ways and Means,Subcommittee on Oversight,INTERNAL REVENUE SERVICE OPERATIONS AND THE 2014 TAX RETURN FILING SEASON,,no video found,https://www.govinfo.gov/content/pkg/CHRG-113hhrg94426/html/CHRG-113hhrg94426.htm
2014-05-06,113,house,hsgo00,Committee on Oversight and Government Reform,Subcommittee on Government Operations,IMPEDIMENTS TO JOB CREATION IN MICHIGAN,,"possible match (same committee, same days, different title)",https://www.govinfo.gov/content/pkg/CHRG-113hhrg88670/html/CHRG-113hhrg88670.htm
2014-05-06,113,joint,jcse00,Commission on Security and Cooperation in Europe (U.S. Helsinki Commission),,"Georgia 2008, Ukraine 2014 – Is Moldova Next?",,no video found,https://www.govinfo.gov/content/pkg/CHRG-113jhrg95593/html/CHRG-113jhrg95593.htm
2014-05-01,113,house,hsfa00,Committee on Foreign Affairs,"Subcommittee on Africa, Global Health, Global Human Rights, and International Organizations",THE CENTRAL AFRICAN REPUBLIC: FROM ``PRE-GENOCIDE'' TO GENOCIDE?,,"possible match (same committee, same days, different title)",https://www.govinfo.gov/content/pkg/CHRG-113hhrg87715/html/CHRG-113hhrg87715.htm
2014-05-01,113,house,hsgo00,Committee on Oversight and Government Reform,,"BENGHAZI, INSTABILITY, AND A NEW GOVERNMENT: SUCCESS AND FAILURES OF U.S. INTERVENTION IN LIBYA",,"possible match (same committee, same days, different title)",https://www.govinfo.gov/content/pkg/CHRG-113hhrg88089/html/CHRG-113hhrg88089.htm
2014-05-01,113,house,hsba00,Committee on Financial Services,Subcommittee on Capital Markets and Government Sponsored Enterprises,"LEGISLATIVE PROPOSALS TO ENHANCE CAPITAL FORMATION FOR SMALL AND EMERGING GROWTH COMPANIES, PART II",,no video found,https://www.govinfo.gov/content/pkg/CHRG-113hhrg88539/html/CHRG-113hhrg88539.htm
2014-04-30,113,house,hswm00,Committee on Ways and Means,Subcommittee on Health,"IDEAS TO IMPROVE MEDICARE OVERSIGHT TO REDUCE WASTE, FRAUD AND ABUSE",,no video found,https://www.govinfo.gov/content/pkg/CHRG-113hhrg20999/html/CHRG-113hhrg20999.htm
2014-04-30,113,house,hsfa00,Committee on Foreign Affairs,,UNITED STATES INTERNATIONAL COMMUNICATIONS REFORM ACT OF 2014; TO AMEND THE INTERNATIONAL RELIGIOUS FREEDOM ACT OF 1998 TO INCLUDE THE DESECRATION OF CEMETERIES AMONG THE MANY FORMS OF VIOLATIONS OF THE RIGHT TO RELIGIOUS FREEDOM; CALLING FOR AN END TO ATTACKS ON SYRIAN CIVILIANS AND EXPANDED HUMANITARIAN ACCESS; AND IMMEDIATE ESTABLISHMENT OF SYRIAN WAR CRIMES TRIBUNAL RESOLUTION,,"possible match (same committee, same days, different title)",https://www.govinfo.gov/content/pkg/CHRG-113hhrg87713/html/CHRG-113hhrg87713.htm
2014-04-30,113,house,hsag00,Committee on Agriculture,"Subcommittee on Livestock, Rural Development, and Credit",HEARING TO REVIEW THE STATE OF THE LIVESTOCK INDUSTRY,,no video found,https://www.govinfo.gov/content/pkg/CHRG-113hhrg87766/html/CHRG-113hhrg87766.htm
2014-04-30,113,house,hssy00,"Committee on Science, Space, and Technology",,AN OVERVIEW OF THE NATIONAL OCEANIC AND ATMOSPHERIC ADMINISTRATION BUDGET REQUEST FOR FISCAL YEAR 2015,,"possible match (same committee, same days, different title)",https://www.govinfo.gov/content/pkg/CHRG-113hhrg88142/html/CHRG-113hhrg88142.htm
2014-04-30,113,house,hsba00,Committee on Financial Services,Subcommittee on Financial Institutions and Consumer Credit,EXAMINING HOW TECHNOLOGY CAN PROMOTE CONSUMER FINANCIAL LITERACY,,"possible match (same committee, same days, different title)",https://www.govinfo.gov/content/pkg/CHRG-113hhrg88538/html/CHRG-113hhrg88538.htm
2014-04-29,113,house,hsed00,Committee on Education and the Workforce,,REVIEWING THE PRESIDENT'S FISCAL YEAR 2015 BUDGET PROPOSAL FOR THE DEPARTMENT OF EDUCATION,,no video found,https://www.govinfo.gov/content/pkg/CHRG-113hhrg87629/html/CHRG-113hhrg87629.htm
2014-04-29,113,house,hsju00,Committee on the Judiciary,Subcommittee on the Constitution and Civil Justice,THE ORIGINAL MEANING OF THE ORIGINATION CLAUSE,,"possible match (same committee, same days, different title)",https://www.govinfo.gov/content/pkg/CHRG-113hhrg87664/html/CHRG-113hhrg87664.htm
2014-04-29,113,house,hsju00,Committee on the Judiciary,"Subcommittee on Regulatory Reform, Commercial and Antitrust Law",MOBILE WORKFORCE STATE INCOME TAX SIMPLIFICATION ACT OF 2013,,"possible match (same committee, same days, different title)",https://www.govinfo.gov/content/pkg/CHRG-113hhrg87665/html/CHRG-113hhrg87665.htm
2014-04-29,113,house,hspw00,Committee on Transportation and Infrastructure,,CONFRONTING TRANSNATIONAL DRUG SMUGGLING: AN ASSESSMENT OF REGIONAL PARTNERSHIPS,,"possible match (same committee, same days, different title)",https://www.govinfo.gov/content/pkg/CHRG-113hhrg87699/html/CHRG-113hhrg87699.htm
2014-04-29,113,house,hsfa00,Committee on Foreign Affairs,Subcommittee on the Middle East and North Africa,"THE ADMINISTRATION'S FY 2015 MENA BUDGET REQUEST: PRIORITIES, OBJECTIVES AND CHALLENGES",,"possible match (same committee, same days, different title)",https://www.govinfo.gov/content/pkg/CHRG-113hhrg87710/html/CHRG-113hhrg87710.htm
2014-04-29,113,house,hsfa00,Committee on Foreign Affairs,"Subcommittee on Africa, Global Health, Global Human Rights, and International Organizations",EFFECTIVE ACCOUNTABILITY: TIER RANKINGS IN THE FIGHT AGAINST HUMAN TRAFFICKING,,"possible match (same committee, same days, different title)",https://www.govinfo.gov/content/pkg/CHRG-113hhrg87712/html/CHRG-113hhrg87712.htm
2014-04-29,113,house,hsag00,Committee on Agriculture,"Subcommittee on Horticulture, Research, Biotechnology, and Foreign Agriculture",HEARING TO REVIEW CURRENT RESEARCH AND APPLICATION OF MANAGEMENT,,no video found,https://www.govinfo.gov/content/pkg/CHRG-113hhrg87765/html/CHRG-113hhrg87765.htm
2014-04-29,113,house,hsba00,Committee on Financial Services,,"OVERSIGHT OF THE SEC'S AGENDA, OPERATIONS, AND FY 2015 BUDGET REQUEST",,"possible match (same committee, same days, different title)",https://www.govinfo.gov/content/pkg/CHRG-113hhrg88537/html/CHRG-113hhrg88537.htm
2014-04-24,113,house,hsvr00,Committee on Veterans' Affairs,Subcommittee on Oversight and Investigation,ACCESS TO MENTAL HEALTH CARE AND TRAUMATIC BRAIN INJURY SERVICES: ADDRESSING THE CHALLENGES AND BARRIERS FOR VETERANS,,no video found,https://www.govinfo.gov/content/pkg/CHRG-113hhrg87679/html/CHRG-113hhrg87679.htm
2014-04-22,113,house,hsvr00,Committee on Veterans' Affairs,Subcommittee on Oversight and Investigations,"CONSTRUCTION CONUNDRUMS: A REVIEW OF CONTINUED DELAYS AND COST OVERRUNS AT THE REPLACEMENT AURORA, COLORADO, VAMC",,no video found,https://www.govinfo.gov/content/pkg/CHRG-113hhrg87678/html/CHRG-113hhrg87678.htm
2014-04-16,113,house,hshm00,Committee on Homeland Security,"Subcommittee on Cybersecurity, Infrastructure Protection, and Security Technologies",PROTECTING YOUR PERSONAL DATA: HOW LAW ENFORCEMENT WORKS WITH THE PRIVATE SECTOR TO PREVENT CYBERCRIME,,no video found,https://www.govinfo.gov/content/pkg/CHRG-113hhrg88784/html/CHRG-113hhrg88784.htm
2014-04-10,113,house,hsju00,Committee on the Judiciary,"Subcommittee on Courts, Intellectual Property, and the Internet",SHOULD THE DEPARTMENT OF COMMERCE RELINQUISH DIRECT OVERSIGHT OVER ICANN?,,no video found,https://www.govinfo.gov/content/pkg/CHRG-113hhrg87498/html/CHRG-113hhrg87498.htm
2014-04-10,113,house,hssy00,"Committee on Science, Space, and Technology",,DEPARTMENT OF ENERGY SCIENCE AND TECHNOLOGY PRIORITIES,,"possible match (same committee, same days, different title)",https://www.govinfo.gov/content/pkg/CHRG-113hhrg88143/html/CHRG-113hhrg88143.htm
2014-04-10,113,house,hsas00,Committee on Armed Services,Subcommittee on Readiness,[H.A.S.C. No. 113-110] THE DEPARTMENT OF DEFENSE'S READINESS POSTURE,,no video found,https://www.govinfo.gov/content/pkg/CHRG-113hhrg88455/html/CHRG-113hhrg88455.htm
2014-04-09,113,house,hswm00,Committee on Ways and Means,,THE TRADE IMPLICATIONS OF U.S. ENERGY POLICY AND THE EXPORT OF LIQUEFIED NATURAL GAS (LNG),,no video found,https://www.govinfo.gov/content/pkg/CHRG-113hhrg21113/html/CHRG-113hhrg21113.htm
2014-04-09,113,house,hsfa00,Committee on Foreign Affairs,,"U.S. FOREIGN ASSISTANCE IN FY 2015: WHAT ARE THE PRIORITIES, HOW EFFECTIVE?",,"possible match (same committee, same days, different title)",https://www.govinfo.gov/content/pkg/CHRG-113hhrg87516/html/CHRG-113hhrg87516.htm
2014-04-09,113,house,hsfa00,Committee on Foreign Affairs,Subcommittee on the Middle East and North Africa,U.S. POLICY TOWARD MOROCCO,,"possible match (same committee, same days, different title)",https://www.govinfo.gov/content/pkg/CHRG-113hhrg87518/html/CHRG-113hhrg87518.htm
2014-04-09,113,house,hsvr00,Committee on Veterans' Affairs,,A CONTINUED ASSESSMENT OF DELAYS IN VA MEDICAL CARE AND PREVENTABLE VETERANS DEATHS,,"possible match (same committee, same days, different title)",https://www.govinfo.gov/content/pkg/CHRG-113hhrg87677/html/CHRG-113hhrg87677.htm
2014-04-09,113,house,hsgo00,Committee on Oversight and Government Reform,"Subcommittee on Energy Policy, Health Care and Entitlements",EXAMINING WAYS THE SOCIAL SECURITY ADMINISTRATION CAN IMPROVE THE DISABILITY REVIEW PROCESS,,"possible match (same committee, same days, different title)",https://www.govinfo.gov/content/pkg/CHRG-113hhrg87819/html/CHRG-113hhrg87819.htm
2014-04-09,113,house,hssy00,"Committee on Science, Space, and Technology",,PRIZES TO SPUR INNOVATION AND TECHNOLOGY BREAKTHROUGHS,,"possible match (same committee, same days, different title)",https://www.govinfo.gov/content/pkg/CHRG-113hhrg88141/html/CHRG-113hhrg88141.htm
2014-04-09,113,house,hsas00,Committee on Armed Services,,[H.A.S.C. No. 113-108]NATIONAL DEFENSE PRIORITIES FROM MEMBERS FOR THE FISCAL YEAR 2015 NATIONAL DEFENSE AUTHORIZATION ACT,,no video found,https://www.govinfo.gov/content/pkg/CHRG-113hhrg88453/html/CHRG-113hhrg88453.htm
2014-04-09,113,house,hsas00,Committee on Armed Services,Subcommittee on Military Personnel,[H.A.S.C. No. 113-109] BENEFICIARY AND ADVOCACY OVERVIEW OF THE FISCAL YEAR 2015 PRESIDENT'S BUDGET,,no video found,https://www.govinfo.gov/content/pkg/CHRG-113hhrg88454/html/CHRG-113hhrg88454.htm
2014-04-09,113,house,hsba00,Committee on Financial Services,Subcommittee on Capital Markets and Government Sponsored Enterprises,LEGISLATIVE PROPOSALS TO ENHANCE CAPITAL FORMATION FOR SMALL AND EMERGING GROWTH COMPANIES,,"possible match (same committee, same days, different title)",https://www.govinfo.gov/content/pkg/CHRG-113hhrg88536/html/CHRG-113hhrg88536.htm
2014-04-09,113,house,hsap00,Committee on Appropriations,,"COMMERCE, JUSTICE, SCIENCE, AND RELATED AGENCIES APPROPRIATIONS FOR 2015",,"possible match (same committee, same days, different title)",https://www.govinfo.gov/content/pkg/CHRG-113hhrg89725/html/CHRG-113hhrg89725.htm
2014-04-09,113,joint,jcse00,Commission on Security and Cooperation in Europe (U.S. Helsinki Commission),,UKRAINE: CONFRONTING INTERNAL CHALLENGES AND EXTERNAL,,no video found,https://www.govinfo.gov/content/pkg/CHRG-113jhrg95594/html/CHRG-113jhrg95594.htm
2014-04-08,113,house,hswm00,Committee on Ways and Means,Subcommittee on Health,TREASURY DEPARTMENT'S FINAL EMPLOYER MANDATE AND EMPLOYER REPORTING,,no video found,https://www.govinfo.gov/content/pkg/CHRG-113hhrg21101/html/CHRG-113hhrg21101.htm
2014-04-08,113,house,hswm00,Committee on Ways and Means,,TAX REFORM HEARING ON THE BENEFITS OF PERMANENT TAX POLICY FOR AMERICA'S JOB CREATORS,,no video found,https://www.govinfo.gov/content/pkg/CHRG-113hhrg21116/html/CHRG-113hhrg21116.htm
2014-04-08,113,house,hsju00,Committee on the Judiciary,,UNITED STATES DEPARTMENT OF JUSTICE,,"possible match (same committee, same days, different title)",https://www.govinfo.gov/content/pkg/CHRG-113hhrg87497/html/CHRG-113hhrg87497.htm
2014-04-08,113,house,hsfa00,Committee on Foreign Affairs,Subcommittee on the Middle East and North Africa,LEBANON'S SECURITY CHALLENGES AND U.S. INTERESTS,,"possible match (same committee, same days, different title)",https://www.govinfo.gov/content/pkg/CHRG-113hhrg87514/html/CHRG-113hhrg87514.htm
2014-04-08,113,house,hsfa00,Committee on Foreign Affairs,"Subcommittee on Terrorism, Nonproliferation, and Trade",IS AL-QAEDA WINNING? GRADING THE ADMINISTRATION'S COUNTERTERRORISM POLICY,,"possible match (same committee, same days, different title)",https://www.govinfo.gov/content/pkg/CHRG-113hhrg87515/html/CHRG-113hhrg87515.htm
2014-04-08,113,house,hsii00,Committee on Natural Resources,,"H.R. 4315, ``21ST CENTURY ENDANGERED SPECIES TRANSPARENCY ACT''; H.R. 4316, ``ENDANGERED SPECIES RECOVERY TRANSPARENCY ACT''; H.R. 4317, ``STATE, TRIBAL, AND LOCAL SPECIES TRANSPARENCY AND RECOVERY ACT''; AND H.R. 4318, ``ENDANGERED SPECIES LITIGATION REASONABLENESS ACT''",,"possible match (same committee, same days, different title)",https://www.govinfo.gov/content/pkg/CHRG-113hhrg87584/html/CHRG-113hhrg87584.htm
2014-04-08,113,house,hsas00,Committee on Armed Services,,[H.A.S.C. No. 113-105] RUSSIAN MILITARY DEVELOPMENTS AND STRATEGIC IMPLICATIONS,,no video found,https://www.govinfo.gov/content/pkg/CHRG-113hhrg88450/html/CHRG-113hhrg88450.htm
2014-04-08,113,house,hsas00,Committee on Armed Services,"Subcommittee on Intelligence, Emerging Threats and Capabilities Hearing",[H.A.S.C. No. 113-106] HEARING ON NATIONAL DEFENSE AUTHORIZATION ACT FOR FISCAL YEAR 2015 AND OVERSIGHT OF PREVIOUSLY AUTHORIZED PROGRAMS BEFORE THE COMMITTEE ON ARMED SERVICES HOUSE OF REPRESENTATIVES ONE HUNDRED THIRTEENTH CONGRESS SECOND SESSION,,no video found,https://www.govinfo.gov/content/pkg/CHRG-113hhrg88451/html/CHRG-113hhrg88451.htm
2014-04-08,113,house,hsas00,Committee on Armed Services,Subcommittee on Strategic Forces Hearing,[H.A.S.C. No. 113-107]FISCAL YEAR 2015 BUDGET REQUEST FOR ATOMIC ENERGY DEFENSE ACTIVITIES AND NUCLEAR FORCES PROGRAMS,,no video found,https://www.govinfo.gov/content/pkg/CHRG-113hhrg88452/html/CHRG-113hhrg88452.htm
2014-04-08,113,house,hshm00,Committee on Homeland Security,Subcommittee on Border and Maritime Security,AUTHORIZING CUSTOMS AND BORDER PROTECTION AND IMMIGRATION AND CUSTOMS ENFORCEMENT,,"possible match (same committee, same days, different title)",https://www.govinfo.gov/content/pkg/CHRG-113hhrg88782/html/CHRG-113hhrg88782.htm
2014-04-07,113,house,hsap00,Committee on Appropriations,"Subcommittee on Interior, Environment, and Related Agencies","DEPARTMENT OF THE INTERIOR, ENVIRONMENT, AND RELATED AGENCIES APPROPRIATIONS FOR 2015",,"possible match (same committee, same days, different title)",https://www.govinfo.gov/content/pkg/CHRG-113hhrg87891/html/CHRG-113hhrg87891.htm
2014-04-05,113,house,hsfa00,Committee on Foreign Affairs,,"THE NORTH KOREA SANCTIONS ENFORCEMENT ACT; THE HUMAN TRAFFICKING PREVENTION ACT; AND URGING THE GOVERNMENT OF AFGHANISTAN, FOLLOWING A SUCCESSFUL FIRST ROUND OF THE PRESIDENTIAL ELECTION ON APRIL 5, 2014, TO PURSUE A TRANSPARENT, CREDIBLE, AND INCLUSIVE RUN-OFF PRESIDENTIAL ELECTION ON JUNE 14, 2014, WHILE ENSURING THE SAFETY OF VOTERS, CANDIDATES, POLL WORKERS, AND ELECTION OBSERVERS",,"possible match (same committee, same days, different title)",https://www.govinfo.gov/content/pkg/CHRG-113hhrg88105/html/CHRG-113hhrg88105.htm
2014-04-04,113,house,hsas00,Committee on Armed Services,"Subcommittee on Intelligence, Emerging Threats and Capabilities Hearing",[H.A.S.C. No. 113-104] HEARING ON NATIONAL DEFENSE AUTHORIZATION ACT FOR FISCAL YEAR 2015 AND OVERSIGHT OF PREVIOUSLY AUTHORIZED PROGRAMS BEFORE THE COMMITTEE ON ARMED SERVICES HOUSE OF REPRESENTATIVES ONE HUNDRED THIRTEENTH CONGRESS SECOND SESSION,,no video found,https://www.govinfo.gov/content/pkg/CHRG-113hhrg87867/html/CHRG-113hhrg87867.htm
2014-04-04,113,house,hshm00,Committee on Homeland Security,Subcommittee on Border and Maritime Security,PASSPORT FRAUD: AN INTERNATIONAL VULNERABILITY,,"possible match (same committee, same days, different title)",https://www.govinfo.gov/content/pkg/CHRG-113hhrg88781/html/CHRG-113hhrg88781.htm
2014-04-04,113,house,hsap00,Committee on Appropriations,,"STATE, FOREIGN OPERATIONS, AND RELATED PROGRAMS APPROPRIATIONS FOR 2015",,"possible match (same committee, same days, different title)",https://www.govinfo.gov/content/pkg/CHRG-113hhrg92470/html/CHRG-113hhrg92470.htm
2014-04-03,113,house,hsju00,Committee on the Judiciary,"Subcommittee on Regulatory Reform, Commercial and Antitrust Law",HEARING ON THE STANDARD MERGER AND ACQUISITION REVIEWS THROUGH EQUAL RULES ACT OF 2014,,no video found,https://www.govinfo.gov/content/pkg/CHRG-113hhrg87424/html/CHRG-113hhrg87424.htm
2014-04-03,113,house,hsas00,Committee on National Security,Subcommittee on Immigration and Border Security,OVERTURNING 30 YEARS OF PRECEDENT: IS THE ADMINISTRATION IGNORING THE DANGERS OF TRAINING LIBYAN PILOTS AND NUCLEAR SCIENTISTS?,,no video found,https://www.govinfo.gov/content/pkg/CHRG-113hhrg87425/html/CHRG-113hhrg87425.htm
2014-04-03,113,house,hsag00,Committee on Agriculture,,HEARING TO REVIEW THE STATE OF THE RURAL ECONOMY,,no video found,https://www.govinfo.gov/content/pkg/CHRG-113hhrg87513/html/CHRG-113hhrg87513.htm
2014-04-03,113,house,hsii00,Committee on Natural Resources,Subcommittee on Indian and Alaska Native Affairs,OVERSIGHT HEARING ON IMPLEMENTING THE COBELL SETTLEMENT: MISSED OPPORTUNITIES AND LESSONS LEARNED,,"possible match (same committee, same days, different title)",https://www.govinfo.gov/content/pkg/CHRG-113hhrg87534/html/CHRG-113hhrg87534.htm
2014-04-03,113,house,hsii00,Committee on Natural Resources,,OVERSIGHT HEARING ON DEPARTMENT OF THE INTERIOR SPENDING AND THE PRESIDENT'S FISCAL YEAR 2015 BUDGET PROPOSAL,,"possible match (same committee, same days, different title)",https://www.govinfo.gov/content/pkg/CHRG-113hhrg87536/html/CHRG-113hhrg87536.htm
2014-04-03,113,house,hsvr00,Committee on Veterans' Affairs,,TRIALS IN TRANSPARENCY II: IS VA RESPONDING TO CONGRESSIONAL REQUESTS IN A TIMELY MANNER?,,no video found,https://www.govinfo.gov/content/pkg/CHRG-113hhrg87676/html/CHRG-113hhrg87676.htm
2014-04-03,113,house,hsas00,Committee on Armed Services,,[H.A.S.C. No. 113-102] THE 2014 QUADRENNIAL DEFENSE REVIEW,,no video found,https://www.govinfo.gov/content/pkg/CHRG-113hhrg87865/html/CHRG-113hhrg87865.htm
2014-04-03,113,house,hsas00,Committee on Armed Services,Subcommittee on Strategic Forces Hearing,[H.A.S.C. No. 113-103] FISCAL YEAR 2015 NATIONAL DEFENSE AUTHORIZATION BUDGET REQUEST FOR NATIONAL SECURITY SPACE ACTIVITIES,,no video found,https://www.govinfo.gov/content/pkg/CHRG-113hhrg87866/html/CHRG-113hhrg87866.htm
2014-04-03,113,house,hsgo00,Committee on Oversight and Government Reform,"Subcommittee on Economic Growth, Job Creation and Regulatory Affairs; Subcommittee on Energy Policy, Health Care and Entitlements",EXAMINING OBAMACARE'S PROBLEM-FILLED STATE EXCHANGES,,"possible match (same committee, same days, different title)",https://www.govinfo.gov/content/pkg/CHRG-113hhrg88493/html/CHRG-113hhrg88493.htm
2014-04-03,113,house,hshm00,Committee on Homeland Security,Subcommittee on Counterterrorism and Intelligence,ASSESSING TERRORISM IN THE CAUCASUS AND THE THREAT TO THE HOMELAND,,"possible match (same committee, same days, different title)",https://www.govinfo.gov/content/pkg/CHRG-113hhrg88780/html/CHRG-113hhrg88780.htm
2014-04-03,113,house,hswm00,Committee on Ways and Means,,PRESIDENT OBAMA'S TRADE POLICY AGENDA WITH U.S. TRADE REPRESENTATIVE MICHAEL FROMAN,,no video found,https://www.govinfo.gov/content/pkg/CHRG-113hhrg89456/html/CHRG-113hhrg89456.htm
2014-04-03,113,house,hsap00,Committee on Appropriations,Subcommittee on Energy and Water Development,ENERGY AND WATER DEVELOPMENT APPROPRIATIONS FOR 2015,,"possible match (same committee, same days, different title)",https://www.govinfo.gov/content/pkg/CHRG-113hhrg91278/html/CHRG-113hhrg91278.htm
2014-04-03,113,house,hsap00,Committee on Appropriations,,"AGRICULTURE, RURAL DEVELOPMENT, FOOD AND DRUG ADMINISTRATION, AND RELATED AGENCIES APPROPRIATIONS FOR 2015",,"possible match (same committee, same days, different title)",https://www.govinfo.gov/content/pkg/CHRG-113hhrg91646/html/CHRG-113hhrg91646.htm
2014-04-03,113,house,hsvr00,Committee on Veterans' Affairs,,[ERRATA] TRAILS IN TRANSPARENCY II: IS VA RESPONDING TO CONGRESSIONAL REQUESTS IN A TIMELY MANNER?,,no video found,https://www.govinfo.gov/content/pkg/CHRG-113hhrg94001/html/CHRG-113hhrg94001.htm
2014-04-02,113,house,hsed00,Committee on Education and the Workforce,,KEEPING COLLEGE WITHIN REACH: MEETING THE NEEDS OF CONTEMPORARY STUDENTS,,"possible match (same committee, same days, different title)",https://www.govinfo.gov/content/pkg/CHRG-113hhrg87286/html/CHRG-113hhrg87286.htm
2014-04-02,113,house,hssm00,Committee on Small Business,,BITCOIN: EXAMINING THE BENEFITS AND RISKS FOR SMALL BUSINESS,,"possible match (same committee, same days, different title)",https://www.govinfo.gov/content/pkg/CHRG-113hhrg87403/html/CHRG-113hhrg87403.htm
2014-04-02,113,house,hsju00,Committee on the Judiciary,"Subcommittee on Courts, Intellectual Property, and the Internet",PRESERVATION AND REUSE OF COPYRIGHTED WORKS,,no video found,https://www.govinfo.gov/content/pkg/CHRG-113hhrg87423/html/CHRG-113hhrg87423.htm
2014-04-02,113,house,hsvr00,Committee on Veterans' Affairs,Subcommittee on Oversight and Investigation,VA & HUMAN TISSUE: IMPROVEMENTS NEEDED FOR VETERANS SAFETY,,no video found,https://www.govinfo.gov/content/pkg/CHRG-113hhrg87675/html/CHRG-113hhrg87675.htm
2014-04-02,113,house,hsha00,Committee on House Administration,,"MARKUP OF H.R. 863, COMMISSION TO STUDY THE POTENTIAL CREATION OF A NATIONAL WOMEN'S HISTORY MUSEUM ACT OF 2013",,no video found,https://www.govinfo.gov/content/pkg/CHRG-113hhrg87702/html/CHRG-113hhrg87702.htm
2014-04-02,113,house,hsap00,Committee on Appropriations,"Subcommittee on Interior, Environment, and Related Agencies","DEPARTMENT OF THE INTERIOR, ENVIRONMENT, AND RELATED AGENCIES APPROPRIATIONS FOR 2015",,"possible match (same committee, same days, different title)",https://www.govinfo.gov/content/pkg/CHRG-113hhrg87847/html/CHRG-113hhrg87847.htm
2014-04-02,113,house,hsas00,Committee on Armed Services,,[H.A.S.C. No. 113-99] HEARING ON NATIONAL DEFENSE AUTHORIZATION ACT FOR FISCAL YEAR 2015 AND OVERSIGHT OF PREVIOUSLY AUTHORIZED PROGRAMS BEFORE THE COMMITTEE ON ARMED SERVICES HOUSE OF REPRESENTATIVES ONE HUNDRED THIRTEENTH CONGRESS SECOND SESSION,,no video found,https://www.govinfo.gov/content/pkg/CHRG-113hhrg87862/html/CHRG-113hhrg87862.htm
2014-04-02,113,house,hsas00,Committee on Armed Services,Subcommittee on Tactical Air and Land Forces Hearing,[H.A.S.C. No. 113-100] HEARING ON NATIONAL DEFENSE AUTHORIZATION ACT FOR FISCAL YEAR 2015 AND OVERSIGHT OF PREVIOUSLY AUTHORIZED PROGRAMS BEFORE THE COMMITTEE ON ARMED SERVICES HOUSE OF REPRESENTATIVES ONE HUNDRED THIRTEENTH CONGRESS SECOND SESSION,,no video found,https://www.govinfo.gov/content/pkg/CHRG-113hhrg87863/html/CHRG-113hhrg87863.htm
2014-04-02,113,house,hsas00,Committee on Armed Services,Subcommittee on Seapower and Projection Forces,[H.A.S.C. No. 113-101] AIR FORCE PROJECTION FORCES AVIATION PROGRAMS AND CAPABILITIES RELATED TO THE 2015 PRESIDENT'S BUDGET REQUEST,,no video found,https://www.govinfo.gov/content/pkg/CHRG-113hhrg87864/html/CHRG-113hhrg87864.htm
2014-04-02,113,house,hsha00,Committee on House Administration,,THE NATIONAL ZOO OF TODAY AND TOMORROW,,no video found,https://www.govinfo.gov/content/pkg/CHRG-113hhrg87961/html/CHRG-113hhrg87961.htm
2014-04-02,113,house,hshm00,Committee on Homeland Security,,TAKING DOWN THE CARTELS: EXAMINING UNITED STATES-MEXICO COOPERATION,,"possible match (same committee, same days, different title)",https://www.govinfo.gov/content/pkg/CHRG-113hhrg88779/html/CHRG-113hhrg88779.htm
2014-04-02,113,house,hsap00,Committee on Appropriations,Subcommittee on Energy and Water Development,"ENERGY AND WATER DEVELOPMENT, AND RELATED AGENCIES APPROPRIATIONS FOR 2015 Wednesday, April 2, 2014.",,"possible match (same committee, same days, different title)",https://www.govinfo.gov/content/pkg/CHRG-113hhrg91277/html/CHRG-113hhrg91277.htm
2014-04-02,113,house,hsap00,Committee on Appropriations,"Subcommittee on the Departments of Labor, Health and Human Services,","DEPARTMENTS OF LABOR, HEALTH AND HUMAN SERVICES, EDUCATION, AND RELATED AGENCIES APPROPRIATIONS FOR 2015",,"possible match (same committee, same days, different title)",https://www.govinfo.gov/content/pkg/CHRG-113hhrg92630/html/CHRG-113hhrg92630.htm
2014-04-02,113,house,hswm00,Committee on Ways and Means,Subcommittee on Human Resources,"MATERNAL, INFANT, AND EARLY CHILDHOOD HOME VISITING (MIECHV) PROGRAM",,no video found,https://www.govinfo.gov/content/pkg/CHRG-113hhrg94400/html/CHRG-113hhrg94400.htm
2014-03-31,113,house,hsap00,Committee on Appropriations,,"COMMERCE, JUSTICE, SCIENCE, AND RELATED AGENCIES APPROPRIATIONS FOR 2015",,"possible match (same committee, same days, different title)",https://www.govinfo.gov/content/pkg/CHRG-113hhrg88778/html/CHRG-113hhrg88778.htm
2014-03-28,113,house,hshm00,Committee on Homeland Security,Subcommittee on Transportation Security,LESSONS FROM THE LAX SHOOTING: PREPARING FOR AND RESPONDING TO EMERGENCIES AT AIRPORTS,,"possible match (same committee, same days, different title)",https://www.govinfo.gov/content/pkg/CHRG-113hhrg88559/html/CHRG-113hhrg88559.htm
2014-03-27,113,house,hsju00,Committee on the Judiciary,,OVER-FEDERALIZATION,,no video found,https://www.govinfo.gov/content/pkg/CHRG-113hhrg87332/html/CHRG-113hhrg87332.htm
2014-03-27,113,house,hsvr00,Committee on Veterans' Affairs,,"LEGISLATIVE HEARING ON H.R. 183; H.R. 2527; H.R. 2661; H.R. 2974; H.R. 3180; H.R. 3387; H.R. 3831; H.R. 4198; AND, DRAFT LEGISLATION TO AUTHORIZE MAJOR MEDICAL FACILITY PROJECTS FOR THE DEPARTMENT OF VET- ERANS AFFAIRS FOR FISCAL YEAR 2014 AND FOR OTHER PURPOSES",,no video found,https://www.govinfo.gov/content/pkg/CHRG-113hhrg87674/html/CHRG-113hhrg87674.htm
2014-03-27,113,house,hsas00,Committee on Armed Services,Subcommittee on Readiness,[H.A.S.C. No. 113-98] OPERATION AND MAINTENANCE WITHOUT OCO FUNDS: WHAT NOW?,,no video found,https://www.govinfo.gov/content/pkg/CHRG-113hhrg87861/html/CHRG-113hhrg87861.htm
2014-03-27,113,house,hssy00,"Committee on Science, Space, and Technology",,A REVIEW OF THE NATIONAL AERONAUTICS,,"possible match (same committee, same days, different title)",https://www.govinfo.gov/content/pkg/CHRG-113hhrg88140/html/CHRG-113hhrg88140.htm
2014-03-27,113,house,hsap00,Committee on Appropriations,,"MILITARY CONSTRUCTION, VETERANS AFFAIRS, AND RELATED AGENCIES APPROPRIATIONS FOR 2015",,"possible match (same committee, same days, different title)",https://www.govinfo.gov/content/pkg/CHRG-113hhrg89903/html/CHRG-113hhrg89903.htm
2014-03-27,113,joint,jcse00,Commission on Security and Cooperation in Europe (U.S. Helsinki Commission),,"THE DOG BARKS, BUT THE CARAVAN MOVES ON: HIGHS AND LOWS IN U.S.-RUSSIAN RELATIONS",,no video found,https://www.govinfo.gov/content/pkg/CHRG-113jhrg95595/html/CHRG-113jhrg95595.htm
2014-03-26,113,house,hsed00,Committee on Education and the Workforce,,[ERRATA] REVIEWING THE PRESIDENT'S FISCAL YEAR 2015 BUDGET PROPOSAL FOR THE DEPARTMENT OF LABOR,,no video found,https://www.govinfo.gov/content/pkg/CHRG-113hhrg20314/html/CHRG-113hhrg20314.htm
2014-03-26,113,house,hsed00,Committee on Education and the Workforce,,REVIEWING THE PRESIDENT'S FISCAL YEAR 2015 BUDGET PROPOSAL FOR THE DEPARTMENT OF LABOR,,no video found,https://www.govinfo.gov/content/pkg/CHRG-113hhrg87136/html/CHRG-113hhrg87136.htm
2014-03-26,113,house,hsju00,Committee on the Judiciary,"Subcommittee on Crime, Terrorism, Homeland Security, and Investigations",INNOCENCE FOR SALE: DOMESTIC MINOR SEX TRAFFICKING,,no video found,https://www.govinfo.gov/content/pkg/CHRG-113hhrg87330/html/CHRG-113hhrg87330.htm
2014-03-26,113,house,hsju00,Committee on the Judiciary,"Subcommittee on Regulatory Reform, Commercial and Antitrust Law",EXPLORING CHAPTER 11 REFORM: CORPORATE AND FINANCIAL INSTITUTION INSOLVENCIES; TREATMENT OF DERIVATIVES,,no video found,https://www.govinfo.gov/content/pkg/CHRG-113hhrg87331/html/CHRG-113hhrg87331.htm
2014-03-26,113,house,hsii00,Committee on Natural Resources,,COLLISION COURSE: OVERSIGHT OF THE OBAMA ADMINISTRATION'S ENFORCEMENT APPROACH FOR AMERICA'S WILDLIFE LAWS AND ITS IMPACT ON DOMESTIC ENERGY,,"possible match (same committee, same days, different title)",https://www.govinfo.gov/content/pkg/CHRG-113hhrg87354/html/CHRG-113hhrg87354.htm
2014-03-26,113,house,hsvr00,Committee on Veterans' Affairs,Subcommittee on Disability Assistance and Memorial Affairs,"LEGISLATIVE HEARING ON H.R. 3593, H.R. 4261, H.R. 4281 AND OTHER DRAFT LEGISLATION",,no video found,https://www.govinfo.gov/content/pkg/CHRG-113hhrg87673/html/CHRG-113hhrg87673.htm
2014-03-26,113,house,hsas00,Committee on Armed Services,Subcommittee on Strategic Forces,[H.A.S.C. No. 113-94] INTERIM REPORT OF THE ADVISORY PANEL ON THE GOVERNANCE OF THE NUCLEAR SECURITY ENTERPRISE,,no video found,https://www.govinfo.gov/content/pkg/CHRG-113hhrg87857/html/CHRG-113hhrg87857.htm
2014-03-26,113,house,hsas00,Committee on Armed Services,Subcommittee on Tactical Air and Land Forces Hearing,[H.A.S.C. No. 113-95] HEARING ON NATIONAL DEFENSE AUTHORIZATION ACT FOR FISCAL YEAR 2015 AND OVERSIGHT OF PREVIOUSLY AUTHORIZED PROGRAMS BEFORE THE COMMITTEE ON ARMED SERVICES HOUSE OF REPRESENTATIVES ONE HUNDRED THIRTEENTH CONGRESS SECOND SESSION,,no video found,https://www.govinfo.gov/content/pkg/CHRG-113hhrg87858/html/CHRG-113hhrg87858.htm
2014-03-26,113,house,hsas00,Committee on Armed Services,"Subcommittee on Intelligence, Emerging Threats and Capabilities Hearing",[H.A.S.C. No. 113-96] HEARING ON NATIONAL DEFENSE AUTHORIZATION ACT FOR FISCAL YEAR 2015 AND OVERSIGHT OF PREVIOUSLY AUTHORIZED PROGRAMS BEFORE THE COMMITTEE ON ARMED SERVICES HOUSE OF REPRESENTATIVES ONE HUNDRED THIRTEENTH CONGRESS SECOND SESSION,,no video found,https://www.govinfo.gov/content/pkg/CHRG-113hhrg87859/html/CHRG-113hhrg87859.htm
2014-03-26,113,house,hsas00,Committee on Armed Services,Subcommittee on Seapower and Projection Forces Hearing,[H.A.S.C. No. 113-97]- NATIONAL DEFENSE AUTHORIZATION ACT FOR FISCAL YEAR 2015 AND OVERSIGHT OF PREVIOUSLY AUTHORIZED PROGRAMS,,no video found,https://www.govinfo.gov/content/pkg/CHRG-113hhrg87860/html/CHRG-113hhrg87860.htm
2014-03-26,113,house,hssy00,"Committee on Science, Space, and Technology",,A REVIEW OF THE PRESIDENT'S FISCAL YEAR 2015 BUDGET REQUEST FOR SCIENCE AGENCIES,,"possible match (same committee, same days, different title)",https://www.govinfo.gov/content/pkg/CHRG-113hhrg88139/html/CHRG-113hhrg88139.htm
2014-03-26,113,house,hsap00,Committee on Appropriations,Subcommittee on Energy and Water Development,ENERGY AND WATER DEVELOPMENT APPROPRIATIONS FOR 2015,,"possible match (same committee, same days, different title)",https://www.govinfo.gov/content/pkg/CHRG-113hhrg91249/html/CHRG-113hhrg91249.htm
2014-03-26,113,joint,jsec00,Joint Economic Committee,,"UNWINDING QUANTITATIVE EASING: HOW THE FED SHOULD PROMOTE STABLE PRICES, ECONOMIC GROWTH, AND JOB CREATION",,"possible match (same committee, same days, different title)",https://www.govinfo.gov/content/pkg/CHRG-113jhrg87583/html/CHRG-113jhrg87583.htm
2014-03-25,113,house,hsed00,Committee on Education and the Workforce,,THE FOUNDATION FOR SUCCESS: STRENGTHENING THE CHILD CARE AND DEVELOPMENT BLOCK GRANT PROGRAM,,"possible match (same committee, same days, different title)",https://www.govinfo.gov/content/pkg/CHRG-113hhrg87137/html/CHRG-113hhrg87137.htm
2014-03-25,113,house,hsfa00,Committee on Foreign Affairs,,UKRAINE SUPPORT ACT; URGING THE GOVERNMENT OF BURMA TO END THE PERSECUTION OF THE ROHINGYA PEOPLE AND RESPECT INTERNATIONALLY RECOGNIZED HUMAN RIGHTS FOR ALL ETHNIC AND RELIGIOUS MINORITY GROUPS WITHIN BURMA; AND AFFIRMING THE IMPORTANCE OF THE TAIWAN RELATIONS ACT,,"possible match (same committee, same days, different title)",https://www.govinfo.gov/content/pkg/CHRG-113hhrg87333/html/CHRG-113hhrg87333.htm
2014-03-25,113,house,hsfa00,Committee on Foreign Affairs,Subcommittee on the Western Hemisphere,U.S. DISENGAGEMENT FROM LATIN AMERICA: COMPROMISED SECURITY AND ECONOMIC INTERESTS,,"possible match (same committee, same days, different title)",https://www.govinfo.gov/content/pkg/CHRG-113hhrg87335/html/CHRG-113hhrg87335.htm
2014-03-25,113,house,hsvr00,Committee on Veterans' Affairs,Subcommittee on Oversight and Investigation,"LEGISLATIVE HEARING ON H.R. 3593, H.R. 4261, H.R. 4281 AND OTHER DRAFT LEGISLATION",,no video found,https://www.govinfo.gov/content/pkg/CHRG-113hhrg87671/html/CHRG-113hhrg87671.htm
2014-03-25,113,house,hsvr00,Committee on Veterans' Affairs,Subcommittee on Economic Opportunity,LEGISLATIVE HEARING ON H.R. 2942; H.R. 3056; H.R. 3614; H.R. 4031; H.R. 4037; H.R. 4038; H.R. 4147; H.R. 4150; AND H.R. 4151,,no video found,https://www.govinfo.gov/content/pkg/CHRG-113hhrg87672/html/CHRG-113hhrg87672.htm
2014-03-25,113,house,hsas00,Committee on Armed Services,,[H.A.S.C. No. 113-91] HEARING ON NATIONAL DEFENSE AUTHORIZATION ACT FOR FISCAL YEAR 2015 AND OVERSIGHT OF PREVIOUSLY AUTHORIZED PROGRAMS BEFORE THE COMMITTEE ON ARMED SERVICES HOUSE OF REPRESENTATIVES ONE HUNDRED THIRTEENTH CONGRESS SECOND SESSION,,no video found,https://www.govinfo.gov/content/pkg/CHRG-113hhrg87854/html/CHRG-113hhrg87854.htm
2014-03-25,113,house,hsas00,Committee on Armed Services,Subcommittee on Military Personnel,[H.A.S.C. No. 113-92]MILITARY PERSONNEL OVERVIEW,,no video found,https://www.govinfo.gov/content/pkg/CHRG-113hhrg87855/html/CHRG-113hhrg87855.htm
2014-03-25,113,house,hsas00,Committee on Armed Services,Subcommittee on Strategic Forces Hearing,[H.A.S.C. No. 113-93] HEARING ON NATIONAL DEFENSE AUTHORIZATION ACT FOR FISCAL YEAR 2015 AND OVERSIGHT OF PREVIOUSLY AUTHORIZED PROGRAMS BEFORE THE COMMITTEE ON ARMED SERVICES HOUSE OF REPRESENTATIVES ONE HUNDRED THIRTEENTH CONGRESS SECOND SESSION,,no video found,https://www.govinfo.gov/content/pkg/CHRG-113hhrg87856/html/CHRG-113hhrg87856.htm
2014-03-25,113,house,hsap00,Committee on Appropriations,,"INTERIOR, ENVIRONMENT, AND RELATED AGENCIES APPROPRIATIONS FOR 2015",,"possible match (same committee, same days, different title)",https://www.govinfo.gov/content/pkg/CHRG-113hhrg88163/html/CHRG-113hhrg88163.htm
2014-03-25,113,house,hsap00,Committee on Appropriations,Subcommittee on Financial Services and General Government,FINANCIAL SERVICES AND GENERAL GOVERNMENT APPROPRIATIONS FOR 2015,,"possible match (same committee, same days, different title)",https://www.govinfo.gov/content/pkg/CHRG-113hhrg88192/html/CHRG-113hhrg88192.htm
2014-03-25,113,house,hshm00,Committee on Homeland Security,"Subcommittee on Emergency Preparedness, Response, and Communications","THE FEDERAL EMERGENCY MANAGEMENT AGENCY'S FISCAL YEAR 2015 BUDGET REQUEST: ENSURING EFFECTIVE PREPAREDNESS, RESPONSE, AND COMMUNICATIONS",,"possible match (same committee, same days, different title)",https://www.govinfo.gov/content/pkg/CHRG-113hhrg88558/html/CHRG-113hhrg88558.htm
2014-03-25,113,house,hsap00,Committee on Appropriations,,DEPARTMENT OF HOMELAND SECURITY APPROPRIATIONS FOR 2015,,"possible match (same committee, same days, different title)",https://www.govinfo.gov/content/pkg/CHRG-113hhrg89669/html/CHRG-113hhrg89669.htm
2014-03-25,113,house,hsap00,Committee on Appropriations,Subcommittee on Energy and Water Development,"ENERGY AND WATER DEVELOPMENT APPROPRIATIONS FOR 2015 Tuesday, April 8, 2014.",,"possible match (same committee, same days, different title)",https://www.govinfo.gov/content/pkg/CHRG-113hhrg91276/html/CHRG-113hhrg91276.htm
2014-03-25,113,house,hsap00,Committee on Appropriations,,"DEPARTMENTS OF LABOR, HFALTH AND HUMAN SERVICES, EDUCATION, AND RELATED AGENCIES APPROPRIATIONS FOR 2015",,"possible match (same committee, same days, different title)",https://www.govinfo.gov/content/pkg/CHRG-113hhrg92675/html/CHRG-113hhrg92675.htm
2014-03-24,113,house,hsap00,Committee on Appropriations,,FINANCIAL SERVICES AND GENERAL GOVERNMENT APPROPRIATIONS FOR 2015,,"possible match (same committee, same days, different title)",https://www.govinfo.gov/content/pkg/CHRG-113hhrg88211/html/CHRG-113hhrg88211.htm
2014-03-20,113,house,hsed00,Committee on Education and the Workforce,,REVIVING OUR ECONOMY: SUPPORTING A 21ST CENTURY WORKFORCE,,"possible match (same committee, same days, different title)",https://www.govinfo.gov/content/pkg/CHRG-113hhrg87138/html/CHRG-113hhrg87138.htm
2014-03-20,113,house,hssm00,Committee on Small Business,Subcommittee on Health and Technology,FIELD HEARING IN NEW YORK: EXPANDING BROADBAND ACCESS AND CAPABILITIES TO SMALL BUSINESSES IN RURAL NEW YORK,,no video found,https://www.govinfo.gov/content/pkg/CHRG-113hhrg87280/html/CHRG-113hhrg87280.htm
2014-03-20,113,house,hshm00,Committee on Homeland Security,,COMBATING HUMAN TRAFFICKING IN OUR MAJOR CITIES,,"possible match (same committee, same days, different title)",https://www.govinfo.gov/content/pkg/CHRG-113hhrg88557/html/CHRG-113hhrg88557.htm
2014-03-19,113,house,hsii00,Committee on Natural Resources,,CALIFORNIA WATER CRISIS AND ITS IMPACTS: THE NEED FOR IMMEDIATE AND LONG-TERM SOLUTIONS,,no video found,https://www.govinfo.gov/content/pkg/CHRG-113hhrg87181/html/CHRG-113hhrg87181.htm
2014-03-18,113,house,hsed00,Committee on Education and the Workforce,,REVIVING OUR ECONOMY: HOW CAREER AND TECHNICAL EDUCATION CAN STRENGTHEN THE WORKFORCE,,"possible match (same committee, same days, different title)",https://www.govinfo.gov/content/pkg/CHRG-113hhrg87139/html/CHRG-113hhrg87139.htm
2014-03-14,113,house,hsas00,Committee on Armed Services,,[H.A.S.C. No. 113-90]FISCAL YEAR 2015 NATIONAL DEFENSE AUTHORIZATION BUDGET REQUEST FROM THE DEPARTMENT OF THE AIR FORCE,,no video found,https://www.govinfo.gov/content/pkg/CHRG-113hhrg87622/html/CHRG-113hhrg87622.htm
2014-03-14,113,house,hsap00,Committee on Appropriations,,"AGRICULTURE, RURAL DEVELOPMENT, FOOD AND DRUG ADMINISTRATION, AND RELATED AGENCIES APPROPRIATIONS FOR 2015",,"possible match (same committee, same days, different title)",https://www.govinfo.gov/content/pkg/CHRG-113hhrg93610/html/CHRG-113hhrg93610.htm
2014-03-13,113,house,hsed00,Committee on Education and the Workforce,,"[ERRATA] H.R. 3633, PROTECTING HEALTH CARE PROVIDERS FROM INCREASED ADMINISTRATIVE BURDENS ACT",,no video found,https://www.govinfo.gov/content/pkg/CHRG-113hhrg20320/html/CHRG-113hhrg20320.htm
2014-03-13,113,house,hsed00,Committee on Education and the Workforce,,"H.R. 3633, PROTECTING HEALTH CARE PROVIDERS FROM INCREASED ADMINISTRATIVE BURDENS ACT",,no video found,https://www.govinfo.gov/content/pkg/CHRG-113hhrg86975/html/CHRG-113hhrg86975.htm
2014-03-13,113,house,hsju00,Committee on the Judiciary,"Subcommittee on Courts, Intellectual Property, and the Internet",SECTION 512 OF TITLE 17,,"possible match (same committee, same days, different title)",https://www.govinfo.gov/content/pkg/CHRG-113hhrg87151/html/CHRG-113hhrg87151.htm
2014-03-13,113,house,hsas00,Committee on Armed Services,,[H.A.S.C. No. 113-88] RECENT DEVELOPMENTS IN AFGHANISTAN,,no video found,https://www.govinfo.gov/content/pkg/CHRG-113hhrg87620/html/CHRG-113hhrg87620.htm
2014-03-13,113,house,hsas00,Committee on Armed Services,"Subcommittee on Intelligence, Emerging Threats and Capabilities Hearing",[H.A.S.C. No. 113-89] HEARING ON NATIONAL DEFENSE AUTHORIZATION ACT FOR FISCAL YEAR 2015 AND OVERSIGHT OF PREVIOUSLY AUTHORIZED PROGRAMS BEFORE THE COMMITTEE ON ARMED SERVICES HOUSE OF REPRESENTATIVES ONE HUNDRED THIRTEENTH CONGRESS SECOND SESSION,,no video found,https://www.govinfo.gov/content/pkg/CHRG-113hhrg87621/html/CHRG-113hhrg87621.htm
2014-03-13,113,house,hsvr00,Committee on Veterans' Affairs,,U.S. DEPARTMENT OF VETERANS AFFAIRS BUDGET REQUEST FOR FISCAL YEAR 2015,,no video found,https://www.govinfo.gov/content/pkg/CHRG-113hhrg87670/html/CHRG-113hhrg87670.htm
2014-03-13,113,house,hshm00,Committee on Homeland Security,,THE PRESIDENT'S FISCAL YEAR 2015 BUDGET REQUEST FOR THE DEPARTMENT OF HOMELAND SECURITY,,"possible match (same committee, same days, different title)",https://www.govinfo.gov/content/pkg/CHRG-113hhrg88556/html/CHRG-113hhrg88556.htm
2014-03-12,113,house,hswm00,Committee on Ways and Means,,THE PRESIDENT'S FISCAL YEAR 2015 BUDGET PROPOSAL WITH U.S. DEPARTMENT OF HEALTH AND HUMAN SERVICES SECRETARY KATHLEEN SEBELIUS,,no video found,https://www.govinfo.gov/content/pkg/CHRG-113hhrg21115/html/CHRG-113hhrg21115.htm
2014-03-12,113,house,hsed00,Committee on Education and the Workforce,,RAISING THE BAR: THE ROLE OF CHARTER SCHOOLS IN K-12 EDUCATION,,no video found,https://www.govinfo.gov/content/pkg/CHRG-113hhrg86827/html/CHRG-113hhrg86827.htm
2014-03-12,113,house,hsed00,Committee on Education and the Workforce,,EXAMINING THE MISMANAGEMENT OF THE STUDENT LOAN REHABILITATION PROCESS,,no video found,https://www.govinfo.gov/content/pkg/CHRG-113hhrg86974/html/CHRG-113hhrg86974.htm
2014-03-12,113,house,hsju00,Committee on the Judiciary,,EXPLORING ALTERNATIVE SOLUTIONS ON THE INTERNET SALES TAX ISSUE,,"possible match (same committee, same days, different title)",https://www.govinfo.gov/content/pkg/CHRG-113hhrg87150/html/CHRG-113hhrg87150.htm
2014-03-12,113,house,hsas00,Committee on Armed Services,,[H.A.S.C. No. 113-85] HEARING ON NATIONAL DEFENSE AUTHORIZATION ACT FOR FISCAL YEAR 2015 AND OVERSIGHT OF PREVIOUSLY AUTHORIZED PROGRAMS BEFORE THE COMMITTEE ON ARMED SERVICES HOUSE OF REPRESENTATIVES ONE HUNDRED THIRTEENTH CONGRESS SECOND SESSION,,no video found,https://www.govinfo.gov/content/pkg/CHRG-113hhrg87617/html/CHRG-113hhrg87617.htm
2014-03-12,113,house,hsas00,Committee on Armed Services,Subcommittee on Seapower and Projection Forces,[H.A.S.C. No. 113-86] INDEPENDENT ASSESSMENTS OF THE FISCAL YEAR 2015 BUDGET REQUEST FOR SEAPOWER AND PROJECTION FORCES,,no video found,https://www.govinfo.gov/content/pkg/CHRG-113hhrg87618/html/CHRG-113hhrg87618.htm
2014-03-12,113,house,hsas00,Committee on Armed Services,"Subcommittee on Intelligence, Emerging Threats and Capabilities",[H.A.S.C. No. 113-87]INFORMATION TECHNOLOGY AND CYBER OPERATIONS: MODERNIZATION AND POLICY ISSUES IN A CHANGING NATIONAL SECURITY ENVIRONMENT,,no video found,https://www.govinfo.gov/content/pkg/CHRG-113hhrg87619/html/CHRG-113hhrg87619.htm
2014-03-12,113,house,hssy00,"Committee on Science, Space, and Technology",,SCIENCE OF CAPTURE AND STORAGE: UNDERSTANDING EPA'S CARBON RULES,,"possible match (same committee, same days, different title)",https://www.govinfo.gov/content/pkg/CHRG-113hhrg88138/html/CHRG-113hhrg88138.htm
2014-03-12,113,house,hshm00,Committee on Homeland Security,Subcommittee on Border and Maritime Security,THE ARIZONA BORDER SURVEILLANCE TECHNOLOGY PLAN AND ITS IMPACT ON BORDER SECURITY,,"possible match (same committee, same days, different title)",https://www.govinfo.gov/content/pkg/CHRG-113hhrg88172/html/CHRG-113hhrg88172.htm
2014-03-12,113,house,hsap00,Committee on Appropriations,,"MILITARY CONSTRUCTION, VETERANS AFFAIRS, AND RELATED AGENCIES APPROPRIATIONS FOR 2015",,"possible match (same committee, same days, different title)",https://www.govinfo.gov/content/pkg/CHRG-113hhrg88410/html/CHRG-113hhrg88410.htm
2014-03-12,113,house,hsba00,Committee on Financial Services,Subcommittee on Monetary Policy and Trade,FEDERAL RESERVE OVERSIGHT: EXAMINING THE CENTRAL BANK'S ROLE IN CREDIT ALLOCATION,,no video found,https://www.govinfo.gov/content/pkg/CHRG-113hhrg88532/html/CHRG-113hhrg88532.htm
2014-03-12,113,house,hsap00,Committee on Appropriations,"Subcommittee on the Departments of Transportation, and Housing and","DEPARTMENTS OF TRANSPORTATION, HUD, AND RELATED AGENCIES APPROPRIATIONS FOR 2015",,"possible match (same committee, same days, different title)",https://www.govinfo.gov/content/pkg/CHRG-113hhrg88725/html/CHRG-113hhrg88725.htm
2014-03-12,113,house,hsap00,Committee on Appropriations,"Subcommittee on State, Foreign Operations, and Related Programs","STATE, FOREIGN OPERATIONS, AND RELATED PROGRAMS APPROPRIATIONS FOR 2015 Wednesday, March 12, 2014.",,"possible match (same committee, same days, different title)",https://www.govinfo.gov/content/pkg/CHRG-113hhrg92737/html/CHRG-113hhrg92737.htm
2014-03-11,113,house,hssm00,Committee on Small Business,Subcommittee on Contracting and Workforce,UNDERSERVED SMALL BUSINESSES: PROVIDING ACCESS TO FEDERAL PROGRAMS,,"possible match (same committee, same days, different title)",https://www.govinfo.gov/content/pkg/CHRG-113hhrg87277/html/CHRG-113hhrg87277.htm
2014-03-06,113,house,hswm00,Committee on Ways and Means,,THE PRESIDENT'S FISCAL YEAR 2015 BUDGET PROPOSAL WITH U.S. DEPARTMENT OF THE TREASURY SECRETARY JACOB J. LEW,,no video found,https://www.govinfo.gov/content/pkg/CHRG-113hhrg21114/html/CHRG-113hhrg21114.htm
2014-03-06,113,house,hsas00,Committee on Armed Services,,[H.A.S.C. No. 113-84]FISCAL YEAR 2015 NATIONAL DEFENSE AUTHORIZATION BUDGET REQUEST FROM THE DEPARTMENT OF DEFENSE,,no video found,https://www.govinfo.gov/content/pkg/CHRG-113hhrg87616/html/CHRG-113hhrg87616.htm
2014-03-06,113,house,hssy00,"Committee on Science, Space, and Technology",,CAN TECHNOLOGY PROTECT AMERICANS FROM INTERNATIONAL CYBERCRIMINALS?,,"possible match (same committee, same days, different title)",https://www.govinfo.gov/content/pkg/CHRG-113hhrg88137/html/CHRG-113hhrg88137.htm
2014-03-05,113,house,hsed00,Committee on Education and the Workforce,,[ERRATA] CULTURE OF UNION FAVORITISM: THE RETURN OF THE NLRB'S AMBUSH ELECTION RULE,,no video found,https://www.govinfo.gov/content/pkg/CHRG-113hhrg20313/html/CHRG-113hhrg20313.htm
2014-03-05,113,house,hsed00,Committee on Education and the Workforce,,CULTURE OF UNION FAVORITISM: THE RETURN OF THE NLRB'S AMBUSH ELECTION RULE,,no video found,https://www.govinfo.gov/content/pkg/CHRG-113hhrg86826/html/CHRG-113hhrg86826.htm
2014-03-05,113,house,hspw00,Committee on Transportation and Infrastructure,,Serial No. 113-57 OVERVIEW OF PUBLIC-PRIVATE PARTNERSHIPS IN HIGHWAY AND TRANSIT PROJECTS and Serial No. 113-65 THE INTERNATIONAL EXPERIENCE WITH PUBLIC-PRIVATE PARTNERSHIPS,,no video found,https://www.govinfo.gov/content/pkg/CHRG-113hhrg86925/html/CHRG-113hhrg86925.htm
2014-03-05,113,house,hsii00,Committee on Natural Resources,"Subcommittee on Fisheries, Wildlife, Oceans and Insular Affairs",NATIONAL FISH HATCHERY SYSTEM: STRATEGIC HATCHERY AND WORKFORCE PLANNING REPORT,,"possible match (same committee, same days, different title)",https://www.govinfo.gov/content/pkg/CHRG-113hhrg87010/html/CHRG-113hhrg87010.htm
2014-03-05,113,house,hsas00,Committee on Armed Services,,[H.A.S.C. No. 113-83] HEARING ON NATIONAL DEFENSE AUTHORIZATION ACT FOR FISCAL YEAR 2015 AND OVERSIGHT OF PREVIOUSLY AUTHORIZED PROGRAMS BEFORE THE COMMITTEE ON ARMED SERVICES HOUSE OF REPRESENTATIVES ONE HUNDRED THIRTEENTH CONGRESS SECOND SESSION,,no video found,https://www.govinfo.gov/content/pkg/CHRG-113hhrg87615/html/CHRG-113hhrg87615.htm
2014-03-05,113,house,hsba00,Committee on Financial Services,Subcommittee on Financial Institutions and Consumer Credit,DATA SECURITY: EXAMINING EFFORTS TO PROTECT AMERICANS' FINANCIAL INFORMATION,,"possible match (same committee, same days, different title)",https://www.govinfo.gov/content/pkg/CHRG-113hhrg88530/html/CHRG-113hhrg88530.htm
2014-03-05,113,house,hsba00,Committee on Financial Services,Subcommittee on Oversight and Investigations,THE GROWTH OF FINANCIAL REGULATION AND ITS IMPACT ON INTERNATIONAL COMPETITIVENESS,,"possible match (same committee, same days, different title)",https://www.govinfo.gov/content/pkg/CHRG-113hhrg88531/html/CHRG-113hhrg88531.htm
2014-03-05,113,house,hsap00,Committee on Appropriations,"Subcommittee on Agriculture, Rural Development, Food and Drug","AGRICULTURE, RURAL DEVELOPMENT, FOOD AND DRUG ADMINISTRATION, AND RELATED AGENCIES APPROPRIATIONS FOR 2015",,"possible match (same committee, same days, different title)",https://www.govinfo.gov/content/pkg/CHRG-113hhrg89902/html/CHRG-113hhrg89902.htm
2014-03-05,113,joint,jcse00,Commission on Security and Cooperation in Europe (U.S. Helsinki Commission),,DEVELOPMENTS IN THE WESTERN BALKANS AND POLICY RESPONSES,,no video found,https://www.govinfo.gov/content/pkg/CHRG-113jhrg92427/html/CHRG-113jhrg92427.htm
2014-03-04,113,house,hspw00,Committee on Transportation and Infrastructure,Subcommittee on Coast Guard and Maritime Transportation,"MARITIME TRANSPORTATION REGULATIONS: IMPACTS ON SAFETY, SECURITY, JOBS, AND THE ENVIRONMENT, PART 2",,no video found,https://www.govinfo.gov/content/pkg/CHRG-113hhrg86924/html/CHRG-113hhrg86924.htm
2014-03-04,113,house,hsag00,Committee on Agriculture,"Subcommittee on Horticulture, Research, Biotechnology, and Foreignagriculture",HEARING TO REVIEW THE SMITH-LEVER ACT ON ITS 100TH ANNIVERSARY,,no video found,https://www.govinfo.gov/content/pkg/CHRG-113hhrg87047/html/CHRG-113hhrg87047.htm
2014-03-04,113,house,hsap00,Committee on Appropriations,,LEGISLATIVE BRANCH APPROPRIATIONS FOR 2015,,"possible match (same committee, same days, different title)",https://www.govinfo.gov/content/pkg/CHRG-113hhrg87540/html/CHRG-113hhrg87540.htm
2014-03-04,113,house,,,,AT A CROSSROADS: THE POSTAL SERVICE'S $100 BILLION IN UNFUNDED LIABILITIES,,committee not tracked,https://www.govinfo.gov/content/pkg/CHRG-113hhrg87647/html/CHRG-113hhrg87647.htm
2014-02-28,113,house,hsju00,Committee on the Judiciary,,CRIMINAL CODE REFORM,,no video found,https://www.govinfo.gov/content/pkg/CHRG-113hhrg86844/html/CHRG-113hhrg86844.htm
2014-02-28,113,house,hsba00,Committee on Financial Services,Subcommittee on Capital Markets and Government Sponsored Enterprises,EQUITY MARKET STRUCTURE: A REVIEW OF SEC REGULATION NMS,,"possible match (same committee, same days, different title)",https://www.govinfo.gov/content/pkg/CHRG-113hhrg88529/html/CHRG-113hhrg88529.htm
2014-02-27,113,house,hsed00,Committee on Education and the Workforce,"Subcommittee on Early Childhood, Elementary, and Secondary Education; Subcommittee on Higher Education and Workforce Training",EXPLORING EFFORTS TO STRENGTHEN THE TEACHING PROFESSION,,no video found,https://www.govinfo.gov/content/pkg/CHRG-113hhrg86746/html/CHRG-113hhrg86746.htm
2014-02-27,113,house,hsju00,Committee on the Judiciary,"Subcommittee on Crime, Terrorism, Homeland Security, and Investigations","BUREAU OF ALCOHOL, TOBACCO, FIREARMS AND EXPLOSIVES' USE OF STOREFRONT OPERATIONS",,no video found,https://www.govinfo.gov/content/pkg/CHRG-113hhrg86843/html/CHRG-113hhrg86843.htm
2014-02-27,113,house,hsas00,Committee on Armed Services,,[H.A.S.C. No. 113-81] HEARING ON NATIONAL DEFENSE AUTHORIZATION ACT FOR FISCAL YEAR 2015 AND OVERSIGHT OF PREVIOUSLY AUTHORIZED PROGRAMS BEFORE THE COMMITTEE ON ARMED SERVICES HOUSE OF REPRESENTATIVES ONE HUNDRED THIRTEENTH CONGRESS SECOND SESSION,,no video found,https://www.govinfo.gov/content/pkg/CHRG-113hhrg86971/html/CHRG-113hhrg86971.htm
2014-02-27,113,house,hsas00,Committee on Armed Services,Subcommittee on Seapower and Projection Forces,[H.A.S.C. No. 113-82] SEAPOWER AND PROJECTION FORCES CAPABILITIES TO SUPPORT THE ASIA-PACIFIC REBALANCE,,no video found,https://www.govinfo.gov/content/pkg/CHRG-113hhrg86972/html/CHRG-113hhrg86972.htm
2014-02-27,113,house,hsvr00,Committee on Veterans' Affairs,Subcommittee on Economic Opportunity,A REVIEW OF THE EFFECTIVENESS OF VA'S VOCATIONAL REHABILITATION AND EMPLOYMENT PROGRAM,,no video found,https://www.govinfo.gov/content/pkg/CHRG-113hhrg87668/html/CHRG-113hhrg87668.htm
2014-02-27,113,house,hssy00,"Committee on Science, Space, and Technology",,MARS FLYBY 2021: THE FIRST DEEP SPACE MISSION FOR THE ORION AND SPACE LAUNCH SYSTEM?,,no video found,https://www.govinfo.gov/content/pkg/CHRG-113hhrg88136/html/CHRG-113hhrg88136.htm
2014-02-27,113,house,hshm00,Committee on Homeland Security,"Subcommittee on Cybersecurity, Infrastructure Protection, and Security Technologies","H.R. 4007, THE CHEMICAL FACILITY ANTI-TERRORISM STANDARDS AUTHORIZATION AND ACCOUNTABILITY ACT OF 2014",,"possible match (same committee, same days, different title)",https://www.govinfo.gov/content/pkg/CHRG-113hhrg88171/html/CHRG-113hhrg88171.htm
2014-02-27,113,house,hsap00,Committee on Appropriations,"Subcommittee on the Departments of Labor, Health and Human Services,","DEPARTMENTS OF LABOR, HEALTH AND HUMAN SERVICES, EDUCATION, AND RELATED AGENCIES APPROPRIATIONS FOR 2015",,"possible match (same committee, same days, different title)",https://www.govinfo.gov/content/pkg/CHRG-113hhrg92629/html/CHRG-113hhrg92629.htm
2014-02-26,113,house,hsed00,Committee on Education and the Workforce,,"PROVIDING ACCESS TO AFFORDABLE, FLEXIBLE HEALTH PLANS. THROUGH SELF-INSURANCE",,no video found,https://www.govinfo.gov/content/pkg/CHRG-113hhrg86745/html/CHRG-113hhrg86745.htm
2014-02-26,113,house,hsju00,Committee on the Judiciary,,ENFORCING THE PRESIDENT'S CONSTITUTIONAL DUTY TO FAITHFULLY EXECUTE THE LAWS,,no video found,https://www.govinfo.gov/content/pkg/CHRG-113hhrg86841/html/CHRG-113hhrg86841.htm
2014-02-26,113,house,hsju00,Committee on the Judiciary,"Subcommittee on Regulatory Reform, Commercial and Antitrust Law",BUSINESS ACTIVITY TAX SIMPLIFICATION ACT OF 2013,,no video found,https://www.govinfo.gov/content/pkg/CHRG-113hhrg86842/html/CHRG-113hhrg86842.htm
2014-02-26,113,house,hspw00,Committee on Transportation and Infrastructure,"Subcommittee on Railroads, Pipelines, and Hazardous Materials",OVERSIGHT OF PASSENGER AND FREIGHT RAIL SAFETY,,"possible match (same committee, same days, different title)",https://www.govinfo.gov/content/pkg/CHRG-113hhrg86845/html/CHRG-113hhrg86845.htm
2014-02-26,113,house,hsas00,Committee on Armed Services,,[H.A.S.C. No. 113-79]THE POSTURE OF THE U.S. NORTHERN COMMAND AND U.S. SOUTHERN COMMAND,,no video found,https://www.govinfo.gov/content/pkg/CHRG-113hhrg86969/html/CHRG-113hhrg86969.htm
2014-02-26,113,house,hsas00,Committee on Armed Services,Subcommittee on Military Personnel,[H.A.S.C. No. 113-80] DEFENSE HEALTH AGENCY,,no video found,https://www.govinfo.gov/content/pkg/CHRG-113hhrg86970/html/CHRG-113hhrg86970.htm
2014-02-26,113,house,hsvr00,Committee on Veterans' Affairs,Subcommittee on Health,VA ACCOUNTABILITY: ASSESSING ACTIONS TAKEN IN RESPONSE TO SUBCOMMITTEE OVERSIGHT,,no video found,https://www.govinfo.gov/content/pkg/CHRG-113hhrg87667/html/CHRG-113hhrg87667.htm
2014-02-26,113,house,hshm00,Committee on Homeland Security,,THE SECRETARY'S VISION FOR THE FUTURE--CHALLENGES AND PRIORITIES,,"possible match (same committee, same days, different title)",https://www.govinfo.gov/content/pkg/CHRG-113hhrg88170/html/CHRG-113hhrg88170.htm
2014-02-26,113,house,hsba00,Committee on Financial Services,Subcommittee on Oversight and Investigations,INSPECTOR GENERAL REPORT: ALLEGATIONS OF IMPROPER LOBBYING AND OBSTRUCTION AT THE DEPARTMENT OF HOUSING AND URBAN DEVELOPMENT,,"possible match (same committee, same days, different title)",https://www.govinfo.gov/content/pkg/CHRG-113hhrg88527/html/CHRG-113hhrg88527.htm
2014-02-26,113,house,hsba00,Committee on Financial Services,Subcommittee on Capital Markets and Government Sponsored Enterprises,THE DODD-FRANK ACT'S IMPACT ON ASSET-BACKED SECURITIES,,"possible match (same committee, same days, different title)",https://www.govinfo.gov/content/pkg/CHRG-113hhrg88528/html/CHRG-113hhrg88528.htm
2014-02-26,113,house,hsap00,Committee on Appropriations,,"MILITARY CONSTRUCTION, VETERANS AFFAIRS, AND RELATED AGENCIES FOR 2015",,"possible match (same committee, same days, different title)",https://www.govinfo.gov/content/pkg/CHRG-113hhrg88568/html/CHRG-113hhrg88568.htm
2014-02-26,113,house,hsap00,Committee on Appropriations,Subcommittee on Financial Services and General Government,FINANCIAL SERVICES AND GENERAL GOVERNMENT APPROPRIATIONS FOR 2015,,"possible match (same committee, same days, different title)",https://www.govinfo.gov/content/pkg/CHRG-113hhrg88602/html/CHRG-113hhrg88602.htm
2014-02-26,113,house,hsap00,Committee on Appropriations,"Subcommittee on Commerce, Justice, Science, and Related Agencies","COMMERCE, JUSTICE, SCIENCE, AND RELATED AGENCIES APPROPRIATIONS FOR 2015",,"possible match (same committee, same days, different title)",https://www.govinfo.gov/content/pkg/CHRG-113hhrg93183/html/CHRG-113hhrg93183.htm
2014-02-25,113,house,ssva00,Committee on Veterans' Affairs,,HEARING TO RECEIVE LEGISLATIVE PRESENTATION OF THE DISABLED AMERICAN VETERANS (DAV),,committee not tracked,https://www.govinfo.gov/content/pkg/CHRG-113hhrg87666/html/CHRG-113hhrg87666.htm
2014-02-25,113,joint,jcse00,Commission on Security and Cooperation in Europe (U.S. Helsinki Commission),,SWITZERLAND'S LEADERSHIP OF THE OSCE,,no video found,https://www.govinfo.gov/content/pkg/CHRG-113jhrg95596/html/CHRG-113jhrg95596.htm
2014-02-20,113,house,hsvr00,Committee on Veterans' Affairs,,AN EXAMINATION OF VETERAN ACCESS TO TRADITIONAL AND ALTERNATIVE FORMS OF MENTAL HEALTH THERAPY,,no video found,https://www.govinfo.gov/content/pkg/CHRG-113hhrg86728/html/CHRG-113hhrg86728.htm
2014-02-20,113,joint,jcse00,Commission on Security and Cooperation in Europe (U.S. Helsinki Commission),,DISAPPEARED IN TURKMENISTAN’S PRISONS: ARE THEY STILL ALIVE?,,no video found,https://www.govinfo.gov/content/pkg/CHRG-113jhrg95597/html/CHRG-113jhrg95597.htm
2014-02-19,113,house,hswm00,Committee on Ways and Means,Subcommittee on Human Resources,FIELD HEARING ON EFFORTS TO PREVENT AND ADDRESS CHILD SEX TRAFFICKING IN WASHINGTON STATE,,no video found,https://www.govinfo.gov/content/pkg/CHRG-113hhrg94401/html/CHRG-113hhrg94401.htm
2014-02-11,113,house,hsed00,Committee on Education and the Workforce,,SERVING SENIORS THROUGH THE OLDER AMERICANS ACT,,no video found,https://www.govinfo.gov/content/pkg/CHRG-113hhrg86580/html/CHRG-113hhrg86580.htm
2014-02-11,113,house,hsju00,Committee on the Judiciary,Subcommittee on Immigration and Border Security,ASYLUM FRAUD: ABUSING AMERICA'S COMPASSION?,,"possible match (same committee, same days, different title)",https://www.govinfo.gov/content/pkg/CHRG-113hhrg86648/html/CHRG-113hhrg86648.htm
2014-02-11,113,house,hsju00,Committee on the Judiciary,"Subcommittee on Regulatory Reform, Commercial and Antitrust Law",HEARING ON THE ``SEARCHING FOR AND CUTTING REGULATIONS THAT ARE UNNECESSARILY BURDENSOME (SCRUB) ACT OF 2014'',,"possible match (same committee, same days, different title)",https://www.govinfo.gov/content/pkg/CHRG-113hhrg86649/html/CHRG-113hhrg86649.htm
2014-02-11,113,house,hsas00,Committee on Armed Services,,[H.A.S.C. No. 113-78] UNITED STATES SECURITY POLICY AND DEFENSE POSTURE IN THE MIDDLE EAST,,no video found,https://www.govinfo.gov/content/pkg/CHRG-113hhrg86968/html/CHRG-113hhrg86968.htm
2014-02-11,113,house,hssy00,"Committee on Science, Space, and Technology",Subcommittee on Environment,ENSURING OPEN SCIENCE AT EPA,,no video found,https://www.govinfo.gov/content/pkg/CHRG-113hhrg88135/html/CHRG-113hhrg88135.htm
2014-02-11,113,house,hshm00,Committee on Homeland Security,"Subcommittee on Emergency Preparedness, Response, and Communications",BIOTERRORISM: ASSESSING THE THREAT,,"possible match (same committee, same days, different title)",https://www.govinfo.gov/content/pkg/CHRG-113hhrg88168/html/CHRG-113hhrg88168.htm
2014-02-11,113,house,hshm00,Committee on Homeland Security,Subcommittee on Counterterrorism and Intelligence,AL-QAEDA'S EXPANSION IN EGYPT: IMPLICATIONS FOR U.S. HOMELAND SECURITY,,"possible match (same committee, same days, different title)",https://www.govinfo.gov/content/pkg/CHRG-113hhrg88169/html/CHRG-113hhrg88169.htm
2014-02-11,113,house,hsba00,Committee on Financial Services,,MONETARY POLICY AND THE STATE OF THE ECONOMY,,"possible match (same committee, same days, different title)",https://www.govinfo.gov/content/pkg/CHRG-113hhrg88526/html/CHRG-113hhrg88526.htm
2014-02-11,114,house,,,,INTERIOR IMMIGRATION ENFORCEMENT LEGISLATION,,committee not tracked,https://www.govinfo.gov/content/pkg/CHRG-114hhrg93279/html/CHRG-114hhrg93279.htm
2014-02-10,113,house,hspw00,Committee on Transportation and Infrastructure,,"THE CHARLESTON, WEST VIRGINIA, CHEMICAL SPILL",,"possible match (same committee, same days, different title)",https://www.govinfo.gov/content/pkg/CHRG-113hhrg86632/html/CHRG-113hhrg86632.htm
2014-02-10,113,house,hsgo00,Committee on Oversight and Government Reform,Subcommittee on Government Operations,ASSESSING NASA'S UNDERUTILIZED REAL PROPERTY ASSETS AT THE KENNEDY SPACE CENTER,,"possible match (same committee, same days, different title)",https://www.govinfo.gov/content/pkg/CHRG-113hhrg87175/html/CHRG-113hhrg87175.htm
2014-02-06,113,house,hshm00,Committee on Homeland Security,Subcommittee on Oversight and Management Efficiency,EXAMINING CHALLENGES AND WASTED TAXPAYER DOLLARS IN MODERNIZING BORDER SECURITY IT SYSTEMS,,"possible match (same committee, same days, different title)",https://www.govinfo.gov/content/pkg/CHRG-113hhrg88024/html/CHRG-113hhrg88024.htm
2014-02-05,113,house,hsed00,Committee on Education and the Workforce,,THE FOUNDATION FOR SUCCESS: DISCUSSING EARLY CHILDHOOD EDUCATION AND CARE IN AMERICA,,"possible match (same committee, same days, different title)",https://www.govinfo.gov/content/pkg/CHRG-113hhrg86488/html/CHRG-113hhrg86488.htm
2014-02-05,113,house,hspw00,Committee on Transportation and Infrastructure,Subcommittee on Aviation,THE FAA MODERNIZATION AND REFORM ACT OF 2012: TWO YEARS LATER,,no video found,https://www.govinfo.gov/content/pkg/CHRG-113hhrg86586/html/CHRG-113hhrg86586.htm
2014-02-05,113,house,hsvr00,Committee on Veterans' Affairs,Subcommittee on Disability Assistance and Memorial Affairs,BEYOND TRANSFORMATION: REVIEWING CURRENT STATUS AND SECONDARY EFFECTS OF VBA TECHNOLOGY,,no video found,https://www.govinfo.gov/content/pkg/CHRG-113hhrg86727/html/CHRG-113hhrg86727.htm
2014-02-05,113,house,hssy00,"Committee on Science, Space, and Technology",,EXAMINING THE SCIENCE OF EPA OVERREACH: A CASE STUDY IN TEXAS,,"possible match (same committee, same days, different title)",https://www.govinfo.gov/content/pkg/CHRG-113hhrg88134/html/CHRG-113hhrg88134.htm
2014-02-05,113,house,hsba00,Committee on Financial Services,,"THE IMPACT OF THE VOLCKER RULE ON JOB CREATORS, PART II",,"possible match (same committee, same days, different title)",https://www.govinfo.gov/content/pkg/CHRG-113hhrg88524/html/CHRG-113hhrg88524.htm
2014-02-05,113,house,hsba00,Committee on Financial Services,Subcommittee on Oversight and Investigations,THE ANNUAL REPORT OF THE OFFICE OF FINANCIAL RESEARCH,,"possible match (same committee, same days, different title)",https://www.govinfo.gov/content/pkg/CHRG-113hhrg88525/html/CHRG-113hhrg88525.htm
2014-02-04,113,house,hsed00,Committee on Education and the Workforce,,[ERRATA] OSHA'S REGULATORY AGENDA: CHANGING LONG STANDING POLICIES OUTSIDE THE PUBLIC RULEMAKING PROCESS,,"possible match (same committee, same days, different title)",https://www.govinfo.gov/content/pkg/CHRG-113hhrg20317/html/CHRG-113hhrg20317.htm
2014-02-04,113,house,hsed00,Committee on Education and the Workforce,,OSHA'S REGULATORY AGENDA: CHANGING LONG-STANDING POLICIES OUTSIDE THE PUBLIC RULEMAKING PROCESS,,"possible match (same committee, same days, different title)",https://www.govinfo.gov/content/pkg/CHRG-113hhrg86487/html/CHRG-113hhrg86487.htm
2014-02-04,113,house,hsju00,Committee on the Judiciary,,EXAMINING RECOMMENDATIONS TO REFORM FISA AUTHORITIES,,"possible match (same committee, same days, different title)",https://www.govinfo.gov/content/pkg/CHRG-113hhrg86549/html/CHRG-113hhrg86549.htm
2014-02-04,113,house,hspw00,Committee on Transportation and Infrastructure,Subcommittee on Coast Guard and Maritime Transportation,FINDING YOUR WAY: THE FUTURE OF FEDERAL AIDS TO NAVIGATION,,no video found,https://www.govinfo.gov/content/pkg/CHRG-113hhrg86585/html/CHRG-113hhrg86585.htm
2014-02-04,113,house,hsas00,Committee on Armed Services,,"[H.A.S.C. No. 113-77] THE STATE OF AL QAEDA, ITS AFFILIATES, AND ASSOCIATED GROUPS: VIEW FROM OUTSIDE EXPERTS",,no video found,https://www.govinfo.gov/content/pkg/CHRG-113hhrg86967/html/CHRG-113hhrg86967.htm
2014-02-04,113,house,hshm00,Committee on Homeland Security,Subcommittee on Border and Maritime Security,FUTURE OF THE HOMELAND SECURITY MISSIONS OF THE COAST GUARD,,"possible match (same committee, same days, different title)",https://www.govinfo.gov/content/pkg/CHRG-113hhrg88023/html/CHRG-113hhrg88023.htm
2014-02-04,113,house,hssy00,"Committee on Science, Space, and Technology",,NECESSARY UPDATES TO THE COMMERCIAL SPACE LAUNCH ACT,,"possible match (same committee, same days, different title)",https://www.govinfo.gov/content/pkg/CHRG-113hhrg88133/html/CHRG-113hhrg88133.htm
2014-02-04,113,house,hsba00,Committee on Financial Services,Subcommittee on Housing and Insurance,THE FEDERAL INSURANCE OFFICE'S REPORT ON MODERNIZING INSURANCE REGULATION,,"possible match (same committee, same days, different title)",https://www.govinfo.gov/content/pkg/CHRG-113hhrg88523/html/CHRG-113hhrg88523.htm
2014-01-29,113,house,hsfa00,Committee on Foreign Affairs,,"SUPPORTING THE DEMOCRATIC AND EUROPEAN ASPIRATIONS OF THE PEOPLE OF UKRAINE, AND THEIR RIGHT TO CHOOSE THEIR OWN FUTURE FREE OF INTIMIDATION AND FEAR; AND THE UNITED STATES-ISRAEL STRATEGIC PARTNERSHIP ACT OF 2013",,"possible match (same committee, same days, different title)",https://www.govinfo.gov/content/pkg/CHRG-113hhrg86467/html/CHRG-113hhrg86467.htm
2014-01-29,113,house,hsas00,Committee on Armed Services,Subcommittee on Military Personnel,[H.A.S.C. No. 113-76] RELIGIOUS ACCOMMODATIONS IN THE ARMED SERVICES,,no video found,https://www.govinfo.gov/content/pkg/CHRG-113hhrg86966/html/CHRG-113hhrg86966.htm
2014-01-28,113,house,hswm00,Committee on Ways and Means,,THE IMPACT OF THE EMPLOYER MANDATE'S DEFINITION OF FULL-TIME EMPLOYEE ON JOBS AND OPPORTUNITIES,,no video found,https://www.govinfo.gov/content/pkg/CHRG-113hhrg21118/html/CHRG-113hhrg21118.htm
2014-01-28,113,house,hsed00,Committee on Education and the Workforce,,KEEPING COLLEGE WITHIN REACH: SHARING BEST PRACTICES FOR SERVICING LOW INCOME AND FIRST GENERATION STUDENTS,,"possible match (same committee, same days, different title)",https://www.govinfo.gov/content/pkg/CHRG-113hhrg86370/html/CHRG-113hhrg86370.htm
2014-01-28,113,house,hspw00,Committee on Transportation and Infrastructure,Subcommittee on Highways and Transit,IMPROVING THE EFFECTIVENESS OF THE FEDERAL SURFACE TRANSPORTATION SAFETY GRANT PROGRAMS,,no video found,https://www.govinfo.gov/content/pkg/CHRG-113hhrg86439/html/CHRG-113hhrg86439.htm
2014-01-28,113,house,hsju00,Committee on the Judiciary,"Subcommittee on Crime, Terrorism, Homeland Security, and Investigations",TOP MANAGEMENT CHALLENGES: GRANT MANAGEMENT AT THE U.S. DEPARTMENT OF JUSTICE,,no video found,https://www.govinfo.gov/content/pkg/CHRG-113hhrg86453/html/CHRG-113hhrg86453.htm
2014-01-28,113,house,hsju00,Committee on the Judiciary,"Subcommittee on Courts, Intellectual Property, and the Internet",THE SCOPE OF FAIR USE,,no video found,https://www.govinfo.gov/content/pkg/CHRG-113hhrg86454/html/CHRG-113hhrg86454.htm
2014-01-28,113,house,hsvr00,Committee on Veterans' Affairs,,WHAT CAN THE FEDERAL GOVERNMENT LEARN FROM THE PRIVATE SECTOR'S SUCCESSFUL AP- PROACH TO HIRING VETERANS?,,no video found,https://www.govinfo.gov/content/pkg/CHRG-113hhrg86726/html/CHRG-113hhrg86726.htm
2014-01-28,113,house,hsas00,Committee on Armed Services,,[H.A.S.C. No. 113-74] REBALANCING TO THE ASIA-PACIFIC REGION: EXAMINING ITS IMPLEMENTATION,,no video found,https://www.govinfo.gov/content/pkg/CHRG-113hhrg86964/html/CHRG-113hhrg86964.htm
2014-01-28,113,house,hsas00,Committee on Armed Services,Subcommittee on Strategic Forces Meeting Jointly with Subcommittee on Seapower and Projection Forces,[H.A.S.C. No. 113-75] PEOPLE'S REPUBLIC OF CHINA'S COUNTERSPACE PROGRAM AND THE IMPLICATIONS FOR U.S. NATIONAL SECURITY,,no video found,https://www.govinfo.gov/content/pkg/CHRG-113hhrg86965/html/CHRG-113hhrg86965.htm
2014-01-28,113,house,hshm00,Committee on Homeland Security,Subcommittee on Transportation Security,EXAMINING TSA'S CADRE OF CRIMINAL INVESTIGATORS,,no video found,https://www.govinfo.gov/content/pkg/CHRG-113hhrg87973/html/CHRG-113hhrg87973.htm
2014-01-28,113,house,hsba00,Committee on Financial Services,,THE SEMI-ANNUAL REPORT OF THE CONSUMER FINANCIAL PROTECTION BUREAU,,"possible match (same committee, same days, different title)",https://www.govinfo.gov/content/pkg/CHRG-113hhrg88522/html/CHRG-113hhrg88522.htm
2014-01-24,113,house,hssm00,Committee on Small Business,"Subcommittee on Economic Growth, Tax and Capital Access",GETTING RURAL AMERICA BACK TO WORK: SOLUTIONS TO LOWER UNEMPLOYMENT,,no video found,https://www.govinfo.gov/content/pkg/CHRG-113hhrg86509/html/CHRG-113hhrg86509.htm
2014-01-16,113,house,hssy00,"Committee on Science, Space, and Technology",,HEALTHCARE.GOV: CONSEQUENCES OF STOLEN IDENTITY,,"possible match (same committee, same days, different title)",https://www.govinfo.gov/content/pkg/CHRG-113hhrg86900/html/CHRG-113hhrg86900.htm
2014-01-16,113,house,hsas00,Committee on Armed Services,Subcommittee on Military Personnel,[H.A.S.C. No. 113-73] FUTURE RECRUITING CHALLENGES IN THE FISCALLY CONSTRAINED ENVIRONMENT,,no video found,https://www.govinfo.gov/content/pkg/CHRG-113hhrg86963/html/CHRG-113hhrg86963.htm
2014-01-16,113,house,hswm00,Committee on Ways and Means,Subcommittee on Social Security,SOCIAL SECURITY DISABILITY FRAUD SCHEME IN NEW YORK,,"possible match (same committee, same days, different title)",https://www.govinfo.gov/content/pkg/CHRG-113hhrg94393/html/CHRG-113hhrg94393.htm
2014-01-15,113,house,hspw00,Committee on Transportation and Infrastructure,"Subcommittee on Railroads, Pipelines, and Hazardous Materials",A REVIEW OF THE CHALLENGES FACING CALIFORNIA HIGH-SPEED RAIL,,no video found,https://www.govinfo.gov/content/pkg/CHRG-113hhrg86279/html/CHRG-113hhrg86279.htm
2014-01-15,113,house,hsvr00,Committee on Veterans' Affairs,Subcommittee on Oversight and Investigations,VENDORS IN THE OR_VA'S FAILED OVERSIGHT OF SURGICAL IMPLANTS,,no video found,https://www.govinfo.gov/content/pkg/CHRG-113hhrg86725/html/CHRG-113hhrg86725.htm
2014-01-15,113,house,hshm00,Committee on Homeland Security,,A FALSE NARRATIVE ENDANGERS THE HOMELAND,,"possible match (same committee, same days, different title)",https://www.govinfo.gov/content/pkg/CHRG-113hhrg87941/html/CHRG-113hhrg87941.htm
2014-01-15,113,house,hsba00,Committee on Financial Services,,"THE IMPACT OF THE VOLCKER RULE ON JOB CREATORS, PART I",,"possible match (same committee, same days, different title)",https://www.govinfo.gov/content/pkg/CHRG-113hhrg88521/html/CHRG-113hhrg88521.htm
2014-01-14,113,house,hspw00,Committee on Transportation and Infrastructure,,BUILDING THE FOUNDATION FOR SURFACE TRANSPORTATION REAUTHORIZATION,,no video found,https://www.govinfo.gov/content/pkg/CHRG-113hhrg86278/html/CHRG-113hhrg86278.htm
2014-01-14,113,house,hsju00,Committee on the Judiciary,"Subcommittee on Courts, Intellectual Property, and the Internet",THE SCOPE OF COPYRIGHT PROTECTION,,no video found,https://www.govinfo.gov/content/pkg/CHRG-113hhrg86344/html/CHRG-113hhrg86344.htm
2014-01-14,113,house,hsii00,Committee on Natural Resources,,"OVERSIGHT OF THE OBAMA ADMIN- ISTRATION'S QUESTIONABLE AP- PLICATION OF SEQUESTRATION TO THE SECURE RURAL SCHOOLS PROGRAM AND THE COSTS TO STATES, LOCAL ECONOMIES, AND RURAL SCHOOL CHILDREN",,"possible match (same committee, same days, different title)",https://www.govinfo.gov/content/pkg/CHRG-113hhrg86407/html/CHRG-113hhrg86407.htm
2014-01-14,113,house,hssy00,"Committee on Science, Space, and Technology",,SCIENTIFIC RESEARCH AT THE SMITHSONIAN,,"possible match (same committee, same days, different title)",https://www.govinfo.gov/content/pkg/CHRG-113hhrg86899/html/CHRG-113hhrg86899.htm
2014-01-14,113,house,hsas00,Committee on Armed Services,Subcommittee on Seapower and Projection Forces,[H.A.S.C. No. 113-72] MARITIME SOVEREIGNTY IN THE EAST AND SOUTH CHINA SEAS,,no video found,https://www.govinfo.gov/content/pkg/CHRG-113hhrg86962/html/CHRG-113hhrg86962.htm
2014-01-14,113,house,hsba00,Committee on Financial Services,Subcommittee on Financial Institutions and Consumer Credit,HOW PROSPECTIVE AND CURRENT HOMEOWNERS WILL BE HARMED BY THE CFPB'S QUALIFIED MORTGAGE RULE,,"possible match (same committee, same days, different title)",https://www.govinfo.gov/content/pkg/CHRG-113hhrg88520/html/CHRG-113hhrg88520.htm
2014-01-09,113,house,hsju00,Committee on the Judiciary,Subcommittee on the Constitution and Civil Justice,NO TAXPAYER FUNDING FOR ABORTION ACT,,no video found,https://www.govinfo.gov/content/pkg/CHRG-113hhrg86208/html/CHRG-113hhrg86208.htm
2014-01-09,113,house,hsii00,Committee on Natural Resources,,OVERSIGHT HEARING ON OBAMA ADMINISTRATION'S WAR ON COAL: THE RECENT REPORT BY THE OFFICE OF THE INSPECTOR GENERAL,,"possible match (same committee, same days, different title)",https://www.govinfo.gov/content/pkg/CHRG-113hhrg86261/html/CHRG-113hhrg86261.htm
2014-01-09,113,house,hssy00,"Committee on Science, Space, and Technology",,PRIVATE SECTOR PROGRAMS THAT ENGAGE STUDENTS IN STEM,,no video found,https://www.govinfo.gov/content/pkg/CHRG-113hhrg86898/html/CHRG-113hhrg86898.htm
2014-01-09,113,house,hsba00,Committee on Financial Services,Subcommittee on Monetary Policy and Trade,INTERNATIONAL IMPACTS OF THE FEDERAL RESERVE'S QUANTITATIVE EASING PROGRAM,,no video found,https://www.govinfo.gov/content/pkg/CHRG-113hhrg88519/html/CHRG-113hhrg88519.htm
2013-12-16,113,house,hsgo00,Committee on Oversight and Government Reform,,OBAMACARE IMPLEMENTATION: WHO ARE THE NAVIGATORS?,,"possible match (same committee, same days, different title)",https://www.govinfo.gov/content/pkg/CHRG-113hhrg87014/html/CHRG-113hhrg87014.htm
2013-12-12,113,house,hspw00,Committee on Transportation and Infrastructure,Subcommittee on Aviation,THE STATE OF AMERICAN AVIATION,,"possible match (same committee, same days, different title)",https://www.govinfo.gov/content/pkg/CHRG-113hhrg85900/html/CHRG-113hhrg85900.htm
2013-12-12,113,house,hsju00,Committee on the Judiciary,,ASYLUM ABUSE: IS IT OVERWHELMING OUR BORDERS?,,no video found,https://www.govinfo.gov/content/pkg/CHRG-113hhrg85905/html/CHRG-113hhrg85905.htm
2013-12-12,113,house,hsii00,Committee on Natural Resources,,"OVERSIGHT HEARING ON ESA DECISIONS BY CLOSED-DOOR SETTLEMENT: SHORT- CHANGING SCIENCE, TRANSPARENCY, PRIVATE PROPERTY, AND STATE AND LOCAL ECONOMIES",,"possible match (same committee, same days, different title)",https://www.govinfo.gov/content/pkg/CHRG-113hhrg85958/html/CHRG-113hhrg85958.htm
2013-12-12,113,house,hsba00,Committee on Financial Services,,THE ANNUAL TESTIMONY OF THE SECRETARY OF THE TREASURY ON THE STATE OF THE INTERNATIONAL FINANCE SYSTEM,,"possible match (same committee, same days, different title)",https://www.govinfo.gov/content/pkg/CHRG-113hhrg86690/html/CHRG-113hhrg86690.htm
2013-12-12,113,house,hsba00,Committee on Financial Services,,RETHINKING THE FEDERAL RESERVE'S MANY MANDATES ON ITS 100-YEAR ANNIVERSARY,,"possible match (same committee, same days, different title)",https://www.govinfo.gov/content/pkg/CHRG-113hhrg86691/html/CHRG-113hhrg86691.htm
2013-12-12,113,house,hssy00,"Committee on Science, Space, and Technology",,BUILDING A NETWORK FOR MANUFACTURING INNOVATION,,"possible match (same committee, same days, different title)",https://www.govinfo.gov/content/pkg/CHRG-113hhrg86897/html/CHRG-113hhrg86897.htm
2013-12-12,113,house,hsgo00,Committee on Oversight and Government Reform,"Subcommittee on Energy Policy, Health Care and Entitlements",FDA CHECKUP: DRUG DEVELOPMENT AND MANUFACTURING CHALLENGES,,"possible match (same committee, same days, different title)",https://www.govinfo.gov/content/pkg/CHRG-113hhrg87645/html/CHRG-113hhrg87645.htm
2013-12-11,113,house,hsvr00,Committee on Veterans' Affairs,Subcommittee on Oversight and Investigations,CONTRACTING AWAY ACCOUNTABILITY - REVERSE AUCTIONS IN FEDERAL AGENCY ACQUISITIONS,,no video found,https://www.govinfo.gov/content/pkg/CHRG-113hhrg85873/html/CHRG-113hhrg85873.htm
2013-12-11,113,house,hspw00,Committee on Transportation and Infrastructure,Subcommittee on Coast Guard and Maritime Transportation,COAST GUARD MISSION EXECUTION: HOW IS THE COAST GUARD MEETING ITS MISSION GOALS?,,"possible match (same committee, same days, different title)",https://www.govinfo.gov/content/pkg/CHRG-113hhrg85898/html/CHRG-113hhrg85898.htm
2013-12-11,113,house,hspw00,Committee on Transportation and Infrastructure,Subcommittee on Highways and Transit,EXAMINING THE CURRENT AND FUTURE DEMANDS ON THE FEDERAL TRANSIT ADMINISTRATION'S CAPITAL INVESTMENT GRANTS,,"possible match (same committee, same days, different title)",https://www.govinfo.gov/content/pkg/CHRG-113hhrg85899/html/CHRG-113hhrg85899.htm
2013-12-11,113,house,hsfa00,Committee on Foreign Affairs,Subcommittee on Asia and the Pacific,"URGING THE GOVERNMENT OF BURMA TO END THE PERSECUTION OF THE ROHINGYA PEOPLE AND RESPECT HUMAN RIGHTS FOR ALL ETHNIC AND RELIGIOUS MINORITY GROUPS WITHIN BURMA; AND EXPRESSING CONCERN OVER REPORTS OF SYSTEMATIC, STATE-SANCTIONED ORGAN HARVESTING FROM NON-CONSENTING PRISONERS OF CONSCIENCE IN THE PEOPLE'S REPUBLIC OF CHINA",,"possible match (same committee, same days, different title)",https://www.govinfo.gov/content/pkg/CHRG-113hhrg86005/html/CHRG-113hhrg86005.htm
2013-12-11,113,house,hsas00,Committee on Armed Services,Subcommittee on Seapower and Projection Forces,[H.A.S.C. No. 113-71] U.S. ASIA-PACIFIC STRATEGIC CONSIDERATIONS RELATED TO PEOPLE'S LIBERATION ARMY NAVAL FORCES MODERNIZATION,,no video found,https://www.govinfo.gov/content/pkg/CHRG-113hhrg86078/html/CHRG-113hhrg86078.htm
2013-12-11,113,house,hsha00,Committee on House Administration,,ESTABLISHING A COMMISSION TO STUDY THE POTENTIAL CREATION OF A NATIONAL WOMEN'S HISTORY MUSEUM,,no video found,https://www.govinfo.gov/content/pkg/CHRG-113hhrg86692/html/CHRG-113hhrg86692.htm
2013-12-11,113,house,hssy00,"Committee on Science, Space, and Technology",,A FACTUAL LOOK AT THE RELATIONSHIP BETWEEN CLIMATE AND WEATHER,,"possible match (same committee, same days, different title)",https://www.govinfo.gov/content/pkg/CHRG-113hhrg86896/html/CHRG-113hhrg86896.htm
2013-12-11,113,joint,jcse00,Commission on Security and Cooperation in Europe (U.S. Helsinki Commission),,RESOLVING CRISES IN EAST ASIA THROUGH A NEW SYSTEM OF COLLECTIVE SECURITY: THE HELSINKI PROCESS AS A MODEL,,no video found,https://www.govinfo.gov/content/pkg/CHRG-113jhrg95402/html/CHRG-113jhrg95402.htm
2013-12-09,113,house,hsii00,Committee on Natural Resources,,"OVERSIGHT FIELD HEARING ON THE FUTURE OF THE U.S.-CANADA COLUMBIA RIVER TREATY, BUILDING ON 60 YEARS OF COORDINATED POWER GENERATION AND FLOOD CONTROL",,"possible match (same committee, same days, different title)",https://www.govinfo.gov/content/pkg/CHRG-113hhrg85957/html/CHRG-113hhrg85957.htm
2013-12-06,113,house,hsgo00,Committee on Oversight and Government Reform,,"OBAMACARE IMPLEMENTATION, THE BROKEN PROMISE: IF YOU LIKE YOUR CURRENT PLAN YOU CAN KEEP IT",,"possible match (same committee, same days, different title)",https://www.govinfo.gov/content/pkg/CHRG-113hhrg86197/html/CHRG-113hhrg86197.htm
2013-12-05,113,house,hsii00,Committee on Natural Resources,Subcommittee on Energy and Mineral Resources,"H.R. 1604, MAP IT ONCE, USE IT MANY TIMES ACT AND H.R. 916, FEDERAL LAND ASSET INVENTORY REFORM ACT OF 2013",,"possible match (same committee, same days, different title)",https://www.govinfo.gov/content/pkg/CHRG-113hhrg85806/html/CHRG-113hhrg85806.htm
2013-12-04,113,house,hswm00,Committee on Ways and Means,Subcommittee on Health,THE CHALLENGES OF THE AFFORDABLE CARE ACT,,no video found,https://www.govinfo.gov/content/pkg/CHRG-113hhrg21102/html/CHRG-113hhrg21102.htm
2013-12-04,113,house,hsed00,Committee on Education and the Workforce,,HEARING ON RECENT ACTIONS BY THE OFFICE OF FEDERAL CONTRACT COMPLIANCE PROGRAMS,,"possible match (same committee, same days, different title)",https://www.govinfo.gov/content/pkg/CHRG-113hhrg85673/html/CHRG-113hhrg85673.htm
2013-12-04,113,house,hsvr00,Committee on Veterans' Affairs,Subcommittee on Disability Assistance and Memorial Affairs,"ADJUDICATING VA'S MOST COMPLEX DISABILITY CLAIMS: ENSURING QUALITY, ACCURACY AND CONSISTENCY ON COMPLICATED ISSUES",,no video found,https://www.govinfo.gov/content/pkg/CHRG-113hhrg85872/html/CHRG-113hhrg85872.htm
2013-12-04,113,house,hsha00,Committee on House Administration,,GPO IN 2023: KEEPING AMERICA INFORMED IN A POST-PRINT WORLD,,no video found,https://www.govinfo.gov/content/pkg/CHRG-113hhrg86569/html/CHRG-113hhrg86569.htm
2013-12-04,113,house,hsba00,Committee on Financial Services,Subcommittee on Financial Institutions and Consumer Credit,EXAMINING REGULATORY RELIEF PROPOSALS FOR COMMUNITY FINANCIAL INSTITUTIONS,,no video found,https://www.govinfo.gov/content/pkg/CHRG-113hhrg86689/html/CHRG-113hhrg86689.htm
2013-12-04,113,house,hssy00,"Committee on Science, Space, and Technology",,ASTROBIOLOGY: SEARCH FOR BIOSIGNATURES IN OUR SOLAR SYSTEM AND BEYOND,,"possible match (same committee, same days, different title)",https://www.govinfo.gov/content/pkg/CHRG-113hhrg86895/html/CHRG-113hhrg86895.htm
2013-12-03,113,house,hsed00,Committee on Education and the Workforce,,KEEPING COLLEGE WITHIN REACH: STRENGTHENING PELL GRANTS FOR FUTURE GENERATIONS,,"possible match (same committee, same days, different title)",https://www.govinfo.gov/content/pkg/CHRG-113hhrg85672/html/CHRG-113hhrg85672.htm
2013-12-03,113,house,hsju00,Committee on the Judiciary,,THE PRESIDENT'S CONSTITUTIONAL DUTY TO FAITHFULLY EXECUTE THE LAWS,,"possible match (same committee, same days, different title)",https://www.govinfo.gov/content/pkg/CHRG-113hhrg85762/html/CHRG-113hhrg85762.htm
2013-12-03,113,house,hsju00,Committee on the Judiciary,"Subcommittee on Regulatory Reform, Commercial and Antitrust Law",BANKRUPTCY CODE AND FINANCIAL INSTITUTION INSOLVENCIES,,"possible match (same committee, same days, different title)",https://www.govinfo.gov/content/pkg/CHRG-113hhrg85763/html/CHRG-113hhrg85763.htm
2013-12-03,113,house,hsgo00,Committee on Oversight and Government Reform,Subcommittee on Government Operations,FEDERAL TRADE COMMISSION AND GENERAL SERVICES ADMINISTRATION THWART COST SAVING CONSOLIDATION,,"possible match (same committee, same days, different title)",https://www.govinfo.gov/content/pkg/CHRG-113hhrg86552/html/CHRG-113hhrg86552.htm
2013-12-03,113,house,hsgo00,Committee on Oversight and Government Reform,"Subcommittee on Federal Workforce, US Postal Service and the Census",ASSESSING GOVERNMENT USE OF DESIGN-BUILD CONTRACTS,,"possible match (same committee, same days, different title)",https://www.govinfo.gov/content/pkg/CHRG-113hhrg86553/html/CHRG-113hhrg86553.htm
2013-11-25,113,house,hsgo00,Committee on Oversight and Government Reform,,"OBAMACARE IMPLEMENTATION: HIGH COSTS, FEW CHOICES FOR RURAL AMERICA",,"possible match (same committee, same days, different title)",https://www.govinfo.gov/content/pkg/CHRG-113hhrg86196/html/CHRG-113hhrg86196.htm
2013-11-22,113,house,hsgo00,Committee on Oversight and Government Reform,,OBAMACARE IMPLEMENTATION: STICKER SHOCK OF INCREASED PREMIUMS FOR HEALTHCARE COVERAGE,,"possible match (same committee, same days, different title)",https://www.govinfo.gov/content/pkg/CHRG-113hhrg86723/html/CHRG-113hhrg86723.htm
2013-11-21,113,house,hsfa00,Committee on Foreign Affairs,"Subcommittee on Africa, Global Health, Global Human Rights, and International Organizations",INCREASING AMERICAN JOBS THROUGH GREATER EXPORTS TO AFRICA ACT OF 2013,,"possible match (same committee, same days, different title)",https://www.govinfo.gov/content/pkg/CHRG-113hhrg85644/html/CHRG-113hhrg85644.htm
2013-11-21,113,house,hsii00,Committee on Natural Resources,Subcommittee on Public Lands and Environmental Regulation,"H.R. 3286, PROTECTING STATES OPENING NATIONAL PARKS ACT; H.R. 3294, STATE-RUN FEDERAL LANDS ACT; H.R. 3311, PROVIDE ACCESS AND RETAIN CONTINUITY (PARC) ACT; H.R. 3492, RIVER PADDLING PROTECTION ACT; AND H.R. 915, THE PEACE CORPS COMMEMORATION ACT",,"possible match (same committee, same days, different title)",https://www.govinfo.gov/content/pkg/CHRG-113hhrg85668/html/CHRG-113hhrg85668.htm
2013-11-21,113,house,hsba00,Committee on Financial Services,Subcommittee on Capital Markets and Government Sponsored Enterprises,A LEGISLATIVE PROPOSAL TO AMEND THE SECURITIES INVESTOR PROTECTION ACT,,"possible match (same committee, same days, different title)",https://www.govinfo.gov/content/pkg/CHRG-113hhrg86688/html/CHRG-113hhrg86688.htm
2013-11-20,113,house,hsed00,Committee on Education and the Workforce,,REDEFINING COMPANION CARE: JEOPARDIZING ACCESS TO AFFORDABLE CARE FOR SENIORS AND INDIVIDUALS WITH DISABILITIES,,no video found,https://www.govinfo.gov/content/pkg/CHRG-113hhrg85586/html/CHRG-113hhrg85586.htm
2013-11-20,113,house,hsfa00,Committee on Foreign Affairs,,VARIOUS MEASURES,,"possible match (same committee, same days, different title)",https://www.govinfo.gov/content/pkg/CHRG-113hhrg85641/html/CHRG-113hhrg85641.htm
2013-11-20,113,house,hsvr00,Committee on Veterans' Affairs,,BUILDING VA'S FUTURE: CONFRONTING PERSISTENT CHALLENGES IN VA MAJOR CONSTRUCTION AND LEASE PROGRAMS,,"possible match (same committee, same days, different title)",https://www.govinfo.gov/content/pkg/CHRG-113hhrg85871/html/CHRG-113hhrg85871.htm
2013-11-20,113,house,hsha00,Committee on House Administration,,MARKUP OF A COMMITTEE RESOLUTION REGARDING THE HOUSE ACADEMIC COMPETITION,,no video found,https://www.govinfo.gov/content/pkg/CHRG-113hhrg86013/html/CHRG-113hhrg86013.htm
2013-11-20,113,house,hsas00,Committee on Armed Services,,[H.A.S.C. No. 113-69] 2013 REPORT TO CONGRESS OF THE U.S.-CHINA ECONOMIC AND SECURITY REVIEW COMMISSION,,no video found,https://www.govinfo.gov/content/pkg/CHRG-113hhrg86076/html/CHRG-113hhrg86076.htm
2013-11-20,113,house,hsas00,Committee on Armed Services,Subcommittee on Military Personnel,[H.A.S.C. No. 113-70] MILITARY RESALE PROGRAMS OVERVIEW,,no video found,https://www.govinfo.gov/content/pkg/CHRG-113hhrg86077/html/CHRG-113hhrg86077.htm
2013-11-20,113,house,hsha00,Committee on House Administration,,MILITARY AND OVERSEAS VOTING IN 2012,,no video found,https://www.govinfo.gov/content/pkg/CHRG-113hhrg86539/html/CHRG-113hhrg86539.htm
2013-11-20,113,house,hssy00,"Committee on Science, Space, and Technology",,COMMERCIAL SPACE,,"possible match (same committee, same days, different title)",https://www.govinfo.gov/content/pkg/CHRG-113hhrg86894/html/CHRG-113hhrg86894.htm
2013-11-19,113,house,hsed00,Committee on Education and the Workforce,,PREPARING TODAY'S STUDENTS FOR TOMORROW'S JOBS: IMPROVING THE CARL D. PERKINS CAREER AND TECHNICAL EDUCATION ACT,,no video found,https://www.govinfo.gov/content/pkg/CHRG-113hhrg85479/html/CHRG-113hhrg85479.htm
2013-11-19,113,house,hsju00,Committee on the Judiciary,"Subcommittee on Courts, Intellectual Property, and the Internet",RISE OF INNOVATIVE BUSINESS MODELS: CONTENT DELIVERY METHODS IN THE DIGITAL AGE,,no video found,https://www.govinfo.gov/content/pkg/CHRG-113hhrg85600/html/CHRG-113hhrg85600.htm
2013-11-19,113,house,hspw00,Committee on Transportation and Infrastructure,Subcommittee on Highways and Transit,HOW AUTONOMOUS VEHICLES WILL SHAPE THE FUTURE OF SURFACE TRANSPORTATION,,no video found,https://www.govinfo.gov/content/pkg/CHRG-113hhrg85609/html/CHRG-113hhrg85609.htm
2013-11-19,113,house,hspw00,Committee on Transportation and Infrastructure,"Subcommittee on Economic Development, Public Buildings, and Emergency Management",FEDERAL TRIANGLE SOUTH: REDEVELOPING UNDERUTILIZED FEDERAL PROPERTY THROUGH PUBLIC-PRIVATE PARTNERSHIPS,,no video found,https://www.govinfo.gov/content/pkg/CHRG-113hhrg85610/html/CHRG-113hhrg85610.htm
2013-11-19,113,house,hsfa00,Committee on Foreign Affairs,"Subcommittee on Europe, Eurasia, and Emerging Threats",CALLING UPON THE GOVERNMENT OF TURKEY TO FACILITATE THE REOPENING OF THE ECUMENICAL PATRIARCHATE'S THEOLOGICAL SCHOOL OF HALKI WITHOUT CONDITION OR FURTHER DELAY,,"possible match (same committee, same days, different title)",https://www.govinfo.gov/content/pkg/CHRG-113hhrg85639/html/CHRG-113hhrg85639.htm
2013-11-19,113,house,hsba00,Committee on Financial Services,Subcommittee on Oversight and Investigations,A GENERAL OVERVIEW OF DISPARATE IMPACT THEORY,,"possible match (same committee, same days, different title)",https://www.govinfo.gov/content/pkg/CHRG-113hhrg86686/html/CHRG-113hhrg86686.htm
2013-11-19,113,house,hsba00,Committee on Financial Services,Subcommittee on Housing and Insurance,IMPLEMENTATION OF THE BIGGERT-WATERS FLOOD INSURANCE ACT OF 2012: PROTECTING TAXPAYERS AND HOMEOWNERS,,"possible match (same committee, same days, different title)",https://www.govinfo.gov/content/pkg/CHRG-113hhrg86687/html/CHRG-113hhrg86687.htm
2013-11-19,113,house,hssy00,"Committee on Science, Space, and Technology",,IS MY DATA ON HEALTHCARE.GOV SECURE?,,"possible match (same committee, same days, different title)",https://www.govinfo.gov/content/pkg/CHRG-113hhrg86893/html/CHRG-113hhrg86893.htm
2013-11-19,113,house,hshm00,Committee on Homeland Security,Senate - Homeland,WHAT DOES A SECURE MARITIME BORDER LOOK LIKE?,,"possible match (same committee, same days, different title)",https://www.govinfo.gov/content/pkg/CHRG-113hhrg87375/html/CHRG-113hhrg87375.htm
2013-11-19,113,joint,jcse00,Commission on Security and Cooperation in Europe (U.S. Helsinki Commission),,"EUROPEANS OF AFRICAN DESCENT `BLACK EUROPEANS': RACE, RIGHTS, AND POLITICS",,no video found,https://www.govinfo.gov/content/pkg/CHRG-113jhrg95485/html/CHRG-113jhrg95485.htm
2013-11-15,113,house,hsju00,Committee on the Judiciary,"Subcommittee on Regulatory Reform, Commercial and Antitrust Law",ANTITRUST ENFORCEMENT AGENCIES,,no video found,https://www.govinfo.gov/content/pkg/CHRG-113hhrg85567/html/CHRG-113hhrg85567.htm
2013-11-14,113,house,hsed00,Committee on Education and the Workforce,,"THE EFFECTS OF THE PATIENT PROTECTION AND AFFORDABLE CARE ACT ON SCHOOLS, COLLEGES, AND UNIVERSITIES",,"possible match (same committee, same days, different title)",https://www.govinfo.gov/content/pkg/CHRG-113hhrg85459/html/CHRG-113hhrg85459.htm
2013-11-14,113,house,hspw00,Committee on Transportation and Infrastructure,,PROGRESS REPORT: HURRICANE SANDY RECOVERY--ONE YEAR LATER,,no video found,https://www.govinfo.gov/content/pkg/CHRG-113hhrg85550/html/CHRG-113hhrg85550.htm
2013-11-14,113,house,hsju00,Committee on the Judiciary,,REGULATORY CRIME: SOLUTIONS,,no video found,https://www.govinfo.gov/content/pkg/CHRG-113hhrg85566/html/CHRG-113hhrg85566.htm
2013-11-14,113,house,hssy00,"Committee on Science, Space, and Technology",,STRENGTHENING TRANSPARENCY AND ACCOUNTABILITY,,"possible match (same committee, same days, different title)",https://www.govinfo.gov/content/pkg/CHRG-113hhrg86892/html/CHRG-113hhrg86892.htm
2013-11-13,113,house,hsed00,Committee on Education and the Workforce,,KEEPING COLLEGE WITHIN REACH: SIMPLIFYING FEDERAL STUDENT AID,,"possible match (same committee, same days, different title)",https://www.govinfo.gov/content/pkg/CHRG-113hhrg82994/html/CHRG-113hhrg82994.htm
2013-11-13,113,house,hsju00,Committee on the Judiciary,,IMPLEMENTATION OF AN ENTRY-EXIT SYSTEM: STILL WAITING AFTER ALL THESE YEARS,,no video found,https://www.govinfo.gov/content/pkg/CHRG-113hhrg85565/html/CHRG-113hhrg85565.htm
2013-11-13,113,house,hsvr00,Committee on Veterans' Affairs,Subcommittee on Oversight and Investigations,``CORRECTING `KERFUFFLES' - ANALYZING PROHIBITED PRACTICES AND PREVENTABLE PATIENT DEATHS AT JACKSON VAMC'',,no video found,https://www.govinfo.gov/content/pkg/CHRG-113hhrg85869/html/CHRG-113hhrg85869.htm
2013-11-13,113,house,hsvr00,Committee on Veterans' Affairs,Subcommittee on Economic Opportunity (Eo),VA'S INDEPENDENT LIVING PROGRAM,,no video found,https://www.govinfo.gov/content/pkg/CHRG-113hhrg85870/html/CHRG-113hhrg85870.htm
2013-11-13,113,house,hsba00,Committee on Financial Services,Subcommittee on Housing and Insurance,THE FUTURE OF TERRORISM INSURANCE: FOSTERING PRIVATE MARKET INNOVATION TO LIMIT TAXPAYER EXPOSURE,,no video found,https://www.govinfo.gov/content/pkg/CHRG-113hhrg86684/html/CHRG-113hhrg86684.htm
2013-11-13,113,house,hsba00,Committee on Financial Services,Subcommittee on Monetary Policy and Trade,WHAT IS CENTRAL ABOUT CENTRAL BANKING?: A STUDY OF INTERNATIONAL MODELS,,no video found,https://www.govinfo.gov/content/pkg/CHRG-113hhrg86685/html/CHRG-113hhrg86685.htm
2013-11-13,113,house,hssy00,"Committee on Science, Space, and Technology",,"KEEPING AMERICA FIRST: FEDERAL INVESTMENTS IN RESEARCH, SCIENCE, AND TECHNOLOGY AT NSF, NIST, OSTP, AND INTERAGENCY STEM PROGRAMS",,"possible match (same committee, same days, different title)",https://www.govinfo.gov/content/pkg/CHRG-113hhrg86891/html/CHRG-113hhrg86891.htm
2013-11-13,113,house,hshm00,Committee on Homeland Security,,CYBER SIDE-EFFECTS: HOW SECURE IS THE PERSONAL INFORMATION ENTERED INTO THE FLAWED HEALTHCARE.GOV?,,"possible match (same committee, same days, different title)",https://www.govinfo.gov/content/pkg/CHRG-113hhrg87371/html/CHRG-113hhrg87371.htm
2013-11-13,113,house,hshm00,Committee on Homeland Security,Senate-Homeland,THE INSIDER THREAT TO HOMELAND SECURITY: EXAMINING OUR NATION'S SECURITY CLEAR- ANCE PROCESSES,,"possible match (same committee, same days, different title)",https://www.govinfo.gov/content/pkg/CHRG-113hhrg87372/html/CHRG-113hhrg87372.htm
2013-11-07,113,house,hsvr00,Committee on Veterans' Affairs,Subcommittee on Disability Assistance and Memorial Affairs,"COMPLICATIONS OF GEOGRAPHY: FOCUSING ON VBA OUTREACH, ACCESSIBILITY, LEADERSHIP AND STAFFING EFFORTS TO MEET THE NEEDS OF VETERANS LIVING IN AREAS REMOTE FROM A REGIONAL OFFICE",,no video found,https://www.govinfo.gov/content/pkg/CHRG-113hhrg85868/html/CHRG-113hhrg85868.htm
2013-11-06,113,house,hsvr00,Committee on Veterans' Affairs,Subcommittee on Economic Opportunity,TEXAS' INNOVATIVE APPROACHES TO JOBS AND EMPLOYMENT FOR VETERANS,,no video found,https://www.govinfo.gov/content/pkg/CHRG-113hhrg85867/html/CHRG-113hhrg85867.htm
2013-11-04,113,house,hsvr00,Committee on Veterans' Affairs,Subcommittee on Economic Opportunity (Eo),EXAMINING HIGHER EDUCATION INSTITUTIONS' SERVICES TO VETERANS,,no video found,https://www.govinfo.gov/content/pkg/CHRG-113hhrg85866/html/CHRG-113hhrg85866.htm
2013-10-30,113,house,hssy00,"Committee on Science, Space, and Technology",,PROVIDING THE TOOLS FOR SCIENTIFIC DISCOVERY AND BASIC ENERGY RESEARCH: THE DEPARTMENT OF ENERGY SCIENCE MISSION,,"possible match (same committee, same days, different title)",https://www.govinfo.gov/content/pkg/CHRG-113hhrg85278/html/CHRG-113hhrg85278.htm
2013-10-30,113,house,hsju00,Committee on the Judiciary,,REGULATORY CRIME: IDENTIFYING THE SCOPE OF THE PROBLEM,,no video found,https://www.govinfo.gov/content/pkg/CHRG-113hhrg85283/html/CHRG-113hhrg85283.htm
2013-10-30,113,house,hspw00,Committee on Transportation and Infrastructure,Subcommittee on Aviation,"REVIEW OF FAA'S CERTIFICATION PROCESS: ENSURING AN EFFICIENT, EFFECTIVE, AND SAFE PROCESS",,no video found,https://www.govinfo.gov/content/pkg/CHRG-113hhrg85301/html/CHRG-113hhrg85301.htm
2013-10-30,113,house,hsvr00,Committee on Veterans' Affairs,Subcommittee on Disability Assistance and Memorial Affairs,FOCUSED ISSUES ON DIGNIFIED BURIALS: A NATIONAL CEMETERY UPDATE,,"possible match (same committee, same days, different title)",https://www.govinfo.gov/content/pkg/CHRG-113hhrg85865/html/CHRG-113hhrg85865.htm
2013-10-30,113,house,hshm00,Committee on Homeland Security,"Subcommittee on Emergency Preparedness, Response, and Communications; Subcommittee on Cybersecurity, Infrastructure Protection, and Security Technologies",CYBER INCIDENT RESPONSE: BRIDGING THE GAP BETWEEN CYBERSECURITY AND EMERGENCY MANAGEMENT,,"possible match (same committee, same days, different title)",https://www.govinfo.gov/content/pkg/CHRG-113hhrg87116/html/CHRG-113hhrg87116.htm
2013-10-30,113,house,hshm00,Committee on Homeland Security,Subcommittee on Oversight and Management Efficiency,FACILITY PROTECTION: IMPLICATIONS OF THE NAVY YARD SHOOTING ON HOMELAND SECURITY,,"possible match (same committee, same days, different title)",https://www.govinfo.gov/content/pkg/CHRG-113hhrg87184/html/CHRG-113hhrg87184.htm
2013-10-29,113,house,hswm00,Committee on Ways and Means,,STATUS OF THE AFFORDABLE CARE ACT IMPLEMENTATION,,"possible match (same committee, same days, different title)",https://www.govinfo.gov/content/pkg/CHRG-113hhrg21119/html/CHRG-113hhrg21119.htm
2013-10-29,113,house,hsed00,Committee on Education and the Workforce,,STRENGTHENING THE MULTIEMPLOYER PENSION SYSTEM: HOW WILL PROPOSED,,"possible match (same committee, same days, different title)",https://www.govinfo.gov/content/pkg/CHRG-113hhrg85135/html/CHRG-113hhrg85135.htm
2013-10-29,113,house,hssy00,"Committee on Science, Space, and Technology",,EPA POWER PLANT REGULATIONS: IS THE TECHNOLOGY READY?,,"possible match (same committee, same days, different title)",https://www.govinfo.gov/content/pkg/CHRG-113hhrg85277/html/CHRG-113hhrg85277.htm
2013-10-29,113,house,hsju00,Committee on the Judiciary,,INNOVATION ACT,,no video found,https://www.govinfo.gov/content/pkg/CHRG-113hhrg85281/html/CHRG-113hhrg85281.htm
2013-10-29,113,house,hsju00,Committee on the Judiciary,,ARE MORE JUDGES ALWAYS THE ANSWER?,,no video found,https://www.govinfo.gov/content/pkg/CHRG-113hhrg85282/html/CHRG-113hhrg85282.htm
2013-10-29,113,house,hspw00,Committee on Transportation and Infrastructure,Subcommittee on Coast Guard and Maritime Transportation,COAST GUARD AND MARITIME TRANSPORTATION AUTHORIZATION ISSUES,,no video found,https://www.govinfo.gov/content/pkg/CHRG-113hhrg85300/html/CHRG-113hhrg85300.htm
2013-10-29,113,house,hsas00,Committee on Armed Services,,[H.A.S.C. No. 113-66] TWENTY-FIVE YEARS OF ACQUISITION REFORM: WHERE DO WE GO FROM HERE?,,no video found,https://www.govinfo.gov/content/pkg/CHRG-113hhrg85330/html/CHRG-113hhrg85330.htm
2013-10-29,113,house,hsas00,Committee on Armed Services,Subcommittee on Oversight and Investigations,[H.A.S.C. No. 113-67] REPORT FROM SIGAR: CHALLENGES TO SECURING AFGHAN WOMEN'S GAINS IN A POST-2014 ENVIRONMENT,,no video found,https://www.govinfo.gov/content/pkg/CHRG-113hhrg85331/html/CHRG-113hhrg85331.htm
2013-10-29,113,house,hsii00,Committee on Natural Resources,Subcommittee on Water and Power,OVERSIGHT HEARING ON A ROADMAP FOR INCREASING OUR WATER AND HYDROPOWER SUPPLIES: THE NEED FOR NEW AND EXPANDED MULTI-PURPOSE SURFACE STORAGE FACILITIES,,"possible match (same committee, same days, different title)",https://www.govinfo.gov/content/pkg/CHRG-113hhrg85371/html/CHRG-113hhrg85371.htm
2013-10-29,113,house,hsas00,Committee on Armed Services,Subcommittee on Strategic Forces,"[H.A.S.C. No. 113-68] NUCLEAR WEAPONS MODERNIZATION PROGRAMS: MILITARY, TECHNICAL, AND POLITICAL REQUIREMENTS FOR THE B61 LIFE EXTENSION PROGRAM AND FUTURE STOCKPILE STRATEGY",,no video found,https://www.govinfo.gov/content/pkg/CHRG-113hhrg86075/html/CHRG-113hhrg86075.htm
2013-10-29,113,house,hsba00,Committee on Financial Services,,FEDERAL HOUSING ADMINISTRATION: IMPLICATIONS OF A $1.7 BILLION TAXPAYER BAILOUT,,"possible match (same committee, same days, different title)",https://www.govinfo.gov/content/pkg/CHRG-113hhrg86682/html/CHRG-113hhrg86682.htm
2013-10-29,113,house,hsba00,Committee on Financial Services,Subcommittee on Financial Institutions and Consumer Credit,EXAMINING LEGISLATIVE PROPOSALS TO REFORM THE CONSUMER FINANCIAL PROTECTION BUREAU,,"possible match (same committee, same days, different title)",https://www.govinfo.gov/content/pkg/CHRG-113hhrg86683/html/CHRG-113hhrg86683.htm
2013-10-23,113,house,hsas00,Committee on Armed Services,Subcommittee on Seapower and Projection Forces,[H.A.S.C. No. 113-64]AN INDEPENDENT ASSESSMENT OF THE NAVY'S 30-YEAR SHIPBUILDING PLAN,,no video found,https://www.govinfo.gov/content/pkg/CHRG-113hhrg85328/html/CHRG-113hhrg85328.htm
2013-10-23,113,house,hsas00,Committee on Armed Services,Subcommittee on Tactical Air and Land Forces,[H.A.S.C. No. 113-65] IMPACTS OF A CONTINUING RESOLUTION AND SEQUESTRATION ON ACQUISITION AND MODERNIZATION,,no video found,https://www.govinfo.gov/content/pkg/CHRG-113hhrg85329/html/CHRG-113hhrg85329.htm
2013-10-23,113,house,hsba00,Committee on Financial Services,Subcommittee on Capital Markets and Government Sponsored Enterprises,LEGISLATION TO FURTHER REDUCE IMPEDIMENTS TO CAPITAL FORMATION,,no video found,https://www.govinfo.gov/content/pkg/CHRG-113hhrg86681/html/CHRG-113hhrg86681.htm
2013-10-23,113,house,hswm00,Committee on Ways and Means,Subcommittee on Human Resources,PREVENTING AND ADDRESSING SEX TRAFFICKING OF YOUTH IN FOSTER CARE,,no video found,https://www.govinfo.gov/content/pkg/CHRG-113hhrg89541/html/CHRG-113hhrg89541.htm
2013-10-11,113,house,hsas00,Committee on Armed Services,"Subcommittee on Intelligence, Emerging Threats and Capabilities",[H.A.S.C. No. 113-63] BIODEFENSE: WORLDWIDE THREATS AND COUNTERMEASURE EFFORTS FOR THE DEPARTMENT OF DEFENSE,,no video found,https://www.govinfo.gov/content/pkg/CHRG-113hhrg85327/html/CHRG-113hhrg85327.htm
2013-10-11,113,joint,jsec00,Joint Economic Committee,,THE WAY FORWARD FROM GOVERNMENT SHUTDOWN AND DEBT-CEILING CONFRONTATION TOWARD LONG-TERM FISCAL SUSTAINABILITY AND ECONOMIC GROWTH,,"possible match (same committee, same days, different title)",https://www.govinfo.gov/content/pkg/CHRG-113jhrg85408/html/CHRG-113jhrg85408.htm
2013-10-10,113,house,hspw00,Committee on Transportation and Infrastructure,,FUNDING THE NATION'S FREIGHT SYSTEM,,no video found,https://www.govinfo.gov/content/pkg/CHRG-113hhrg85056/html/CHRG-113hhrg85056.htm
2013-10-10,113,house,hsii00,Committee on Natural Resources,Subcommittee on Water and Power,"LEGISLATIVE HEARING ON H.R. 3176, TO REAUTHORIZE THE RECLAMATION STATES EMERGENCY DROUGHT RELIEF ACT OF 1991, AND FOR OTHER PURPOSES; H.R. 3189, WATER RIGHTS PROTECTION ACT",,"possible match (same committee, same days, different title)",https://www.govinfo.gov/content/pkg/CHRG-113hhrg85145/html/CHRG-113hhrg85145.htm
2013-10-10,113,house,hsii00,Committee on Natural Resources,Subcommittee on Energy and Mineral Resources,EPA VS. AMERICAN MINING JOBS: THE OBAMA ADMINISTRATION'S REGULATORY ASSAULT ON THE ECONOMY,,"possible match (same committee, same days, different title)",https://www.govinfo.gov/content/pkg/CHRG-113hhrg85146/html/CHRG-113hhrg85146.htm
2013-10-10,113,house,hsas00,Committee on Armed Services,Subcommittee on Readiness,[H.A.S.C. No. 113-61]THE INTERPRETATION OF H.R. 3210: PAY OUR MILITARY ACT,,no video found,https://www.govinfo.gov/content/pkg/CHRG-113hhrg85325/html/CHRG-113hhrg85325.htm
2013-10-10,113,house,hsas00,Committee on Armed Services,Subcommittee on Seapower and Projection Forces,"[H.A.S.C. No. 113-62]DEPARTMENT OF DEFENSE DEVELOPMENT AND INTEGRATION OF AIR-SEA BATTLE STRATEGY, GOVERNANCE AND POLICY INTO THE SERVICES'ANNUAL PROGRAM, PLANNING, BUDGETING AND EXECUTION (PPBE) PROCESS",,no video found,https://www.govinfo.gov/content/pkg/CHRG-113hhrg85326/html/CHRG-113hhrg85326.htm
2013-10-10,113,house,hsvr00,Committee on Veterans' Affairs,Subcommittee on Health,BETWEEN PERIL AND PROMISE: FACING THE DANGERS OF VA'S SKYROCKETING USE OF PRESCRIPTION PAINKILLERS TO TREAT VETERANS,,"possible match (same committee, same days, different title)",https://www.govinfo.gov/content/pkg/CHRG-113hhrg85864/html/CHRG-113hhrg85864.htm
2013-10-09,113,house,hsvr00,Committee on Veterans' Affairs,,EFFECT OF GOVERNMENT SHUTDOWN ON VA BENEFITS AND SERVICES TO VETERANS,,"possible match (same committee, same days, different title)",https://www.govinfo.gov/content/pkg/CHRG-113hhrg85863/html/CHRG-113hhrg85863.htm
2013-10-09,113,house,hshm00,Committee on Homeland Security,,FROM AL-SHABAAB TO AL-NUSRA: HOW WESTERNERS JOINING TERROR GROUPS OVERSEAS AFFECT THE HOMELAND,,"possible match (same committee, same days, different title)",https://www.govinfo.gov/content/pkg/CHRG-113hhrg87183/html/CHRG-113hhrg87183.htm
2013-10-03,113,house,hsii00,Committee on Natural Resources,Subcommittee on Public Lands and Environmental Regulation,"H.R. 298, H.R. 1167, H.R. 1259, H.R. 1633, H.R. 1846, H.R. 2015, H.R. 2259, H.R. 2657, H.R. 2954, AND H.R. 3188",,"possible match (same committee, same days, different title)",https://www.govinfo.gov/content/pkg/CHRG-113hhrg85144/html/CHRG-113hhrg85144.htm
2013-10-02,113,house,hspw00,Committee on Transportation and Infrastructure,"Subcommittee on Economic Development, Public Buildings, and Emergency Management",FEMA REAUTHORIZATION: ENSURING THE NATION IS PREPARED,,no video found,https://www.govinfo.gov/content/pkg/CHRG-113hhrg85022/html/CHRG-113hhrg85022.htm
2013-10-02,113,house,hsas00,Committee on Armed Services,Subcommittee on Readiness,[H.A.S.C. No. 113-60] RESETTING THE FORCE FOR THE FUTURE: RISKS OF SEQUESTRATION,,no video found,https://www.govinfo.gov/content/pkg/CHRG-113hhrg85324/html/CHRG-113hhrg85324.htm
2013-10-02,113,house,hsag00,Committee on Agriculture,Subcommittee on General Farm Commodities and Risk Management,THE FUTURE OF CFTC: PERSPECTIVES ON CUSTOMER PROTECTIONS,,no video found,https://www.govinfo.gov/content/pkg/CHRG-113hhrg85418/html/CHRG-113hhrg85418.htm
2013-10-01,113,house,hspw00,Committee on Transportation and Infrastructure,,PERSPECTIVES FROM USERS OF THE NATION'S FREIGHT SYSTEM,,no video found,https://www.govinfo.gov/content/pkg/CHRG-113hhrg85021/html/CHRG-113hhrg85021.htm
2013-09-30,113,house,hsju00,Committee on the Judiciary,"Subcommittee on Regulatory Reform, Commercial and Antitrust Law",OFFICE OF INFORMATION AND REGULATORY AFFAIRS: FEDERAL REGULATIONS AND REGULATORY REFORM,,no video found,https://www.govinfo.gov/content/pkg/CHRG-113hhrg85082/html/CHRG-113hhrg85082.htm
2013-09-26,113,house,hsbu00,Committee on the Budget,,THE CONGRESSIONAL BUDGET OFFICE'S LONG-TERM BUDGET OUTLOOK,,"possible match (same committee, same days, different title)",https://www.govinfo.gov/content/pkg/CHRG-113hhrg85392/html/CHRG-113hhrg85392.htm
2013-09-26,113,house,hshm00,Committee on Homeland Security,Subcommittee on Border and Maritime Security,FULFILLING A KEY 9/11 COMMISSION RECOMMENDATION: IMPLEMENTING BIOMETRIC EXIT,,no video found,https://www.govinfo.gov/content/pkg/CHRG-113hhrg86486/html/CHRG-113hhrg86486.htm
2013-09-23,113,house,hssm00,Committee on Small Business,"Subcommittee on Investigations, Oversight and Regulations","FIELD HEARING IN ARIZONA: SMALL BUSINESS ACCESS TO CAPITAL IN SCOTTSDALE, ARIZONA",,no video found,https://www.govinfo.gov/content/pkg/CHRG-113hhrg85091/html/CHRG-113hhrg85091.htm
2013-09-20,113,house,hsed00,Committee on Education and the Workforce,,PREPARING TODAY'S STUDENTS FOR TOMORROW'S JOBS: A DISCUSSION ON CAREER AND TECHNICAL EDUCATION AND TRAINING PROGRAMS,,"possible match (same committee, same days, different title)",https://www.govinfo.gov/content/pkg/CHRG-113hhrg82793/html/CHRG-113hhrg82793.htm
2013-09-20,113,house,hssy00,"Committee on Science, Space, and Technology",,NASA INFRASTRUCTURE: ENABLING DISCOVERY AND ENSURING CAPABILITY,,no video found,https://www.govinfo.gov/content/pkg/CHRG-113hhrg85276/html/CHRG-113hhrg85276.htm
2013-09-19,113,house,hsed00,Committee on Education and the Workforce,,THE FUTURE OF UNION ORGANIZING,,"possible match (same committee, same days, different title)",https://www.govinfo.gov/content/pkg/CHRG-113hhrg82792/html/CHRG-113hhrg82792.htm
2013-09-19,113,house,hsfa00,Committee on Foreign Affairs,"Subcommittee on Europe, Eurasia, and Emerging Threats",EXPRESSING THE SENSE OF THE HOUSE OF REPRESENTATIVES WITH RESPECT TO PROMOTING ENERGY SECURITY OF EUROPEAN ALLIES THROUGH OPENING UP THE SOUTHERN GAS CORRIDOR,,"possible match (same committee, same days, different title)",https://www.govinfo.gov/content/pkg/CHRG-113hhrg82845/html/CHRG-113hhrg82845.htm
2013-09-19,113,house,hsju00,Committee on the Judiciary,"Subcommittee on Crime, Terrorism, Homeland Security, and Investigations",FEDERAL BUREAU OF PRISONS,,no video found,https://www.govinfo.gov/content/pkg/CHRG-113hhrg82847/html/CHRG-113hhrg82847.htm
2013-09-19,113,house,hsju00,Committee on the Judiciary,"Subcommittee on Regulatory Reform, Commercial and Antitrust Law","PATIENT PROTECTION AND AFFORDABLE CARE ACT, CONSOLIDATION, AND THE CONSEQUENT IMPACT ON COMPETITION IN HEALTHCARE",,no video found,https://www.govinfo.gov/content/pkg/CHRG-113hhrg82848/html/CHRG-113hhrg82848.htm
2013-09-19,113,house,hsvr00,Committee on Veterans' Affairs,,TRIALS IN TRANSPARENCY: AN ANALYSIS OF VA COOPERATION WITH CONGRESS IN MEETING ITS OVERSIGHT RESPONSIBILITIES ON BEHALF OF VETERANS,,no video found,https://www.govinfo.gov/content/pkg/CHRG-113hhrg82897/html/CHRG-113hhrg82897.htm
2013-09-19,113,house,hsas00,Committee on Armed Services,,[H.A.S.C. No. 113-58] THE U.S. PRESENCE IN AFGHANISTAN POST-2014: VIEWS OF OUTSIDE EXPERTS,,no video found,https://www.govinfo.gov/content/pkg/CHRG-113hhrg82964/html/CHRG-113hhrg82964.htm
2013-09-19,113,house,hssy00,"Committee on Science, Space, and Technology",,DYSFUNCTION IN MANAGEMENT OF WEATHER AND CLIMATE SATELLITES,,no video found,https://www.govinfo.gov/content/pkg/CHRG-113hhrg85275/html/CHRG-113hhrg85275.htm
2013-09-19,113,house,hshm00,Committee on Homeland Security,"Subcommittee on Emergency Preparedness, Response, and Communications","ASSESSING THE NATION'S STATE OF PREPAREDNESS: A FEDERAL, STATE, AND LOCAL PERSPECTIVE",,"possible match (same committee, same days, different title)",https://www.govinfo.gov/content/pkg/CHRG-113hhrg86484/html/CHRG-113hhrg86484.htm
2013-09-19,113,house,hshm00,Committee on Homeland Security,Subcommittee on Oversight and Management Efficiency,DHS ACQUISITION PRACTICES: IMPROVING OUTCOMES FOR TAXPAYERS USING DEFENSE AND PRIVATE-SECTOR LESSONS LEARNED,,"possible match (same committee, same days, different title)",https://www.govinfo.gov/content/pkg/CHRG-113hhrg86485/html/CHRG-113hhrg86485.htm
2013-09-19,113,house,hswm00,Committee on Ways and Means,Subcommittee on Social Security,SOCIAL SECURITY DISABILITY FRAUD CONSPIRACY IN PUERTO RICO,,no video found,https://www.govinfo.gov/content/pkg/CHRG-113hhrg89581/html/CHRG-113hhrg89581.htm
2013-09-18,113,house,hsed00,Committee on Education and the Workforce,,KEEPING COLLEGE WITHIN REACH: IMPROVING ACCESS AND AFFORDABILITY THROUGH INNOVATIVE PARTNERSHIPS,,"possible match (same committee, same days, different title)",https://www.govinfo.gov/content/pkg/CHRG-113hhrg82791/html/CHRG-113hhrg82791.htm
2013-09-18,113,house,hspw00,Committee on Transportation and Infrastructure,"Subcommittee on Economic Development, Public Buildings, and Emergency Management",FEMA REAUTHORIZATION: RECOVERING QUICKER AND SMARTER,,"possible match (same committee, same days, different title)",https://www.govinfo.gov/content/pkg/CHRG-113hhrg82819/html/CHRG-113hhrg82819.htm
2013-09-18,113,house,hsju00,Committee on the Judiciary,"Subcommittee on Courts, Intellectual Property, and the Internet",ROLE OF VOLUNTARY AGREEMENTS IN THE U.S. INTELLECTUAL PROPERTY SYSTEM,,no video found,https://www.govinfo.gov/content/pkg/CHRG-113hhrg82846/html/CHRG-113hhrg82846.htm
2013-09-18,113,house,hsas00,Committee on Armed Services,,[H.A.S.C. No. 113-57]PLANNING FOR SEQUESTRATION IN FISCAL YEAR 2014 AND PERSPECTIVES OF THE MILITARY SERVICES ON THE STRATEGIC CHOICES AND MANAGEMENT REVIEW,,no video found,https://www.govinfo.gov/content/pkg/CHRG-113hhrg82963/html/CHRG-113hhrg82963.htm
2013-09-18,113,house,hssy00,"Committee on Science, Space, and Technology",,METHAMPHETAMINE ADDICTION: USING SCIENCE TO EXPLORE SOLUTIONS,,no video found,https://www.govinfo.gov/content/pkg/CHRG-113hhrg85274/html/CHRG-113hhrg85274.htm
2013-09-18,113,house,hshm00,Committee on Homeland Security,Subcommittee on Counterterrorism and Intelligence,UNDERSTANDING THE THREAT TO THE HOMELAND FROM AQAP,,"possible match (same committee, same days, different title)",https://www.govinfo.gov/content/pkg/CHRG-113hhrg86483/html/CHRG-113hhrg86483.htm
2013-09-18,113,house,hsba00,Committee on Financial Services,Subcommittee on Capital Markets and Government Sponsored Enterprises,EXAMINING THE SEC'S MONEY MARKET FUND RULE PROPOSAL,,"possible match (same committee, same days, different title)",https://www.govinfo.gov/content/pkg/CHRG-113hhrg86679/html/CHRG-113hhrg86679.htm
2013-09-17,113,house,hsvr00,Committee on Veterans' Affairs,Subcommittee on Health,MAKING A DIFFERENCE: SHATTERING BARRIERS TO EFFECTIVE MENTAL HEALTH CARE FOR VETERANS,,no video found,https://www.govinfo.gov/content/pkg/CHRG-113hhrg82896/html/CHRG-113hhrg82896.htm
2013-09-17,114,joint,jcse00,Commission on Security and Cooperation in Europe (U.S. Helsinki Commission),,OSCE EFFORTS TO COMBAT HUMAN TRAFFICKING: OUTLOOK AND OPPORTUNITIES,,no video found,https://www.govinfo.gov/content/pkg/CHRG-114jhrg97748/html/CHRG-114jhrg97748.htm
2013-09-12,113,house,hsvr00,Committee on Veterans' Affairs,Subcommittee on Economic Opportunity (Eo),A REVIEW OF THE PERFORMANCE OF THE VETERANS RETRAINING ASSISTANCE PROGRAM (VRAP) AND THE HOMELESS VETERANS REINTEGRATION PROGRAM (HVRP),,no video found,https://www.govinfo.gov/content/pkg/CHRG-113hhrg82895/html/CHRG-113hhrg82895.htm
2013-09-12,113,house,hsas00,Committee on Armed Services,Subcommittee on Seapower and Projection Forces,[H.A.S.C. No. 113-56]UNDERSEA WARFARE CAPABILITIES AND CHALLENGES,,no video found,https://www.govinfo.gov/content/pkg/CHRG-113hhrg82962/html/CHRG-113hhrg82962.htm
2013-09-12,113,house,hsba00,Committee on Financial Services,,THE SEMI-ANNUAL REPORT OF THE CONSUMER FINANCIAL PROTECTION BUREAU,,"possible match (same committee, same days, different title)",https://www.govinfo.gov/content/pkg/CHRG-113hhrg86678/html/CHRG-113hhrg86678.htm
2013-09-11,113,house,hsed00,Committee on Education and the Workforce,,KEEPING COLLEGE WITHIN REACH: SUPPORTING HIGHER EDUCATION OPPORTUNITIES FOR AMERICA'S SERVICEMEMBERS AND VETERANS,,"possible match (same committee, same days, different title)",https://www.govinfo.gov/content/pkg/CHRG-113hhrg82663/html/CHRG-113hhrg82663.htm
2013-09-11,113,house,hsvr00,Committee on Veterans' Affairs,Subcommittee on Disability Assistance and Memorial Affairs,IMPLEMENTATION UPDATE: FULLY DEVELOPED CLAIMS,,no video found,https://www.govinfo.gov/content/pkg/CHRG-113hhrg82894/html/CHRG-113hhrg82894.htm
2013-09-11,113,house,hsii00,Committee on Natural Resources,,REAUTHORIZATION OF THE MAGNUSON-STEVENS FISHERY CONSERVATION AND MANAGEMENT ACT,,"possible match (same committee, same days, different title)",https://www.govinfo.gov/content/pkg/CHRG-113hhrg82948/html/CHRG-113hhrg82948.htm
2013-09-11,113,house,hsas00,Committee on Armed Services,Subcommittee on Oversight and Investigations,"[H.A.S.C. No. 113-59] THE DEFENSE DEPARTMENT'S POSTURE FOR SEPTEMBER 11, 2013: WHAT ARE THE LESSONS OF BENGHAZI?",,no video found,https://www.govinfo.gov/content/pkg/CHRG-113hhrg82965/html/CHRG-113hhrg82965.htm
2013-09-11,113,house,hsba00,Committee on Financial Services,Subcommittee on Monetary Policy and Trade,THE FED TURNS 100: LESSONS LEARNED OVER A CENTURY OF CENTRAL BANKING,,"possible match (same committee, same days, different title)",https://www.govinfo.gov/content/pkg/CHRG-113hhrg86677/html/CHRG-113hhrg86677.htm
2013-09-11,113,house,hswm00,Committee on Ways and Means,Subcommittee on Human Resources,ENDING CASH FOR CONVICTS AND OTHER WAYS TO IMPROVE THE INTEGRITY OF THE UI PROGRAM,,no video found,https://www.govinfo.gov/content/pkg/CHRG-113hhrg89553/html/CHRG-113hhrg89553.htm
2013-09-10,113,house,hsed00,Committee on Education and the Workforce,,EDUCATION RESEARCH: EXPLORING OPPORTUNITIES TO STRENGTHEN THE INSTITUTE OF EDUCATION SCIENCES,,"possible match (same committee, same days, different title)",https://www.govinfo.gov/content/pkg/CHRG-113hhrg82662/html/CHRG-113hhrg82662.htm
2013-09-10,113,house,hspw00,Committee on Transportation and Infrastructure,Subcommittee on Coast Guard and Maritime Transportation,"MARITIME TRANSPORTATION REGULATIONS: IMPACTS ON SAFETY, SECURITY, JOBS, AND THE ENVIRONMENT, PART 1",,"possible match (same committee, same days, different title)",https://www.govinfo.gov/content/pkg/CHRG-113hhrg82685/html/CHRG-113hhrg82685.htm
2013-09-10,113,house,hsju00,Committee on the Judiciary,"Subcommittee on Courts, Intellectual Property, and the Internet",SATELLITE TELEVISION LAWS IN TITLE 17,,no video found,https://www.govinfo.gov/content/pkg/CHRG-113hhrg82690/html/CHRG-113hhrg82690.htm
2013-09-10,113,house,hsii00,Committee on Natural Resources,Subcommittee on Public Lands and Environmental Regulation,SCHOOL TRUST LANDS OWNERSHIP WITHIN FEDERAL CONSERVATION AREAS,,"possible match (same committee, same days, different title)",https://www.govinfo.gov/content/pkg/CHRG-113hhrg82947/html/CHRG-113hhrg82947.htm
2013-09-10,113,house,hsas00,Committee on Armed Services,,[H.A.S.C. No. 113-55] PROPOSED AUTHORIZATION TO USE MILITARY FORCE IN SYRIA,,no video found,https://www.govinfo.gov/content/pkg/CHRG-113hhrg82961/html/CHRG-113hhrg82961.htm
2013-09-10,113,house,hssy00,"Committee on Science, Space, and Technology",,EXAMINING FEDERAL ADVANCED MANUFACTURING PROGRAMS,,no video found,https://www.govinfo.gov/content/pkg/CHRG-113hhrg85273/html/CHRG-113hhrg85273.htm
2013-09-10,113,house,hsba00,Committee on Financial Services,Subcommittee on Oversight and Investigations,"REDUCING WASTE, FRAUD, AND ABUSE IN HOUSING PROGRAMS: INSPECTOR GENERAL PERSPECTIVES",,"possible match (same committee, same days, different title)",https://www.govinfo.gov/content/pkg/CHRG-113hhrg86676/html/CHRG-113hhrg86676.htm
2013-09-04,113,house,hsii00,Committee on Natural Resources,,"STATE AND LOCAL EFFORTS TO PROTECT SPECIES, JOBS, PROPERTY, AND MULTIPLE USE AMIDST A NEW WAR ON THE WEST PART 1 AND 2",,no video found,https://www.govinfo.gov/content/pkg/CHRG-113hhrg85208/html/CHRG-113hhrg85208.htm
2013-08-21,113,house,hssm00,Committee on Small Business,,FIELD HEARING IN MISSOURI: MISSOURI RIVER MANAGEMENT: DOES IT MEET THE NEEDS OF SMALL BUSINESS?,,no video found,https://www.govinfo.gov/content/pkg/CHRG-113hhrg82514/html/CHRG-113hhrg82514.htm
2013-08-06,113,house,hshm00,Committee on Homeland Security,"Subcommittee on Emergency Preparedness, Response, and Communications",ASSESSING CENTRAL INDIANA'S PREPAREDNESS FOR A MASS CASUALTY EVENT,,no video found,https://www.govinfo.gov/content/pkg/CHRG-113hhrg86245/html/CHRG-113hhrg86245.htm
2013-08-05,113,house,hssm00,Committee on Small Business,Subcommittee on Contracting and Technology,JOB CREATION IN HIGHER EDUCATION COMMUNITIES: HOW UNIVERSITY RESEARCH AND DEVELOPMENT SPURS SMALL- BUSINESS GROWTH,,no video found,https://www.govinfo.gov/content/pkg/CHRG-113hhrg82343/html/CHRG-113hhrg82343.htm
2013-08-03,114,house,,Select Committee on the Events Surrounding the 2012 Terrorist Attack in Benghazi,,INTERVIEWS OF WITNESSES BEFORE THE SELECT COMMITTEE ON THE EVENTS SURROUNDING THE 2012 TERRORIST ATTACK IN BENGHAZI - VOLUME 2,,committee not tracked,https://www.govinfo.gov/content/pkg/CHRG-114hhrg22188/html/CHRG-114hhrg22188.htm
2013-08-02,113,house,hsii00,Committee on Natural Resources,Subcommittee on Energy and Mineral Resources,"H.R. 2824, PREVENTING GOVERNMENT WASTE AND PROTECTING COAL MINING JOBS IN AMERICA",,no video found,https://www.govinfo.gov/content/pkg/CHRG-113hhrg82447/html/CHRG-113hhrg82447.htm
2013-08-02,113,house,hsgo00,Committee on Oversight and Government Reform,Subcommittee on Government Operations,EXAMINING THE SKYROCKETING PROBLEM OF IDENTITY THEFT RELATED TAX FRAUD AT THE IRS,,"possible match (same committee, same days, different title)",https://www.govinfo.gov/content/pkg/CHRG-113hhrg86438/html/CHRG-113hhrg86438.htm
2013-08-01,113,house,hswm00,Committee on Ways and Means,,THE STATUS OF THE AFFORDABLE CARE ACT IMPLEMENTATION,,no video found,https://www.govinfo.gov/content/pkg/CHRG-113hhrg21120/html/CHRG-113hhrg21120.htm
2013-08-01,113,house,hssy00,"Committee on Science, Space, and Technology",Subcommittee on Oversight,EPA'S BRISTOL BAY WATERSHED ASSESSMENT: A FACTUAL REVIEW OF A HYPOTHETICAL SCENARIO,,no video found,https://www.govinfo.gov/content/pkg/CHRG-113hhrg82225/html/CHRG-113hhrg82225.htm
2013-08-01,113,house,hsfa00,Committee on Foreign Affairs,,"TAIWAN POLICY ACT OF 2013; AND DEPARTMENT OF STATE OPERATIONS AND EMBASSY SECURITY AUTHORIZATION ACT, FISCAL YEAR 2014",,"possible match (same committee, same days, different title)",https://www.govinfo.gov/content/pkg/CHRG-113hhrg82309/html/CHRG-113hhrg82309.htm
2013-08-01,113,house,hsfa00,Committee on Foreign Affairs,Subcommittee on the Middle East and North Africa; Subcommittee on the Western Hemisphere,EXAMINING THE STATE DEPARTMENT'S REPORT ON IRANIAN PRESENCE IN THE WESTERN HEMISPHERE 19 YEARS AFTER AMIA ATTACK,,"possible match (same committee, same days, different title)",https://www.govinfo.gov/content/pkg/CHRG-113hhrg82311/html/CHRG-113hhrg82311.htm
2013-08-01,113,house,hsfa00,Committee on Foreign Affairs,"Subcommittee on Africa, Global Health, Global Human Rights, and International Organizations",THE IMPACT OF U.S. WATER PROGRAMS ON GLOBAL HEALTH,,"possible match (same committee, same days, different title)",https://www.govinfo.gov/content/pkg/CHRG-113hhrg82312/html/CHRG-113hhrg82312.htm
2013-08-01,113,house,hsii00,Committee on Natural Resources,,TRANSPARENCY AND SOUND SCIENCE GONE EXTINCT?: THE IMPACTS OF THE OBAMA ADMINISTRATION'S CLOSED-DOOR SETTLEMENTS ON ENDANGERED SPECIES AND PEOPLE,,no video found,https://www.govinfo.gov/content/pkg/CHRG-113hhrg82446/html/CHRG-113hhrg82446.htm
2013-08-01,113,house,hsas00,Committee on Armed Services,Subcommittee on Military Personnel,[H.A.S.C. No. 113-52] DEPARTMENT OF DEFENSE'S CHALLENGES IN ACCOUNTING FOR MISSING PERSONS FROM PAST CONFLICTS,,no video found,https://www.govinfo.gov/content/pkg/CHRG-113hhrg82467/html/CHRG-113hhrg82467.htm
2013-08-01,113,house,hsas00,Committee on Armed Services,,[H.A.S.C. No. 113-53] INITIAL CONCLUSIONS FORMED BY THE DEFENSE STRATEGIC CHOICES AND MANAGEMENT REVIEW,,no video found,https://www.govinfo.gov/content/pkg/CHRG-113hhrg82468/html/CHRG-113hhrg82468.htm
2013-08-01,113,house,hsas00,Committee on Armed Services,Subcommittee on Readiness Meeting Jointly; Subcommittee on Seapower and Projection Forces,[H.A.S.C. No. 113-54] ENSURING NAVY SURFACE FORCE EFFECTIVENESS WITH LIMITED MAINTENANCE RESOURCES,,no video found,https://www.govinfo.gov/content/pkg/CHRG-113hhrg82469/html/CHRG-113hhrg82469.htm
2013-08-01,113,house,hshm00,Committee on Homeland Security,"Subcommittee on Cybersecurity, Infrastructure Protection, and Security Technologies","WEST FERTILIZER, OFF THE GRID: THE PROBLEM OF UNIDENTIFIED CHEMICAL FACILITIES",,"possible match (same committee, same days, different title)",https://www.govinfo.gov/content/pkg/CHRG-113hhrg86244/html/CHRG-113hhrg86244.htm
2013-07-31,113,house,hsbu00,Committee on the Budget,,THE WAR ON POVERTY: A PROGRESS REPORT,,"possible match (same committee, same days, different title)",https://www.govinfo.gov/content/pkg/CHRG-113hhrg81981/html/CHRG-113hhrg81981.htm
2013-07-31,113,house,hssy00,"Committee on Science, Space, and Technology",,THE FRONTIERS OF HUMAN BRAIN RESEARCH,,no video found,https://www.govinfo.gov/content/pkg/CHRG-113hhrg82224/html/CHRG-113hhrg82224.htm
2013-07-31,113,house,hspw00,Committee on Transportation and Infrastructure,Subcommittee on Coast Guard and Maritime Transportation,"HOW TO IMPROVE THE EFFICIENCY, SAFETY, AND SECURITY OF MARITIME TRANSPORTATION: BETTER USE AND INTEGRATION OF MARITIME DOMAIN AWARENESS DATA",,no video found,https://www.govinfo.gov/content/pkg/CHRG-113hhrg82266/html/CHRG-113hhrg82266.htm
2013-07-31,113,joint,jsec00,Joint Economic Committee,,LESSONS FROM REAGAN: HOW TAX REFORM CAN BOOST ECONOMIC GROWTH,,"possible match (same committee, same days, different title)",https://www.govinfo.gov/content/pkg/CHRG-113jhrg82471/html/CHRG-113jhrg82471.htm
2013-07-31,113,joint,jcse00,Commission on Security and Cooperation in Europe (U.S. Helsinki Commission),,THE NEW SILK ROAD STRATEGY: IMPLICATIONS FOR ECONOMIC DEVELOPMENT IN CENTRAL ASIA,,no video found,https://www.govinfo.gov/content/pkg/CHRG-113jhrg95487/html/CHRG-113jhrg95487.htm
2013-07-26,113,house,hspw00,Committee on Transportation and Infrastructure,,HOW FREIGHT TRANSPORTATION CHALLENGES IN URBAN AREAS IMPACT THE NATION,,no video found,https://www.govinfo.gov/content/pkg/CHRG-113hhrg82218/html/CHRG-113hhrg82218.htm
2013-07-25,113,house,hsju00,Committee on the Judiciary,"Subcommittee on Courts, Intellectual Property, and the Internet",INNOVATION IN AMERICA (PART I AND II),,no video found,https://www.govinfo.gov/content/pkg/CHRG-113hhrg82157/html/CHRG-113hhrg82157.htm
2013-07-25,113,house,hsii00,Committee on Natural Resources,Subcommittee on Energy and Mineral Resources,"H.R. 2728, PROTECTING STATES' RIGHTS TO PROMOTE AMERICAN ENERGY SECURITY ACT",,"possible match (same committee, same days, different title)",https://www.govinfo.gov/content/pkg/CHRG-113hhrg82178/html/CHRG-113hhrg82178.htm
2013-07-25,113,house,hssy00,"Committee on Science, Space, and Technology",,THE FUTURE OF COAL: UTILIZING AMERICA'S ABUNDANT ENERGY RESOURCES,,no video found,https://www.govinfo.gov/content/pkg/CHRG-113hhrg82223/html/CHRG-113hhrg82223.htm
2013-07-25,113,house,hsas00,Committee on Armed Services,Subcommittee on Seapower and Projection Forces,[H.A.S.C. No. 113-51] ACQUISITION AND DEVELOPMENT CHALLENGES ASSOCIATED WITH THE LITTORAL COMBAT SHIP,,no video found,https://www.govinfo.gov/content/pkg/CHRG-113hhrg82466/html/CHRG-113hhrg82466.htm
2013-07-24,113,house,hsfa00,Committee on Foreign Affairs,,"TO AUTHORIZE THE PRESIDENT TO EXTEND THE TERM OF THE AGREEMENT FOR COOPERATION BETWEEN THE GOVERNMENT OF THE UNITED STATES OF AMERICA AND THE GOVERNMENT OF THE REPUBLIC OF KOREA CONCERNING CIVIL USES OF NUCLEAR ENERGY FOR A PERIOD NOT TO EXCEED MARCH 19, 2016; EXPORT PROMOTION REFORM ACT; STATE TRADE COORDINATION ACT; AND ORGANIZATION OF AMERICAN STATES REVITALIZATION AND REFORM ACT OF 2013",,"possible match (same committee, same days, different title)",https://www.govinfo.gov/content/pkg/CHRG-113hhrg82146/html/CHRG-113hhrg82146.htm
2013-07-24,113,house,hssy00,"Committee on Science, Space, and Technology",,LESSONS LEARNED: EPA'S INVESTIGATIONS OF HYDRAULIC FRACTURING,,no video found,https://www.govinfo.gov/content/pkg/CHRG-113hhrg82221/html/CHRG-113hhrg82221.htm
2013-07-24,113,house,hssy00,"Committee on Science, Space, and Technology",,"IMPROVING TECHNOLOGY TRANSFER AT UNIVERSITIES, RESEARCH INSTITUTES, AND NATIONAL LABORATORIES",,no video found,https://www.govinfo.gov/content/pkg/CHRG-113hhrg82222/html/CHRG-113hhrg82222.htm
2013-07-24,113,house,hsag00,Committee on Agriculture,Subcommittee on General Farm Commodities and Risk Management,THE FUTURE OF THE CFTC: END-USER PERSPECTIVES,,no video found,https://www.govinfo.gov/content/pkg/CHRG-113hhrg82369/html/CHRG-113hhrg82369.htm
2013-07-24,113,house,hsas00,Committee on Armed Services,,[H.A.S.C. No. 113-49]REBALANCING TO THE ASIA-PACIFIC REGION AND IMPLICATIONS FOR U.S. NATIONAL SECURITY,,no video found,https://www.govinfo.gov/content/pkg/CHRG-113hhrg82464/html/CHRG-113hhrg82464.htm
2013-07-24,113,house,hsas00,Committee on Armed Services,Subcommittee on Military Personnel,[H.A.S.C. No. 113-50] WOMEN IN SERVICE REVIEWS,,no video found,https://www.govinfo.gov/content/pkg/CHRG-113hhrg82465/html/CHRG-113hhrg82465.htm
2013-07-24,113,joint,jsec00,Joint Economic Committee,,AMERICA'S CRUMBLING INFRASTRUCTURE AND HOW TO FIX IT,,"possible match (same committee, same days, different title)",https://www.govinfo.gov/content/pkg/CHRG-113jhrg82357/html/CHRG-113jhrg82357.htm
2013-07-23,113,house,hsii00,Committee on Natural Resources,Subcommittee on Energy and Mineral Resources,WAR ON JOBS: EXAMINING THE OPERATIONS OF THE OFFICE OF SURFACE MINING AND THE STATUS OF THE STREAM BUFFER ZONE RULE,,"possible match (same committee, same days, different title)",https://www.govinfo.gov/content/pkg/CHRG-113hhrg82128/html/CHRG-113hhrg82128.htm
2013-07-23,113,house,hsed00,Committee on Education and the Workforce,"Subcommittee on Health, Employment, Labor, and Pensions; Subcommittee Workforce Protections",THE EMPLOYER MANDATE: EXAMINING THE DELAY AND ITS EFFECT ON WORKPLACES,,"possible match (same committee, same days, different title)",https://www.govinfo.gov/content/pkg/CHRG-113hhrg82142/html/CHRG-113hhrg82142.htm
2013-07-23,113,house,hsju00,Committee on the Judiciary,Subcommittee on Immigration and Border Security,ADDRESSING THE IMMIGRATION STATUS OF ILLEGAL IMMIGRANTS BROUGHT TO THE UNITED STATES AS CHILDREN,,no video found,https://www.govinfo.gov/content/pkg/CHRG-113hhrg82156/html/CHRG-113hhrg82156.htm
2013-07-23,113,house,hsag00,Committee on Agriculture,Subcommittee on General Farm Commodities and Risk Management,THE FUTURE OF THE CFTC: COMMISSION PERSPECTIVES,,no video found,https://www.govinfo.gov/content/pkg/CHRG-113hhrg82368/html/CHRG-113hhrg82368.htm
2013-07-23,113,house,hshm00,Committee on Homeland Security,Subcommittee on Border and Maritime Security,A STUDY IN CONTRASTS: HOUSE AND SENATE APPROACHES TO BORDER SECURITY,,"possible match (same committee, same days, different title)",https://www.govinfo.gov/content/pkg/CHRG-113hhrg86033/html/CHRG-113hhrg86033.htm
2013-07-23,113,joint,jcse00,Commission on Security and Cooperation in Europe (U.S. Helsinki Commission),,"FILM SCREENING OF""AGE OF DELIRIUM""",,no video found,https://www.govinfo.gov/content/pkg/CHRG-113jhrg95488/html/CHRG-113jhrg95488.htm
2013-07-19,113,house,hsju00,Committee on the Judiciary,,MENS REA: THE NEED FOR A MEANINGFUL INTENT REQUIREMENT IN FEDERAL CRIMINAL LAW,,no video found,https://www.govinfo.gov/content/pkg/CHRG-113hhrg81984/html/CHRG-113hhrg81984.htm
2013-07-19,113,house,hsvr00,Committee on Veterans' Affairs,Subcommittee on Health,SAFETY FOR SURVIVORS: CARE AND TREATMENT FOR MILITARY SEXUAL TRAUMA,,no video found,https://www.govinfo.gov/content/pkg/CHRG-113hhrg82247/html/CHRG-113hhrg82247.htm
2013-07-18,113,house,hsju00,Committee on the Judiciary,Subcommittee on the Constitution and Civil Justice,VOTING RIGHTS ACT AFTER THE SUPREME COURT'S DECISION IN SHELBY COUNTY,,no video found,https://www.govinfo.gov/content/pkg/CHRG-113hhrg81983/html/CHRG-113hhrg81983.htm
2013-07-18,113,house,hsba00,Committee on Financial Services,,A LEGISLATIVE PROPOSAL TO PROTECT AMERICAN TAXPAYERS AND HOMEOWNERS BY CREATING A SUSTAINABLE HOUSING FINANCE SYSTEM,,no video found,https://www.govinfo.gov/content/pkg/CHRG-113hhrg82862/html/CHRG-113hhrg82862.htm
2013-07-18,113,house,hswm00,Committee on Ways and Means,,HEARING ON PRESIDENT OBAMA'S TRADE POLICY AGENDA WITH U.S. TRADE REPRESENTATIVE MICHAEL FROMAN,,"possible match (same committee, same days, different title)",https://www.govinfo.gov/content/pkg/CHRG-113hhrg82908/html/CHRG-113hhrg82908.htm
2013-07-17,113,house,hswm00,Committee on Ways and Means,Subcommittee on Health,THE DELAY OF THE EMPLOYER MANDATE PENALTIES AND REPORTING REQUIREMENTS,,"possible match (same committee, same days, different title)",https://www.govinfo.gov/content/pkg/CHRG-113hhrg21103/html/CHRG-113hhrg21103.htm
2013-07-17,113,house,hspw00,Committee on Transportation and Infrastructure,Subcommittee on Aviation,CAUSES OF DELAYS TO THE FAA'S NEXTGEN PROGRAM,,"possible match (same committee, same days, different title)",https://www.govinfo.gov/content/pkg/CHRG-113hhrg81939/html/CHRG-113hhrg81939.htm
2013-07-17,113,house,hsju00,Committee on the Judiciary,,THE ADMINISTRATION'S USE OF FISA AUTHORITIES,,no video found,https://www.govinfo.gov/content/pkg/CHRG-113hhrg81982/html/CHRG-113hhrg81982.htm
2013-07-17,113,house,hsii00,Committee on Natural Resources,,"OVERSIGHT HEARING ON THE DEPARTMENT OF THE INTERIOR OPERATIONS, MANAGEMENT, AND RULEMAKINGS",,no video found,https://www.govinfo.gov/content/pkg/CHRG-113hhrg82127/html/CHRG-113hhrg82127.htm
2013-07-17,113,house,hsii00,Committee on Natural Resources,Subcommittee on Water and Power,"A WASHINGTON, DC-BASED BUREAUCRATIC INVENTION WITH POTENTIAL WATER CONSERVATION AND PROPERTY RIGHTS IMPACTS: THE NATIONAL BLUEWAYS ORDER",,no video found,https://www.govinfo.gov/content/pkg/CHRG-113hhrg82129/html/CHRG-113hhrg82129.htm
2013-07-17,113,house,hsvr00,Committee on Veterans' Affairs,,"LEGISLATIVE HEARING ON H.R. 813; H.R. 806; AND A DRAFT DISCUSSION BILL ``TO AMEND TITLE 38, UNITED STATES CODE, TO DIRECT THE SECRETARY OF VETERANS AFFAIRS TO SUBMIT TO CONGRESS A FUTURE-YEARS VETERANS PROGRAM AND A QUADRENNIAL VETERANS REVIEW, TO ESTABLISH IN THE DEPARTMENT OF VETERANS AFFAIRS A CHIEF STRATEGY OFFICER, AND FOR OTHER PURPOSES''",,no video found,https://www.govinfo.gov/content/pkg/CHRG-113hhrg82246/html/CHRG-113hhrg82246.htm
2013-07-17,113,house,hsas00,Committee on Armed Services,,[H.A.S.C. No. 113-48] THE SECURITY SITUATION IN THE SYRIAN ARAB REPUBLIC,,no video found,https://www.govinfo.gov/content/pkg/CHRG-113hhrg82463/html/CHRG-113hhrg82463.htm
2013-07-17,113,house,hsha00,Committee on House Administration,,COLLECTIONS STEWARDSHIP AT THE SMITHSONIAN,,no video found,https://www.govinfo.gov/content/pkg/CHRG-113hhrg82544/html/CHRG-113hhrg82544.htm
2013-07-17,113,house,hsba00,Committee on Financial Services,,MONETARY POLICY AND THE STATE OF THE ECONOMY,,no video found,https://www.govinfo.gov/content/pkg/CHRG-113hhrg82861/html/CHRG-113hhrg82861.htm
2013-07-17,113,house,hswm00,Committee on Ways and Means,Subcommittee on Human Resources,EVALUATING EFFORTS TO HELP FAMILIES SUPPORT THEIR CHILDREN AND ESCAPE POVERTY,,"possible match (same committee, same days, different title)",https://www.govinfo.gov/content/pkg/CHRG-113hhrg89536/html/CHRG-113hhrg89536.htm
2013-07-16,113,joint,jcse00,Commission on Security and Cooperation in Europe (U.S. Helsinki Commission),,TROUBLED PARTNER: GROWING AUTHORITARIANISM IN AZERBAIJAN,,no video found,https://www.govinfo.gov/content/pkg/CHRG-113jhrg95489/html/CHRG-113jhrg95489.htm
2013-07-11,113,house,hsju00,Committee on the Judiciary,"Subcommittee on Regulatory Reform, Commercial and Antitrust Law",RESPONSIBLY AND PROFESSIONALLY INVIGORATING DEVELOPMENT (RAPID) ACT OF 2013,,no video found,https://www.govinfo.gov/content/pkg/CHRG-113hhrg81852/html/CHRG-113hhrg81852.htm
2013-07-11,113,house,hsii00,Committee on Natural Resources,Subcommittee on Energy and Mineral Resources,AMERICA'S HELIUM SUPPLY: OPTIONS FOR PRODUCING MORE HELIUM FROM FEDERAL LANDS,,no video found,https://www.govinfo.gov/content/pkg/CHRG-113hhrg81896/html/CHRG-113hhrg81896.htm
2013-07-11,113,house,hsii00,Committee on Natural Resources,Subcommittee on Public Lands and Environmental Regulation,OVERSIGHT HEARING ON ``WILDFIRE AND FOREST MANAGEMENT'',,no video found,https://www.govinfo.gov/content/pkg/CHRG-113hhrg81897/html/CHRG-113hhrg81897.htm
2013-07-11,113,house,hssy00,"Committee on Science, Space, and Technology",,OVERSIGHT AND MANAGEMENT OF DEPARTMENT OF ENERGY NATIONAL LABORATORIES AND SCIENCE ACTIVITIES,,no video found,https://www.govinfo.gov/content/pkg/CHRG-113hhrg82220/html/CHRG-113hhrg82220.htm
2013-07-10,113,house,hswm00,Committee on Ways and Means,Subcommittee on Health,THE DELAY OF THE EMPLOYER MANDATE,,no video found,https://www.govinfo.gov/content/pkg/CHRG-113hhrg21104/html/CHRG-113hhrg21104.htm
2013-07-10,113,house,hsed00,Committee on Education and the Workforce,,EXAMINING THE LABOR DEPARTMENT'S PROPOSED REFORMS TO THE FECA PROGRAM,,no video found,https://www.govinfo.gov/content/pkg/CHRG-113hhrg81801/html/CHRG-113hhrg81801.htm
2013-07-10,113,house,hssy00,"Committee on Science, Space, and Technology",,STRATEGIC PLANNING FOR NATIONAL MANUFACTURING COMPETITIVENESS,,"possible match (same committee, same days, different title)",https://www.govinfo.gov/content/pkg/CHRG-113hhrg82219/html/CHRG-113hhrg82219.htm
2013-07-10,113,house,hsvr00,Committee on Veterans' Affairs,,DOD AND VA COLLABORATION TO ASSIST SERVICEMEMBERS RETURNING TO CIVILIAN LIFE,,"possible match (same committee, same days, different title)",https://www.govinfo.gov/content/pkg/CHRG-113hhrg82245/html/CHRG-113hhrg82245.htm
2013-07-10,113,house,hsba00,Committee on Financial Services,Subcommittee on Capital Markets and Government Sponsored Enterprises,"REDUCING BARRIERS TO CAPITAL FORMATION, PART II",,no video found,https://www.govinfo.gov/content/pkg/CHRG-113hhrg82860/html/CHRG-113hhrg82860.htm
2013-07-09,113,house,hsed00,Committee on Education and the Workforce,,KEEPING COLLEGE WITHIN REACH: IMPROVING HIGHER EDUCATION THROUGH INNOVATION,,"possible match (same committee, same days, different title)",https://www.govinfo.gov/content/pkg/CHRG-113hhrg81802/html/CHRG-113hhrg81802.htm
2013-07-09,113,house,hsju00,Committee on the Judiciary,"Subcommittee on Regulatory Reform, Commercial and Antitrust Law",REGULATORY ACCOUNTABILITY ACT OF 2013,,no video found,https://www.govinfo.gov/content/pkg/CHRG-113hhrg81851/html/CHRG-113hhrg81851.htm
2013-07-09,113,house,hsii00,Committee on Natural Resources,Subcommittee on Energy and Mineral Resources,"MINING IN AMERICA: POWDER RIVER BASIN COAL MINING, THE BENEFITS AND CHALLENGES",,no video found,https://www.govinfo.gov/content/pkg/CHRG-113hhrg81894/html/CHRG-113hhrg81894.htm
2013-07-09,113,house,hsii00,Committee on Natural Resources,Subcommittee on Public Lands and Environmental Regulation,OVERSIGHT HEARING ON THE PUBLIC IMPACT OF CLOSING AMENITIES AT YOSEMITE NATIONAL PARK,,no video found,https://www.govinfo.gov/content/pkg/CHRG-113hhrg81895/html/CHRG-113hhrg81895.htm
2013-07-09,113,house,hsvr00,Committee on Veterans' Affairs,Subcommittee on Health,"LEGISLATIVE HEARING ON `DRAFT LEGISLATION, THE LONG-TERM CARE VETERANS CHOICE ACT'; H.R. 1443; H.R. 1612; H.R. 1702; H.R. 2065",,"possible match (same committee, same days, different title)",https://www.govinfo.gov/content/pkg/CHRG-113hhrg82244/html/CHRG-113hhrg82244.htm
2013-07-09,113,house,hsba00,Committee on Financial Services,Subcommittee on Financial Institutions and Consumer Credit,EXAMINING HOW THE CONSUMER FINANCIAL PROTECTION BUREAU COLLECTS AND USES CONSUMER DATA,,"possible match (same committee, same days, different title)",https://www.govinfo.gov/content/pkg/CHRG-113hhrg82858/html/CHRG-113hhrg82858.htm
2013-07-09,113,house,hsba00,Committee on Financial Services,Subcommittee on Oversight and Investigations,EXAMINING CONSTITUTIONAL DEFICIENCIES AND LEGAL UNCERTAINTIES IN THE DODD-FRANK ACT,,"possible match (same committee, same days, different title)",https://www.govinfo.gov/content/pkg/CHRG-113hhrg82859/html/CHRG-113hhrg82859.htm
2013-07-09,113,house,hshm00,Committee on Homeland Security,Subcommittee on Oversight and Management Efficiency,THREAT TO THE HOMELAND: IRAN'S EXTENDING INFLUENCE IN THE WESTERN HEMISPHERE,,"possible match (same committee, same days, different title)",https://www.govinfo.gov/content/pkg/CHRG-113hhrg85689/html/CHRG-113hhrg85689.htm
2013-06-28,113,house,hsju00,Committee on the Judiciary,"Subcommittee on Regulatory Reform, Commercial and Antitrust Law",REGULATORY FLEXIBILITY IMPROVEMENTS ACT OF 2013,,no video found,https://www.govinfo.gov/content/pkg/CHRG-113hhrg81707/html/CHRG-113hhrg81707.htm
2013-06-28,113,house,hsvr00,Committee on Veterans' Affairs,Subcommittee on Disability Assistance and Memorial Affairs,"LEGISLATIVE HEARING ON H.R. 1288, H.R. 1494, H.R. 1623, H.R. 1809, H.R. 2086, H.R. 2138, H.R. 2189, H.R. 2341, H.R. 2382 AND H.R. 2423",,no video found,https://www.govinfo.gov/content/pkg/CHRG-113hhrg82243/html/CHRG-113hhrg82243.htm
2013-06-28,113,house,hsas00,Committee on Armed Services,"Subcommittee on Intelligence, Emerging Threats and Capabilities","[H.A.S.C. No. 113-46]PAST, PRESENT, AND FUTURE IRREGULAR WARFARE CHALLENGES: PRIVATE SECTOR PERSPECTIVES",,no video found,https://www.govinfo.gov/content/pkg/CHRG-113hhrg82461/html/CHRG-113hhrg82461.htm
2013-06-27,113,house,hswm00,Committee on Ways and Means,,THE STATUS OF INTERNAL REVENUE SERVICE'S REVIEW OF TAXPAYER TARGETING PRACTICES,,"possible match (same committee, same days, different title)",https://www.govinfo.gov/content/pkg/CHRG-113hhrg21121/html/CHRG-113hhrg21121.htm
2013-06-27,113,house,hsed00,Committee on Education and the Workforce,,SCHOOL MEAL REGULATIONS: DISCUSSING THE COSTS AND CONSEQUENCES FOR SCHOOLS AND STUDENTS,,"possible match (same committee, same days, different title)",https://www.govinfo.gov/content/pkg/CHRG-113hhrg81535/html/CHRG-113hhrg81535.htm
2013-06-27,113,house,hssy00,"Committee on Science, Space, and Technology",,GREEN BUILDINGS—AN EVALUATION OF ENERGY SAVINGS PERFORMANCE CONTRACTS,,no video found,https://www.govinfo.gov/content/pkg/CHRG-113hhrg81728/html/CHRG-113hhrg81728.htm
2013-06-27,113,house,hsii00,Committee on Natural Resources,,MANAGEMENT OF RED SNAPPER IN THE GULF OF MEXICO UNDER THE MAGNUSON- STEVENS FISHERY CONSERVATION AND MANAGEMENT ACT,,no video found,https://www.govinfo.gov/content/pkg/CHRG-113hhrg81806/html/CHRG-113hhrg81806.htm
2013-06-27,113,house,hsii00,Committee on Natural Resources,Subcommittee on Public Lands and Environmental Regulation,"OUTDOOR RECREATION OPPORTUNITIES ON STATE, LOCAL AND FEDERAL LANDS",,no video found,https://www.govinfo.gov/content/pkg/CHRG-113hhrg81807/html/CHRG-113hhrg81807.htm
2013-06-27,113,house,hsvr00,Committee on Veterans' Affairs,,ASSESSING VA'S CAPITAL INVESTMENT OPTIONS TO PROVIDE VETERANS' CARE,,no video found,https://www.govinfo.gov/content/pkg/CHRG-113hhrg82242/html/CHRG-113hhrg82242.htm
2013-06-26,113,house,hsed00,Committee on Education and the Workforce,,"LEGISLATIVE HEARING ON H.R. 2346, SECRET BALLOT PROTECTION ACT, AND H.R. 2347, REPRESENTATION FAIRNESS RESTORATION ACT",,"possible match (same committee, same days, different title)",https://www.govinfo.gov/content/pkg/CHRG-113hhrg81534/html/CHRG-113hhrg81534.htm
2013-06-26,113,house,hsfa00,Committee on Foreign Affairs,"Subcommittee on Terrorism, Nonproliferation, and Trade",EXPORT PROMOTION REFORM ACT AND STATE TRADE COORDINATION ACT,,"possible match (same committee, same days, different title)",https://www.govinfo.gov/content/pkg/CHRG-113hhrg81695/html/CHRG-113hhrg81695.htm
2013-06-26,113,house,hssy00,"Committee on Science, Space, and Technology",,RESTORING U.S. LEADERSHIP IN WEATHER FORECASTING PART II,,no video found,https://www.govinfo.gov/content/pkg/CHRG-113hhrg81727/html/CHRG-113hhrg81727.htm
2013-06-26,113,house,hsba00,Committee on Financial Services,,EXAMINING HOW THE DODD-FRANK ACT COULD RESULT IN MORE TAXPAYER-FUNDED BAILOUTS,,"possible match (same committee, same days, different title)",https://www.govinfo.gov/content/pkg/CHRG-113hhrg81769/html/CHRG-113hhrg81769.htm
2013-06-26,113,house,hsbu00,Committee on the Budget,,AMERICA'S ENERGY REVOLUTION: A NEW PATH TO JOBS AND ECONOMIC GROWTH,,no video found,https://www.govinfo.gov/content/pkg/CHRG-113hhrg81810/html/CHRG-113hhrg81810.htm
2013-06-26,113,house,hsvr00,Committee on Veterans' Affairs,Subcommittee on Economic Opportunity (Eo),"LEGISLATIVE HEARING ON H.R. 331, H.R. 821, H.R. 1357, H.R. 1796, H.R. 1842, H.R. 2011, H.R. 2150, H.R. 2210, H.R. 2327, AND A DRAFT BILL ENTITLED, ``TO AMEND TITLE 38, UNITED STATES CODE, TO AUTHORIZE THE SECRETARY OF VETERANS AFFAIRS TO MAKE AN ALTERNATIVE ELECTION ON BEHALF OF CERTAIN INDIVIDUALS WHO ARE SUBJECT TO A BAR TO DUPLICATION OF ELIGIBILITY FOR EDUCATIONAL ASSISTANCE UNDER THE LAWS ADMINISTERED BY THE SECRETARY",,no video found,https://www.govinfo.gov/content/pkg/CHRG-113hhrg82241/html/CHRG-113hhrg82241.htm
2013-06-26,113,joint,jsec00,Joint Economic Committee,,REDUCING UNNECESSARY AND COSTLY RED TAPE THROUGH SMARTER REGULATION,,"possible match (same committee, same days, different title)",https://www.govinfo.gov/content/pkg/CHRG-113jhrg82371/html/CHRG-113jhrg82371.htm
2013-06-21,113,house,hsgo00,Committee on Oversight and Government Reform,,BUILDING A BETTER PARTNERSHIP: EXPLORING THE MINE SAFETY AND HEALTH ADMINISTRATION'S REGULATION OF SOUTHERN APPALACHIAN MINING,,"possible match (same committee, same days, different title)",https://www.govinfo.gov/content/pkg/CHRG-113hhrg82336/html/CHRG-113hhrg82336.htm
2013-06-20,113,house,hswm00,Committee on Ways and Means,Subcommittee on Health,THE 2013 MEDICARE TRUSTEES REPORT,,no video found,https://www.govinfo.gov/content/pkg/CHRG-113hhrg21105/html/CHRG-113hhrg21105.htm
2013-06-20,113,house,hsii00,Committee on Natural Resources,"Subcommittee on Fisheries, Wildlife, Oceans and Insular Affairs",OVERSIGHT HEARING ON WHY DOES THE U.S. FISH AND WILDLIFE SERVICE WANT TO EXPAND THE BOUNDARIES OF THE CHICKASAW AND LOWER HATCHIE NATIONAL WILDLIFE REFUGES IN TENNESSEE AND AT WHAT COST?,,no video found,https://www.govinfo.gov/content/pkg/CHRG-113hhrg81617/html/CHRG-113hhrg81617.htm
2013-06-20,113,house,hsvr00,Committee on Veterans' Affairs,Subcommittee on Economic Opportunity (Eo),"THE VALUE OF EDUCATION FOR VETERANS AT PUBLIC, PRIVATE AND FOR-PROFIT COLLEGES AND UNIVERSITIES",,"possible match (same committee, same days, different title)",https://www.govinfo.gov/content/pkg/CHRG-113hhrg82240/html/CHRG-113hhrg82240.htm
2013-06-19,113,house,hssy00,"Committee on Science, Space, and Technology",,THE NASA AUTHORIZATION ACT OF 2013,,"possible match (same committee, same days, different title)",https://www.govinfo.gov/content/pkg/CHRG-113hhrg81726/html/CHRG-113hhrg81726.htm
2013-06-19,113,house,hsvr00,Committee on Veterans' Affairs,Subcommittee on Oversight and Investigations,"LEGISLATIVE HEARING ON H.R. 1490, `VETERANS' PRIVACY ACT;' H.R. 1792, `INFECTIOUS DISEASE REPORTING ACT;' AND H.R. 1804, `FOREIGN TRAVEL ACCOUNTABILITY ACT'",,"possible match (same committee, same days, different title)",https://www.govinfo.gov/content/pkg/CHRG-113hhrg82239/html/CHRG-113hhrg82239.htm
2013-06-19,113,house,hswm00,Committee on Ways and Means,Subcommittee on Social Security,ENCOURAGING WORK THROUGH THE SOCIAL SECURITY DISABILITY INSURANCE PROGRAM,,no video found,https://www.govinfo.gov/content/pkg/CHRG-113hhrg89583/html/CHRG-113hhrg89583.htm
2013-06-18,113,house,hsed00,Committee on Education and the Workforce,,PROMOTING THE ACCURACY AND ACCOUNTABILITY OF THE DAVIS-BACON ACT,,"possible match (same committee, same days, different title)",https://www.govinfo.gov/content/pkg/CHRG-113hhrg81435/html/CHRG-113hhrg81435.htm
2013-06-18,113,house,hsii00,Committee on Natural Resources,Subcommittee on Public Lands and Environmental Regulation,CITIZEN AND AGENCY PERSPECTIVES ON THE FEDERAL LANDS RECREATION ENHANCEMENT ACT,,no video found,https://www.govinfo.gov/content/pkg/CHRG-113hhrg81516/html/CHRG-113hhrg81516.htm
2013-06-18,113,house,hssy00,"Committee on Science, Space, and Technology",,DEPARTMENT OF ENERGY SCIENCE AND TECHNOLOGY PRIORITIES,,"possible match (same committee, same days, different title)",https://www.govinfo.gov/content/pkg/CHRG-113hhrg81725/html/CHRG-113hhrg81725.htm
2013-06-18,113,house,hsba00,Committee on Financial Services,Subcommittee on Financial Institutions and Consumer Credit,EXAMINING HOW THE DODD-FRANK ACT HAMPERS HOME OWNERSHIP,,"possible match (same committee, same days, different title)",https://www.govinfo.gov/content/pkg/CHRG-113hhrg81767/html/CHRG-113hhrg81767.htm
2013-06-18,113,house,hsvr00,Committee on Veterans' Affairs,Subcommittee on Disability Assistance and Memorial Affairs,WHY ARE VETERANS WAITING YEARS ON APPEAL?: A REVIEW OF THE POST- DECISION PROCESS FOR APPEALED VETERANS' DISABILITY BENEFITS CLAIMS,,"possible match (same committee, same days, different title)",https://www.govinfo.gov/content/pkg/CHRG-113hhrg82238/html/CHRG-113hhrg82238.htm
2013-06-18,113,house,hshm00,Committee on Homeland Security,Subcommittee on Border and Maritime Security,"THREAT, RISK, AND VULNERABILITY: THE FUTURE OF THE TWIC PROGRAM",,"possible match (same committee, same days, different title)",https://www.govinfo.gov/content/pkg/CHRG-113hhrg85688/html/CHRG-113hhrg85688.htm
2013-06-18,113,house,hswm00,Committee on Ways and Means,Subcommittee on Human Resources,REVIEWING HOW TODAY'S FRAGMENTED WELFARE SYSTEM FAILS TO LIFT UP POOR FAMILIES,,no video found,https://www.govinfo.gov/content/pkg/CHRG-113hhrg89537/html/CHRG-113hhrg89537.htm
2013-06-14,113,house,hswm00,Committee on Ways and Means,Subcommittee on Health,THE PRESIDENT'S AND OTHER BIPARTISAN PROPOSALS TO REFORM MEDICARE POST-ACUTE CARE PAYMENTS,,no video found,https://www.govinfo.gov/content/pkg/CHRG-113hhrg21106/html/CHRG-113hhrg21106.htm
2013-06-14,113,house,hsju00,Committee on the Judiciary,,DEFINING THE PROBLEM AND SCOPE OF OVER-CRIMINALIZATION AND OVER-FEDERALIZATION,,"possible match (same committee, same days, different title)",https://www.govinfo.gov/content/pkg/CHRG-113hhrg81464/html/CHRG-113hhrg81464.htm
2013-06-14,113,house,hshm00,Committee on Homeland Security,Subcommittee on Oversight and Management Efficiency,WHY CAN'T DHS BETTER COMMUNICATE WITH THE AMERICAN PEOPLE?,,"possible match (same committee, same days, different title)",https://www.govinfo.gov/content/pkg/CHRG-113hhrg85687/html/CHRG-113hhrg85687.htm
2013-06-13,113,house,hswm00,Committee on Ways and Means,,"TAX REFORM: TAX HAVENS, BASE EROSION AND PROFIT-SHIFTING",,no video found,https://www.govinfo.gov/content/pkg/CHRG-113hhrg21122/html/CHRG-113hhrg21122.htm
2013-06-13,113,house,hsed00,Committee on Education and the Workforce,,KEEPING COLLEGE WITHIN REACH: DISCUSSING PROGRAM QUALITY THROUGH ACCREDITATION,,no video found,https://www.govinfo.gov/content/pkg/CHRG-113hhrg81336/html/CHRG-113hhrg81336.htm
2013-06-13,113,house,hsju00,Committee on the Judiciary,,OVERSIGHT OF THE FEDERAL BUREAU OF INVESTIGATION,,"possible match (same committee, same days, different title)",https://www.govinfo.gov/content/pkg/CHRG-113hhrg81462/html/CHRG-113hhrg81462.htm
2013-06-13,113,house,hsju00,Committee on the Judiciary,,STRENGTHEN AND FORTIFY ENFORCEMENT (SAFE) ACT,,"possible match (same committee, same days, different title)",https://www.govinfo.gov/content/pkg/CHRG-113hhrg81463/html/CHRG-113hhrg81463.htm
2013-06-13,113,house,hsba00,Committee on Financial Services,Subcommittee on Monetary Policy and Trade,ASSESSING REFORM AT THE EXPORT-IMPORT BANK,,"possible match (same committee, same days, different title)",https://www.govinfo.gov/content/pkg/CHRG-113hhrg81765/html/CHRG-113hhrg81765.htm
2013-06-13,113,house,hsba00,Committee on Financial Services,Subcommittee on Housing and Insurance,THE IMPACT OF INTERNATIONAL REGULATORY STANDARDS ON THE COMPETITIVENESS OF U.S. INSURERS,,"possible match (same committee, same days, different title)",https://www.govinfo.gov/content/pkg/CHRG-113hhrg81766/html/CHRG-113hhrg81766.htm
2013-06-13,113,joint,jcse00,Commission on Security and Cooperation in Europe (U.S. Helsinki Commission),,FLEEING TO LIVE: SYRIAN REFUGEES IN THE OSCE REGION,,no video found,https://www.govinfo.gov/content/pkg/CHRG-113jhrg95502/html/CHRG-113jhrg95502.htm
2013-06-12,113,house,hsbu00,Committee on the Budget,,THE DEPARTMENT OF DEFENSE AND THE FISCAL YEAR 2014 BUDGET,,no video found,https://www.govinfo.gov/content/pkg/CHRG-113hhrg80772/html/CHRG-113hhrg80772.htm
2013-06-12,113,house,hsed00,Committee on Education and the Workforce,,STRENGTHENING THE MULTIEMPLOYER PENSION SYSTEM: WHAT REFORMS SHOULD POLICYMAKERS CONSIDER?,,no video found,https://www.govinfo.gov/content/pkg/CHRG-113hhrg81335/html/CHRG-113hhrg81335.htm
2013-06-12,113,house,hssy00,"Committee on Science, Space, and Technology",,BACKGROUND CHECK: ACHIEVABILITY OF NEW OZONE STANDARDS,,"possible match (same committee, same days, different title)",https://www.govinfo.gov/content/pkg/CHRG-113hhrg81724/html/CHRG-113hhrg81724.htm
2013-06-12,113,house,hsba00,Committee on Financial Services,Subcommittee on Capital Markets and Government Sponsored Enterprises,REDUCING BARRIERS TO CAPITAL FORMATION,,"possible match (same committee, same days, different title)",https://www.govinfo.gov/content/pkg/CHRG-113hhrg81764/html/CHRG-113hhrg81764.htm
2013-06-12,113,house,hshm00,Committee on Homeland Security,Subcommittee on Counterterrorism and Intelligence,PROTECTING THE HOMELAND AGAINST MUMBAI-STYLE ATTACKS AND THE THREAT FROM LASHKAR-E-TAIBA,,"possible match (same committee, same days, different title)",https://www.govinfo.gov/content/pkg/CHRG-113hhrg85686/html/CHRG-113hhrg85686.htm
2013-06-12,113,house,hswm00,Committee on Ways and Means,Subcommittee on Trade,U.S.-BRAZIL TRADE AND INVESTMENT RELATIONSHIP: OPPORTUNITIES AND CHALLENGES,,no video found,https://www.govinfo.gov/content/pkg/CHRG-113hhrg89475/html/CHRG-113hhrg89475.htm
2013-06-07,113,house,hspw00,Committee on Transportation and Infrastructure,"Subcommittee on Railroads, Pipelines, and Hazardous Materials",THE IMPORTANCE OF THE NORTHEAST CORRIDOR,,no video found,https://www.govinfo.gov/content/pkg/CHRG-113hhrg81370/html/CHRG-113hhrg81370.htm
2013-06-06,113,house,hsju00,Committee on the Judiciary,"Subcommittee on Courts, Intellectual Property, and the Internet",UNLOCKING CONSUMER CHOICE AND WIRELESS COMPETITION ACT,,"possible match (same committee, same days, different title)",https://www.govinfo.gov/content/pkg/CHRG-113hhrg81346/html/CHRG-113hhrg81346.htm
2013-06-06,113,house,hsii00,Committee on Natural Resources,Subcommittee on Energy and Mineral Resources,"H.R. 2231, OFFSHORE ENERGY AND JOBS ACT PART 1 AND 2",,no video found,https://www.govinfo.gov/content/pkg/CHRG-113hhrg81371/html/CHRG-113hhrg81371.htm
2013-06-05,113,house,hsju00,Committee on the Judiciary,"Subcommittee on Regulatory Reform, Commercial and Antitrust Law",SUNSHINE FOR REGULATORY DECREES AND SETTLEMENTS ACT OF 2013,,"possible match (same committee, same days, different title)",https://www.govinfo.gov/content/pkg/CHRG-113hhrg81345/html/CHRG-113hhrg81345.htm
2013-06-05,113,house,hsgo00,Committee on Oversight and Government Reform,"Subcommittee on Federal Workforce, US Postal Service and the Census",OPM'S REVOLVING FUND: A CYCLE OF GOVERNMENT WASTE,,"possible match (same committee, same days, different title)",https://www.govinfo.gov/content/pkg/CHRG-113hhrg81524/html/CHRG-113hhrg81524.htm
2013-06-05,113,house,hssy00,"Committee on Science, Space, and Technology",,FEDERAL EFFORTS TO REDUCE THE IMPACTS OF WINDSTORMS,,"possible match (same committee, same days, different title)",https://www.govinfo.gov/content/pkg/CHRG-113hhrg81723/html/CHRG-113hhrg81723.htm
2013-06-05,113,house,hsba00,Committee on Financial Services,Subcommittee on Capital Markets and Government Sponsored Enterprises,EXAMINING THE MARKET POWER AND IMPACT OF PROXY ADVISORY FIRMS,,"possible match (same committee, same days, different title)",https://www.govinfo.gov/content/pkg/CHRG-113hhrg81762/html/CHRG-113hhrg81762.htm
2013-06-05,113,house,hsgo00,Committee on Oversight and Government Reform,"Subcommittee on Energy Policy, Health Care and Entitlements",UP AGAINST THE BLEND WALL: EXAMINING EPA's ROLE IN THE RENEWABLE FUEL STANDARD,,"possible match (same committee, same days, different title)",https://www.govinfo.gov/content/pkg/CHRG-113hhrg82138/html/CHRG-113hhrg82138.htm
2013-06-04,113,house,hswm00,Committee on Ways and Means,,HEARING WITH ORGANIZATIONS TARGETED BY INTERNAL REVENUE SERVICE FOR THEIR PERSONAL BELIEFS,,"possible match (same committee, same days, different title)",https://www.govinfo.gov/content/pkg/CHRG-113hhrg21123/html/CHRG-113hhrg21123.htm
2013-06-04,113,house,hsed00,Committee on Education and the Workforce,,REVIEWING THE PRESIDENT'S FISCAL YEAR 2014 BUDGET PROPOSAL FOR THE U.S. DEPARTMENT OF HEALTH AND HUMAN SERVICES,,"possible match (same committee, same days, different title)",https://www.govinfo.gov/content/pkg/CHRG-113hhrg81276/html/CHRG-113hhrg81276.htm
2013-06-04,113,house,hsii00,Committee on Natural Resources,,"OVERSIGHT HEARING ON ``DEFINING SPECIES CONSERVATION SUCCESS: TRIBAL, STATE AND LOCAL STEWARDSHIP VS. FEDERAL COURTROOM BATTLES AND SUE-AND- SETTLE PRACTICES.''",,no video found,https://www.govinfo.gov/content/pkg/CHRG-113hhrg81318/html/CHRG-113hhrg81318.htm
2013-06-04,113,house,hsju00,Committee on the Judiciary,"Subcommittee on Crime, Terrorism, Homeland Security, and Investigations",DEPARTMENT OF JUSTICE'S HANDLING OF KNOWN OR SUSPECTED TERRORISTS ADMITTED INTO THE FEDERAL WITNESS SECURITY PROGRAM,,"possible match (same committee, same days, different title)",https://www.govinfo.gov/content/pkg/CHRG-113hhrg81344/html/CHRG-113hhrg81344.htm
2013-06-04,113,house,hssy00,"Committee on Science, Space, and Technology",,STEM EDUCATION: THE ADMINISTRATION'S PROPOSED REORGANIZATION,,"possible match (same committee, same days, different title)",https://www.govinfo.gov/content/pkg/CHRG-113hhrg81722/html/CHRG-113hhrg81722.htm
2013-06-04,113,house,hsha00,Committee on House Administration,,"MARKUP OF H.R. 94, TO AMEND THE INTERNAL REVENUE CODE OF 1986 TO PROHIBIT THE USE OF PUBLIC FUNDS FOR POLITICAL PARTY CONVENTIONS; H.R. 95, TO REDUCE FEDERAL SPENDING AND THE DEFICIT BY TERMINATING TAXPAYER FINANCING OF PRESIDENTIAL ELECTION CAMPAIGNS AND PARTY CONVENTIONS; H.R. 1994, ELECTION ASSISTANCE COMMISSION TERMINATION ACT; COMMITTEE RESOLUTION DISMISSING THE ELECTION CONTEST IN CA-43; AND COMMITTEE RESOLUTION DISMISSING THE ELECTION CONTEST IN TN-9",,"possible match (same committee, same days, different title)",https://www.govinfo.gov/content/pkg/CHRG-113hhrg81809/html/CHRG-113hhrg81809.htm
2013-06-04,113,house,hsha00,Committee on House Administration,,"H.R. 2115, THE VOTER REGISTRATION EFFICIENCY ACT",,"possible match (same committee, same days, different title)",https://www.govinfo.gov/content/pkg/CHRG-113hhrg82232/html/CHRG-113hhrg82232.htm
2013-06-04,113,house,hsvr00,Committee on Veterans' Affairs,Subcommittee on Oversight and Investigations,HOW SECURE IS VETERANS' PRIVACY INFORMATION?,,"possible match (same committee, same days, different title)",https://www.govinfo.gov/content/pkg/CHRG-113hhrg82237/html/CHRG-113hhrg82237.htm
2013-06-04,113,house,hshm00,Committee on Homeland Security,"Subcommittee on Emergency Preparedness, Response, and Communications","EMERGENCY MGMT 2.0: HOW #SOCIALMEDIA & NEW TECH ARE TRANSFORMING PREPAREDNESS, RESPONSE, & RECOVERY #DISASTERS",,"possible match (same committee, same days, different title)",https://www.govinfo.gov/content/pkg/CHRG-113hhrg85685/html/CHRG-113hhrg85685.htm
2013-06-03,113,house,hsfa00,Committee on Foreign Affairs,"Subcommittee on Africa, Global Health, Global Human Rights, and International Organizations",TRAGIC ANNIVERSARY OF THE 1989 TIANANMEN SQUARE PROTESTS AND MASSACRE,,"possible match (same committee, same days, different title)",https://www.govinfo.gov/content/pkg/CHRG-113hhrg81341/html/CHRG-113hhrg81341.htm
2013-05-30,113,house,hspw00,Committee on Transportation and Infrastructure,,HOW SOUTHERN CALIFORNIA FREIGHT TRANSPORTATION CHALLENGES IMPACT THE NATION,,no video found,https://www.govinfo.gov/content/pkg/CHRG-113hhrg81260/html/CHRG-113hhrg81260.htm
2013-05-28,113,house,hspw00,Committee on Transportation and Infrastructure,"Subcommittee on Railroads, Pipelines, and Hazardous Materials",OVERSIGHT OF CALIFORNIA HIGH-SPEED RAIL,,no video found,https://www.govinfo.gov/content/pkg/CHRG-113hhrg81259/html/CHRG-113hhrg81259.htm
2013-05-23,113,house,hsfa00,Committee on Foreign Affairs,Subcommittee on the Western Hemisphere,U.S.-MEXICO SECURITY COOPERATION: AN OVERVIEW OF THE MERIDA INITIATIVE 2008-PRESENT,,"possible match (same committee, same days, different title)",https://www.govinfo.gov/content/pkg/CHRG-113hhrg81170/html/CHRG-113hhrg81170.htm
2013-05-23,113,house,hsju00,Committee on the Judiciary,Subcommittee on the Constitution and Civil Justice,DISTRICT OF COLUMBIA PAIN-CAPABLE UNBORN CHILD PROTECTION ACT,,no video found,https://www.govinfo.gov/content/pkg/CHRG-113hhrg81175/html/CHRG-113hhrg81175.htm
2013-05-23,113,house,hssy00,"Committee on Science, Space, and Technology",,RESTORING U.S. LEADERSHIP IN WEATHER FORECASTING PART I,,"possible match (same committee, same days, different title)",https://www.govinfo.gov/content/pkg/CHRG-113hhrg81196/html/CHRG-113hhrg81196.htm
2013-05-23,113,house,hsba00,Committee on Financial Services,Subcommittee on Capital Markets and Government Sponsored Enterprises,LEGISLATIVE PROPOSALS TO RELIEVE THE RED TAPE BURDEN ON INVESTORS AND JOB CREATORS,,"possible match (same committee, same days, different title)",https://www.govinfo.gov/content/pkg/CHRG-113hhrg81761/html/CHRG-113hhrg81761.htm
2013-05-23,113,house,hswm00,Committee on Ways and Means,Subcommittee on Social Security,THE PRESIDENT'S AND OTHER BIPARTISAN ENTITLEMENT REFORM PROPOSALS,,"possible match (same committee, same days, different title)",https://www.govinfo.gov/content/pkg/CHRG-113hhrg89585/html/CHRG-113hhrg89585.htm
2013-05-22,113,house,hsed00,Committee on Education and the Workforce,,EXAMINING THE REGULATORY AND ENFORCEMENT ACTIONS OF THE EQUAL EMPLOYMENT OPPORTUNITY COMMISSION,,"possible match (same committee, same days, different title)",https://www.govinfo.gov/content/pkg/CHRG-113hhrg80892/html/CHRG-113hhrg80892.htm
2013-05-22,113,house,hspw00,Committee on Transportation and Infrastructure,Subcommittee on Water Resources and Environment,THE PRESIDENT'S FISCAL YEAR 2014 BUDGET: ADMINISTRATION PRIORITIES FOR THE U.S. ENVIRONMENTAL PROTECTION AGENCY,,"possible match (same committee, same days, different title)",https://www.govinfo.gov/content/pkg/CHRG-113hhrg81151/html/CHRG-113hhrg81151.htm
2013-05-22,113,house,hsfa00,Committee on Foreign Affairs,,NUCLEAR IRAN PREVENTION ACT OF 2013,,"possible match (same committee, same days, different title)",https://www.govinfo.gov/content/pkg/CHRG-113hhrg81168/html/CHRG-113hhrg81168.htm
2013-05-22,113,house,hsfa00,Committee on Foreign Affairs,Subcommittee on the Middle East and North Africa,THE MIDDLE EAST AND NORTH AFRICA FY 2014 BUDGET: PRIORITIES AND CHALLENGES,,"possible match (same committee, same days, different title)",https://www.govinfo.gov/content/pkg/CHRG-113hhrg81169/html/CHRG-113hhrg81169.htm
2013-05-22,113,house,hsju00,Committee on the Judiciary,,PROTECTING U.S. CITIZENS' CONSTITUTIONAL RIGHTS DURING THE WAR ON TERROR,,no video found,https://www.govinfo.gov/content/pkg/CHRG-113hhrg81173/html/CHRG-113hhrg81173.htm
2013-05-22,113,house,hsju00,Committee on the Judiciary,,S. 744 AND THE IMMIGRATION REFORM AND CONTROL ACT OF 1986: LESSONS LEARNED OR MISTAKES REPEATED?,,no video found,https://www.govinfo.gov/content/pkg/CHRG-113hhrg81174/html/CHRG-113hhrg81174.htm
2013-05-22,113,house,hssy00,"Committee on Science, Space, and Technology",,AMERICA'S NEXT GENERATION SUPERCOMPUTER: THE EXASCALE CHALLENGE,,"possible match (same committee, same days, different title)",https://www.govinfo.gov/content/pkg/CHRG-113hhrg81195/html/CHRG-113hhrg81195.htm
2013-05-22,113,house,hsii00,Committee on Natural Resources,Subcommittee on Energy and Mineral Resources,"H.R. 1964, NATIONAL PETROLEUM RESERVE ALASKA ACCESS ACT; H.R. 1965, FEDERAL LANDS JOBS AND ENERGY SECURITY ACT; H.R. 1394, PLANNING FOR AMERICAN ENERGY ACT OF 2013; AND H.R. 555, BLM LIVE INTERNET AUCTIONS ACT",,no video found,https://www.govinfo.gov/content/pkg/CHRG-113hhrg81285/html/CHRG-113hhrg81285.htm
2013-05-22,113,house,hsgo00,Committee on Oversight and Government Reform,,THE IRS: TARGETING AMERICANS FOR THEIR POLITICAL BELIEFS,,"possible match (same committee, same days, different title)",https://www.govinfo.gov/content/pkg/CHRG-113hhrg81742/html/CHRG-113hhrg81742.htm
2013-05-22,113,house,hsba00,Committee on Financial Services,,THE ANNUAL REPORT OF THE FINANCIAL STABILITY OVERSIGHT COUNCIL,,"possible match (same committee, same days, different title)",https://www.govinfo.gov/content/pkg/CHRG-113hhrg81759/html/CHRG-113hhrg81759.htm
2013-05-22,113,house,hsba00,Committee on Financial Services,Subcommittee on Oversight and Investigations,WHO IS TOO BIG TO FAIL: ARE LARGE FINANCIAL INSTITUTIONS IMMUNE FROM FEDERAL PROSECUTION?,,"possible match (same committee, same days, different title)",https://www.govinfo.gov/content/pkg/CHRG-113hhrg81760/html/CHRG-113hhrg81760.htm
2013-05-22,113,house,hsvr00,Committee on Veterans' Affairs,,EXPEDITING CLAIMS OR EXPLOITING STATISTICS?: AN EXAMINATION OF VA'S SPECIAL INITIATIVE TO PROCESS RATING CLAIMS PENDING OVER TWO YEARS,,no video found,https://www.govinfo.gov/content/pkg/CHRG-113hhrg82236/html/CHRG-113hhrg82236.htm
2013-05-21,113,house,hswm00,Committee on Ways and Means,Subcommittee on Health,THE PRESIDENT'S AND OTHER BIPARTISAN PROPOSALS TO REFORM MEDICARE,,"possible match (same committee, same days, different title)",https://www.govinfo.gov/content/pkg/CHRG-113hhrg21107/html/CHRG-113hhrg21107.htm
2013-05-21,113,house,hsed00,Committee on Education and the Workforce,,REVIEWING THE PRESIDENT'S FISCAL YEAR 2014 BUDGET PROPOSAL FOR THE U.S. DEPARTMENT OF EDUCATION,,"possible match (same committee, same days, different title)",https://www.govinfo.gov/content/pkg/CHRG-113hhrg80891/html/CHRG-113hhrg80891.htm
2013-05-21,113,house,hsii00,Committee on Natural Resources,Subcommittee on Public Lands and Environmental Regulation,"PERSPECTIVES ON THE MANAGEMENT OF FEDERAL AND STATE LAND: TESTIMONY BY GOVERNOR GARY R. HERBERT (R-UT), CHAIRMAN OF THE WESTERN GOVERNORS' ASSOCIATION",,no video found,https://www.govinfo.gov/content/pkg/CHRG-113hhrg81125/html/CHRG-113hhrg81125.htm
2013-05-21,113,house,hsfa00,Committee on Foreign Affairs,,THE CALL FOR ECONOMIC LIBERTY IN THE ARAB WORLD,,"possible match (same committee, same days, different title)",https://www.govinfo.gov/content/pkg/CHRG-113hhrg81166/html/CHRG-113hhrg81166.htm
2013-05-21,113,house,hssy00,"Committee on Science, Space, and Technology",,THE CURRENT AND FUTURE APPLICATIONS OF BIOMETRIC TECHNOLOGIES,,"possible match (same committee, same days, different title)",https://www.govinfo.gov/content/pkg/CHRG-113hhrg81193/html/CHRG-113hhrg81193.htm
2013-05-21,113,house,hssy00,"Committee on Science, Space, and Technology",,NEXT STEPS IN HUMAN EXPLORATION TO MARS AND BEYOND,,"possible match (same committee, same days, different title)",https://www.govinfo.gov/content/pkg/CHRG-113hhrg81194/html/CHRG-113hhrg81194.htm
2013-05-21,113,house,hsii00,Committee on Natural Resources,"Subcommittee on Fisheries, Wildlife, Oceans and Insular Affairs",DATA COLLECTION ISSUES IN RELATION TO THE REAUTHORIZATION OF THE MAGNUSON-STEVENS FISHERY CONSERVATION AND MANAGEMENT ACT,,no video found,https://www.govinfo.gov/content/pkg/CHRG-113hhrg81284/html/CHRG-113hhrg81284.htm
2013-05-21,113,house,hsag00,Committee on Agriculture,,THE FUTURE OF THE CFTC: MARKET PERSPECTIVES,,"possible match (same committee, same days, different title)",https://www.govinfo.gov/content/pkg/CHRG-113hhrg81493/html/CHRG-113hhrg81493.htm
2013-05-21,113,house,hsba00,Committee on Financial Services,Subcommittee on Financial Institutions and Consumer Credit,QUALIFIED MORTGAGES: EXAMINING THE IMPACT OF THE ABILITY TO REPAY RULE,,"possible match (same committee, same days, different title)",https://www.govinfo.gov/content/pkg/CHRG-113hhrg81757/html/CHRG-113hhrg81757.htm
2013-05-21,113,house,hsvr00,Committee on Veterans' Affairs,Subcommittee on Health,"LEGISLATIVE HEARING ON DRAFT LEGISLATION, `THE VETERANS INTEGRATED MENTAL HEALTH CARE ACT OF 2013;' DRAFT LEGISLATION, `THE DEMANDING ACCOUNTABILITY FOR VETERANS ACT OF 2013;' H.R. 241; H.R. 288; H.R. 984; AND H.R. 1284",,no video found,https://www.govinfo.gov/content/pkg/CHRG-113hhrg82235/html/CHRG-113hhrg82235.htm
2013-05-21,113,house,hshm00,Committee on Homeland Security,Subcommittee on Border and Maritime Security,VISA SECURITY AND OVERSTAYS: HOW SECURE IS AMERICA?,,"possible match (same committee, same days, different title)",https://www.govinfo.gov/content/pkg/CHRG-113hhrg85614/html/CHRG-113hhrg85614.htm
2013-05-21,113,joint,jcse00,Commission on Security and Cooperation in Europe (U.S. Helsinki Commission),,The OSCE Office for Democratic Institutions and Human Rights: Accomplishments and Challenges,,no video found,https://www.govinfo.gov/content/pkg/CHRG-113jhrg95503/html/CHRG-113jhrg95503.htm
2013-05-17,113,house,hsju00,Committee on the Judiciary,"Subcommittee on Crime, Terrorism, Homeland Security, and Investigations",EYES IN THE SKY: THE DOMESTIC USE OF UNMANNED AERIAL SYSTEMS,,"possible match (same committee, same days, different title)",https://www.govinfo.gov/content/pkg/CHRG-113hhrg80977/html/CHRG-113hhrg80977.htm
2013-05-17,113,house,hswm00,Committee on Ways and Means,,HEARING ON INTERNAL REVENUE SERVICE TARGETING CONSERVATIVE GROUPS,,"possible match (same committee, same days, different title)",https://www.govinfo.gov/content/pkg/CHRG-113hhrg89457/html/CHRG-113hhrg89457.htm
2013-05-16,113,house,hspw00,Committee on Transportation and Infrastructure,Subcommittee on Aviation,REVIEW OF THE FAA'S PROGRESS IN IMPLEMENTING THE FAA MODERNIZATION AND REFORM ACT,,"possible match (same committee, same days, different title)",https://www.govinfo.gov/content/pkg/CHRG-113hhrg80937/html/CHRG-113hhrg80937.htm
2013-05-16,113,house,hsfa00,Committee on Foreign Affairs,Subcommittee on Asia and the Pacific,ASSESSING U.S. FOREIGN ASSISTANCE PRIORITIES IN EAST ASIA AND THE PACIFIC,,"possible match (same committee, same days, different title)",https://www.govinfo.gov/content/pkg/CHRG-113hhrg80941/html/CHRG-113hhrg80941.htm
2013-05-16,113,house,hsju00,Committee on the Judiciary,Subcommittee on Immigration and Border Security,LEGAL WORKFORCE ACT,,"possible match (same committee, same days, different title)",https://www.govinfo.gov/content/pkg/CHRG-113hhrg80974/html/CHRG-113hhrg80974.htm
2013-05-16,113,house,hsju00,Committee on the Judiciary,Subcommittee on Immigration and Border Security,AGRICULTURAL GUESTWORKER ACT,,"possible match (same committee, same days, different title)",https://www.govinfo.gov/content/pkg/CHRG-113hhrg80975/html/CHRG-113hhrg80975.htm
2013-05-16,113,house,hsju00,Committee on the Judiciary,"Subcommittee on Courts, Intellectual Property, and the Internet",A CASE STUDY FOR CONSENSUS BUILDING: THE COPYRIGHT PRINCIPLES PROJECT,,"possible match (same committee, same days, different title)",https://www.govinfo.gov/content/pkg/CHRG-113hhrg80976/html/CHRG-113hhrg80976.htm
2013-05-16,113,house,hsii00,Committee on Natural Resources,"Subcommittee on Fisheries, Wildlife, Oceans and Insular Affairs",OVERSIGHT HEARING ON THE 2008 LACEY ACT AMENDMENTS PART 1 AND 2,,no video found,https://www.govinfo.gov/content/pkg/CHRG-113hhrg80980/html/CHRG-113hhrg80980.htm
2013-05-16,113,house,hsii00,Committee on Natural Resources,Subcommittee on Indian and Alaska Native Affairs,"H.R. 623, H.R. 740, H.R. 841, H.R. 931, H.R. 1306, AND H.R. 1410",,no video found,https://www.govinfo.gov/content/pkg/CHRG-113hhrg80981/html/CHRG-113hhrg80981.htm
2013-05-16,113,house,hsii00,Committee on Natural Resources,Subcommittee on Public Lands and Environmental Regulation,INVASIVE SPECIES MANAGEMENT ON FEDERAL LANDS,,no video found,https://www.govinfo.gov/content/pkg/CHRG-113hhrg80982/html/CHRG-113hhrg80982.htm
2013-05-16,113,house,hssy00,"Committee on Science, Space, and Technology",,ESPIONAGE THREATS AT FEDERAL LABORATORIES: BALANCING SCIENTIFIC COOPERATION WHILE PROTECTING CRITICAL INFORMATION,,"possible match (same committee, same days, different title)",https://www.govinfo.gov/content/pkg/CHRG-113hhrg81192/html/CHRG-113hhrg81192.htm
2013-05-16,113,house,hsba00,Committee on Financial Services,,"OVERSIGHT OF THE SEC'S AGENDA, OPERATIONS, AND FY 2014 BUDGET REQUEST",,"possible match (same committee, same days, different title)",https://www.govinfo.gov/content/pkg/CHRG-113hhrg81755/html/CHRG-113hhrg81755.htm
2013-05-16,113,house,hsba00,Committee on Financial Services,Subcommittee on Housing and Insurance,SUSTAINABLE HOUSING FINANCE: THE GOVERNMENT'S ROLE IN MULTIFAMILY AND HEALTH CARE FACILITIES MORTGAGE INSURANCE AND REVERSE MORTGAGES,,"possible match (same committee, same days, different title)",https://www.govinfo.gov/content/pkg/CHRG-113hhrg81756/html/CHRG-113hhrg81756.htm
2013-05-16,113,house,hshm00,Committee on Homeland Security,"Subcommittee on Cybersecurity, Infrastructure Protection, and Security Technologies",FACILITATING CYBER THREAT INFORMATION SHARING AND PARTNERING WITH THE PRIVATE SECTOR TO PROTECT CRITICAL INFRASTRUCTURE: AN ASSESSMENT OF DHS CAPABILITIES,,"possible match (same committee, same days, different title)",https://www.govinfo.gov/content/pkg/CHRG-113hhrg85613/html/CHRG-113hhrg85613.htm
2013-05-16,113,house,hswm00,Committee on Ways and Means,Subcommittee on Trade,U.S.-EU TRADE AND INVESTMENT PARTNERSHIP NEGOTIATIONS,,"possible match (same committee, same days, different title)",https://www.govinfo.gov/content/pkg/CHRG-113hhrg89474/html/CHRG-113hhrg89474.htm
2013-05-15,113,house,hsfa00,Committee on Foreign Affairs,"Subcommittee on Africa, Global Health, Global Human Rights, and International Organizations",RECENT DEVELOPMENTS IN THE INVESTIGATION OF THE MURDER OF HUMAN RIGHTS ATTORNEY PATRICK FINUCANE,,"possible match (same committee, same days, different title)",https://www.govinfo.gov/content/pkg/CHRG-113hhrg80938/html/CHRG-113hhrg80938.htm
2013-05-15,113,house,hsfa00,Committee on Foreign Affairs,"Subcommittee on Africa, Global Health, Global Human Rights, and International Organizations","SEAN AND DAVID GOLDMAN INTERNATIONAL CHILD ABDUCTION PREVENTION AND RETURN ACT OF 2013; VIETNAM HUMAN RIGHTS ACT OF 2013; AND CONCERNING THE ONGOING CONFLICT IN THE DEMOCRATIC REPUBLIC OF THE CONGO AND THE NEED FOR INTERNATIONAL EFFORTS TOWARD LONG-TERM PEACE, STABILITY, AND OBSERVANCE OF HUMAN RIGHTS",,"possible match (same committee, same days, different title)",https://www.govinfo.gov/content/pkg/CHRG-113hhrg80939/html/CHRG-113hhrg80939.htm
2013-05-15,113,house,hsju00,Committee on the Judiciary,,UNITED STATES DEPARTMENT OF JUSTICE,,"possible match (same committee, same days, different title)",https://www.govinfo.gov/content/pkg/CHRG-113hhrg80973/html/CHRG-113hhrg80973.htm
2013-05-15,113,house,hsba00,Committee on Financial Services,Subcommittee on Oversight and Investigations,WHO IS TOO BIG TO FAIL: DOES TITLE II OF THE DODD-FRANK ACT ENSHRINE TAXPAYER-FUNDED BAILOUTS?,,"possible match (same committee, same days, different title)",https://www.govinfo.gov/content/pkg/CHRG-113hhrg81754/html/CHRG-113hhrg81754.htm
2013-05-15,113,house,hswm00,Committee on Ways and Means,Subcommittee on Select Revenue Measures,SMALL BUSINESS AND PASS-THROUGH ENTITY TAX REFORM DISCUSSION DRAFT,,"possible match (same committee, same days, different title)",https://www.govinfo.gov/content/pkg/CHRG-113hhrg94397/html/CHRG-113hhrg94397.htm
2013-05-09,113,house,hsii00,Committee on Natural Resources,Subcommittee on Public Lands and Environmental Regulation,"LEGISLATIVE HEARING ON H.R. 1825, TO DIRECT FEDERAL PUBLIC LAND MANAGEMENT OFFICIALS TO EXERCISE THEIR AUTHORITY UNDER EXISTING LAW TO FACILITATE USE OF AND ACCESS TO FEDERAL PUBLIC LANDS FOR FISHING, SPORT HUNTING, AND RECREATIONAL SHOOTING, AND FOR OTHER PURPOSES. ``RECREATIONAL FISHING AND HUNTING HERITAGE AND OPPORTUNITIES ACT''; H.R. 586, TO PROVIDE FOR CERTAIN IMPROVEMENTS TO THE DENALI NATIONAL PARK AND PRESERVE IN THE STATE OF ALASKA, AND FOR OTHER PURPOSES. ``DENALI NATIONAL PARK IMPROVEMENT ACT''; H.R. 995, TO ESTABLISH A MONUMENT IN DONA ANA COUNTY, NEW MEXICO, AND FOR OTHER PURPOSES. ``ORGAN MOUNTAINS NATIONAL MONUMENT ESTABLISHMENT ACT''; AND H.R. 1411, TO INCLUDE THE POINT ARENA-STORNETTA PUBLIC LANDS IN THE CALIFORNIA COASTAL NATIONAL MONUMENT AS A PART OF THE NATIONAL LANDSCAPE CONSERVATION SYSTEM, AND FOR OTHER PURPOSES. ``CALIFORNIA COASTAL NATIONAL MONUMENT EXPANSION ACT OF 2013''",,"possible match (same committee, same days, different title)",https://www.govinfo.gov/content/pkg/CHRG-113hhrg80816/html/CHRG-113hhrg80816.htm
2013-05-09,113,house,hssy00,"Committee on Science, Space, and Technology",,EXOPLANET DISCOVERIES: HAVE WE FOUND OTHER EARTHS?,,"possible match (same committee, same days, different title)",https://www.govinfo.gov/content/pkg/CHRG-113hhrg81191/html/CHRG-113hhrg81191.htm
2013-05-09,113,house,hsas00,Committee on Armed Services,Subcommittee on Strategic Forces Hearing,[H.A.S.C. No. 113-45] HEARING ON NATIONAL DEFENSE AUTHORIZATION ACT FOR FISCAL YEAR 2014 AND OVERSIGHT OF PREVIOUSLY AUTHORIZED PROGRAMS BEFORE THE COMMITTEE ON ARMED SERVICES HOUSE OF REPRESENTATIVES ONE HUNDRED THIRTEENTH CONGRESS FIRST SESSION,,no video found,https://www.govinfo.gov/content/pkg/CHRG-113hhrg82460/html/CHRG-113hhrg82460.htm
2013-05-09,113,house,hshm00,Committee on Homeland Security,,ATTACKS ON THE HOMELAND,,"possible match (same committee, same days, different title)",https://www.govinfo.gov/content/pkg/CHRG-113hhrg82590/html/CHRG-113hhrg82590.htm
2013-05-09,113,house,hswm00,Committee on Ways and Means,Subcommittee on Human Resources,LETTING KIDS BE KIDS: BALANCING SAFETY WITH OPPORTUNITY FOR FOSTER YOUTH,,"possible match (same committee, same days, different title)",https://www.govinfo.gov/content/pkg/CHRG-113hhrg89539/html/CHRG-113hhrg89539.htm
2013-05-08,113,house,hsba00,Committee on Financial Services,Subcommittee on Monetary Policy and Trade,REAUTHORIZING THE DEFENSE PRODUCTION ACT,,"possible match (same committee, same days, different title)",https://www.govinfo.gov/content/pkg/CHRG-113hhrg81753/html/CHRG-113hhrg81753.htm
2013-05-08,113,house,hsas00,Committee on Armed Services,,[H.A.S.C. No. 113-43]NATIONAL DEFENSE PRIORITIES FROM MEMBERS FOR THE FISCAL YEAR 2014 NATIONAL DEFENSE AUTHORIZATION ACT,,no video found,https://www.govinfo.gov/content/pkg/CHRG-113hhrg82458/html/CHRG-113hhrg82458.htm
2013-05-08,113,house,hsas00,Committee on Armed Services,Subcommittee on Strategic Forces Hearing,[H.A.S.C. No. 113-44] FISCAL YEAR 2014 NATIONAL DEFENSE AUTHORIZATION BUDGET REQUEST FOR MISSILE DEFENSE PROGRAMS,,no video found,https://www.govinfo.gov/content/pkg/CHRG-113hhrg82459/html/CHRG-113hhrg82459.htm
2013-05-08,113,house,hswm00,Committee on Ways and Means,Subcommittee on Oversight,INTERNAL REVENUE SERVICE'S COLLEGES AND UNIVERSITIES COMPLIANCE PROJECT,,"possible match (same committee, same days, different title)",https://www.govinfo.gov/content/pkg/CHRG-113hhrg89557/html/CHRG-113hhrg89557.htm
2013-05-08,113,joint,jsec00,Joint Economic Committee,,IMMIGRATION AND ITS CONTRIBUTION TO OUR ECONOMIC STRENGTH PART II,,"possible match (same committee, same days, different title)",https://www.govinfo.gov/content/pkg/CHRG-113jhrg81373/html/CHRG-113jhrg81373.htm
2013-05-08,113,joint,jcse00,Commission on Security and Cooperation in Europe (U.S. Helsinki Commission),,UKRAINE’S LEADERSHIP OF THE OSCE,,no video found,https://www.govinfo.gov/content/pkg/CHRG-113jhrg95504/html/CHRG-113jhrg95504.htm
2013-05-07,113,house,hswm00,Committee on Ways and Means,Subcommittee on Health,DEVELOPING A VIABLE MEDICARE PHYSICIAN PAYMENT POLICY,,"possible match (same committee, same days, different title)",https://www.govinfo.gov/content/pkg/CHRG-113hhrg21108/html/CHRG-113hhrg21108.htm
2013-05-07,113,house,hsed00,Committee on Education and the Workforce,,RAISING THE BAR: EXPLORING STATE AND LOCAL EFFORTS TO IMPROVE ACCOUNTABILITY,,"possible match (same committee, same days, different title)",https://www.govinfo.gov/content/pkg/CHRG-113hhrg80773/html/CHRG-113hhrg80773.htm
2013-05-07,113,house,hsfa00,Committee on Foreign Affairs,,LOCAL AND PRIVATE SECTOR INITIATIVES TO COMBAT INTERNATIONAL HUMAN TRAFFICKING,,"possible match (same committee, same days, different title)",https://www.govinfo.gov/content/pkg/CHRG-113hhrg80798/html/CHRG-113hhrg80798.htm
2013-05-07,113,house,hsfa00,Committee on Foreign Affairs,"Subcommittee on Africa, Global Health, Global Human Rights, and International Organizations",INCREASING AMERICAN JOBS THROUGH GREATER EXPORTS TO AFRICA,,"possible match (same committee, same days, different title)",https://www.govinfo.gov/content/pkg/CHRG-113hhrg80799/html/CHRG-113hhrg80799.htm
2013-05-07,113,house,hsii00,Committee on Natural Resources,Subcommittee on Public Lands and Environmental Regulation,IMPEDIMENTS TO PUBLIC RECREATION ON PUBLIC LANDS,,"possible match (same committee, same days, different title)",https://www.govinfo.gov/content/pkg/CHRG-113hhrg80815/html/CHRG-113hhrg80815.htm
2013-05-07,113,house,hssy00,"Committee on Science, Space, and Technology",Subcommittee on Environment,KEYSTONE XL PIPELINE: EXAMINING SCIENTIFIC AND ENVIRONMENTAL ISSUES,,"possible match (same committee, same days, different title)",https://www.govinfo.gov/content/pkg/CHRG-113hhrg81190/html/CHRG-113hhrg81190.htm
2013-05-07,113,house,hsgo00,Committee on Oversight and Government Reform,"Subcommittee on Economic Growth, Job Creation and Regulatory Affairs",Serial No. 113-23 (Committee on Oversight and Government Reform) and Serial No. 113-6 (Committee on Judiciary) - DOJ'S QUID PRO QUO WITH ST. PAUL: A WHISTLEBLOWER'S PERSPECTIVE,,"possible match (same committee, same days, different title)",https://www.govinfo.gov/content/pkg/CHRG-113hhrg81282/html/CHRG-113hhrg81282.htm
2013-05-07,113,house,hsif00,Committee on Energy and Commerce,Subcommittee on Energy and Power,U.S. ENERGY ABUNDANCE: EXPORTS AND THE CHANGING GLOBAL ENERGY LANDSCAPE,,"possible match (same committee, same days, different title)",https://www.govinfo.gov/content/pkg/CHRG-113hhrg82191/html/CHRG-113hhrg82191.htm
2013-05-07,113,house,hsvr00,Committee on Veterans' Affairs,Subcommittee on Oversight and Investigations,VA CONSTRUCTION POLICY: FAILED PLANS RESULT IN PLANS THAT FAIL,,"possible match (same committee, same days, different title)",https://www.govinfo.gov/content/pkg/CHRG-113hhrg82234/html/CHRG-113hhrg82234.htm
2013-05-07,113,joint,jsec00,Joint Economic Committee,,IMMIGRATION AND ITS CONTRIBUTION TO OUR ECONOMIC STRENGTH PART I,,"possible match (same committee, same days, different title)",https://www.govinfo.gov/content/pkg/CHRG-113jhrg81372/html/CHRG-113jhrg81372.htm
2013-05-06,113,joint,jcse00,Commission on Security and Cooperation in Europe (U.S. Helsinki Commission),,DEMOCRACY IN ALBANIA: THE PACE OF PROGRESS,,no video found,https://www.govinfo.gov/content/pkg/CHRG-113jhrg95505/html/CHRG-113jhrg95505.htm
2013-04-30,113,house,hsed00,Committee on Education and the Workforce,,HEALTH CARE CHALLENGES FACING NORTH CAROLINA'S WORKERS AND JOB CREATORS,,no video found,https://www.govinfo.gov/content/pkg/CHRG-113hhrg80426/html/CHRG-113hhrg80426.htm
2013-04-26,113,house,hssy00,"Committee on Science, Space, and Technology",,REVIEW OF FEDERAL HYDRAULIC FRACTURING RESEARCH ACTIVITIES,,"possible match (same committee, same days, different title)",https://www.govinfo.gov/content/pkg/CHRG-113hhrg80564/html/CHRG-113hhrg80564.htm
2013-04-26,113,house,hsas00,Committee on Armed Services,Subcommittee on Readiness,[H.A.S.C. No. 113-41] THE READINESS POSTURE OF THE U.S. NAVY AND THE U.S. MARINE CORPS,,no video found,https://www.govinfo.gov/content/pkg/CHRG-113hhrg80770/html/CHRG-113hhrg80770.htm
2013-04-26,113,house,hsas00,Committee on Armed Services,Subcommittee on Tactical Air and Land Forces Hearing,[H.A.S.C. No. 113-42]NATIONAL DEFENSE AUTHORIZATION ACT FOR FISCAL YEAR 2014 AND OVERSIGHT OF PREVIOUSLY AUTHORIZED PROGRAMS,,no video found,https://www.govinfo.gov/content/pkg/CHRG-113hhrg80771/html/CHRG-113hhrg80771.htm
2013-04-26,113,house,hshm00,Committee on Homeland Security,Subcommittee on Oversight and Management Efficiency,CUTTING DHS DUPLICATION AND WASTEFUL SPENDING: IMPLEMENTING PRIVATE-SECTOR BEST PRACTICES AND WATCHDOG REC- OMMENDATIONS,,"possible match (same committee, same days, different title)",https://www.govinfo.gov/content/pkg/CHRG-113hhrg82588/html/CHRG-113hhrg82588.htm
2013-04-26,113,house,hswm00,Committee on Ways and Means,Subcommittee on Social Security,THE CHALLENGES FACING THE NEXT COMMISSIONER OF SOCIAL SECURITY,,no video found,https://www.govinfo.gov/content/pkg/CHRG-113hhrg89586/html/CHRG-113hhrg89586.htm
2013-04-25,113,house,hswm00,Committee on Ways and Means,,TAX REFORM AND RESIDENTIAL REAL ESTATE,,"possible match (same committee, same days, different title)",https://www.govinfo.gov/content/pkg/CHRG-113hhrg21124/html/CHRG-113hhrg21124.htm
2013-04-25,113,house,hsju00,Committee on the Judiciary,"Subcommittee on Crime, Terrorism, Homeland Security, and Investigations",ELECTRONIC COMMUNICATIONS PRIVACY ACT (ECPA) (PART II): GEOLOCATION PRIVACY AND SURVEILLANCE,,"possible match (same committee, same days, different title)",https://www.govinfo.gov/content/pkg/CHRG-113hhrg80542/html/CHRG-113hhrg80542.htm
2013-04-25,113,house,hsju00,Committee on the Judiciary,Subcommittee on the Constitution and Civil Justice,VICTIMS' RIGHTS AMENDMENT,,"possible match (same committee, same days, different title)",https://www.govinfo.gov/content/pkg/CHRG-113hhrg80543/html/CHRG-113hhrg80543.htm
2013-04-25,113,house,hsju00,Committee on the Judiciary,"Subcommittee on Courts, Intellectual Property, and the Internet",AN EXAMINATION OF THE JUDICIAL CONDUCT AND DISABILITY SYSTEM,,"possible match (same committee, same days, different title)",https://www.govinfo.gov/content/pkg/CHRG-113hhrg80544/html/CHRG-113hhrg80544.htm
2013-04-25,113,house,hsfa00,Committee on Foreign Affairs,,THE FY 2014 BUDGET REQUEST: U.S. FOREIGN ASSISTANCE PRIORITIES AND STRATEGY,,"possible match (same committee, same days, different title)",https://www.govinfo.gov/content/pkg/CHRG-113hhrg80548/html/CHRG-113hhrg80548.htm
2013-04-25,113,house,hsfa00,Committee on Foreign Affairs,"Subcommittee on Terrorism, Nonproliferation, and Trade",NATURAL GAS EXPORTS: ECONOMIC AND GEOPOLITICAL OPPORTUNITIES,,"possible match (same committee, same days, different title)",https://www.govinfo.gov/content/pkg/CHRG-113hhrg80549/html/CHRG-113hhrg80549.htm
2013-04-25,113,house,hsfa00,Committee on Foreign Affairs,Subcommittee on Asia and the Pacific,THE TAIWAN RELATIONS ACT OF 2013,,"possible match (same committee, same days, different title)",https://www.govinfo.gov/content/pkg/CHRG-113hhrg80550/html/CHRG-113hhrg80550.htm
2013-04-25,113,house,hssy00,"Committee on Science, Space, and Technology",,POLICY RELEVANT CLIMATE ISSUES IN CONTEXT,,"possible match (same committee, same days, different title)",https://www.govinfo.gov/content/pkg/CHRG-113hhrg80563/html/CHRG-113hhrg80563.htm
2013-04-25,113,house,hspw00,Committee on Transportation and Infrastructure,Subcommittee on Highways and Transit,IMPLEMENTING MAP-21: THE STATE AND LOCAL PERSPECTIVE,,"possible match (same committee, same days, different title)",https://www.govinfo.gov/content/pkg/CHRG-113hhrg80578/html/CHRG-113hhrg80578.htm
2013-04-25,113,house,hsas00,Committee on Armed Services,,[H.A.S.C. No. 113-38]BUDGET REQUEST FROM THE DEPARTMENT OF THE ARMY,,no video found,https://www.govinfo.gov/content/pkg/CHRG-113hhrg80767/html/CHRG-113hhrg80767.htm
2013-04-25,113,house,hsas00,Committee on Armed Services,Subcommittee on Oversight and Investigations,[H.A.S.C. No. 113-39] TRANSITIONING TO AFGHAN SECURITY LEAD: PROTECTING AFGHAN WOMEN?,,no video found,https://www.govinfo.gov/content/pkg/CHRG-113hhrg80768/html/CHRG-113hhrg80768.htm
2013-04-25,113,house,hsas00,Committee on Armed Services,Subcommittee on Strategic Forces Hearing,[H.A.S.C. No. 113-40]BUDGET REQUEST FOR NATIONAL SECURITY SPACE ACTIVITIES,,no video found,https://www.govinfo.gov/content/pkg/CHRG-113hhrg80769/html/CHRG-113hhrg80769.htm
2013-04-25,113,house,hsii00,Committee on Natural Resources,Subcommittee on Water and Power,"FEDERAL IMPEDIMENTS TO WATER RIGHTS, JOB CREATION, AND RECREATION: A LOCAL PERSPECTIVE",,no video found,https://www.govinfo.gov/content/pkg/CHRG-113hhrg80978/html/CHRG-113hhrg80978.htm
2013-04-25,113,house,hsii00,Committee on Natural Resources,Subcommittee on Energy and Mineral Resources,"OVERSIGHT HEARING ON THE U.S.-MEXICO TRANSBOUNDARY HYDROCARBON AGREEMENT AND STEPS NEEDED FOR IMPLEMENTATION; AND LEGISLATIVE HEARING ON H.R. 1613, OUTER CONTINENTAL SHELF TRANSBOUNDARY HYDROCARBON AGREEMENTS AUTHORIZATION ACT",,no video found,https://www.govinfo.gov/content/pkg/CHRG-113hhrg80979/html/CHRG-113hhrg80979.htm
2013-04-25,113,house,hshm00,Committee on Homeland Security,"Subcommittee on Cybersecurity, Infrastructure Protection, and Security Technologies",STRIKING THE RIGHT BALANCE: PROTECTING OUR NATION'S CRITICAL INFRASTRUCTURE FROM CYBER ATTACK AND ENSURING PRIVACY AND CIVIL LIBERTIES,,"possible match (same committee, same days, different title)",https://www.govinfo.gov/content/pkg/CHRG-113hhrg82587/html/CHRG-113hhrg82587.htm
2013-04-25,113,house,hsap00,Committee on Appropriations,"Subcommittee on Agriculture, Rural Development, Food and Drug","AGRICULTURE, RURAL DEVELOPMENT, FOOD AND DRUG ADMINISTRATION, AND RELATED AGENCIES APPROPRIATIONS FOR 2014",,"possible match (same committee, same days, different title)",https://www.govinfo.gov/content/pkg/CHRG-113hhrg82639/html/CHRG-113hhrg82639.htm
2013-04-24,113,house,hsed00,Committee on Education and the Workforce,,"KEEPING COLLEGE WITHIN REACH: ENHANCING TRANSPARENCY FOR STUDENTS, FAMILIES AND TAXPAYERS",,"possible match (same committee, same days, different title)",https://www.govinfo.gov/content/pkg/CHRG-113hhrg80427/html/CHRG-113hhrg80427.htm
2013-04-24,113,house,hsbu00,Committee on the Budget,,STATE OF THE HIGHWAY TRUST FUND: LONG-TERM SOLUTIONS FOR SOLVENCY,,"possible match (same committee, same days, different title)",https://www.govinfo.gov/content/pkg/CHRG-113hhrg80475/html/CHRG-113hhrg80475.htm
2013-04-24,113,house,hssy00,"Committee on Science, Space, and Technology",,NEXT GENERATION COMPUTING AND BIG DATA ANALYTICS,,"possible match (same committee, same days, different title)",https://www.govinfo.gov/content/pkg/CHRG-113hhrg80561/html/CHRG-113hhrg80561.htm
2013-04-24,113,house,hssy00,"Committee on Science, Space, and Technology",,AN OVERVIEW OF THE NATIONAL AERONAUTICS AND SPACE ADMINISTRATION BUDGET FOR FISCAL YEAR 2014,,"possible match (same committee, same days, different title)",https://www.govinfo.gov/content/pkg/CHRG-113hhrg80562/html/CHRG-113hhrg80562.htm
2013-04-24,113,house,hspw00,Committee on Transportation and Infrastructure,Subcommittee on Water Resources and Environment,THE PRESIDENT'S FISCAL YEAR 2014 BUDGET: ADMINISTRATION PRIORITIES FOR THE U.S. ARMY CORPS OF ENGINEERS,,"possible match (same committee, same days, different title)",https://www.govinfo.gov/content/pkg/CHRG-113hhrg80576/html/CHRG-113hhrg80576.htm
2013-04-24,113,house,hspw00,Committee on Transportation and Infrastructure,,OVERVIEW OF THE UNITED STATES FREIGHT TRANSPORTATION SYSTEM,,"possible match (same committee, same days, different title)",https://www.govinfo.gov/content/pkg/CHRG-113hhrg80577/html/CHRG-113hhrg80577.htm
2013-04-24,113,house,hsas00,Committee on Armed Services,Subcommittee on Seapower and Projection Forces Hearing,[H.A.S.C. No. 113-35]NATIONAL DEFENSE AUTHORIZATION ACT FOR FISCAL YEAR 2014 AND OVERSIGHT OF U.S. NAVAL AND U.S. AIR FORCE ACQUISITION PROGRAMS,,no video found,https://www.govinfo.gov/content/pkg/CHRG-113hhrg80764/html/CHRG-113hhrg80764.htm
2013-04-24,113,house,hsas00,Committee on Armed Services,Subcommittee on Readiness,[H.A.S.C. No. 113-36]THE READINESS POSTURE OF THE U.S. AIR FORCE,,no video found,https://www.govinfo.gov/content/pkg/CHRG-113hhrg80765/html/CHRG-113hhrg80765.htm
2013-04-24,113,house,hsas00,Committee on Armed Services,Subcommittee on Military Personnel,"[H.A.S.C. No. 113-37]STATUS OF IMPLEMENTATION OF THE REQUIREMENTS OF THE VOW ACT AND THE RECOMMENDATIONS OF THE PRESIDENTIAL VETERANS EMPLOYMENT INITIATIVE TASK FORCE FOR THE DOD TRANSITION ASSISTANCE PROGRAM GOALS, PLANS, AND SUCCESS (GPS)",,no video found,https://www.govinfo.gov/content/pkg/CHRG-113hhrg80766/html/CHRG-113hhrg80766.htm
2013-04-24,113,house,hsag00,Committee on Agriculture,"Subcommittee on Horticulture, Research, Biotechnology, and Foreign Agriculture",HEARING TO REVIEW HORTICULTURE PRIORITIES FOR THE 2013 FARM BILL,,no video found,https://www.govinfo.gov/content/pkg/CHRG-113hhrg80841/html/CHRG-113hhrg80841.htm
2013-04-24,113,house,hsba00,Committee on Financial Services,,BUILDING A SUSTAINABLE HOUSING FINANCE SYSTEM: EXAMINING REGULATORY IMPEDIMENTS TO PRIVATE INVESTMENT CAPITAL,,"possible match (same committee, same days, different title)",https://www.govinfo.gov/content/pkg/CHRG-113hhrg80882/html/CHRG-113hhrg80882.htm
2013-04-24,113,house,hsvr00,Committee on Veterans' Affairs,,EXAMINING THE IMPLICATIONS OF THE AFFORDABLE CARE ACT ON VA HEALTH CARE,,"possible match (same committee, same days, different title)",https://www.govinfo.gov/content/pkg/CHRG-113hhrg82233/html/CHRG-113hhrg82233.htm
2013-04-24,113,house,hsap00,Committee on Appropriations,,DEPARTMENT OF DEFENSE APPROPRIATIONS FOR 2014,,"possible match (same committee, same days, different title)",https://www.govinfo.gov/content/pkg/CHRG-113hhrg86557/html/CHRG-113hhrg86557.htm
2013-04-24,113,joint,jsec00,Joint Economic Committee,,LONG-TERM UNEMPLOYMENT: CONSEQUENCES AND SOLUTIONS,,no video found,https://www.govinfo.gov/content/pkg/CHRG-113jhrg81227/html/CHRG-113jhrg81227.htm
2013-04-23,113,house,hsfa00,Committee on Foreign Affairs,"Subcommittee on Africa, Global Health, Global Human Rights, and International Organizations",MEETING THE CHALLENGE OF DRUG-RESISTANT DISEASES IN DEVELOPING COUNTRIES,,"possible match (same committee, same days, different title)",https://www.govinfo.gov/content/pkg/CHRG-113hhrg80545/html/CHRG-113hhrg80545.htm
2013-04-23,113,house,hsas00,Committee on Armed Services,Subcommittee on Tactical Air and Land Forces Hearing,[H.A.S.C. No. 113-34]POST IRAQ AND AFGHANISTAN: CURRENT AND FUTURE ROLES FOR UAS AND THE FISCAL YEAR 2014 BUDGET REQUEST,,no video found,https://www.govinfo.gov/content/pkg/CHRG-113hhrg80763/html/CHRG-113hhrg80763.htm
2013-04-18,113,house,hsju00,Committee on the Judiciary,Subcommittee on the Constitution and Civil Justice,HEARING ON THE ``PRIVATE PROPERTY RIGHTS PROTECTION ACT OF 2013'',,no video found,https://www.govinfo.gov/content/pkg/CHRG-113hhrg80460/html/CHRG-113hhrg80460.htm
2013-04-18,113,house,hsfa00,Committee on Foreign Affairs,"Subcommittee on Africa, Global Health, Global Human Rights, and International Organizations",TIER RANKINGS IN THE FIGHT AGAINST HUMAN TRAFFICKING,,"possible match (same committee, same days, different title)",https://www.govinfo.gov/content/pkg/CHRG-113hhrg80464/html/CHRG-113hhrg80464.htm
2013-04-18,113,house,hssy00,"Committee on Science, Space, and Technology",,AN OVERVIEW OF THE FISCAL YEAR 2014 BUDGET PROPOSAL AT THE NATIONAL INSTITUTE OF STANDARDS AND TECHNOLOGY (NIST),,"possible match (same committee, same days, different title)",https://www.govinfo.gov/content/pkg/CHRG-113hhrg80560/html/CHRG-113hhrg80560.htm
2013-04-18,113,house,hshm00,Committee on Homeland Security,,THE PRESIDENT'S FISCAL YEAR 2014 BUDGET REQUEST FOR THE DEPARTMENT OF HOMELAND SECURITY,,"possible match (same committee, same days, different title)",https://www.govinfo.gov/content/pkg/CHRG-113hhrg82585/html/CHRG-113hhrg82585.htm
2013-04-18,113,house,hsap00,Committee on Appropriations,"Subcommittee on Agriculture, Rural Development, Food and Drug","AGRICULTURE, RURAL DEVELOPMENT, FOOD AND DRUG ADMINISTRATION, AND RELATED AGENCIES APPROPRIATIONS FOR 2014",,no video found,https://www.govinfo.gov/content/pkg/CHRG-113hhrg82661/html/CHRG-113hhrg82661.htm
2013-04-18,113,house,hsap00,Committee on Appropriations,,"MILITARY CONSTRUCTION, VETERANS AFFAIRS, AND RELATED AGENCIES APPROPRIATIONS FOR 2014",,no video found,https://www.govinfo.gov/content/pkg/CHRG-113hhrg82809/html/CHRG-113hhrg82809.htm
2013-04-18,113,house,hsap00,Committee on Appropriations,,"COMMERCE, JUSTICE, SCIENCE, AND RELATED AGENCIES APPROPRIATIONS FOR 2014",,no video found,https://www.govinfo.gov/content/pkg/CHRG-113hhrg86651/html/CHRG-113hhrg86651.htm
2013-04-18,113,joint,jsec00,Joint Economic Committee,,THE FED AT 100: CAN MONETARY POLICY CLOSE THE GROWTH GAP AND PROMOTE A SOUND DOLLAR?,,"possible match (same committee, same days, different title)",https://www.govinfo.gov/content/pkg/CHRG-113jhrg80774/html/CHRG-113jhrg80774.htm
2013-04-17,113,house,hspw00,Committee on Transportation and Infrastructure,,GAO REVIEW: ARE ADDITIONAL FEDERAL COURTHOUSES JUSTIFIED?,,"possible match (same committee, same days, different title)",https://www.govinfo.gov/content/pkg/CHRG-113hhrg80438/html/CHRG-113hhrg80438.htm
2013-04-17,113,house,hssy00,"Committee on Science, Space, and Technology",,A REVIEW OF THE PRESIDENT'S FY 2014 BUDGET REQUEST FOR SCIENCE AGENCIES,,"possible match (same committee, same days, different title)",https://www.govinfo.gov/content/pkg/CHRG-113hhrg80558/html/CHRG-113hhrg80558.htm
2013-04-17,113,house,hssy00,"Committee on Science, Space, and Technology",,AN OVERVIEW OF THE NATIONAL SCIENCE FOUNDATION BUDGET FOR FISCAL YEAR 2014,,"possible match (same committee, same days, different title)",https://www.govinfo.gov/content/pkg/CHRG-113hhrg80559/html/CHRG-113hhrg80559.htm
2013-04-17,113,house,hsas00,Committee on Armed Services,,[H.A.S.C. No. 113-31] RECENT DEVELOPMENTS IN AFGHANISTAN,,no video found,https://www.govinfo.gov/content/pkg/CHRG-113hhrg80760/html/CHRG-113hhrg80760.htm
2013-04-17,113,house,hsas00,Committee on Armed Services,Subcommittee on Tactical Air and Land Forces Hearing,[H.A.S.C. No. 113-32] HEARING ON NATIONAL DEFENSE AUTHORIZATION ACT FOR FISCAL YEAR 2014 AND OVERSIGHT OF PREVIOUSLY AUTHORIZED PROGRAMS BEFORE THE COMMITTEE ON ARMED SERVICES HOUSE OF REPRESENTATIVES ONE HUNDRED THIRTEENTH CONGRESS FIRST SESSION,,no video found,https://www.govinfo.gov/content/pkg/CHRG-113hhrg80761/html/CHRG-113hhrg80761.htm
2013-04-17,113,house,hsas00,Committee on Armed Services,"Subcommittee on Intelligence, Emerging Threats and Capabilities Hearing",[H.A.S.C. No. 113-33]NATIONAL DEFENSE AUTHORIZATION ACT FOR FISCAL YEAR 2014 AND OVERSIGHT OF PREVIOUSLY AUTHORIZED PROGRAMS,,no video found,https://www.govinfo.gov/content/pkg/CHRG-113hhrg80762/html/CHRG-113hhrg80762.htm
2013-04-17,113,house,hsgo00,Committee on Oversight and Government Reform,Subcommittee on National Security,CONTRACTING TO FEED U.S. TROOPS IN AFGHANISTAN: HOW DID THE DEFENSE DEPARTMENT END UP IN A MULTI-BILLION DOLLAR BILLING DISPUTE?,,"possible match (same committee, same days, different title)",https://www.govinfo.gov/content/pkg/CHRG-113hhrg81829/html/CHRG-113hhrg81829.htm
2013-04-16,113,house,hsbu00,Committee on the Budget,,THE PRESIDENT'S FISCAL YEAR 2014 REVENUE AND ECONOMIC POLICY PROPOSALS,,"possible match (same committee, same days, different title)",https://www.govinfo.gov/content/pkg/CHRG-113hhrg80291/html/CHRG-113hhrg80291.htm
2013-04-16,113,house,hsed00,Committee on Education and the Workforce,,KEEPING COLLEGE WITHIN REACH: THE ROLE OF FEDERAL STUDENT AID PROGRAMS,,"possible match (same committee, same days, different title)",https://www.govinfo.gov/content/pkg/CHRG-113hhrg80339/html/CHRG-113hhrg80339.htm
2013-04-16,113,house,hspw00,Committee on Transportation and Infrastructure,Subcommittee on Coast Guard and Maritime Transportation,PRESIDENT'S FISCAL YEAR 2014 BUDGET REQUEST FOR COAST GUARD AND MARITIME TRANSPORTATION PROGRAMS,,"possible match (same committee, same days, different title)",https://www.govinfo.gov/content/pkg/CHRG-113hhrg80436/html/CHRG-113hhrg80436.htm
2013-04-16,113,house,hspw00,Committee on Transportation and Infrastructure,Subcommittee on Water Resources and Environment,THE FOUNDATIONS FOR A NEW WATER RESOURCES DEVELOPMENT ACT,,"possible match (same committee, same days, different title)",https://www.govinfo.gov/content/pkg/CHRG-113hhrg80437/html/CHRG-113hhrg80437.htm
2013-04-16,113,house,hsvr00,Committee on Veterans' Affairs,Subcommittee on Disability Assistance and Memorial Affairs,"LEGISLATIVE HEARING ON H.R. 569, H.R. 570, H.R. 602, H.R. 671, H.R. 679, H.R. 733, H.R. 894 AND H.R. 1405",,no video found,https://www.govinfo.gov/content/pkg/CHRG-113hhrg80455/html/CHRG-113hhrg80455.htm
2013-04-16,113,house,hsju00,Committee on the Judiciary,,MISMANAGEMENT AT THE CIVIL RIGHTS DIVISION OF THE DEPARTMENT OF JUSTICE,,no video found,https://www.govinfo.gov/content/pkg/CHRG-113hhrg80458/html/CHRG-113hhrg80458.htm
2013-04-16,113,house,hsju00,Committee on the Judiciary,"Subcommittee on Courts, Intellectual Property, and the Internet",ABUSIVE PATENT LITIGATION: THE ISSUES IMPACTING AMERICAN COMPETITIVENESS AND JOB CREATION AT THE INTERNATIONAL TRADE COMMISSION AND BEYOND,,no video found,https://www.govinfo.gov/content/pkg/CHRG-113hhrg80459/html/CHRG-113hhrg80459.htm
2013-04-16,113,house,hsfa00,Committee on Foreign Affairs,"Subcommittee on Europe, Eurasia, and Emerging Threats",CHINA'S RAPID POLITICAL AND ECONOMIC ADVANCES IN CENTRAL ASIA AND RUSSIA,,"possible match (same committee, same days, different title)",https://www.govinfo.gov/content/pkg/CHRG-113hhrg80462/html/CHRG-113hhrg80462.htm
2013-04-16,113,house,hsii00,Committee on Natural Resources,Subcommittee on Public Lands and Environmental Regulation,"H.R. 250, H.R. 382, H.R. 432, H.R. 758, H.R. 1512, H.R. 1434, H.R. 1439, H.R. 1459, AND H.R. 885",,no video found,https://www.govinfo.gov/content/pkg/CHRG-113hhrg80524/html/CHRG-113hhrg80524.htm
2013-04-16,113,house,hsas00,Committee on Armed Services,,[H.A.S.C. No. 113-28]NATIONAL DEFENSE AUTHORIZATION BUDGET REQUEST FROM THE DEPARTMENT OF THE NAVY,,no video found,https://www.govinfo.gov/content/pkg/CHRG-113hhrg80757/html/CHRG-113hhrg80757.htm
2013-04-16,113,house,hsas00,Committee on Armed Services,Subcommittee on Readiness,[H.A.S.C. No. 113-29]THE READINESS POSTURE OF THE U.S. ARMY,,no video found,https://www.govinfo.gov/content/pkg/CHRG-113hhrg80758/html/CHRG-113hhrg80758.htm
2013-04-16,113,house,hsas00,Committee on Armed Services,"Subcommittee on Intelligence, Emerging Threats and Capabilities Hearing",[H.A.S.C. No. 113-30]NATIONAL DEFENSE AUTHORIZATION BUDGET REQUEST FOR DEPARTMENT OF DEFENSE (DOD) SCIENCE AND TECHNOLOGY PROGRAMS,,no video found,https://www.govinfo.gov/content/pkg/CHRG-113hhrg80759/html/CHRG-113hhrg80759.htm
2013-04-16,113,house,hsba00,Committee on Financial Services,Subcommittee on Oversight and Investigations,WHO IS TOO BIG TO FAIL: DOES DODD-FRANK AUTHORIZE THE GOVERNMENT TO BREAK UP FINANCIAL INSTITUTIONS?,,"possible match (same committee, same days, different title)",https://www.govinfo.gov/content/pkg/CHRG-113hhrg80880/html/CHRG-113hhrg80880.htm
2013-04-16,113,house,hsap00,Committee on Appropriations,"Subcommittee on Interior, Environment, and","INTERIOR, ENVIRONMENT, AND RELATED AGENCIES APPROPRIATIONS FOR 2014",,no video found,https://www.govinfo.gov/content/pkg/CHRG-113hhrg81745/html/CHRG-113hhrg81745.htm
2013-04-16,113,house,hsap00,Committee on Appropriations,,"STATE, FOREIGN OPERATIONS, AND RELATED PROGRAMS APPROPRIATIONS FOR 2014",,no video found,https://www.govinfo.gov/content/pkg/CHRG-113hhrg87541/html/CHRG-113hhrg87541.htm
2013-04-16,113,house,hswm00,Committee on Ways and Means,Subcommittee on Human Resources,IMPLEMENTATION OF 2012 UNEMPLOYMENT INSURANCE REFORMS,,"possible match (same committee, same days, different title)",https://www.govinfo.gov/content/pkg/CHRG-113hhrg89538/html/CHRG-113hhrg89538.htm
2013-04-12,113,house,hswm00,Committee on Ways and Means,,THE PRESIDENT'S FISCAL YEAR 2014 BUDGET PROPOSAL WITH U.S. DEPARTMENT OF HEALTH AND HUMAN SERVICES SECRETARY KATHLEEN SEBELIUS,,"possible match (same committee, same days, different title)",https://www.govinfo.gov/content/pkg/CHRG-113hhrg21125/html/CHRG-113hhrg21125.htm
2013-04-12,113,house,hsii00,Committee on Natural Resources,Subcommittee on Public Lands and Environmental Regulation,"H.R. 1208, TO ESTABLISH THE MANHATTAN PROJECT NATIONAL HISTORICAL PARK IN OAK RIDGE, TN, LOS ALAMOS, NM, AND HANFORD, WA",,no video found,https://www.govinfo.gov/content/pkg/CHRG-113hhrg80442/html/CHRG-113hhrg80442.htm
2013-04-12,113,house,hsas00,Committee on Armed Services,,[H.A.S.C. No. 113-27]NATIONAL DEFENSE AUTHORIZATION BUDGET REQUEST FROM THE DEPARTMENT OF THE AIR FORCE,,no video found,https://www.govinfo.gov/content/pkg/CHRG-113hhrg80756/html/CHRG-113hhrg80756.htm
2013-04-12,113,house,hsap00,Committee on Appropriations,"Subcommittee on Interior, Environment, and","INTERIOR, ENVIRONMENT, AND RELATED AGENCIES APPROPRIATIONS FOR 2014",,no video found,https://www.govinfo.gov/content/pkg/CHRG-113hhrg81691/html/CHRG-113hhrg81691.htm
2013-04-12,113,house,hshm00,Committee on Homeland Security,Subcommittee on Oversight and Management Efficiency,THE IMPACT OF SEQUESTRATION ON HOMELAND SECURITY: SCARE TACTICS OR POSSIBLE THREAT?,,no video found,https://www.govinfo.gov/content/pkg/CHRG-113hhrg82584/html/CHRG-113hhrg82584.htm
2013-04-12,113,house,hsap00,Committee on Appropriations,"Subcommittee on Agriculture, Rural Development, Food and Drug","AGRICULTURE, RURAL DEVELOPMENT, FOOD AND DRUG ADMINISTRATION, AND RELATED AGENCIES APPROPRIATIONS FOR 2014",,no video found,https://www.govinfo.gov/content/pkg/CHRG-113hhrg82638/html/CHRG-113hhrg82638.htm
2013-04-12,113,house,hsap00,Committee on Appropriations,,"MILITARY CONSTRUCTION, VETERANS AFFAIRS, AND RELATED AGENCIES APPROPRIATIONS FOR 2014",,no video found,https://www.govinfo.gov/content/pkg/CHRG-113hhrg82770/html/CHRG-113hhrg82770.htm
2013-04-11,113,house,hswm00,Committee on Ways and Means,,THE PRESIDENT'S FISCAL YEAR 2014 BUDGET PROPOSAL WITH U.S. DEPARTMENT OF THE TREASURY SECRETARY JACOB J. LEW,,"possible match (same committee, same days, different title)",https://www.govinfo.gov/content/pkg/CHRG-113hhrg21126/html/CHRG-113hhrg21126.htm
2013-04-11,113,house,hsbu00,Committee on the Budget,,THE PRESIDENT'S FISCAL YEAR 2014 BUDGET,,no video found,https://www.govinfo.gov/content/pkg/CHRG-113hhrg80216/html/CHRG-113hhrg80216.htm
2013-04-11,113,house,hsed00,Committee on Education and the Workforce,,"H.R. 1406, WORKING FAMILIES FLEXIBILITY ACT OF 2013",,"possible match (same committee, same days, different title)",https://www.govinfo.gov/content/pkg/CHRG-113hhrg80251/html/CHRG-113hhrg80251.htm
2013-04-11,113,house,hspw00,Committee on Transportation and Infrastructure,"Subcommittee on Railroads, Pipelines, and Hazardous Materials",AMTRAK'S FISCAL YEAR 2014 BUDGET: THE STARTING POINT FOR REAUTHORIZATION,,no video found,https://www.govinfo.gov/content/pkg/CHRG-113hhrg80348/html/CHRG-113hhrg80348.htm
2013-04-11,113,house,hsfa00,Committee on Foreign Affairs,"Subcommittee on Africa, Global Health, Global Human Rights, and International Organizations",HIGHLIGHTING VIETNAMESE GOVERNMENT HUMAN RIGHTS VIOLATIONS IN ADVANCE OF THE U.S.-VIETNAM DIALOGUE,,"possible match (same committee, same days, different title)",https://www.govinfo.gov/content/pkg/CHRG-113hhrg80363/html/CHRG-113hhrg80363.htm
2013-04-11,113,house,hsfa00,Committee on Foreign Affairs,Subcommittee on the Western Hemisphere,ENERGY OPPORTUNITIES IN LATIN AMERICA AND THE CARIBBEAN,,"possible match (same committee, same days, different title)",https://www.govinfo.gov/content/pkg/CHRG-113hhrg80365/html/CHRG-113hhrg80365.htm
2013-04-11,113,house,hsii00,Committee on Natural Resources,Subcommittee on Public Lands and Environmental Regulation,"H.R. _, RESTORING HEALTHY FORESTS FOR HEALTHY COMMUNITIES ACT; H.R. 1294, SELF-SUFFICIENT COMMUNITIES LAND ACT; H.R. 818, HEALTHY FOREST MANAGEMENT AND WILDFIRE PREVENTION ACT; H.R. 1345, CATASTROPHIC WILDFIRE PREVENTION ACT OF 2013; H.R. _, DEPLETING RISK FROM INSECT INFESTATION, SOIL EROSION, AND CATASTROPHIC FIRE ACT OF 2013; AND H.R. 1442, DEPLETING RISK FROM INSECT INFESTATION, SOIL EROSION, AND CATASTROPHIC FIRE ACT OF 2013.",,no video found,https://www.govinfo.gov/content/pkg/CHRG-113hhrg80441/html/CHRG-113hhrg80441.htm
2013-04-11,113,house,hsvr00,Committee on Veterans' Affairs,,U.S. DEPARTMENT OF VETERANS AFFAIRS BUDGET REQUEST FOR FISCAL YEAR 2014,,"possible match (same committee, same days, different title)",https://www.govinfo.gov/content/pkg/CHRG-113hhrg80454/html/CHRG-113hhrg80454.htm
2013-04-11,113,house,hsas00,Committee on Armed Services,,[H.A.S.C. No. 113-25]NATIONAL DEFENSE AUTHORIZATION BUDGET REQUEST FROM THE DEPARTMENT OF DEFENSE,,no video found,https://www.govinfo.gov/content/pkg/CHRG-113hhrg80754/html/CHRG-113hhrg80754.htm
2013-04-11,113,house,hsas00,Committee on Armed Services,Subcommittee on Tactical Air and Land Forces Hearing,[H.A.S.C. No. 113-26]NATIONAL DEFENSE AUTHORIZATION ACT FOR FISCAL YEAR 2014 AND OVERSIGHT OF PREVIOUSLY AUTHORIZED PROGRAMS,,no video found,https://www.govinfo.gov/content/pkg/CHRG-113hhrg80755/html/CHRG-113hhrg80755.htm
2013-04-11,113,house,hsba00,Committee on Financial Services,Subcommittee on Capital Markets and Government Sponsored Enterprises,LEGISLATIVE PROPOSALS REGARDING DERIVATIVES AND SEC ECONOMIC ANALYSIS,,"possible match (same committee, same days, different title)",https://www.govinfo.gov/content/pkg/CHRG-113hhrg80878/html/CHRG-113hhrg80878.htm
2013-04-11,113,house,hsgo00,Committee on Oversight and Government Reform,"Subcommittee on Federal Workforce, U.S. Postal Service and the Census",THE FEDERAL EMPLOYEES HEALTH BENEFITS PROGRAM: IS IT A GOOD VALUE FOR FEDERAL EMPLOYEES?,,"possible match (same committee, same days, different title)",https://www.govinfo.gov/content/pkg/CHRG-113hhrg81665/html/CHRG-113hhrg81665.htm
2013-04-11,113,house,hsap00,Committee on Appropriations,Subcommittee on Homeland Security,DEPARTMENT OF HOMELAND SECURITY APPROPRIATIONS FOR 2014,,no video found,https://www.govinfo.gov/content/pkg/CHRG-113hhrg82380/html/CHRG-113hhrg82380.htm
2013-04-10,113,house,hsed00,Committee on Education and the Workforce,,RAISING THE BAR: REVIEWING STEM EDUCATION IN AMERICA,,"possible match (same committee, same days, different title)",https://www.govinfo.gov/content/pkg/CHRG-113hhrg80235/html/CHRG-113hhrg80235.htm
2013-04-10,113,house,hsju00,Committee on the Judiciary,"Subcommittee on Crime, Terrorism, Homeland Security, and Investigations",LUXURY JETS AND EMPTY PRISONS: WASTEFUL AND DUPLICATIVE SPENDING AT THE DEPARTMENT OF JUSTICE,,"possible match (same committee, same days, different title)",https://www.govinfo.gov/content/pkg/CHRG-113hhrg80314/html/CHRG-113hhrg80314.htm
2013-04-10,113,house,hspw00,Committee on Transportation and Infrastructure,Subcommittee on Coast Guard and Maritime Transportation,UPDATES ON EFFORTS TO COMBAT PIRACY,,no video found,https://www.govinfo.gov/content/pkg/CHRG-113hhrg80347/html/CHRG-113hhrg80347.htm
2013-04-10,113,house,hsvr00,Committee on Veterans' Affairs,Subcommittee on Economic Opportunity (Eo),"LEGISLATIVE HEARING ON H.R. 357, H.R. 562, H.R. 631, H.R. 844, H.R. 1305, H.R. 1316, H.R. 1402, A DRAFT BILL ENTITLED ``IMPROVING JOB OPPORTUNITIES FOR VETERANS ACT OF 2013,'' AND A DRAFT BILL ENTITLED TO AMEND TITLE 39, UNITED STATES CODE, TO EXTEND THE AUTHORITY TO PROVIDE WORK-STUDY ALLOWANCE FOR CERTAIN ACTIVITIES BY INDIVIDUALS RECEIVING EDUCATIONAL ASSISTANCE BY THE SECRETARY OF VETERANS AFFAIRS''",,"possible match (same committee, same days, different title)",https://www.govinfo.gov/content/pkg/CHRG-113hhrg80452/html/CHRG-113hhrg80452.htm
2013-04-10,113,house,hsvr00,Committee on Veterans' Affairs,Subcommittee on Disability Assistance and Memorial Affairs,SUSTAINING THE SACRED TRUST: AN UPDATE ON OUR NATIONAL CEMETERIES,,"possible match (same committee, same days, different title)",https://www.govinfo.gov/content/pkg/CHRG-113hhrg80453/html/CHRG-113hhrg80453.htm
2013-04-10,113,house,hsas00,Committee on Armed Services,Subcommittee on Military Personnel,[H.A.S.C. No. 113-24]MENTAL HEALTH RESEARCH,,no video found,https://www.govinfo.gov/content/pkg/CHRG-113hhrg80753/html/CHRG-113hhrg80753.htm
2013-04-09,113,house,hsed00,Committee on Education and the Workforce,,REVIVING OUR ECONOMY: THE ROLE OF HIGHER EDUCATION IN JOB GROWTH AND DEVELOPMENT,,"possible match (same committee, same days, different title)",https://www.govinfo.gov/content/pkg/CHRG-113hhrg80195/html/CHRG-113hhrg80195.htm
2013-04-09,113,house,hsfa00,Committee on Foreign Affairs,"Subcommittee on Africa, Global Health, Global Human Rights, and International Organizations",CHEN GUANGCHENG AND GAO ZHISHENG: HUMAN RIGHTS IN CHINA,,"possible match (same committee, same days, different title)",https://www.govinfo.gov/content/pkg/CHRG-113hhrg80362/html/CHRG-113hhrg80362.htm
2013-03-28,113,house,hsap00,Committee on Appropriations,Subcommittee on Energy and Water Development,ENERGY AND WATER DEVELOPMENT APPROPRIATIONS FOR 2014,,no video found,https://www.govinfo.gov/content/pkg/CHRG-113hhrg85259/html/CHRG-113hhrg85259.htm
2013-03-26,113,house,hsag00,Committee on Agriculture,"Subcommittee on Conservation, Energy, and Forestry",HEARING TO REVIEW THE IMPACTS OF ENDANGERED SPECIES ACT AND RELATED LITIGATION ON NATIONAL FOREST SYSTEM MANAGEMENT,,no video found,https://www.govinfo.gov/content/pkg/CHRG-113hhrg87400/html/CHRG-113hhrg87400.htm
2013-03-26,113,house,hsag00,Committee on Agriculture,"Subcommittee on Conservation, Energy, and Forestry",[ERRATA] HEARING TO REVIEW THE IMPACTS OF ENDANGERED SPECIES ACT AND RELATED LITIGATION ON NATIONAL FOREST SYSTEM MANAGEMENT,,no video found,https://www.govinfo.gov/content/pkg/CHRG-113hhrg88113/html/CHRG-113hhrg88113.htm
2013-03-21,113,house,hsii00,Committee on Natural Resources,Subcommittee on Energy and Mineral Resources,"OVERSIGHT HEARING TITLED ``AMERICA'S MINERAL RESOURCES: CREATING MINING AND MANUFACTURING JOBS AND SECURING AMERICA''; AND LEGISLATIVE HEARING ON H.R. 1063, H.R. 687, H.R. 697, H.R. 761, H.R. 767, H.R. 957, AND H.R. 981",,no video found,https://www.govinfo.gov/content/pkg/CHRG-113hhrg80077/html/CHRG-113hhrg80077.htm
2013-03-21,113,house,hsii00,Committee on Natural Resources,"Subcommittee on Fisheries, Wildlife, Oceans and Insular Affairs","H.R. 910, SIKES ACT REAUTHORIZATION ACT OF 2013; AND H.R. 1080, TO AMEND THE SIKES ACT TO PROMOTE THE USE OF COOPERATIVE AGREEMENTS AND TO AMEND TITLE 10 U.S.C. TO FACILITATE INTER-AGENCY COOPERATION IN CONSERVATION PROGRAMS",,no video found,https://www.govinfo.gov/content/pkg/CHRG-113hhrg80078/html/CHRG-113hhrg80078.htm
2013-03-21,113,house,hsfa00,Committee on Foreign Affairs,"Subcommittee on Europe, Eurasia, and Emerging Threats",CYBER ATTACKS: AN UNPRECEDENTED THREAT TO U.S. NATIONAL SECURITY,,"possible match (same committee, same days, different title)",https://www.govinfo.gov/content/pkg/CHRG-113hhrg80123/html/CHRG-113hhrg80123.htm
2013-03-21,113,house,hsas00,Committee on Armed Services,Subcommittee on Military Personnel,[H.A.S.C. No. 113-23] UPDATE ON MILITARY SUICIDE PREVENTION PROGRAMS,,no video found,https://www.govinfo.gov/content/pkg/CHRG-113hhrg80193/html/CHRG-113hhrg80193.htm
2013-03-21,113,house,hsap00,Committee on Appropriations,"Subcommittee on Commerce, Justice, Science, and Related Agencies","COMMERCE, JUSTICE, SCIENCE, AND RELATED AGENCIES APPROPRIATIONS FOR 2014",,"possible match (same committee, same days, different title)",https://www.govinfo.gov/content/pkg/CHRG-113hhrg81720/html/CHRG-113hhrg81720.htm
2013-03-20,113,house,hsju00,Committee on the Judiciary,"Subcommittee on Courts, Intellectual Property, and the Internet",THE REGISTER'S CALL FOR UPDATES TO U.S. COPYRIGHT LAW,,"possible match (same committee, same days, different title)",https://www.govinfo.gov/content/pkg/CHRG-113hhrg80067/html/CHRG-113hhrg80067.htm
2013-03-20,113,house,hsfa00,Committee on Foreign Affairs,,CRISIS IN SYRIA: THE U.S. RESPONSE,,"possible match (same committee, same days, different title)",https://www.govinfo.gov/content/pkg/CHRG-113hhrg80121/html/CHRG-113hhrg80121.htm
2013-03-20,113,house,hsfa00,Committee on Foreign Affairs,"Subcommittee on Terrorism, Nonproliferation, and Trade",HEZBOLLAH'S STRATEGIC SHIFT: A GLOBAL TERRORIST THREAT,,"possible match (same committee, same days, different title)",https://www.govinfo.gov/content/pkg/CHRG-113hhrg80122/html/CHRG-113hhrg80122.htm
2013-03-20,113,house,hsas00,Committee on Armed Services,,[H.A.S.C. No. 113-22]NATIONAL DEFENSE AUTHORIZATION THE POSTURE OF THE U.S. NORTHERN COMMAND AND U.S. SOUTHERN COMMAND,,no video found,https://www.govinfo.gov/content/pkg/CHRG-113hhrg80190/html/CHRG-113hhrg80190.htm
2013-03-20,113,house,hsvr00,Committee on Veterans' Affairs,,"FOCUSING ON PEOPLE: A REVIEW OF VA'S PLANS FOR EMPLOYEE TRAINING, ACCOUNTABILITY, AND WORKLOAD MANAGEMENT TO IMPROVE DISABILITY CLAIMS PROCESSING",,"possible match (same committee, same days, different title)",https://www.govinfo.gov/content/pkg/CHRG-113hhrg80451/html/CHRG-113hhrg80451.htm
2013-03-20,113,house,hssy00,"Committee on Science, Space, and Technology",,IMPROVING EPA'S SCIENTIFIC ADVISORY PROCESSES,,"possible match (same committee, same days, different title)",https://www.govinfo.gov/content/pkg/CHRG-113hhrg80553/html/CHRG-113hhrg80553.htm
2013-03-20,113,house,hssy00,"Committee on Science, Space, and Technology",,EXAMINING THE EFFECTIVENESS OF THE NIST LABORATORIES,,"possible match (same committee, same days, different title)",https://www.govinfo.gov/content/pkg/CHRG-113hhrg80554/html/CHRG-113hhrg80554.htm
2013-03-20,113,house,hsba00,Committee on Financial Services,Subcommittee on Financial Institutions and Consumer Credit,STATE OF COMMUNITY BANKING: IS THE CURRENT REGULATORY ENVIRONMENT ADVERSELY AFFECTING COMMUNITY FINANCIAL INSTITUTIONS?,,"possible match (same committee, same days, different title)",https://www.govinfo.gov/content/pkg/CHRG-113hhrg80875/html/CHRG-113hhrg80875.htm
2013-03-20,113,house,hshm00,Committee on Homeland Security,Subcommittee on Border and Maritime Security,MEASURING OUTCOMES TO UNDERSTAND THE STATE OF BORDER SECURITY,,"possible match (same committee, same days, different title)",https://www.govinfo.gov/content/pkg/CHRG-113hhrg82582/html/CHRG-113hhrg82582.htm
2013-03-20,113,house,hshm00,Committee on Homeland Security,"Subcommittee on Cybersecurity, Infrastructure Protection, and Security Technologies","CYBER THREATS FROM CHINA, RUSSIA, AND IRAN: PROTECTING AMERICAN CRITICAL INFRASTRUCTURE",,"possible match (same committee, same days, different title)",https://www.govinfo.gov/content/pkg/CHRG-113hhrg82583/html/CHRG-113hhrg82583.htm
2013-03-20,113,house,hsap00,Committee on Appropriations,Subcommittee on Energy and Water Development,PART 7--ENERGY AND WATER DEVELOPMENT APPROPRIATIONS FOR 2014 ?,,"possible match (same committee, same days, different title)",https://www.govinfo.gov/content/pkg/CHRG-113hhrg87779/html/CHRG-113hhrg87779.htm
2013-03-20,113,house,hswm00,Committee on Ways and Means,Subcommittee on Social Security,(TRUTH IN TESTIMONY) HEARING ON THE CHALLENGES OF ACHIEVING FAIR AND CONSISTENT DISABILITY DECISIONS,,"possible match (same committee, same days, different title)",https://www.govinfo.gov/content/pkg/CHRG-113hhrg89589/html/CHRG-113hhrg89589.htm
2013-03-19,113,house,hsju00,Committee on the Judiciary,"Subcommittee on Crime, Terrorism, Homeland Security, and Investigations",ECPA (PART I): LAWFUL ACCESS TO STORED CONTENT,,"possible match (same committee, same days, different title)",https://www.govinfo.gov/content/pkg/CHRG-113hhrg80065/html/CHRG-113hhrg80065.htm
2013-03-19,113,house,hsju00,Committee on the Judiciary,,RELEASE OF CRIMINAL DETAINEES BY U.S. IMMIGRATION AND CUSTOMS ENFORCEMENT: POLICY OR POLITICS?,,"possible match (same committee, same days, different title)",https://www.govinfo.gov/content/pkg/CHRG-113hhrg80066/html/CHRG-113hhrg80066.htm
2013-03-19,113,house,hsii00,Committee on Natural Resources,Subcommittee on Indian and Alaska Native Affairs,"AUTHORIZATION, STANDARDS, AND PROCEDURES FOR WHETHER, HOW, AND WHEN INDIAN TRIBES SHOULD BE NEWLY RECOGNIZED BY THE FEDERAL GOVERNMENT: PERSPECTIVE OF THE DEPARTMENT OF THE INTERIOR",,no video found,https://www.govinfo.gov/content/pkg/CHRG-113hhrg80075/html/CHRG-113hhrg80075.htm
2013-03-19,113,house,hsii00,Committee on Natural Resources,Subcommittee on Public Lands and Environmental Regulation,"H.R. 1126, DWIGHT D. EISENHOWER MEMORIAL COMPLETION ACT",,no video found,https://www.govinfo.gov/content/pkg/CHRG-113hhrg80076/html/CHRG-113hhrg80076.htm
2013-03-19,113,house,hsfa00,Committee on Foreign Affairs,Subcommittee on the Middle East and North Africa; Subcommittee on Asia and the Pacific,AFTER THE WITHDRAWAL: THE WAY FORWARD IN AFGHANISTAN AND PAKISTAN (PART I),,"possible match (same committee, same days, different title)",https://www.govinfo.gov/content/pkg/CHRG-113hhrg80120/html/CHRG-113hhrg80120.htm
2013-03-19,113,house,,Committee on Small Business,,CONSISTENTLY INCONSISTENT: CHALLENGES FOR SERVICE-DISABLED VETERAN- OWNED SMALL BUSINESSES,,committee not tracked,https://www.govinfo.gov/content/pkg/CHRG-113hhrg80170/html/CHRG-113hhrg80170.htm
2013-03-19,113,house,hsas00,Committee on Armed Services,Subcommittee on Strategic Forces,[H.A.S.C. No. 113-21] THE U.S. NUCLEAR DETERRENT: WHAT ARE THE REQUIREMENTS FOR A STRONG DETERRENT IN AN ERA OF DEFENSE SEQUESTER?,,no video found,https://www.govinfo.gov/content/pkg/CHRG-113hhrg80191/html/CHRG-113hhrg80191.htm
2013-03-19,113,house,hsas00,Committee on Armed Services,Subcommittee on Tactical Air and Land Forces,"[H.A.S.C. No. 113-20]EQUIPPING, MODERNIZING, AND SUSTAINING THE NATIONAL GUARD, ARMY RESERVE, AND AIR FORCE RESERVE AS AN OPERATIONAL FORCE IN A TIME OF BUDGET UNCERTAINTY",,no video found,https://www.govinfo.gov/content/pkg/CHRG-113hhrg80192/html/CHRG-113hhrg80192.htm
2013-03-19,113,house,hssy00,"Committee on Science, Space, and Technology",,THREATS FROM SPACE: A REVIEW OF U.S. GOVERNMENT EFFORTS TO TRACK AND MITIGATE ASTEROIDS AND METEORS (PART I & PART II),,"possible match (same committee, same days, different title)",https://www.govinfo.gov/content/pkg/CHRG-113hhrg80552/html/CHRG-113hhrg80552.htm
2013-03-19,113,house,hsba00,Committee on Financial Services,,SUSTAINABLE HOUSING FINANCE: AN UPDATE FROM THE FEDERAL HOUSING FINANCE AGENCY ON THE GSE CONSERVATORSHIPS,,"possible match (same committee, same days, different title)",https://www.govinfo.gov/content/pkg/CHRG-113hhrg80874/html/CHRG-113hhrg80874.htm
2013-03-19,113,house,hshm00,Committee on Homeland Security,Subcommittee on Oversight and Management Efficiency,DHS INFORMATION TECHNOLOGY: HOW EFFECTIVELY HAS DHS HARNESSED IT TO SECURE OUR BORDERS AND UPHOLD IMMIGRATION LAWS?,,"possible match (same committee, same days, different title)",https://www.govinfo.gov/content/pkg/CHRG-113hhrg82581/html/CHRG-113hhrg82581.htm
2013-03-19,113,house,hsap00,Committee on Appropriations,,"MILITARY CONSTRUCTION, VETERANS AFFAIRS, AND RELATED AGENCIES FOR 2014",,"possible match (same committee, same days, different title)",https://www.govinfo.gov/content/pkg/CHRG-113hhrg82742/html/CHRG-113hhrg82742.htm
2013-03-19,113,house,hsap00,Committee on Appropriations,,"DEPARTMENT OF LABOR, HEALTH AND HUMAN SERVICES, EDUCATION, AND RELATED AGENCIES APPROPRIATIONS FOR 2014",,"possible match (same committee, same days, different title)",https://www.govinfo.gov/content/pkg/CHRG-113hhrg86199/html/CHRG-113hhrg86199.htm
2013-03-19,113,house,hsap00,Committee on Appropriations,,ENERGY AND WATER DEVELOPMENT APPROPRIATIONS FOR 2014,,"possible match (same committee, same days, different title)",https://www.govinfo.gov/content/pkg/CHRG-113hhrg87778/html/CHRG-113hhrg87778.htm
2013-03-19,113,joint,jcse00,Commission on Security and Cooperation in Europe (U.S. Helsinki Commission),,THE TRAJECTORY OF DEMOCRACY--WHY HUNGARY MATTERS,,no video found,https://www.govinfo.gov/content/pkg/CHRG-113jhrg95506/html/CHRG-113jhrg95506.htm
2013-03-15,113,house,hsas00,Committee on Armed Services,,[H.A.S.C. No. 113-19]NATIONAL DEFENSE AUTHORIZATION ACT FOR FISCAL YEAR 2014 AND THE POSTURE OF THE U.S. EUROPEAN COMMAND AND U.S. AFRICA COMMAND,,no video found,https://www.govinfo.gov/content/pkg/CHRG-113hhrg80189/html/CHRG-113hhrg80189.htm
2013-03-15,113,house,hswm00,Committee on Ways and Means,Subcommittee on Health,MEDPAC'S ANNUAL MARCH REPORT TO CONGRESS,,"possible match (same committee, same days, different title)",https://www.govinfo.gov/content/pkg/CHRG-113hhrg89473/html/CHRG-113hhrg89473.htm
2013-03-14,113,house,hsed00,Committee on Education and the Workforce,,EXAMINING THE ROLE OF LOWER-SKILLED GUEST WORKER PROGRAMS IN TODAY'S ECONOMY,,"possible match (same committee, same days, different title)",https://www.govinfo.gov/content/pkg/CHRG-113hhrg79739/html/CHRG-113hhrg79739.htm
2013-03-14,113,house,hsju00,Committee on the Judiciary,"Subcommittee on Courts, Intellectual Property, and the Internet","ABUSIVE PATENT LITIGATION: THE IMPACT ON AMERICAN INNOVATION AND JOBS, AND POTENTIAL SOLUTIONS",,no video found,https://www.govinfo.gov/content/pkg/CHRG-113hhrg79880/html/CHRG-113hhrg79880.htm
2013-03-14,113,house,hsju00,Committee on the Judiciary,Subcommittee on Immigration and Border Security,SEPARATION OF NUCLEAR FAMILIES UNDER U.S. IMMIGRATION LAW,,no video found,https://www.govinfo.gov/content/pkg/CHRG-113hhrg79881/html/CHRG-113hhrg79881.htm
2013-03-14,113,house,hsfa00,Committee on Foreign Affairs,Subcommittee on the Western Hemisphere,U.S. ENERGY SECURITY: ENHANCING PARTNERSHIPS WITH MEXICO AND CANADA,,"possible match (same committee, same days, different title)",https://www.govinfo.gov/content/pkg/CHRG-113hhrg79893/html/CHRG-113hhrg79893.htm
2013-03-14,113,house,hspw00,Committee on Transportation and Infrastructure,Subcommittee on Highways and Transit,IMPLEMENTING MAP-21: PROGRESS REPORT FROM U.S. DEPARTMENT OF TRANSPORTATION MODAL ADMINISTRATORS,,"possible match (same committee, same days, different title)",https://www.govinfo.gov/content/pkg/CHRG-113hhrg79896/html/CHRG-113hhrg79896.htm
2013-03-14,113,house,hsvr00,Committee on Veterans' Affairs,Subcommittee on Economic Opportunity (Eo),LOWERING THE RATE OF UNEMPLOYMENT FOR THE NATIONAL GUARD AND RESERVE: ARE WE MAKING PROGRESS?,,no video found,https://www.govinfo.gov/content/pkg/CHRG-113hhrg79945/html/CHRG-113hhrg79945.htm
2013-03-14,113,house,hsvr00,Committee on Veterans' Affairs,Subcommittee on Oversight and Investigations,WAITING FOR CARE: EXAMINING PATIENT WAIT TIMES AT VA,,no video found,https://www.govinfo.gov/content/pkg/CHRG-113hhrg79946/html/CHRG-113hhrg79946.htm
2013-03-14,113,house,hsii00,Committee on Natural Resources,Subcommittee on Public Lands and Environmental Regulation,"H.R. 588, VIETNAM VETERANS DONOR ACKNOWLEDGMENT ACT OF 2013; H.R. 716, TO DIRECT DOI TO CONVEY CERTAIN FEDERAL LAND TO THE CITY OF VANCOUVER, WASHINGTON; AND H.R. 819, PRESERVING ACCESS TO CAPE HATTERAS NATIONAL SEASHORE RECREATIONAL AREA ACT",,no video found,https://www.govinfo.gov/content/pkg/CHRG-113hhrg79967/html/CHRG-113hhrg79967.htm
2013-03-14,113,house,hsag00,Committee on Agriculture,,EXAMINING LEGISLATIVE IMPROVEMENTS TO TITLE VII OF THE DODD-FRANK ACT,,no video found,https://www.govinfo.gov/content/pkg/CHRG-113hhrg80080/html/CHRG-113hhrg80080.htm
2013-03-14,113,house,hsas00,Committee on Armed Services,Subcommittee on Readiness,[H.A.S.C. No. 113-18]IS BASE REALIGNMENT AND CLOSURE (BRAC) APPROPRIATE AT THIS TIME?,,no video found,https://www.govinfo.gov/content/pkg/CHRG-113hhrg80188/html/CHRG-113hhrg80188.htm
2013-03-14,113,house,hsha00,Committee on House Administration,,"MARKUP OF H. RES. 115, THE OMNIBUS COMMITTEE FUNDING RESOLUTION; COMMITTEE RESOLUTION FOR FRANKED MAIL ALLOWANCES FOR CERTAIN COMMITTEES; AND DISPOSITION OF ELECTION CONTEST IN THE 28TH DISTRICT OF TEXAS",,no video found,https://www.govinfo.gov/content/pkg/CHRG-113hhrg80287/html/CHRG-113hhrg80287.htm
2013-03-14,113,house,hsba00,Committee on Financial Services,Subcommittee on Oversight and Investigations,WHO IS TOO BIG TO FAIL? GAO'S ASSESSMENT OF THE FINANCIAL STABILITY OVERSIGHT COUNCIL AND THE OFFICE OF FINANCIAL RESEARCH,,"possible match (same committee, same days, different title)",https://www.govinfo.gov/content/pkg/CHRG-113hhrg80873/html/CHRG-113hhrg80873.htm
2013-03-14,113,house,hsap00,Committee on Appropriations,Subcommittee on Financial Services and General Government,FINANCIAL SERVICES AND GENERAL GOVERNMENT APPROPRIATIONS FOR 2014,,no video found,https://www.govinfo.gov/content/pkg/CHRG-113hhrg80953/html/CHRG-113hhrg80953.htm
2013-03-14,113,house,hshm00,Committee on Homeland Security,Subcommittee on Transportation Security,TSA'S EFFORTS TO ADVANCE RISK-BASED SECURITY,,"possible match (same committee, same days, different title)",https://www.govinfo.gov/content/pkg/CHRG-113hhrg82579/html/CHRG-113hhrg82579.htm
2013-03-14,113,house,hsap00,Committee on Appropriations,"Subcommittee on the Departments of Transportation, and Housing and","DEPARTMENTS OF TRANSPORTATION, AND HOUSING AND URBAN DEVELOPMENT, AND RELATED AGENCIES APPROPRIATIONS FOR 2014",,no video found,https://www.govinfo.gov/content/pkg/CHRG-113hhrg85070/html/CHRG-113hhrg85070.htm
2013-03-14,113,house,hsap00,Committee on Appropriations,,"STATE, FOREIGN OPERATIONS, AND RELATED AGENCIES PROGRAMS APPROPRIATIONS FOR 2014",,no video found,https://www.govinfo.gov/content/pkg/CHRG-113hhrg87450/html/CHRG-113hhrg87450.htm
2013-03-14,113,house,hswm00,Committee on Ways and Means,Subcommittee on Social Security,HEARING ON THE FINANCING CHALLENGES FACING THE SOCIAL SECURITY DISABILITY INSURANCE PROGRAM,,"possible match (same committee, same days, different title)",https://www.govinfo.gov/content/pkg/CHRG-113hhrg89588/html/CHRG-113hhrg89588.htm
2013-03-13,113,house,hsed00,Committee on Education and the Workforce,,KEEPING COLLEGE WITHIN REACH: EXAMINING OPPORTUNITIES TO STRENGTHEN FEDERAL STUDENT LOAN PROGRAMS,,"possible match (same committee, same days, different title)",https://www.govinfo.gov/content/pkg/CHRG-113hhrg79738/html/CHRG-113hhrg79738.htm
2013-03-13,113,house,hsju00,Committee on the Judiciary,Subcommittee on the Constitution and Civil Justice,EXAMINATION OF LITIGATION ABUSES,,no video found,https://www.govinfo.gov/content/pkg/CHRG-113hhrg79877/html/CHRG-113hhrg79877.htm
2013-03-13,113,house,hsju00,Committee on the Judiciary,"Subcommittee on Crime, Terrorism, Homeland Security, and Investigations",INVESTIGATING AND PROSECUTING 21ST CENTURY CYBER THREATS,,no video found,https://www.govinfo.gov/content/pkg/CHRG-113hhrg79878/html/CHRG-113hhrg79878.htm
2013-03-13,113,house,hsju00,Committee on the Judiciary,"Subcommittee on Regulatory Reform, Commercial and Antitrust Law",FURTHERING ASBESTOS CLAIM TRANSPARENCY (FACT) ACT OF 2013,,no video found,https://www.govinfo.gov/content/pkg/CHRG-113hhrg79879/html/CHRG-113hhrg79879.htm
2013-03-13,113,house,hsfa00,Committee on Foreign Affairs,Subcommittee on Asia and the Pacific,THE REBALANCE TO ASIA: WHY SOUTH ASIA MATTERS (PART II),,"possible match (same committee, same days, different title)",https://www.govinfo.gov/content/pkg/CHRG-113hhrg79892/html/CHRG-113hhrg79892.htm
2013-03-13,113,house,hspw00,Committee on Transportation and Infrastructure,"Subcommittee on Economic Development, Public Buildings, and Emergency Management",THE FBI HEADQUARTERS CONSOLIDATION,,"possible match (same committee, same days, different title)",https://www.govinfo.gov/content/pkg/CHRG-113hhrg79895/html/CHRG-113hhrg79895.htm
2013-03-13,113,house,hssy00,"Committee on Science, Space, and Technology",,STEM EDUCATION: INDUSTRY AND PHILANTHROPIC INITIATIVES,,"possible match (same committee, same days, different title)",https://www.govinfo.gov/content/pkg/CHRG-113hhrg79930/html/CHRG-113hhrg79930.htm
2013-03-13,113,house,hssy00,"Committee on Science, Space, and Technology",,FEDERAL FINANCIAL SUPPORT FOR ENERGY TECHNOLOGIES: ASSESSING COSTS AND BENEFITS,,"possible match (same committee, same days, different title)",https://www.govinfo.gov/content/pkg/CHRG-113hhrg79931/html/CHRG-113hhrg79931.htm
2013-03-13,113,house,hsvr00,Committee on Veterans' Affairs,Subcommittee on Health,MEETING PATIENT CARE NEEDS: MEASURING THE VALUE OF VA PHYSICIAN STAFFING STANDARDS,,no video found,https://www.govinfo.gov/content/pkg/CHRG-113hhrg79943/html/CHRG-113hhrg79943.htm
2013-03-13,113,house,hsvr00,Committee on Veterans' Affairs,Subcommittee on Oversight and Investigations,GULF WAR: WHAT KIND OF CARE ARE VETERANS RECEIVING 20 YEARS LATER?,,no video found,https://www.govinfo.gov/content/pkg/CHRG-113hhrg79944/html/CHRG-113hhrg79944.htm
2013-03-13,113,house,hsii00,Committee on Natural Resources,,REAUTHORIZATION OF THE MAGNUSON-STEVENS FISHERY CONSERVATION AND MANAGEMENT ACT,,no video found,https://www.govinfo.gov/content/pkg/CHRG-113hhrg79966/html/CHRG-113hhrg79966.htm
2013-03-13,113,house,hsag00,Committee on Agriculture,"Subcommittee on Conservation, Energy, and Forestry",NATIONAL FOREST MANAGEMENT AND ITS IMPACTS ON RURAL ECONOMIES AND COMMUNITIES,,no video found,https://www.govinfo.gov/content/pkg/CHRG-113hhrg80079/html/CHRG-113hhrg80079.htm
2013-03-13,113,house,hsas00,Committee on Armed Services,Subcommittee on Military Personnel,"[H.A.S.C. No. 113-16]IMPACT OF THE CONTINUING RESOLUTION, SEQUESTRATION, AND DECLINING OPERATIONS AND MAINTENANCE BUDGETS ON MILITARY PERSONNEL AND FAMILY RELATED PROGRAMS",,no video found,https://www.govinfo.gov/content/pkg/CHRG-113hhrg80186/html/CHRG-113hhrg80186.htm
2013-03-13,113,house,hsas00,Committee on Armed Services,"Subcommittee on Intelligence, Emerging Threats and Capabilities",[H.A.S.C. No. 113-17] INFORMATION TECHNOLOGY AND CYBER OPERATIONS: MODERNIZATION AND POLICY ISSUES TO SUPPORT THE FUTURE FORCE,,no video found,https://www.govinfo.gov/content/pkg/CHRG-113hhrg80187/html/CHRG-113hhrg80187.htm
2013-03-13,113,house,hsba00,Committee on Financial Services,Subcommittee on Housing and Insurance,MORTGAGE INSURANCE: COMPARING PRIVATE SECTOR AND GOVERNMENT-SUBSIDIZED APPROACHES,,"possible match (same committee, same days, different title)",https://www.govinfo.gov/content/pkg/CHRG-113hhrg80872/html/CHRG-113hhrg80872.htm
2013-03-13,113,house,hshm00,Committee on Homeland Security,,DHS CYBERSECURITY: ROLES AND RESPONSIBILITIES TO PROTECT THE NATION'S CRITICAL INFRASTRUCTURE,,"possible match (same committee, same days, different title)",https://www.govinfo.gov/content/pkg/CHRG-113hhrg81458/html/CHRG-113hhrg81458.htm
2013-03-13,113,house,hsap00,Committee on Appropriations,"Subcommittee on Agriculture, Rural Development, Food and Drug","AGRICULTURE, RURAL DEVELOPMENT, FOOD AND DRUG ADMINISTRATION, AND RELATED AGENCIES APPROPRIATIONS FOR 2014",,no video found,https://www.govinfo.gov/content/pkg/CHRG-113hhrg82566/html/CHRG-113hhrg82566.htm
2013-03-13,113,house,hsap00,Committee on Appropriations,"Subcommittee on Commerce, Justice, Science, and Related Agencies","COMMERCE, JUSTICE, SCIENCE, AND RELATED AGENCIES APPROPRIATIONS FOR 2014",,no video found,https://www.govinfo.gov/content/pkg/CHRG-113hhrg82907/html/CHRG-113hhrg82907.htm
2013-03-13,113,house,,,,RELATED AGENCIES HEARING,,committee not tracked,https://www.govinfo.gov/content/pkg/CHRG-113hhrg85023/html/CHRG-113hhrg85023.htm
2013-03-13,113,house,hsap00,Committee on Appropriations,,"DEPARTMENT OF LABOR, HEALTH AND HUMAN SERVICES, EDUCATION, AND RELATED AGENCIES APPROPRIATIONS FOR 2014",,no video found,https://www.govinfo.gov/content/pkg/CHRG-113hhrg86228/html/CHRG-113hhrg86228.htm
2013-03-12,113,house,hsap00,Committee on Appropriations,Subcommittee on Financial Services and General Government,FINANCIAL SERVICES AND GENERAL GOVERNMENT APPROPRIATIONS FOR 2014,,no video found,https://www.govinfo.gov/content/pkg/CHRG-113hhrg82609/html/CHRG-113hhrg82609.htm
2013-03-08,113,house,hsgo00,Committee on Oversight and Government Reform,Subcommittee on Government Operations,"ADDRESSING UNUSED AND VACANT FEDERAL COURTHOUSES: A CASE STUDY IN MIAMI-DADE, FLORIDA",,"possible match (same committee, same days, different title)",https://www.govinfo.gov/content/pkg/CHRG-113hhrg81525/html/CHRG-113hhrg81525.htm
2013-03-06,113,house,hsas00,Committee on Armed Services,,"[H.A.S.C. No. 113-15]THE POSTURE OF THE U.S. CENTRAL COMMAND, U.S. SPECIAL OPERATIONS COMMAND, AND U.S. TRANSPORTATION COMMAND",,no video found,https://www.govinfo.gov/content/pkg/CHRG-113hhrg79956/html/CHRG-113hhrg79956.htm
2013-03-06,113,house,hsbu00,Committee on the Budget,,MEMBERS' DAY,,no video found,https://www.govinfo.gov/content/pkg/CHRG-113hhrg80207/html/CHRG-113hhrg80207.htm
2013-03-06,113,house,hsha00,Committee on House Administration,,COMMITTEE FUNDING FOR THE 113TH CONGRESS (DAY 2),,no video found,https://www.govinfo.gov/content/pkg/CHRG-113hhrg80286/html/CHRG-113hhrg80286.htm
2013-03-06,113,house,hsba00,Committee on Financial Services,Subcommittee on Capital Markets and Government Sponsored Enterprises,FANNIE MAE AND FREDDIE MAC: HOW GOVERNMENT HOUSING POLICY FAILED HOMEOWNERS AND TAXPAYERS AND LED TO THE FINANCIAL CRISIS,,"possible match (same committee, same days, different title)",https://www.govinfo.gov/content/pkg/CHRG-113hhrg80871/html/CHRG-113hhrg80871.htm
2013-03-06,113,joint,hsvr00,Committee on Veterans' Affairs,,JOINT HEARING TO RECEIVE LEGISLATIVE PRESENTATION OF MULTIPLE VETERAN SERVICE ORGANIZATIONS (VSOs),,no video found,https://www.govinfo.gov/content/pkg/CHRG-113jhrg79942/html/CHRG-113jhrg79942.htm
2013-03-05,113,house,hsed00,Committee on Education and the Workforce,,CHALLENGES FACING MULTIEMPLOYER PENSION PLANS: REVIEWING THE LATEST FINDINGS BY PBGC AND GAO,,"possible match (same committee, same days, different title)",https://www.govinfo.gov/content/pkg/CHRG-113hhrg79502/html/CHRG-113hhrg79502.htm
2013-03-05,113,house,hsju00,Committee on the Judiciary,Subcommittee on Immigration and Border Security,ENHANCING AMERICAN COMPETITIVENESS THROUGH SKILLED IMMIGRATION,,no video found,https://www.govinfo.gov/content/pkg/CHRG-113hhrg79724/html/CHRG-113hhrg79724.htm
2013-03-05,113,house,hsju00,Committee on the Judiciary,Subcommittee on the Constitution and Civil Justice,EXCESSIVE LITIGATION'S IMPACT ON AMERICA'S GLOBAL COMPETITIVENESS,,no video found,https://www.govinfo.gov/content/pkg/CHRG-113hhrg79725/html/CHRG-113hhrg79725.htm
2013-03-05,113,house,hsju00,Committee on the Judiciary,"Subcommittee on Regulatory Reform, Commercial and Antitrust Law","``REINS ACT OF 2013'': PROMOTING JOBS, GROWTH AND AMERICAN COMPETITIVENESS",,no video found,https://www.govinfo.gov/content/pkg/CHRG-113hhrg79726/html/CHRG-113hhrg79726.htm
2013-03-05,113,house,hssy00,"Committee on Science, Space, and Technology",,SCIENTIFIC INTEGRITY AND TRANSPARENCY,,"possible match (same committee, same days, different title)",https://www.govinfo.gov/content/pkg/CHRG-113hhrg79929/html/CHRG-113hhrg79929.htm
2013-03-05,113,house,hsag00,Committee on Agriculture,,HEARING TO REVIEW THE STATE OF THE RURAL ECONOMY,,"possible match (same committee, same days, different title)",https://www.govinfo.gov/content/pkg/CHRG-113hhrg79934/html/CHRG-113hhrg79934.htm
2013-03-05,113,house,hsas00,Committee on Armed Services,,[H.A.S.C. No. 113-14] HEARING ON NATIONAL DEFENSE AUTHORIZATION ACT FOR FISCAL YEAR 2014 AND OVERSIGHT OF PREVIOUSLY AUTHORIZED PROGRAMS BEFORE THE COMMITTEE ON ARMED SERVICES HOUSE OF REPRESENTATIVES ONE HUNDRED THIRTEENTH CONGRESS FIRST SESSION,,no video found,https://www.govinfo.gov/content/pkg/CHRG-113hhrg79955/html/CHRG-113hhrg79955.htm
2013-03-05,113,house,hsha00,Committee on House Administration,,COMMITTEE FUNDING FOR THE 113TH CONGRESS (DAY 1),,no video found,https://www.govinfo.gov/content/pkg/CHRG-113hhrg80285/html/CHRG-113hhrg80285.htm
2013-03-05,113,house,hsba00,Committee on Financial Services,Subcommittee on Monetary Policy and Trade,"NEAR-ZERO RATE, NEAR-ZERO EFFECT? IS ``UNCONVENTIONAL'' MONETARY POLICY REALLY WORKING?",,"possible match (same committee, same days, different title)",https://www.govinfo.gov/content/pkg/CHRG-113hhrg80870/html/CHRG-113hhrg80870.htm
2013-03-05,113,house,hsap00,Committee on Appropriations,,"MILITARY CONSTRUCTION, VETERANS AFFAIRS, AND RELATED AGENCIES APPROPRIATIONS FOR 2014",,"possible match (same committee, same days, different title)",https://www.govinfo.gov/content/pkg/CHRG-113hhrg82282/html/CHRG-113hhrg82282.htm
2013-03-05,113,house,hsap00,Committee on Appropriations,Subcommittee on Financial Services and General Government,FINANCIAL SERVICES AND GENERAL GOVERNMENT APPROPRIATIONS FOR 2014,,"possible match (same committee, same days, different title)",https://www.govinfo.gov/content/pkg/CHRG-113hhrg82627/html/CHRG-113hhrg82627.htm
2013-03-05,113,house,hsap00,Committee on Appropriations,"Subcommittee on the Departments of Labor, Health and Human Services,","DEPARTMENTS OF LABOR, HEALTH AND HUMAN SERVICES, EDUCATION, AND RELATED AGENCIES APPROPRIATIONS FOR 2014",,"possible match (same committee, same days, different title)",https://www.govinfo.gov/content/pkg/CHRG-113hhrg86214/html/CHRG-113hhrg86214.htm
2013-03-05,113,house,hswm00,Committee on Ways and Means,Subcommittee on Oversight,TAX-RELATED PROVISIONS IN THE PRESIDENT'S HEALTH CARE LAW,,no video found,https://www.govinfo.gov/content/pkg/CHRG-113hhrg89554/html/CHRG-113hhrg89554.htm
2013-02-28,113,house,hsed00,Committee on Education and the Workforce,,RAISING THE BAR: HOW ARE SCHOOLS MEASURING TEACHER PERFORMANCE?,,"possible match (same committee, same days, different title)",https://www.govinfo.gov/content/pkg/CHRG-113hhrg78991/html/CHRG-113hhrg78991.htm
2013-02-28,113,house,hsju00,Committee on the Judiciary,"Subcommittee on Regulatory Reform, Commercial and Antitrust Law","THE OBAMA ADMINISTRATION'S REGULATORY WAR ON JOBS, THE ECONOMY, AND AMERICA'S GLOBAL COMPETITIVENESS",,no video found,https://www.govinfo.gov/content/pkg/CHRG-113hhrg79587/html/CHRG-113hhrg79587.htm
2013-02-28,113,house,hssy00,"Committee on Science, Space, and Technology",,TOP CHALLENGES FOR SCIENCE AGENCIES: REPORTS FROM THE INSPECTORS GENERAL (PART I AND PART II),,"possible match (same committee, same days, different title)",https://www.govinfo.gov/content/pkg/CHRG-113hhrg79928/html/CHRG-113hhrg79928.htm
2013-02-28,113,house,hsas00,Committee on Armed Services,Subcommittee on Readiness,[H.A.S.C. No. 113-11] ASSURING VIABILITY OF THE SUSTAINMENT INDUSTRIAL BASE,,no video found,https://www.govinfo.gov/content/pkg/CHRG-113hhrg79953/html/CHRG-113hhrg79953.htm
2013-02-28,113,house,hsas00,Committee on Armed Services,Subcommittee on Tactical Air and Land Forces,"[H.A.S.C. No. 113-12] IMPACTS OF A CONTINUING RESOLUTION AND SEQUESTRATION ON ACQUISITION, PROGRAMMING, AND THE INDUSTRIAL BASE",,no video found,https://www.govinfo.gov/content/pkg/CHRG-113hhrg79954/html/CHRG-113hhrg79954.htm
2013-02-28,113,house,hsas00,Committee on Armed Services,Subcommittee on Strategic Forces,"[H.A.S.C. No. 113-13] NUCLEAR SECURITY: ACTIONS, ACCOUNTABILITY AND REFORM",,no video found,https://www.govinfo.gov/content/pkg/CHRG-113hhrg79996/html/CHRG-113hhrg79996.htm
2013-02-28,113,house,hswm00,Committee on Ways and Means,Subcommittee on Human Resources,WAIVING WORK REQUIREMENTS IN THE TANF PROGRAM,,no video found,https://www.govinfo.gov/content/pkg/CHRG-113hhrg89478/html/CHRG-113hhrg89478.htm
2013-02-28,113,joint,jsec00,Joint Economic Committee,,"STATE OF THE U.S. ECONOMY: WHY HAVE ECONOMIC GROWTH AND JOB CREATION REMAINED WEAK, AND WHAT SHOULD CONGRESS DO TO BOOST THEM?",,"possible match (same committee, same days, different title)",https://www.govinfo.gov/content/pkg/CHRG-113jhrg80093/html/CHRG-113jhrg80093.htm
2013-02-27,113,house,hsed00,Committee on Education and the Workforce,,PROTECTING STUDENTS AND TEACHERS: A DISCUSSION ON SCHOOL SAFETY,,"possible match (same committee, same days, different title)",https://www.govinfo.gov/content/pkg/CHRG-113hhrg78990/html/CHRG-113hhrg78990.htm
2013-02-27,113,house,hspw00,Committee on Transportation and Infrastructure,Subcommittee on Aviation,IMPLEMENTATION OF THE FAA REAUTHORIZATION AND REFORM ACT: ONE YEAR LATER,,"possible match (same committee, same days, different title)",https://www.govinfo.gov/content/pkg/CHRG-113hhrg79556/html/CHRG-113hhrg79556.htm
2013-02-27,113,house,hsfa00,Committee on Foreign Affairs,"Subcommittee on Africa, Global Health, Global Human Rights, and International Organizations",ANTI-SEMITISM: A GROWING THREAT TO ALL FAITHS,,"possible match (same committee, same days, different title)",https://www.govinfo.gov/content/pkg/CHRG-113hhrg79580/html/CHRG-113hhrg79580.htm
2013-02-27,113,house,hsju00,Committee on the Judiciary,,DRONES AND THE WAR ON TERROR: WHEN CAN THE U.S. TARGET ALLEGED AMERICAN TERRORISTS OVERSEAS?,,no video found,https://www.govinfo.gov/content/pkg/CHRG-113hhrg79585/html/CHRG-113hhrg79585.htm
2013-02-27,113,house,hsju00,Committee on the Judiciary,Subcommittee on Immigration and Border Security,HOW E-VERIFY WORKS AND HOW IT BENEFITS AMERICAN EMPLOYERS AND WORKERS,,no video found,https://www.govinfo.gov/content/pkg/CHRG-113hhrg79586/html/CHRG-113hhrg79586.htm
2013-02-27,113,house,hssy00,"Committee on Science, Space, and Technology",,A REVIEW OF THE SPACE LEADERSHIP PRESERVATION ACT,,"possible match (same committee, same days, different title)",https://www.govinfo.gov/content/pkg/CHRG-113hhrg79927/html/CHRG-113hhrg79927.htm
2013-02-27,113,house,hsvr00,Committee on Veterans' Affairs,,ELECTRONIC HEALTH RECORD U-TURN: ARE VA AND DOD HEADED IN THE WRONG DIRECTION?,,no video found,https://www.govinfo.gov/content/pkg/CHRG-113hhrg79941/html/CHRG-113hhrg79941.htm
2013-02-27,113,house,hsas00,Committee on Armed Services,,[H.A.S.C. No. 113-8]TRANSITION IN AFGHANISTAN: VIEWS OF OUTSIDE EXPERTS STATEMENTS PRESENTED BY MEMBERS OF CONGRESS,,no video found,https://www.govinfo.gov/content/pkg/CHRG-113hhrg79950/html/CHRG-113hhrg79950.htm
2013-02-27,113,house,hsas00,Committee on Armed Services,Subcommittee on Military Personnel,[H.A.S.C. No. 113-9]THE IMPACT OF THE CURRENT BUDGET-CONSTRAINED ENVIRONMENT ON MILITARY END STRENGTH,,no video found,https://www.govinfo.gov/content/pkg/CHRG-113hhrg79951/html/CHRG-113hhrg79951.htm
2013-02-27,113,house,hsas00,Committee on Armed Services,"Subcommittee on Intelligence, Emerging Threats and Capabilities",[H.A.S.C. No. 113-10]THE ROLE OF INTELLIGENCE IN THE DEPARTMENT OF DEFENSE,,no video found,https://www.govinfo.gov/content/pkg/CHRG-113hhrg79952/html/CHRG-113hhrg79952.htm
2013-02-27,113,house,hsap00,Committee on Appropriations,"Subcommittee on Interior, Environment, and Related Agencies",DEPARTMENT OF THE INTERIOR AND RELATED AGENCIES APPROPRIATIONS FOR 2014,,no video found,https://www.govinfo.gov/content/pkg/CHRG-113hhrg81687/html/CHRG-113hhrg81687.htm
2013-02-27,113,house,hsap00,Committee on Appropriations,Subcommittee on Homeland Security,DEPARTMENT OF HOMELAND SECURITY APPROPRIATIONS FOR 2014,,no video found,https://www.govinfo.gov/content/pkg/CHRG-113hhrg82379/html/CHRG-113hhrg82379.htm
2013-02-27,113,house,hsap00,Committee on Appropriations,,ENERGY AND WATER DEVELOPMENT APPROPRIATIONS FOR 2014,,no video found,https://www.govinfo.gov/content/pkg/CHRG-113hhrg87206/html/CHRG-113hhrg87206.htm
2013-02-27,113,house,hswm00,Committee on Ways and Means,Subcommittee on Human Resources,Increasing Adoptions from Foster Care,,no video found,https://www.govinfo.gov/content/pkg/CHRG-113hhrg89477/html/CHRG-113hhrg89477.htm
2013-02-26,113,house,hsed00,Committee on Education and the Workforce,,PUTTING AMERICA BACK TO WORK: REFORMING THE NATION'S WORKFORCE INVESTMENT SYSTEM,,"possible match (same committee, same days, different title)",https://www.govinfo.gov/content/pkg/CHRG-113hhrg78989/html/CHRG-113hhrg78989.htm
2013-02-26,113,house,hsfa00,Committee on Foreign Affairs,Subcommittee on the Middle East and North Africa,"DEMONSTRATIONS IN TAHRIR SQUARE: TWO YEARS LATER, WHAT HAS CHANGED?",,"possible match (same committee, same days, different title)",https://www.govinfo.gov/content/pkg/CHRG-113hhrg79578/html/CHRG-113hhrg79578.htm
2013-02-26,113,house,hsfa00,Committee on Foreign Affairs,Subcommittee on Asia and the Pacific,THE REBALANCE TO ASIA: WHY SOUTH ASIA MATTERS (PART I),,"possible match (same committee, same days, different title)",https://www.govinfo.gov/content/pkg/CHRG-113hhrg79579/html/CHRG-113hhrg79579.htm
2013-02-26,113,house,hsju00,Committee on the Judiciary,"Subcommittee on Regulatory Reform, Commercial and Antitrust Law",COMPETITION AND BANKRUPTCY IN THE AIRLINE INDUSTRY: THE PROPOSED MERGER OF AMERICAN AIRLINES AND US AIRWAYS,,no video found,https://www.govinfo.gov/content/pkg/CHRG-113hhrg79583/html/CHRG-113hhrg79583.htm
2013-02-26,113,house,hsju00,Committee on the Judiciary,Subcommittee on Immigration and Border Security,AGRICULTURAL LABOR: FROM H-2A TO A WORKABLE AGRICULTURAL GUESTWORKER PROGRAM,,no video found,https://www.govinfo.gov/content/pkg/CHRG-113hhrg79584/html/CHRG-113hhrg79584.htm
2013-02-26,113,house,hsii00,Committee on Natural Resources,Subcommittee on Public Lands and Environmental Regulation,"STATE FOREST MANAGEMENT: A MODEL FOR PROMOTING HEALTHY FORESTS, RURAL SCHOOLS AND JOBS",,no video found,https://www.govinfo.gov/content/pkg/CHRG-113hhrg79812/html/CHRG-113hhrg79812.htm
2013-02-26,113,house,hssy00,"Committee on Science, Space, and Technology",,MID-LEVEL ETHANOL BLENDS: CONSUMER AND TECHNICAL RESEARCH NEEDS,,"possible match (same committee, same days, different title)",https://www.govinfo.gov/content/pkg/CHRG-113hhrg79925/html/CHRG-113hhrg79925.htm
2013-02-26,113,house,hssy00,"Committee on Science, Space, and Technology",,CYBERSECURITY RESEARCH AND DEVELOPMENT: CHALLENGES AND SOLUTIONS,,"possible match (same committee, same days, different title)",https://www.govinfo.gov/content/pkg/CHRG-113hhrg79926/html/CHRG-113hhrg79926.htm
2013-02-26,113,house,hsas00,Committee on Armed Services,Subcommittee on Oversight and Investigations,"[H.A.S.C. No. 113-6] THE QUADRENNIAL DEFENSE REVIEW: PROCESS, POLICY, AND PERSPECTIVES",,no video found,https://www.govinfo.gov/content/pkg/CHRG-113hhrg79948/html/CHRG-113hhrg79948.htm
2013-02-26,113,house,hsas00,Committee on Armed Services,Subcommittee on Seapower and Projection Forces,[H.A.S.C. No. 113-7] THE FUTURE OF SEAPOWER,,no video found,https://www.govinfo.gov/content/pkg/CHRG-113hhrg79949/html/CHRG-113hhrg79949.htm
2013-02-26,113,house,hsap00,Committee on Appropriations,Subcommittee on Legislative Branch,LEGISLATIVE BRANCH APPROPRIATIONS FOR 2014,,no video found,https://www.govinfo.gov/content/pkg/CHRG-113hhrg81322/html/CHRG-113hhrg81322.htm
2013-02-26,113,house,hshm00,Committee on Homeland Security,Subcommittee on Border and Maritime Security,WHAT DOES A SECURE BORDER LOOK LIKE?,,"possible match (same committee, same days, different title)",https://www.govinfo.gov/content/pkg/CHRG-113hhrg81459/html/CHRG-113hhrg81459.htm
2013-02-26,113,house,hsap00,Committee on Appropriations,,DEPARTMENT OF DEFENSE APPROPRIATIONS FOR 2014,,no video found,https://www.govinfo.gov/content/pkg/CHRG-113hhrg86556/html/CHRG-113hhrg86556.htm
2013-02-26,113,house,hswm00,Committee on Ways and Means,Subcommittee on Health,EXAMINING TRADITIONAL MEDICARE'S BENEFIT DESIGN,,no video found,https://www.govinfo.gov/content/pkg/CHRG-113hhrg89472/html/CHRG-113hhrg89472.htm
2013-02-26,113,joint,hsvr00,Committee on Veterans' Affairs,,JOINT HEARING TO RECEIVE LEGISLATIVE PRESENTATION OF THE DISABLED AMERICAN VETERANS (DAV),,no video found,https://www.govinfo.gov/content/pkg/CHRG-113jhrg79940/html/CHRG-113jhrg79940.htm
2013-02-15,113,house,hssy00,"Committee on Science, Space, and Technology",,OPERATING UNMANNED AIRCRAFT SYSTEMS IN THE NATIONAL AIRSPACE SYSTEM: ASSESSING RESEARCH AND DEVELOPMENT EFFORTS TO ENSURE SAFETY,,"possible match (same committee, same days, different title)",https://www.govinfo.gov/content/pkg/CHRG-113hhrg78819/html/CHRG-113hhrg78819.htm
2013-02-15,113,house,hshm00,Committee on Homeland Security,Subcommittee on Oversight and Management Efficiency,ASSESSING DHS 10 YEARS LATER: HOW WISELY IS DHS SPENDING TAXPAYER DOLLARS?,,"possible match (same committee, same days, different title)",https://www.govinfo.gov/content/pkg/CHRG-113hhrg81460/html/CHRG-113hhrg81460.htm
2013-02-14,113,house,hswm00,Committee on Ways and Means,,TAX REFORM AND CHARITABLE CONTRIBUTIONS,,no video found,https://www.govinfo.gov/content/pkg/CHRG-113hhrg21128/html/CHRG-113hhrg21128.htm
2013-02-14,113,house,hsed00,Committee on Education and the Workforce,,RAISING THE BAR: HOW EDUCATION INNOVATION CAN IMPROVE STUDENT ACHIEVEMENT,,"possible match (same committee, same days, different title)",https://www.govinfo.gov/content/pkg/CHRG-113hhrg78695/html/CHRG-113hhrg78695.htm
2013-02-14,113,house,hsed00,Committee on Education and the Workforce,,SEQUESTRATION: EXAMINING EMPLOYERS' WARN ACT RESPONSIBILITIES,,"possible match (same committee, same days, different title)",https://www.govinfo.gov/content/pkg/CHRG-113hhrg78696/html/CHRG-113hhrg78696.htm
2013-02-14,113,house,hssy00,"Committee on Science, Space, and Technology",,APPLICATIONS FOR INFORMATION TECHNOLOGY RESEARCH & DEVELOPMENT,,"possible match (same committee, same days, different title)",https://www.govinfo.gov/content/pkg/CHRG-113hhrg78820/html/CHRG-113hhrg78820.htm
2013-02-14,113,house,hssy00,"Committee on Science, Space, and Technology",,THE STATE OF THE ENVIRONMENT: EVALUATING PROGRESS AND PRIORITIES,,"possible match (same committee, same days, different title)",https://www.govinfo.gov/content/pkg/CHRG-113hhrg78821/html/CHRG-113hhrg78821.htm
2013-02-14,113,house,hsfa00,Committee on Foreign Affairs,,THE CRISIS IN MALI: U.S. INTERESTS AND THE INTERNATIONAL RESPONSE,,"possible match (same committee, same days, different title)",https://www.govinfo.gov/content/pkg/CHRG-113hhrg78949/html/CHRG-113hhrg78949.htm
2013-02-14,113,house,hsii00,Committee on Natural Resources,,"PAST, PRESENT AND FUTURE OF THE FEDERAL HELIUM PROGRAM; & H.R. 527, RESPONSIBLE HELIUM ADMINISTRATION AND STEWARDSHIP ACT",,no video found,https://www.govinfo.gov/content/pkg/CHRG-113hhrg78972/html/CHRG-113hhrg78972.htm
2013-02-14,113,house,hsas00,Committee on Armed Services,,[H.A.S.C. No. 113-5] FRAMEWORK FOR BUILDING PARTNERSHIP CAPACITY PROGRAMS AND AUTHORITIES TO MEET 21ST CENTURY CHALLENGES,,no video found,https://www.govinfo.gov/content/pkg/CHRG-113hhrg79493/html/CHRG-113hhrg79493.htm
2013-02-14,113,house,hsvr00,Committee on Veterans' Affairs,Subcommittee on Economic Opportunity (Eo),INCREASING THE FUNCTIONALITY OF POST-9/11 GI BILL CLAIMS PROCESSING TO REDUCE DELAYS,,"possible match (same committee, same days, different title)",https://www.govinfo.gov/content/pkg/CHRG-113hhrg79939/html/CHRG-113hhrg79939.htm
2013-02-14,113,house,hsap00,Committee on Appropriations,,ENERGY AND WATER DEVELOPMENT APPROPRIATIONS FOR 2014,,no video found,https://www.govinfo.gov/content/pkg/CHRG-113hhrg87123/html/CHRG-113hhrg87123.htm
2013-02-13,113,house,hsbu00,Committee on the Budget,,THE CONGRESSIONAL BUDGET OFFICE'S BUDGET AND ECONOMIC OUTLOOK,,no video found,https://www.govinfo.gov/content/pkg/CHRG-113hhrg78454/html/CHRG-113hhrg78454.htm
2013-02-13,113,house,hsed00,Committee on Education and the Workforce,,"THE FUTURE OF THE NLRB: WHAT NOEL CANNING VS. NLRB MEANS FOR WORKERS, EMPLOYERS, AND UNIONS",,"possible match (same committee, same days, different title)",https://www.govinfo.gov/content/pkg/CHRG-113hhrg78694/html/CHRG-113hhrg78694.htm
2013-02-13,113,house,hssy00,"Committee on Science, Space, and Technology",,"AMERICAN ENERGY OUTLOOK: TECHNOLOGY, MARKET AND POLICY DRIVERS",,"possible match (same committee, same days, different title)",https://www.govinfo.gov/content/pkg/CHRG-113hhrg78822/html/CHRG-113hhrg78822.htm
2013-02-13,113,house,hsas00,Committee on Armed Services,,[H.A.S.C. No. 113-3] THE IMPACTS OF A CONTINUING RESOLUTION AND SEQUESTRATION ON DEFENSE,,no video found,https://www.govinfo.gov/content/pkg/CHRG-113hhrg79491/html/CHRG-113hhrg79491.htm
2013-02-13,113,house,hsas00,Committee on Armed Services,"Subcommittee on Intelligence, Emerging Threats and Capabilities",[H.A.S.C. No. 113-4]PERSPECTIVES ON THE FUTURE,,no video found,https://www.govinfo.gov/content/pkg/CHRG-113hhrg79492/html/CHRG-113hhrg79492.htm
2013-02-13,113,house,hsvr00,Committee on Veterans' Affairs,,HONORING THE COMMITMENT: OVERCOMING BARRIERS TO QUALITY MENTAL HEALTH CARE FOR VETERANS,,"possible match (same committee, same days, different title)",https://www.govinfo.gov/content/pkg/CHRG-113hhrg79938/html/CHRG-113hhrg79938.htm
2013-02-13,113,house,hsba00,Committee on Financial Services,,"BAILOUT, BUST, OR MUCH ADO ABOUT NOTHING?: A LOOK AT THE FEDERAL HOUSING ADMINISTRATION'S 2012 ACTUARIAL REPORT",,"possible match (same committee, same days, different title)",https://www.govinfo.gov/content/pkg/CHRG-113hhrg80868/html/CHRG-113hhrg80868.htm
2013-02-13,113,house,hsif00,Committee on Energy and Commerce,Subcommittee on Energy and Power,"EPA'S PROPOSED GHG STANDARDS FOR NEW POWER PLANTS AND H.R., WHITFIELD-MANCHIN LEGISLATION",,"possible match (same committee, same days, different title)",https://www.govinfo.gov/content/pkg/CHRG-113hhrg88079/html/CHRG-113hhrg88079.htm
2013-02-06,113,house,hssy00,"Committee on Science, Space, and Technology",,AMERICAN COMPETITIVENESS: THE ROLE OF RESEARCH AND DEVELOPMENT,,"possible match (same committee, same days, different title)",https://www.govinfo.gov/content/pkg/CHRG-113hhrg78823/html/CHRG-113hhrg78823.htm
2013-02-05,113,house,hsed00,Committee on Education and the Workforce,,CHALLENGES AND OPPORTUNITIES FACING AMERICA'S SCHOOLS AND WORKPLACES,,"possible match (same committee, same days, different title)",https://www.govinfo.gov/content/pkg/CHRG-113hhrg78455/html/CHRG-113hhrg78455.htm
2013-02-05,113,house,hsju00,Committee on the Judiciary,,ERICA'S IMMIGRATION SYSTEM: OPPORTUNITIES FOR LEGAL IMMIGRATION AND ENFORCEMENT OF LAWS AGAINST ILLEGAL IMMIGRATION,,"possible match (same committee, same days, different title)",https://www.govinfo.gov/content/pkg/CHRG-113hhrg78633/html/CHRG-113hhrg78633.htm
2013-02-05,113,house,hsvr00,Committee on Veterans' Affairs,Subcommittee on Oversight and Investigations,ANALYZING VA'S ACTIONS TO PREVENT LEGIONNAIRES' DISEASE IN PITTSBURGH,,no video found,https://www.govinfo.gov/content/pkg/CHRG-113hhrg78763/html/CHRG-113hhrg78763.htm
2013-02-05,113,house,hsvr00,Committee on Veterans' Affairs,Subcommittee on Disability Assistance and Memorial Affairs,THE 100% TEMPORARY DISABILITY RATING: AN EXAMINATION OF ITS EFFECTIVE USE,,no video found,https://www.govinfo.gov/content/pkg/CHRG-113hhrg78764/html/CHRG-113hhrg78764.htm
2013-02-05,113,house,hsha00,Committee on House Administration,,ORGANIZATIONAL MEETING FOR THE 113TH CONGRESS,,no video found,https://www.govinfo.gov/content/pkg/CHRG-113hhrg80194/html/CHRG-113hhrg80194.htm
2013-01-23,113,house,hsas00,Committee on Armed Services,,[H.A.S.C. No. 113-2]A REVIEW OF SEXUAL MISCONDUCT BY BASIC TRAINING INSTRUCTORS AT LACKLAND AIR FORCE BASE,,no video found,https://www.govinfo.gov/content/pkg/CHRG-113hhrg79490/html/CHRG-113hhrg79490.htm
2013-01-15,113,house,hsas00,Committee on Armed Services,,[H.A.S.C. No. 113-1] COMMITTEE ORGANIZATION,,no video found,https://www.govinfo.gov/content/pkg/CHRG-113hhrg78265/html/CHRG-113hhrg78265.htm
2012-10-09,114,house,,Select Committee on the Events Surrounding the 2012 Terrorist Attack in Benghazi,,INTERVIEWS OF WITNESSES BEFORE THE SELECT COMMITTEE ON THE EVENTS SURROUNDING THE 2012 TERRORIST ATTACK IN BENGHAZI - VOLUME 1,,committee not tracked,https://www.govinfo.gov/content/pkg/CHRG-114hhrg22153/html/CHRG-114hhrg22153.htm
2012-09-28,114,house,hsap00,Committee on Appropriations,,"MILITARY CONSTRUCTION, VETERANS AFFAIRS, AND RELATED AGENCIES APPROPRIATIONS FOR 2016",,no video found,https://www.govinfo.gov/content/pkg/CHRG-114hhrg97366/html/CHRG-114hhrg97366.htm
