family_id,source_url,arm,xml_url,status,http_status,content_type,root,final_url,bytes,checked_at,body_path,error
F001,http://amendments-rules.house.gov/amendments/3451027152158245824.pdf,extension replacement,http://amendments-rules.house.gov/amendments/3451027152158245824.xml,not_found,404,text/html; charset=utf-8,,https://amendments-rules.house.gov/amendments/3451027152158245824.xml,0,2026-09-27T17:43:23.666407+00:00,/Users/mikewolfd/hearing-text/xml_path_families/responses/9148087321a7cca4cb7e9e654144454864f6e95d547c1bb15edb330da03cd073.excerpt,
F002,https://beta.congress.gov/113/bills/hres677/BILLS-113hres677rh.pdf,extension replacement,https://beta.congress.gov/113/bills/hres677/BILLS-113hres677rh.xml,http_error,522,text/html; charset=UTF-8,,https://beta.congress.gov/113/bills/hres677/BILLS-113hres677rh.xml,0,2026-09-27T17:43:23.666569+00:00,/Users/mikewolfd/hearing-text/xml_path_families/responses/0d01f1b423475214771251b6ad6f94fc254959ccfa2fa1c6aa823467a3d2c0db.excerpt,
F002,http://beta.congress.gov/113/bills/hres492/BILLS-113hres492rh.pdf,extension replacement,http://beta.congress.gov/113/bills/hres492/BILLS-113hres492rh.xml,http_error,522,text/html; charset=UTF-8,,http://beta.congress.gov/113/bills/hres492/BILLS-113hres492rh.xml,0,2026-09-27T17:43:25.684924+00:00,/Users/mikewolfd/hearing-text/xml_path_families/responses/2ed11630d9d8520a08a85c1d3bef1953fbae2580f0d5d27038826d063c547f5d.excerpt,
F002,http://beta.congress.gov/113/bills/hres429/BILLS-113hres429rh.pdf,extension replacement,http://beta.congress.gov/113/bills/hres429/BILLS-113hres429rh.xml,http_error,522,text/html; charset=UTF-8,,http://beta.congress.gov/113/bills/hres429/BILLS-113hres429rh.xml,0,2026-09-27T17:43:24.069480+00:00,/Users/mikewolfd/hearing-text/xml_path_families/responses/0398268bd61cfad5011437509d96f2467ad7297f1fa8f44627f95774f2e71a74.excerpt,
F003,http://beta.congress.gov/113/crpt/hrpt350/CRPT-113hrpt350.pdf,extension replacement,http://beta.congress.gov/113/crpt/hrpt350/CRPT-113hrpt350.xml,http_error,522,text/html; charset=UTF-8,,http://beta.congress.gov/113/crpt/hrpt350/CRPT-113hrpt350.xml,0,2026-09-27T17:43:25.279812+00:00,/Users/mikewolfd/hearing-text/xml_path_families/responses/1ae459319f27d56969aa60a61373a8323d1a89230cb1a64b53c44eb14c17627a.excerpt,
F003,https://beta.congress.gov/113/crpt/hrpt568/CRPT-113hrpt568.pdf,extension replacement,https://beta.congress.gov/113/crpt/hrpt568/CRPT-113hrpt568.xml,http_error,522,text/html; charset=UTF-8,,https://beta.congress.gov/113/crpt/hrpt568/CRPT-113hrpt568.xml,0,2026-09-27T17:43:24.874815+00:00,/Users/mikewolfd/hearing-text/xml_path_families/responses/c5a75409bc1db6965b5abcda363e8a7e4314934b0eb0598cbaa84c789debbc3e.excerpt,
F003,http://beta.congress.gov/113/crpt/hrpt464/CRPT-113hrpt464.pdf,extension replacement,http://beta.congress.gov/113/crpt/hrpt464/CRPT-113hrpt464.xml,http_error,522,text/html; charset=UTF-8,,http://beta.congress.gov/113/crpt/hrpt464/CRPT-113hrpt464.xml,0,2026-09-27T17:43:24.471308+00:00,/Users/mikewolfd/hearing-text/xml_path_families/responses/e2e8e19e14de1dbb1ff202c1ad9778f9a09bd660c0bd25fbc67bbe649c5fb97d.excerpt,
F004,http://budget.house.gov/uploadedfiles/donovan_budget_testimony_final_house.pdf,extension replacement,http://budget.house.gov/uploadedfiles/donovan_budget_testimony_final_house.xml,not_found,410,text/html;charset=UTF-8,,https://budget.house.gov/uploadedfiles/donovan_budget_testimony_final_house.xml,0,2026-09-27T17:43:43.117963+00:00,/Users/mikewolfd/hearing-text/xml_path_families/responses/8b490bdc1e35bec649327d1e7e4d0517ef8ec52f758610a6c2a5c6cd3248dd04.excerpt,
F004,https://budget.house.gov/uploadedfiles/donovan_budget_testimony_final_house.pdf,extension replacement,https://budget.house.gov/uploadedfiles/donovan_budget_testimony_final_house.xml,not_found,410,text/html;charset=UTF-8,,https://budget.house.gov/uploadedfiles/donovan_budget_testimony_final_house.xml,0,2026-09-27T17:43:43.584687+00:00,/Users/mikewolfd/hearing-text/xml_path_families/responses/74311a9535a1a01ba0b0160a480649f114a579db88262f2cdcfde91f1b75620f.excerpt,
F005,https://docs.house.gov/Committee/Calendar/ByEvent.aspx?EventID=115044,meeting XML,http://docs.house.gov/meetings/FA/FA00/20220727/115044/HHRG-117-FA00-20220727.xml,xml,200,text/xml,committee-meeting,https://docs.house.gov/meetings/FA/FA00/20220727/115044/HHRG-117-FA00-20220727.xml,1314,2026-09-27T17:43:43.632184+00:00,/Users/mikewolfd/hearing-text/xml_path_families/xml/d29edaa03ee0bbc0bdf228ce78fc96d2601b233d418409dd7cfd570fa13568ea.xml,
F005,https://docs.house.gov/Committee/Calendar/ByEvent.aspx?EventID=115044,witness-list XML,http://docs.house.gov/meetings/FA/FA00/20220727/115044/HHRG-117-FA00-WList-20220727.xml,xml,200,text/xml,witness-list,https://docs.house.gov/meetings/FA/FA00/20220727/115044/HHRG-117-FA00-WList-20220727.xml,4188,2026-09-27T17:43:44.034454+00:00,/Users/mikewolfd/hearing-text/xml_path_families/xml/45a8285818000471225378c345960ac60a19cdd9578a817df23000a58e00e3ce.xml,
F005,https://docs.house.gov/Committee/Calendar/ByEvent.aspx?EventID=108828,meeting XML,http://docs.house.gov/meetings/AP/AP00/20190130/108828/HHRG-116-AP00-20190130.xml,xml,200,text/xml,committee-meeting,https://docs.house.gov/meetings/AP/AP00/20190130/108828/HHRG-116-AP00-20190130.xml,3467,2026-09-27T17:43:44.436686+00:00,/Users/mikewolfd/hearing-text/xml_path_families/xml/9594986540051a95d4343b76ccf1ae16bfb946a88815fb3b7730ba56a8b7302a.xml,
F005,https://docs.house.gov/Committee/Calendar/ByEvent.aspx?EventID=108828,witness-list XML,http://docs.house.gov/meetings/AP/AP00/20190130/108828/HHRG-116-AP00-WList-20190130.xml,not_found,404,text/html,,https://docs.house.gov/meetings/AP/AP00/20190130/108828/HHRG-116-AP00-WList-20190130.xml,0,2026-09-27T17:43:48.859172+00:00,/Users/mikewolfd/hearing-text/xml_path_families/responses/0fca4ecbb13aaf17dfe5605b959cb0655786ab73c43dcc76646e9b580fdfc3ef.excerpt,
F005,https://docs.house.gov/Committee/Calendar/ByEvent.aspx?EventID=118172,meeting XML,http://docs.house.gov/meetings/AS/AS03/20250514/118172/HHRG-119-AS03-20250514.xml,xml,200,text/xml,committee-meeting,https://docs.house.gov/meetings/AS/AS03/20250514/118172/HHRG-119-AS03-20250514.xml,7367,2026-09-27T17:43:46.041234+00:00,/Users/mikewolfd/hearing-text/xml_path_families/xml/83bbf392b4dd1a1feef0754a75e217e7b0a661a788e7e040a8c506102edfa90e.xml,
F005,https://docs.house.gov/Committee/Calendar/ByEvent.aspx?EventID=118172,witness-list XML,http://docs.house.gov/meetings/AS/AS03/20250514/118172/HHRG-119-AS03-WList-20250514.xml,xml,200,text/xml,witness-list,https://docs.house.gov/meetings/AS/AS03/20250514/118172/HHRG-119-AS03-WList-20250514.xml,2998,2026-09-27T17:43:45.641091+00:00,/Users/mikewolfd/hearing-text/xml_path_families/xml/42d8697a9c9f34e7f76a49320292327452f4e01b76397d1c5bd82eeff20d62a3.xml,
F006,https://docs.house.gov/billsthisweek/20200127/BILLS-116HR3621-RCP116-47.pdf,extension replacement,https://docs.house.gov/billsthisweek/20200127/BILLS-116HR3621-RCP116-47.xml,xml,200,text/xml,amendment-doc,https://docs.house.gov/billsthisweek/20200127/BILLS-116HR3621-RCP116-47.xml,341192,2026-09-27T17:43:44.837851+00:00,/Users/mikewolfd/hearing-text/xml_path_families/xml/4a4c4718511a4fd52076c97fc2e13c0b20567a43c740d662317a26a75959c8ca.xml,
F006,https://docs.house.gov/billsthisweek/20170904/BILLS%20-115HR3354HR3268HR3267HR3280HR3355HR3358HR3362HR3353-RCP115-31.pdf,extension replacement,https://docs.house.gov/billsthisweek/20170904/BILLS%20-115HR3354HR3268HR3267HR3280HR3355HR3358HR3362HR3353-RCP115-31.xml,xml,200,text/xml,amendment-doc,https://docs.house.gov/billsthisweek/20170904/BILLS%20-115HR3354HR3268HR3267HR3280HR3355HR3358HR3362HR3353-RCP115-31.xml,2688214,2026-09-27T17:43:46.845859+00:00,/Users/mikewolfd/hearing-text/xml_path_families/xml/7ee32fc954f20d838cb59a9baab4199e65f7ee3d5bd7d35226142af82464f75e.xml,
F006,http://docs.house.gov/billsthisweek/20220516/BILLS-117HR7309RH-RCP117-43.pdf,extension replacement,http://docs.house.gov/billsthisweek/20220516/BILLS-117HR7309RH-RCP117-43.xml,xml,200,text/xml,amendment-doc,https://docs.house.gov/billsthisweek/20220516/BILLS-117HR7309RH-RCP117-43.xml,689625,2026-09-27T17:43:45.238773+00:00,/Users/mikewolfd/hearing-text/xml_path_families/xml/41d653b2b324fb19a922e7f95b7a48e2aed3639c59b8d60ff22c9dd213f5d3c2.xml,
F007,http://docs.house.gov/billsthisweek/20131014/BILLS-113hjres59-HAmdt2a.pdf,extension replacement,http://docs.house.gov/billsthisweek/20131014/BILLS-113hjres59-HAmdt2a.xml,xml,200,text/xml,amendment-doc,https://docs.house.gov/billsthisweek/20131014/BILLS-113hjres59-HAmdt2a.xml,48373,2026-09-27T17:43:47.246694+00:00,/Users/mikewolfd/hearing-text/xml_path_families/xml/1a2c80308703b6c3909424caec50c08aa2c98b3b5d0a8d5001d8db98eaf61198.xml,
F007,http://docs.house.gov/billsthisweek/20170501/BILLS-115-SAHR244-HAmdt2.pdf,extension replacement,http://docs.house.gov/billsthisweek/20170501/BILLS-115-SAHR244-HAmdt2.xml,xml,200,text/xml,amendment-doc,https://docs.house.gov/billsthisweek/20170501/BILLS-115-SAHR244-HAmdt2.xml,208685,2026-09-27T17:43:48.456144+00:00,/Users/mikewolfd/hearing-text/xml_path_families/xml/5c9373b7968da40b6c9be3c1284eef287f3c3c54c884ccb2c9b51d22e8a83c3b.xml,
F007,http://docs.house.gov/billsthisweek/20140113/CPRT-113-HPRT-RU00-h3547-hamdt2samdt_xml.pdf,extension replacement,http://docs.house.gov/billsthisweek/20140113/CPRT-113-HPRT-RU00-h3547-hamdt2samdt_xml.xml,not_found,404,text/html,,https://docs.house.gov/billsthisweek/20140113/CPRT-113-HPRT-RU00-h3547-hamdt2samdt_xml.xml,0,2026-09-27T17:43:47.649442+00:00,/Users/mikewolfd/hearing-text/xml_path_families/responses/4d1df3ecf9b2fd44829c68ad9b1e622322fb4aa8705091d02c9ac3f3f411160c.excerpt,
F008,http://docs.house.gov/billsthisweek/20130930/BILLS-113hjres-PIH-INTEL.pdf,extension replacement,http://docs.house.gov/billsthisweek/20130930/BILLS-113hjres-PIH-INTEL.xml,xml,200,text/xml,resolution,https://docs.house.gov/billsthisweek/20130930/BILLS-113hjres-PIH-INTEL.xml,9505,2026-09-27T17:43:46.444143+00:00,/Users/mikewolfd/hearing-text/xml_path_families/xml/55d834cd9776c44f9cdd87afcc761020752de4f35d236f5bd228749200d886b7.xml,
F008,https://docs.house.gov/billsthisweek/20220606/BILLS-117HR2377RH.pdf,extension replacement,https://docs.house.gov/billsthisweek/20220606/BILLS-117HR2377RH.xml,not_found,404,text/html,,https://docs.house.gov/billsthisweek/20220606/BILLS-117HR2377RH.xml,0,2026-09-27T17:43:48.054564+00:00,/Users/mikewolfd/hearing-text/xml_path_families/responses/4f9684aaae29601671a8f9b6fdeaaef5f6e2b7607c4a48aa4c6ee6df2d59dc14.excerpt,
F008,http://docs.house.gov/billsthisweek/20151207/BILLS-114hr2250-SAmdts.pdf,extension replacement,http://docs.house.gov/billsthisweek/20151207/BILLS-114hr2250-SAmdts.xml,not_found,404,text/html,,https://docs.house.gov/billsthisweek/20151207/BILLS-114hr2250-SAmdts.xml,0,2026-09-27T17:43:49.665206+00:00,/Users/mikewolfd/hearing-text/xml_path_families/responses/5e372e287cf796c24965b571ad4a26c17f27b51cf08f79edf7ee3ca7ff36749c.excerpt,
F009,http://docs.house.gov/billsthisweek/20190211/CRPT-116hrpt9_u2-.pdf,extension replacement,http://docs.house.gov/billsthisweek/20190211/CRPT-116hrpt9_u2-.xml,not_found,404,text/html,,https://docs.house.gov/billsthisweek/20190211/CRPT-116hrpt9_u2-.xml,0,2026-09-27T17:43:50.873484+00:00,/Users/mikewolfd/hearing-text/xml_path_families/responses/b76f967572f73bb4ed617dda2eb1502dfeae35b12c7a1f08204a12f147b5609d.excerpt,
F009,http://docs.house.gov/billsthisweek/20180709/CRPT-115hrpt812.pdf,extension replacement,http://docs.house.gov/billsthisweek/20180709/CRPT-115hrpt812.xml,not_found,404,text/html,,https://docs.house.gov/billsthisweek/20180709/CRPT-115hrpt812.xml,0,2026-09-27T17:43:54.896410+00:00,/Users/mikewolfd/hearing-text/xml_path_families/responses/43d1da307d94a768e863a44b3b40ed494579eba925e6a3e633c5a7cecb3c0260.excerpt,
F009,http://docs.house.gov/billsthisweek/20150427/CRPT-114hrpt-SConRes11-Sig.pdf,extension replacement,http://docs.house.gov/billsthisweek/20150427/CRPT-114hrpt-SConRes11-Sig.xml,not_found,404,text/html,,https://docs.house.gov/billsthisweek/20150427/CRPT-114hrpt-SConRes11-Sig.xml,0,2026-09-27T17:43:50.066818+00:00,/Users/mikewolfd/hearing-text/xml_path_families/responses/8bf690a019d2f1386725cf7412724f2443ae3cb4fcbd87506b65a72196052312.excerpt,
F010,http://docs.house.gov/billsthisweek/20131209/AMNT-113-HJRes59sa-2R.pdf,extension replacement,http://docs.house.gov/billsthisweek/20131209/AMNT-113-HJRes59sa-2R.xml,xml,200,text/xml,amendment-doc,https://docs.house.gov/billsthisweek/20131209/AMNT-113-HJRes59sa-2R.xml,65697,2026-09-27T17:43:49.263478+00:00,/Users/mikewolfd/hearing-text/xml_path_families/xml/07724d7247a9f76a6f658699fc03766c8d7419873aea18b52bb03ab9be89139f.xml,
F010,http://docs.house.gov/billsthisweek/20240722/FY25%20EW%20Rules%20Print_PDF.pdf,extension replacement,http://docs.house.gov/billsthisweek/20240722/FY25%20EW%20Rules%20Print_PDF.xml,not_found,404,text/html,,https://docs.house.gov/billsthisweek/20240722/FY25%20EW%20Rules%20Print_PDF.xml,0,2026-09-27T17:43:51.678846+00:00,/Users/mikewolfd/hearing-text/xml_path_families/responses/720c789f2e9c6b038080ff3d060ed2570b8e91f635f777b1a4a8eacc96518a04.excerpt,
F010,http://docs.house.gov/billsthisweek/20160704/114-CRS524-JES.pdf,extension replacement,http://docs.house.gov/billsthisweek/20160704/114-CRS524-JES.xml,not_found,404,text/html,,https://docs.house.gov/billsthisweek/20160704/114-CRS524-JES.xml,0,2026-09-27T17:43:53.688911+00:00,/Users/mikewolfd/hearing-text/xml_path_families/responses/163564e6612200a63616f3e6aedbd45a00e56bf8d78a922df61af665939cc370.excerpt,
F011,https://docs.house.gov/floor/Default.aspx?date=2022-03-07&.pdf,XML Accept header,https://docs.house.gov/floor/Default.aspx?date=2022-03-07&.pdf,html,200,text/html; charset=utf-8,,https://docs.house.gov/floor/Default.aspx?date=2022-03-07&.pdf,116809,2026-09-27T17:43:50.471239+00:00,/Users/mikewolfd/hearing-text/xml_path_families/responses/f555130eed4bb6b09de3ee9bb7affe4c9704ac65894b2781081f67b81d496912.body,
F012,https://docs.house.gov/https://rules.house.gov/sites/republicans.rules118.house.gov/files/H3564_RCP_xml.pdf,extension replacement,https://docs.house.gov/https://rules.house.gov/sites/republicans.rules118.house.gov/files/H3564_RCP_xml.xml,not_found,404,text/html,,https://docs.house.gov/https://rules.house.gov/sites/republicans.rules118.house.gov/files/H3564_RCP_xml.xml,0,2026-09-27T17:43:54.491711+00:00,/Users/mikewolfd/hearing-text/xml_path_families/responses/fc2468f5d51ef8e8f7396c577caf24d8bf48827b04cf5590bca548e0582201ea.excerpt,
F013,http://docs.house.gov/meetings/RU/RU00/20141210/102799/BILLS-113rcp113-59pp.pdf,extension replacement,http://docs.house.gov/meetings/RU/RU00/20141210/102799/BILLS-113rcp113-59pp.xml,xml,200,text/xml,amendment-doc,https://docs.house.gov/meetings/RU/RU00/20141210/102799/BILLS-113rcp113-59pp.xml,3206006,2026-09-27T17:43:58.107723+00:00,/Users/mikewolfd/hearing-text/xml_path_families/xml/e93de59e00ca78bf562214437f68eb1b9ee2d0efd530407ff0dff3d79e4ca0f7.xml,
F013,https://docs.house.gov/meetings/RU/RU00/20181219/108800/BILLS-115RCP115-87ih.pdf,extension replacement,https://docs.house.gov/meetings/RU/RU00/20181219/108800/BILLS-115RCP115-87ih.xml,not_found,404,text/html,,https://docs.house.gov/meetings/RU/RU00/20181219/108800/BILLS-115RCP115-87ih.xml,0,2026-09-27T17:43:51.276838+00:00,/Users/mikewolfd/hearing-text/xml_path_families/responses/33265f5861215d6cd3bef1538aa7812746103390b6a82c03fbbe6fea4c3e79b7.excerpt,
F013,http://docs.house.gov/meetings/RU/RU00/20251201/118710/BILLS-119RCP14rh.pdf,extension replacement,http://docs.house.gov/meetings/RU/RU00/20251201/118710/BILLS-119RCP14rh.xml,not_found,404,text/html,,https://docs.house.gov/meetings/RU/RU00/20251201/118710/BILLS-119RCP14rh.xml,0,2026-09-27T17:43:52.884149+00:00,/Users/mikewolfd/hearing-text/xml_path_families/responses/19e0fa066f7742b377b81fdb02fda02cd8ddedb06c46179de3b98c8c6dd4de63.excerpt,
F014,http://docs.house.gov/meetings/JU/JU00/20240321/117016/BILLS-118-HR7198-J000289-Amdt-2-U2.pdf,extension replacement,http://docs.house.gov/meetings/JU/JU00/20240321/117016/BILLS-118-HR7198-J000289-Amdt-2-U2.xml,not_found,404,text/html,,https://docs.house.gov/meetings/JU/JU00/20240321/117016/BILLS-118-HR7198-J000289-Amdt-2-U2.xml,0,2026-09-27T17:43:52.079198+00:00,/Users/mikewolfd/hearing-text/xml_path_families/responses/71d5f24d07b936b1f9b788c8ee5c4848b57404854950699e8461e89140f296b5.excerpt,
F014,http://docs.house.gov/meetings/IF/IF00/20191017/110114/BILLS-116-3-W000791-Amdt-68.pdf,extension replacement,http://docs.house.gov/meetings/IF/IF00/20191017/110114/BILLS-116-3-W000791-Amdt-68.xml,not_found,404,text/html,,https://docs.house.gov/meetings/IF/IF00/20191017/110114/BILLS-116-3-W000791-Amdt-68.xml,0,2026-09-27T17:43:52.480380+00:00,/Users/mikewolfd/hearing-text/xml_path_families/responses/ddcef1d44bea5eb41d399266406d09c17dfdd434063a7699217f2d25dda6d439.excerpt,
F014,http://docs.house.gov/meetings/SY/SY00/20150422/103364/BILLS-114-HR1806-B001292-Amdt-009.pdf,extension replacement,http://docs.house.gov/meetings/SY/SY00/20150422/103364/BILLS-114-HR1806-B001292-Amdt-009.xml,not_found,404,text/html,,https://docs.house.gov/meetings/SY/SY00/20150422/103364/BILLS-114-HR1806-B001292-Amdt-009.xml,0,2026-09-27T17:43:53.287709+00:00,/Users/mikewolfd/hearing-text/xml_path_families/responses/aed1915167f03d33b2af55743aa75aaa4d9576828b968dd24ac75481336cd57e.excerpt,
F015,https://docs.house.gov/meetings/II/II00/20131030/101455/BILLS-113hr2799ih-ToestablishtheWildlifeandHuntingHeritageConservationCouncilAdvisoryCommitteetoadvisetheSecretariesoftheInteriorandAgricultureon,XML Accept header,https://docs.house.gov/meetings/II/II00/20131030/101455/BILLS-113hr2799ih-ToestablishtheWildlifeandHuntingHeritageConservationCouncilAdvisoryCommitteetoadvisetheSecretariesoftheInteriorandAgricultureon,not_found,404,text/html,,https://docs.house.gov/meetings/II/II00/20131030/101455/BILLS-113hr2799ih-ToestablishtheWildlifeandHuntingHeritageConservationCouncilAdvisoryCommitteetoadvisetheSecretariesoftheInteriorandAgricultureon,0,2026-09-27T17:43:59.313994+00:00,/Users/mikewolfd/hearing-text/xml_path_families/responses/0589e820f1d24e611dea144e16a3c00835fcd27dc332830e79c86ee352809481.excerpt,
F015,https://docs.house.gov/meetings/WM/WM00/20170308/105682/BILLS-115-AmendmentinthenatureofasubstitutetoSubtitle__BudgetReconciliationLegislativeRecommendationsRelatingtoRepealandReplaceofHealth-RelatedTa,XML Accept header,https://docs.house.gov/meetings/WM/WM00/20170308/105682/BILLS-115-AmendmentinthenatureofasubstitutetoSubtitle__BudgetReconciliationLegislativeRecommendationsRelatingtoRepealandReplaceofHealth-RelatedTa,not_found,404,text/html,,https://docs.house.gov/meetings/WM/WM00/20170308/105682/BILLS-115-AmendmentinthenatureofasubstitutetoSubtitle__BudgetReconciliationLegislativeRecommendationsRelatingtoRepealandReplaceofHealth-RelatedTa,0,2026-09-27T17:43:55.299027+00:00,/Users/mikewolfd/hearing-text/xml_path_families/responses/39cbb44de7e53b709c1ab0582d892a3c8db0c08e46c96f0dc965ba3be98b496b.excerpt,
F015,https://docs.house.gov/meetings/WM/WM00/20260609/119368/BILLS-119pih-Attheendofsection1400W-2boftheInternalRevenueCodeof1986asproposedtobeaddedbysection2aoftheTaxClarityforMiningandStakingActaddthefoll,XML Accept header,https://docs.house.gov/meetings/WM/WM00/20260609/119368/BILLS-119pih-Attheendofsection1400W-2boftheInternalRevenueCodeof1986asproposedtobeaddedbysection2aoftheTaxClarityforMiningandStakingActaddthefoll,not_found,404,text/html,,https://docs.house.gov/meetings/WM/WM00/20260609/119368/BILLS-119pih-Attheendofsection1400W-2boftheInternalRevenueCodeof1986asproposedtobeaddedbysection2aoftheTaxClarityforMiningandStakingActaddthefoll,0,2026-09-27T17:43:54.091263+00:00,/Users/mikewolfd/hearing-text/xml_path_families/responses/95e37b43ee90eb89604c9cd8f2549f5b32c9f49dbf555fffdde8220a416bdb40.excerpt,
F016,http://docs.house.gov/meetings/JU/JU00/20240508/117294/BILLS-118HR743ih-U1.pdf,extension replacement,http://docs.house.gov/meetings/JU/JU00/20240508/117294/BILLS-118HR743ih-U1.xml,not_found,404,text/html,,https://docs.house.gov/meetings/JU/JU00/20240508/117294/BILLS-118HR743ih-U1.xml,0,2026-09-27T17:43:59.714424+00:00,/Users/mikewolfd/hearing-text/xml_path_families/responses/8c7cee8ad44b3b2a1631a7929346eee9b0ee3392dcd90d3a68681f150b2a28a2.excerpt,
F016,http://docs.house.gov/meetings/II/II10/20210421/112473/BILLS-117820ih.pdf,extension replacement,http://docs.house.gov/meetings/II/II10/20210421/112473/BILLS-117820ih.xml,not_found,404,text/html,,https://docs.house.gov/meetings/II/II10/20210421/112473/BILLS-117820ih.xml,0,2026-09-27T17:43:56.505468+00:00,/Users/mikewolfd/hearing-text/xml_path_families/responses/97ddbf1edbc7d0925f64d0f516ca322ba000a4f369cfd67a0c9f9a27e858c93f.excerpt,
F016,http://docs.house.gov/meetings/WM/WM00/20231130/116644/BILLS-118HR3058ih.pdf,extension replacement,http://docs.house.gov/meetings/WM/WM00/20231130/116644/BILLS-118HR3058ih.xml,not_found,404,text/html,,https://docs.house.gov/meetings/WM/WM00/20231130/116644/BILLS-118HR3058ih.xml,0,2026-09-27T17:43:57.306564+00:00,/Users/mikewolfd/hearing-text/xml_path_families/responses/48a0bb88c060022247c8be37565634833e4a1e3edb0be2e8cb78face0a25dfca.excerpt,
F017,https://docs.house.gov/meetings/AS/AS29/20151201/104253/HHRG-114-AS29-Bio-McKeonB-20151201.pdf,extension replacement,https://docs.house.gov/meetings/AS/AS29/20151201/104253/HHRG-114-AS29-Bio-McKeonB-20151201.xml,not_found,404,text/html,,https://docs.house.gov/meetings/AS/AS29/20151201/104253/HHRG-114-AS29-Bio-McKeonB-20151201.xml,0,2026-09-27T17:43:55.701473+00:00,/Users/mikewolfd/hearing-text/xml_path_families/responses/d1d70ef6f272d8833e559be96689d50135df7392a905fcaa014d733687c5bf2f.excerpt,
F017,http://docs.house.gov/meetings/FA/FA16/20141118/102740/HHRG-113-FA16-Bio-MansD-20141118.pdf,extension replacement,http://docs.house.gov/meetings/FA/FA16/20141118/102740/HHRG-113-FA16-Bio-MansD-20141118.xml,not_found,404,text/html,,https://docs.house.gov/meetings/FA/FA16/20141118/102740/HHRG-113-FA16-Bio-MansD-20141118.xml,0,2026-09-27T17:43:56.104425+00:00,/Users/mikewolfd/hearing-text/xml_path_families/responses/b26b74ce44e1905511180d4ccb3a0437c074d66aa77b6324144ad98ed2b03204.excerpt,
F017,https://docs.house.gov/meetings/FA/FA05/20211020/114157/HHRG-117-FA05-Bio-PaskalC-20211020.pdf,extension replacement,https://docs.house.gov/meetings/FA/FA05/20211020/114157/HHRG-117-FA05-Bio-PaskalC-20211020.xml,not_found,404,text/html,,https://docs.house.gov/meetings/FA/FA05/20211020/114157/HHRG-117-FA05-Bio-PaskalC-20211020.xml,0,2026-09-27T17:43:56.906186+00:00,/Users/mikewolfd/hearing-text/xml_path_families/responses/9e8b1453a7aa1ec930c4f0d402c1e005633bde4cc4f5c93f6ef3c3a0f9c148cf.excerpt,
F018,http://docs.house.gov/meetings/RU/RU00/20220309/114489/HRPT-117-261.pdf,extension replacement,http://docs.house.gov/meetings/RU/RU00/20220309/114489/HRPT-117-261.xml,not_found,404,text/html,,https://docs.house.gov/meetings/RU/RU00/20220309/114489/HRPT-117-261.xml,0,2026-09-27T17:43:57.707626+00:00,/Users/mikewolfd/hearing-text/xml_path_families/responses/182d666947996bb01b4ed2d4d02b4b8516e26c1354f7ddcaa754965bc95130ef.excerpt,
F018,http://docs.house.gov/meetings/RU/RU00/20131203/101542/HRPT-113-HRept113-279.pdf,extension replacement,http://docs.house.gov/meetings/RU/RU00/20131203/101542/HRPT-113-HRept113-279.xml,not_found,404,text/html,,https://docs.house.gov/meetings/RU/RU00/20131203/101542/HRPT-113-HRept113-279.xml,0,2026-09-27T17:44:07.363716+00:00,/Users/mikewolfd/hearing-text/xml_path_families/responses/52ed75026f496c0656d2487b23d0cd8e1fbcf0bfe557e17717e1ccabcbcfe538.excerpt,
F018,https://docs.house.gov/meetings/SY/SY00/20170301/105630/HRPT-115-HR1224.pdf,extension replacement,https://docs.house.gov/meetings/SY/SY00/20170301/105630/HRPT-115-HR1224.xml,not_found,404,text/html,,https://docs.house.gov/meetings/SY/SY00/20170301/105630/HRPT-115-HR1224.xml,0,2026-09-27T17:44:01.724735+00:00,/Users/mikewolfd/hearing-text/xml_path_families/responses/53e16278b299cab4e114159f8c297e3b01e4389c1de2da1d25f937367ba1fa3c.excerpt,
F019,http://docs.house.gov/meetings/IF/IF02/20240604/117390/HHRG-118-IF02-TTF-DiGiorgioDOMHAA-20240604.pdf,extension replacement,http://docs.house.gov/meetings/IF/IF02/20240604/117390/HHRG-118-IF02-TTF-DiGiorgioDOMHAA-20240604.xml,not_found,404,text/html,,https://docs.house.gov/meetings/IF/IF02/20240604/117390/HHRG-118-IF02-TTF-DiGiorgioDOMHAA-20240604.xml,0,2026-09-27T17:43:58.510338+00:00,/Users/mikewolfd/hearing-text/xml_path_families/responses/907162e2075d7c558f152e08e4836c2e55b58082543581db32c329cf6bf40a06.excerpt,
F019,http://docs.house.gov/meetings/VR/VR11/20210721/113935/HHRG-117-VR11-TTF-SandagerB-20210721-U1.pdf,extension replacement,http://docs.house.gov/meetings/VR/VR11/20210721/113935/HHRG-117-VR11-TTF-SandagerB-20210721-U1.xml,not_found,404,text/html,,https://docs.house.gov/meetings/VR/VR11/20210721/113935/HHRG-117-VR11-TTF-SandagerB-20210721-U1.xml,0,2026-09-27T17:43:58.911802+00:00,/Users/mikewolfd/hearing-text/xml_path_families/responses/a09b12adb55e6556d9350c12d10243ad6e981829e5eb6c3c09520d9e3a34fb8f.excerpt,
F019,https://docs.house.gov/meetings/ED/ED10/20151021/104068/HHRG-114-ED10-TTF-SandersEsqS-20151021.pdf,extension replacement,https://docs.house.gov/meetings/ED/ED10/20151021/104068/HHRG-114-ED10-TTF-SandersEsqS-20151021.xml,not_found,404,text/html,,https://docs.house.gov/meetings/ED/ED10/20151021/104068/HHRG-114-ED10-TTF-SandersEsqS-20151021.xml,0,2026-09-27T17:44:06.154360+00:00,/Users/mikewolfd/hearing-text/xml_path_families/responses/8d1e8ef12baad310e8c52122a0b0e13608daa1cad2a5c72809a8c751559691af.excerpt,
F020,http://docs.house.gov/meetings/FA/FA18/20140408/102109/HHRG-113-FA18-Transcript-20140408.pdf,extension replacement,http://docs.house.gov/meetings/FA/FA18/20140408/102109/HHRG-113-FA18-Transcript-20140408.xml,not_found,404,text/html,,https://docs.house.gov/meetings/FA/FA18/20140408/102109/HHRG-113-FA18-Transcript-20140408.xml,0,2026-09-27T17:44:00.115137+00:00,/Users/mikewolfd/hearing-text/xml_path_families/responses/a91d487430cebd43446df5b40a638ae40aa5f0485194f6f45fc034a7471124c7.excerpt,
F020,http://docs.house.gov/meetings/IF/IF03/20130618/101000/HHRG-113-IF03-Transcript-20130618.pdf,extension replacement,http://docs.house.gov/meetings/IF/IF03/20130618/101000/HHRG-113-IF03-Transcript-20130618.xml,not_found,404,text/html,,https://docs.house.gov/meetings/IF/IF03/20130618/101000/HHRG-113-IF03-Transcript-20130618.xml,0,2026-09-27T17:44:00.516442+00:00,/Users/mikewolfd/hearing-text/xml_path_families/responses/9ab01ac198274259d084348494d66f5297cb47f59561651cb37d3b923150d45c.excerpt,
F020,http://docs.house.gov/meetings/GO/GO04/20170725/106338/HHRG-115-GO04-Transcript-20170725.pdf,extension replacement,http://docs.house.gov/meetings/GO/GO04/20170725/106338/HHRG-115-GO04-Transcript-20170725.xml,not_found,404,text/html,,https://docs.house.gov/meetings/GO/GO04/20170725/106338/HHRG-115-GO04-Transcript-20170725.xml,0,2026-09-27T17:44:02.126328+00:00,/Users/mikewolfd/hearing-text/xml_path_families/responses/508c30f55be37301f67ce9f3bfddd99fea1dd9bfae008df0c002b346d07ac462.excerpt,
F021,http://docs.house.gov/meetings/SM/SM00/20180618/108439/HHRG-115-SM00-20180618-CPg.pdf,extension replacement,http://docs.house.gov/meetings/SM/SM00/20180618/108439/HHRG-115-SM00-20180618-CPg.xml,not_found,404,text/html,,https://docs.house.gov/meetings/SM/SM00/20180618/108439/HHRG-115-SM00-20180618-CPg.xml,0,2026-09-27T17:44:00.917991+00:00,/Users/mikewolfd/hearing-text/xml_path_families/responses/b889fa01dd3bcef0ba4a6e4d24026fef89c3214b1b6f075256ee690da99ad27c.excerpt,
F021,http://docs.house.gov/meetings/AP/AP15/20210630/112871/HMKP-117-AP15-20210630-CPg.pdf,extension replacement,http://docs.house.gov/meetings/AP/AP15/20210630/112871/HMKP-117-AP15-20210630-CPg.xml,not_found,404,text/html,,https://docs.house.gov/meetings/AP/AP15/20210630/112871/HMKP-117-AP15-20210630-CPg.xml,0,2026-09-27T17:44:02.934895+00:00,/Users/mikewolfd/hearing-text/xml_path_families/responses/819b2f5078fd4af5938df726faee6c97fb6b4e53141e76b66366af3beb50daf8.excerpt,
F021,http://docs.house.gov/meetings/WM/WM06/20220518/114783/HHRG-117-WM06-20220518-CPg.pdf,extension replacement,http://docs.house.gov/meetings/WM/WM06/20220518/114783/HHRG-117-WM06-20220518-CPg.xml,not_found,404,text/html,,https://docs.house.gov/meetings/WM/WM06/20220518/114783/HHRG-117-WM06-20220518-CPg.xml,0,2026-09-27T17:44:01.322479+00:00,/Users/mikewolfd/hearing-text/xml_path_families/responses/2da02b1375e1b3101e28a918f904acde984c1603f861de488083603d9615e0e7.excerpt,
F022,http://docs.house.gov/meetings/ED/ED00/20230606/116073/HMKP-118-ED00-20230606-SD002.pdf,extension replacement,http://docs.house.gov/meetings/ED/ED00/20230606/116073/HMKP-118-ED00-20230606-SD002.xml,not_found,404,text/html,,https://docs.house.gov/meetings/ED/ED00/20230606/116073/HMKP-118-ED00-20230606-SD002.xml,0,2026-09-27T17:44:09.378863+00:00,/Users/mikewolfd/hearing-text/xml_path_families/responses/9f5b3f21d5ce8ae831fe90b4d383107c4ced0ec9f6b31c2687d557154286af69.excerpt,
F022,http://docs.house.gov/meetings/II/II00/20190409/109265/HHRG-116-II00-20190409-SD014.pdf,extension replacement,http://docs.house.gov/meetings/II/II00/20190409/109265/HHRG-116-II00-20190409-SD014.xml,not_found,404,text/html,,https://docs.house.gov/meetings/II/II00/20190409/109265/HHRG-116-II00-20190409-SD014.xml,0,2026-09-27T17:44:03.740247+00:00,/Users/mikewolfd/hearing-text/xml_path_families/responses/3de5c90fdc40d59686eaa9cbcb8ec9da1dc1d16249f737d4a335ac65ea3def48.excerpt,
F022,http://docs.house.gov/meetings/PW/PW07/20131211/101527/HHRG-113-PW07-20131211-SD001.pdf,extension replacement,http://docs.house.gov/meetings/PW/PW07/20131211/101527/HHRG-113-PW07-20131211-SD001.xml,not_found,404,text/html,,https://docs.house.gov/meetings/PW/PW07/20131211/101527/HHRG-113-PW07-20131211-SD001.xml,0,2026-09-27T17:44:02.529811+00:00,/Users/mikewolfd/hearing-text/xml_path_families/responses/f8df26a20470c4df2d7e6c2089db3dd913fd86f08ce7d4ab3d98aafce6b4e3f5.excerpt,
F023,http://docs.house.gov/meetings/JU/JU00/20200311/110723/HMTG-116-JU00-20200311-MbrRoster.pdf,extension replacement,http://docs.house.gov/meetings/JU/JU00/20200311/110723/HMTG-116-JU00-20200311-MbrRoster.xml,not_found,404,text/html,,https://docs.house.gov/meetings/JU/JU00/20200311/110723/HMTG-116-JU00-20200311-MbrRoster.xml,0,2026-09-27T17:44:06.556675+00:00,/Users/mikewolfd/hearing-text/xml_path_families/responses/b27e8a9fcbf2b424f087b703a538feee3251fe383d3eef8c379344ad3542ab07.excerpt,
F023,http://docs.house.gov/meetings/FA/FA13/20260305/118978/HHRG-119-FA13-20260305-MbrRoster.pdf,extension replacement,http://docs.house.gov/meetings/FA/FA13/20260305/118978/HHRG-119-FA13-20260305-MbrRoster.xml,not_found,404,text/html,,https://docs.house.gov/meetings/FA/FA13/20260305/118978/HHRG-119-FA13-20260305-MbrRoster.xml,0,2026-09-27T17:44:03.338928+00:00,/Users/mikewolfd/hearing-text/xml_path_families/responses/c0005df1d498a9f9906f6e397d732441acdbde6341c84b91c6f53e480acc70f0.excerpt,
F023,http://docs.house.gov/meetings/GO/GO00/20211202/114282/HMKP-117-GO00-20211202-MbrRoster.pdf,extension replacement,http://docs.house.gov/meetings/GO/GO00/20211202/114282/HMKP-117-GO00-20211202-MbrRoster.xml,not_found,404,text/html,,https://docs.house.gov/meetings/GO/GO00/20211202/114282/HMKP-117-GO00-20211202-MbrRoster.xml,0,2026-09-27T17:44:04.945827+00:00,/Users/mikewolfd/hearing-text/xml_path_families/responses/9f91c87f3093c20dc47f4ad248eba2a7d4351170640678d1663a28d881a396d0.excerpt,
F024,https://docs.house.gov/meetings/IF/IF16/20171011/106513/HMKP-115-IF16-MState-B001243-20171011-U6.pdf,extension replacement,https://docs.house.gov/meetings/IF/IF16/20171011/106513/HMKP-115-IF16-MState-B001243-20171011-U6.xml,not_found,404,text/html,,https://docs.house.gov/meetings/IF/IF16/20171011/106513/HMKP-115-IF16-MState-B001243-20171011-U6.xml,0,2026-09-27T17:44:04.141137+00:00,/Users/mikewolfd/hearing-text/xml_path_families/responses/9e1643b0ec296ba8341f6d9c9a2228d41d0adb91368c581bd32c1cd81280fcb1.excerpt,
F024,http://docs.house.gov/meetings/SY/SY00/20260108/118794/HHRG-119-SY00-MState-B001291-20260108.pdf,extension replacement,http://docs.house.gov/meetings/SY/SY00/20260108/118794/HHRG-119-SY00-MState-B001291-20260108.xml,not_found,404,text/html,,https://docs.house.gov/meetings/SY/SY00/20260108/118794/HHRG-119-SY00-MState-B001291-20260108.xml,0,2026-09-27T17:44:04.545357+00:00,/Users/mikewolfd/hearing-text/xml_path_families/responses/7503c519925d6170f10454c0f8fefd16acef824c9bc5dcc23c85d292be028960.excerpt,
F024,http://docs.house.gov/meetings/IF/IF02/20240501/117242/HHRG-118-IF02-MState-C001066-20240501.pdf,extension replacement,http://docs.house.gov/meetings/IF/IF02/20240501/117242/HHRG-118-IF02-MState-C001066-20240501.xml,not_found,404,text/html,,https://docs.house.gov/meetings/IF/IF02/20240501/117242/HHRG-118-IF02-MState-C001066-20240501.xml,0,2026-09-27T17:44:05.346829+00:00,/Users/mikewolfd/hearing-text/xml_path_families/responses/881acea4c13db91d639520ef22043e66a7ba319ecc1d45eafcc7f074ef3abf7d.excerpt,
F025,http://docs.house.gov/meetings/VC/VC00/20220120/114347/HHRG-117-VC00-20220120-QFR005.pdf,extension replacement,http://docs.house.gov/meetings/VC/VC00/20220120/114347/HHRG-117-VC00-20220120-QFR005.xml,not_found,404,text/html,,https://docs.house.gov/meetings/VC/VC00/20220120/114347/HHRG-117-VC00-20220120-QFR005.xml,0,2026-09-27T17:44:05.750555+00:00,/Users/mikewolfd/hearing-text/xml_path_families/responses/d675c0856aa4b10395ce90ee81f859d69e943416072ed023a9b3a1c45e9e233c.excerpt,
F025,http://docs.house.gov/meetings/II/II13/20190718/109806/HMTG-116-II13-20190718-QFR002.pdf,extension replacement,http://docs.house.gov/meetings/II/II13/20190718/109806/HMTG-116-II13-20190718-QFR002.xml,not_found,404,text/html,,https://docs.house.gov/meetings/II/II13/20190718/109806/HMTG-116-II13-20190718-QFR002.xml,0,2026-09-27T17:44:08.974730+00:00,/Users/mikewolfd/hearing-text/xml_path_families/responses/9b21340e73058db2e313e88fc1c84d04648c2d22f84952f5d00f5c1849f9f178.excerpt,
F025,http://docs.house.gov/meetings/II/II00/20200304/110626/HHRG-116-II00-20200304-QFR008.pdf,extension replacement,http://docs.house.gov/meetings/II/II00/20200304/110626/HHRG-116-II00-20200304-QFR008.xml,not_found,404,text/html,,https://docs.house.gov/meetings/II/II00/20200304/110626/HHRG-116-II00-20200304-QFR008.xml,0,2026-09-27T17:44:06.958634+00:00,/Users/mikewolfd/hearing-text/xml_path_families/responses/db67e2723ce002e9548d2258ba94e92fe7a57592de23c193ad71808df628468e.excerpt,
F026,http://docs.house.gov/meetings/BA/BA00/20210420/112484/CRPT-117-BA00-Vote002-20210420.pdf,extension replacement,http://docs.house.gov/meetings/BA/BA00/20210420/112484/CRPT-117-BA00-Vote002-20210420.xml,not_found,404,text/html,,https://docs.house.gov/meetings/BA/BA00/20210420/112484/CRPT-117-BA00-Vote002-20210420.xml,0,2026-09-27T17:44:08.571282+00:00,/Users/mikewolfd/hearing-text/xml_path_families/responses/2d109f779d2bc99752b4d83da9e39ab3362bf1630eccde3a144df87d83f5dcec.excerpt,
F026,http://docs.house.gov/meetings/JU/JU00/20230614/116117/CRPT-118-JU00-Vote004-20230614.pdf,extension replacement,http://docs.house.gov/meetings/JU/JU00/20230614/116117/CRPT-118-JU00-Vote004-20230614.xml,not_found,404,text/html,,https://docs.house.gov/meetings/JU/JU00/20230614/116117/CRPT-118-JU00-Vote004-20230614.xml,0,2026-09-27T17:44:08.168994+00:00,/Users/mikewolfd/hearing-text/xml_path_families/responses/acd2a24799adb7ebf0d48c4928cacb3c7fc1d64a3ccbccfc98e561e53559be1b.excerpt,
F026,http://docs.house.gov/meetings/BA/BA00/20150325/103269/CRPT-114-BA00-Vote016-20150325.pdf,extension replacement,http://docs.house.gov/meetings/BA/BA00/20150325/103269/CRPT-114-BA00-Vote016-20150325.xml,not_found,404,text/html,,https://docs.house.gov/meetings/BA/BA00/20150325/103269/CRPT-114-BA00-Vote016-20150325.xml,0,2026-09-27T17:44:07.764228+00:00,/Users/mikewolfd/hearing-text/xml_path_families/responses/a4502e714507b0d1289e3b4f2988ec1ad05e14c27a52f2198433e9a6be44a119.excerpt,
F027,http://docs.house.gov/meetings/IF/IF03/20130509/100816/HHRG-113-IF03-Wstate-GramlichR-20130509-SD003.pdf,extension replacement,http://docs.house.gov/meetings/IF/IF03/20130509/100816/HHRG-113-IF03-Wstate-GramlichR-20130509-SD003.xml,not_found,404,text/html,,https://docs.house.gov/meetings/IF/IF03/20130509/100816/HHRG-113-IF03-Wstate-GramlichR-20130509-SD003.xml,0,2026-09-27T17:44:10.988928+00:00,/Users/mikewolfd/hearing-text/xml_path_families/responses/99fd7ad72c3d00774c19c8c4089bac264933866bd50765a649f6a9c9f03b5e24.excerpt,
F027,https://docs.house.gov/meetings/IF/IF14/20140501/102173/HHRG-113-IF14-Wstate-JonesK-20140501-SD002.pdf,extension replacement,https://docs.house.gov/meetings/IF/IF14/20140501/102173/HHRG-113-IF14-Wstate-JonesK-20140501-SD002.xml,not_found,404,text/html,,https://docs.house.gov/meetings/IF/IF14/20140501/102173/HHRG-113-IF14-Wstate-JonesK-20140501-SD002.xml,0,2026-09-27T17:44:11.797531+00:00,/Users/mikewolfd/hearing-text/xml_path_families/responses/d62b10c81c910876e038d036a5712349e34173dd2489ba35db23d537dc4d5fe6.excerpt,
F027,http://docs.house.gov/meetings/II/II00/20180910/108645/HHRG-115-II00-Wstate-JohnsonK-20180910-SD105.pdf,extension replacement,http://docs.house.gov/meetings/II/II00/20180910/108645/HHRG-115-II00-Wstate-JohnsonK-20180910-SD105.xml,not_found,404,text/html,,https://docs.house.gov/meetings/II/II00/20180910/108645/HHRG-115-II00-Wstate-JohnsonK-20180910-SD105.xml,0,2026-09-27T17:44:11.392905+00:00,/Users/mikewolfd/hearing-text/xml_path_families/responses/5a0f1d7a070fc7815a699fa8030447343495d1ddec6d8c187982facffd3f9e2c.excerpt,
F028,http://docs.house.gov/meetings/II/II24/20210323/111414/HHRG-117-II24-WList-20210323.pdf,extension replacement,http://docs.house.gov/meetings/II/II24/20210323/111414/HHRG-117-II24-WList-20210323.xml,xml,200,text/xml,witness-list,https://docs.house.gov/meetings/II/II24/20210323/111414/HHRG-117-II24-WList-20210323.xml,15790,2026-09-27T17:44:10.180824+00:00,/Users/mikewolfd/hearing-text/xml_path_families/xml/8d902b5decfd7ccb185ed3d74ee5104a4f17fb651f5f90149f736977ce2cb21c.xml,
F028,http://docs.house.gov/meetings/II/II10/20190430/109354/HHRG-116-II10-WList-20190430-U1.pdf,extension replacement,http://docs.house.gov/meetings/II/II10/20190430/109354/HHRG-116-II10-WList-20190430-U1.xml,not_found,404,text/html,,https://docs.house.gov/meetings/II/II10/20190430/109354/HHRG-116-II10-WList-20190430-U1.xml,0,2026-09-27T17:44:09.780378+00:00,/Users/mikewolfd/hearing-text/xml_path_families/responses/8842b0a1e955025ed6659272b7e0292fd946b3fa957f8c28b468b413af4d8f5e.excerpt,
F028,http://docs.house.gov/meetings/VR/VR00/20220317/114511/HHRG-117-VR00-WList-20220317-U1.pdf,extension replacement,http://docs.house.gov/meetings/VR/VR00/20220317/114511/HHRG-117-VR00-WList-20220317-U1.xml,not_found,404,text/html,,https://docs.house.gov/meetings/VR/VR00/20220317/114511/HHRG-117-VR00-WList-20220317-U1.xml,0,2026-09-27T17:44:12.603780+00:00,/Users/mikewolfd/hearing-text/xml_path_families/responses/eb5734e1415ae580451c3466e12200c16e465c477a320523bcaa3f965a3fb66e.excerpt,
F029,https://docs.house.gov/meetings/SY/SY15/20130918/101324/HHRG-113-SY15-Wstate-LondonE-20130918.pdf,extension replacement,https://docs.house.gov/meetings/SY/SY15/20130918/101324/HHRG-113-SY15-Wstate-LondonE-20130918.xml,not_found,404,text/html,,https://docs.house.gov/meetings/SY/SY15/20130918/101324/HHRG-113-SY15-Wstate-LondonE-20130918.xml,0,2026-09-27T17:44:12.199264+00:00,/Users/mikewolfd/hearing-text/xml_path_families/responses/7a98a641a9236ced76c0cacbfda8fd88fe975ac8339b58f02f24b999b2730e59.excerpt,
F029,http://docs.house.gov/meetings/WM/WM05/20200911/110995/HHRG-116-WM05-Wstate-ColicchioT-20200911.pdf,extension replacement,http://docs.house.gov/meetings/WM/WM05/20200911/110995/HHRG-116-WM05-Wstate-ColicchioT-20200911.xml,not_found,404,text/html,,https://docs.house.gov/meetings/WM/WM05/20200911/110995/HHRG-116-WM05-Wstate-ColicchioT-20200911.xml,0,2026-09-27T17:44:10.585116+00:00,/Users/mikewolfd/hearing-text/xml_path_families/responses/6234412f1110bbd6c99392a47eb492fa66e5fcde1ff57435150db92417ae5712.excerpt,
F029,http://docs.house.gov/meetings/BA/BA00/20260317/119049/HHRG-119-BA00-Wstate-BomsS-20260317.pdf,extension replacement,http://docs.house.gov/meetings/BA/BA00/20260317/119049/HHRG-119-BA00-Wstate-BomsS-20260317.xml,not_found,404,text/html,,https://docs.house.gov/meetings/BA/BA00/20260317/119049/HHRG-119-BA00-Wstate-BomsS-20260317.xml,0,2026-09-27T17:44:13.006716+00:00,/Users/mikewolfd/hearing-text/xml_path_families/responses/8f6705cc5c555e16d1a18d17960b915299db28b43a76083bc41482903404d2f1.excerpt,
F030,https://docsadmin-clerk.house.gov/billsthisweek/20201130/CP-116HR3884RH-COMPARED-RCP116-67.pdf,extension replacement,https://docsadmin-clerk.house.gov/billsthisweek/20201130/CP-116HR3884RH-COMPARED-RCP116-67.xml,network_error,,,,,0,2026-09-27T17:44:11.301405+00:00,,"HTTPSConnectionPool(host='docsadmin-clerk.house.gov', port=443): Max retries exceeded with url: /billsthisweek/20201130/CP-116HR3884RH-COMPARED-RCP116-67.xml (Caused by NameResolutionError(""<urllib3.connection.HTTPSConnection object at 0x10b4084a0>: Failed to resolve 'docsadmin-clerk.house.gov' ([Errno 8] nodename nor servname provided, or not known)""))"
F030,https://docsadmin-clerk.house.gov/billsthisweek/20260720/RCP2_STOPINSIDERTRADING_xml.pdf,extension replacement,https://docsadmin-clerk.house.gov/billsthisweek/20260720/RCP2_STOPINSIDERTRADING_xml.xml,network_error,,,,,0,2026-09-27T17:44:11.706225+00:00,,"HTTPSConnectionPool(host='docsadmin-clerk.house.gov', port=443): Max retries exceeded with url: /billsthisweek/20260720/RCP2_STOPINSIDERTRADING_xml.xml (Caused by NameResolutionError(""<urllib3.connection.HTTPSConnection object at 0x10b3c7290>: Failed to resolve 'docsadmin-clerk.house.gov' ([Errno 8] nodename nor servname provided, or not known)""))"
F030,https://docsadmin-clerk.house.gov/billsthisweek/20260720/BILL-TO-BILL_BILLS-119hr7008rh-hr9368rh_to_RCP2-119-38-StopInsiderTrading.pdf,extension replacement,https://docsadmin-clerk.house.gov/billsthisweek/20260720/BILL-TO-BILL_BILLS-119hr7008rh-hr9368rh_to_RCP2-119-38-StopInsiderTrading.xml,network_error,,,,,0,2026-09-27T17:44:12.913104+00:00,,"HTTPSConnectionPool(host='docsadmin-clerk.house.gov', port=443): Max retries exceeded with url: /billsthisweek/20260720/BILL-TO-BILL_BILLS-119hr7008rh-hr9368rh_to_RCP2-119-38-StopInsiderTrading.xml (Caused by NameResolutionError(""<urllib3.connection.HTTPSConnection object at 0x10b3c7800>: Failed to resolve 'docsadmin-clerk.house.gov' ([Errno 8] nodename nor servname provided, or not known)""))"
F031,https://docsadmin-clerk.house.gov/billsthisweek/20260601/BILL-TO-BILL_119hr7892%20as%20reported%20to%20RCP%20119-31.pdf,extension replacement,https://docsadmin-clerk.house.gov/billsthisweek/20260601/BILL-TO-BILL_119hr7892%20as%20reported%20to%20RCP%20119-31.xml,network_error,,,,,0,2026-09-27T17:44:12.106518+00:00,,"HTTPSConnectionPool(host='docsadmin-clerk.house.gov', port=443): Max retries exceeded with url: /billsthisweek/20260601/BILL-TO-BILL_119hr7892%20as%20reported%20to%20RCP%20119-31.xml (Caused by NameResolutionError(""<urllib3.connection.HTTPSConnection object at 0x10b409280>: Failed to resolve 'docsadmin-clerk.house.gov' ([Errno 8] nodename nor servname provided, or not known)""))"
F031,https://docsadmin-clerk.house.gov/billsthisweek/20240415/h6323fs_rh_xml.pdf,extension replacement,https://docsadmin-clerk.house.gov/billsthisweek/20240415/h6323fs_rh_xml.xml,network_error,,,,,0,2026-09-27T17:44:12.508349+00:00,,"HTTPSConnectionPool(host='docsadmin-clerk.house.gov', port=443): Max retries exceeded with url: /billsthisweek/20240415/h6323fs_rh_xml.xml (Caused by NameResolutionError(""<urllib3.connection.HTTPSConnection object at 0x10b3c4b30>: Failed to resolve 'docsadmin-clerk.house.gov' ([Errno 8] nodename nor servname provided, or not known)""))"
F031,https://docsadmin-clerk.house.gov/billsthisweek/20250623/mlva-rcp_xml.pdf,extension replacement,https://docsadmin-clerk.house.gov/billsthisweek/20250623/mlva-rcp_xml.xml,network_error,,,,,0,2026-09-27T17:44:13.316393+00:00,,"HTTPSConnectionPool(host='docsadmin-clerk.house.gov', port=443): Max retries exceeded with url: /billsthisweek/20250623/mlva-rcp_xml.xml (Caused by NameResolutionError(""<urllib3.connection.HTTPSConnection object at 0x10b4098e0>: Failed to resolve 'docsadmin-clerk.house.gov' ([Errno 8] nodename nor servname provided, or not known)""))"
F032,https://docsadmin.clerk.house.gov/billsthisweek/20131118/CPRT-113-HPRT-RU00-HR1900.pdf,extension replacement,https://docsadmin.clerk.house.gov/billsthisweek/20131118/CPRT-113-HPRT-RU00-HR1900.xml,network_error,,,,,0,2026-09-27T17:44:12.315822+00:00,,"HTTPSConnectionPool(host='docsadmin.clerk.house.gov', port=443): Max retries exceeded with url: /billsthisweek/20131118/CPRT-113-HPRT-RU00-HR1900.xml (Caused by NameResolutionError(""<urllib3.connection.HTTPSConnection object at 0x10b3c64e0>: Failed to resolve 'docsadmin.clerk.house.gov' ([Errno 8] nodename nor servname provided, or not known)""))"
F032,http://docsadmin.clerk.house.gov/billsthisweek/20131118/CPRT-113-HPRT-RU00-HR1900.pdf,extension replacement,http://docsadmin.clerk.house.gov/billsthisweek/20131118/CPRT-113-HPRT-RU00-HR1900.xml,network_error,,,,,0,2026-09-27T17:44:12.717019+00:00,,"HTTPConnectionPool(host='docsadmin.clerk.house.gov', port=80): Max retries exceeded with url: /billsthisweek/20131118/CPRT-113-HPRT-RU00-HR1900.xml (Caused by NameResolutionError(""<urllib3.connection.HTTPConnection object at 0x10b3c5fa0>: Failed to resolve 'docsadmin.clerk.house.gov' ([Errno 8] nodename nor servname provided, or not known)""))"
F033,http://docsadmin.clerk.house.gov/billsthisweek/20130318/BILLS-113HConRes-PIH-BudgetRes.pdf,extension replacement,http://docsadmin.clerk.house.gov/billsthisweek/20130318/BILLS-113HConRes-PIH-BudgetRes.xml,network_error,,,,,0,2026-09-27T17:44:14.331060+00:00,,"HTTPConnectionPool(host='docsadmin.clerk.house.gov', port=80): Max retries exceeded with url: /billsthisweek/20130318/BILLS-113HConRes-PIH-BudgetRes.xml (Caused by NameResolutionError(""<urllib3.connection.HTTPConnection object at 0x10b3c7980>: Failed to resolve 'docsadmin.clerk.house.gov' ([Errno 8] nodename nor servname provided, or not known)""))"
F033,https://docsadmin.clerk.house.gov/billsthisweek/20130318/BILLS-113HConRes-PIH-BudgetRes.pdf,extension replacement,https://docsadmin.clerk.house.gov/billsthisweek/20130318/BILLS-113HConRes-PIH-BudgetRes.xml,network_error,,,,,0,2026-09-27T17:44:14.736117+00:00,,"HTTPSConnectionPool(host='docsadmin.clerk.house.gov', port=443): Max retries exceeded with url: /billsthisweek/20130318/BILLS-113HConRes-PIH-BudgetRes.xml (Caused by NameResolutionError(""<urllib3.connection.HTTPSConnection object at 0x10b47b890>: Failed to resolve 'docsadmin.clerk.house.gov' ([Errno 8] nodename nor servname provided, or not known)""))"
F034,https://docsadmin.clerk.house.gov/billsthisweek/20181210/Joint%20Explanatory%20Statement.pdf,extension replacement,https://docsadmin.clerk.house.gov/billsthisweek/20181210/Joint%20Explanatory%20Statement.xml,network_error,,,,,0,2026-09-27T17:44:13.122403+00:00,,"HTTPSConnectionPool(host='docsadmin.clerk.house.gov', port=443): Max retries exceeded with url: /billsthisweek/20181210/Joint%20Explanatory%20Statement.xml (Caused by NameResolutionError(""<urllib3.connection.HTTPSConnection object at 0x10b4094f0>: Failed to resolve 'docsadmin.clerk.house.gov' ([Errno 8] nodename nor servname provided, or not known)""))"
F034,https://docsadmin.clerk.house.gov/billsthisweek/20170424/Section-by-Section.pdf,extension replacement,https://docsadmin.clerk.house.gov/billsthisweek/20170424/Section-by-Section.xml,network_error,,,,,0,2026-09-27T17:44:13.525459+00:00,,"HTTPSConnectionPool(host='docsadmin.clerk.house.gov', port=443): Max retries exceeded with url: /billsthisweek/20170424/Section-by-Section.xml (Caused by NameResolutionError(""<urllib3.connection.HTTPSConnection object at 0x10a5be600>: Failed to resolve 'docsadmin.clerk.house.gov' ([Errno 8] nodename nor servname provided, or not known)""))"
F034,https://docsadmin.clerk.house.gov/billsthisweek/20170424/MacArthur%20Amendment.pdf,extension replacement,https://docsadmin.clerk.house.gov/billsthisweek/20170424/MacArthur%20Amendment.xml,network_error,,,,,0,2026-09-27T17:44:13.929937+00:00,,"HTTPSConnectionPool(host='docsadmin.clerk.house.gov', port=443): Max retries exceeded with url: /billsthisweek/20170424/MacArthur%20Amendment.xml (Caused by NameResolutionError(""<urllib3.connection.HTTPSConnection object at 0x10b408b90>: Failed to resolve 'docsadmin.clerk.house.gov' ([Errno 8] nodename nor servname provided, or not known)""))"
F035,https://edit-republicans.rules.house.gov/sites/republicans.rules.house.gov/files/HRPT-114-HR3009.pdf,extension replacement,https://edit-republicans.rules.house.gov/sites/republicans.rules.house.gov/files/HRPT-114-HR3009.xml,network_error,,,,,0,2026-09-27T17:44:13.304143+00:00,,"HTTPSConnectionPool(host='edit-republicans.rules.house.gov', port=443): Max retries exceeded with url: /sites/republicans.rules.house.gov/files/HRPT-114-HR3009.xml (Caused by NameResolutionError(""<urllib3.connection.HTTPSConnection object at 0x10b3c73e0>: Failed to resolve 'edit-republicans.rules.house.gov' ([Errno 8] nodename nor servname provided, or not known)""))"
F036,https://edit-rules.house.gov/sites/evo-subsites/rules.house.gov/files/documents/bill-to-bill_119hr1897rh_to_rcp_h1897-2_xml.pdf,extension replacement,https://edit-rules.house.gov/sites/evo-subsites/rules.house.gov/files/documents/bill-to-bill_119hr1897rh_to_rcp_h1897-2_xml.xml,network_error,,,,,0,2026-09-27T17:44:13.320451+00:00,,"HTTPSConnectionPool(host='edit-rules.house.gov', port=443): Max retries exceeded with url: /sites/evo-subsites/rules.house.gov/files/documents/bill-to-bill_119hr1897rh_to_rcp_h1897-2_xml.xml (Caused by NameResolutionError(""<urllib3.connection.HTTPSConnection object at 0x10b409d00>: Failed to resolve 'edit-rules.house.gov' ([Errno 8] nodename nor servname provided, or not known)""))"
F036,https://edit-rules.house.gov/sites/evo-subsites/rules.house.gov/files/documents/rcp_h1897-2_xml.pdf,extension replacement,https://edit-rules.house.gov/sites/evo-subsites/rules.house.gov/files/documents/rcp_h1897-2_xml.xml,network_error,,,,,0,2026-09-27T17:44:13.722844+00:00,,"HTTPSConnectionPool(host='edit-rules.house.gov', port=443): Max retries exceeded with url: /sites/evo-subsites/rules.house.gov/files/documents/rcp_h1897-2_xml.xml (Caused by NameResolutionError(""<urllib3.connection.HTTPSConnection object at 0x10a2fdf70>: Failed to resolve 'edit-rules.house.gov' ([Errno 8] nodename nor servname provided, or not known)""))"
F037,https://edit-rules.house.gov/sites/republicans.rules118.house.gov/files/BILLS-118HR2494IH-RCP118-4_1.pdf,extension replacement,https://edit-rules.house.gov/sites/republicans.rules118.house.gov/files/BILLS-118HR2494IH-RCP118-4_1.xml,network_error,,,,,0,2026-09-27T17:44:14.930277+00:00,,"HTTPSConnectionPool(host='edit-rules.house.gov', port=443): Max retries exceeded with url: /sites/republicans.rules118.house.gov/files/BILLS-118HR2494IH-RCP118-4_1.xml (Caused by NameResolutionError(""<urllib3.connection.HTTPSConnection object at 0x10b3c60c0>: Failed to resolve 'edit-rules.house.gov' ([Errno 8] nodename nor servname provided, or not known)""))"
F038,https://edit-rules.house.gov/sites/republicans.rules118.house.gov/files/RCP_3935_2_xml_0.pdf,extension replacement,https://edit-rules.house.gov/sites/republicans.rules118.house.gov/files/RCP_3935_2_xml_0.xml,network_error,,,,,0,2026-09-27T17:44:14.123446+00:00,,"HTTPSConnectionPool(host='edit-rules.house.gov', port=443): Max retries exceeded with url: /sites/republicans.rules118.house.gov/files/RCP_3935_2_xml_0.xml (Caused by NameResolutionError(""<urllib3.connection.HTTPSConnection object at 0x10b4088c0>: Failed to resolve 'edit-rules.house.gov' ([Errno 8] nodename nor servname provided, or not known)""))"
F038,https://edit-rules.house.gov/sites/republicans.rules118.house.gov/files/RCP_H5961_xml.pdf,extension replacement,https://edit-rules.house.gov/sites/republicans.rules118.house.gov/files/RCP_H5961_xml.xml,network_error,,,,,0,2026-09-27T17:44:15.335675+00:00,,"HTTPSConnectionPool(host='edit-rules.house.gov', port=443): Max retries exceeded with url: /sites/republicans.rules118.house.gov/files/RCP_H5961_xml.xml (Caused by NameResolutionError(""<urllib3.connection.HTTPSConnection object at 0x10b3c6bd0>: Failed to resolve 'edit-rules.house.gov' ([Errno 8] nodename nor servname provided, or not known)""))"
F038,https://edit-rules.house.gov/sites/republicans.rules118.house.gov/files/PFLUGE_184_xml.pdf,extension replacement,https://edit-rules.house.gov/sites/republicans.rules118.house.gov/files/PFLUGE_184_xml.xml,network_error,,,,,0,2026-09-27T17:44:14.527053+00:00,,"HTTPSConnectionPool(host='edit-rules.house.gov', port=443): Max retries exceeded with url: /sites/republicans.rules118.house.gov/files/PFLUGE_184_xml.xml (Caused by NameResolutionError(""<urllib3.connection.HTTPSConnection object at 0x10504c9b0>: Failed to resolve 'edit-rules.house.gov' ([Errno 8] nodename nor servname provided, or not known)""))"
F039,http://edworkforce.house.gov/UploadedFiles/TT_Meisbrrg.pdf,extension replacement,http://edworkforce.house.gov/UploadedFiles/TT_Meisbrrg.xml,not_found,404,text/html,,https://edworkforce.house.gov/uploadedfiles/tt_meisbrrg.xml,0,2026-09-27T17:44:14.126146+00:00,/Users/mikewolfd/hearing-text/xml_path_families/responses/f4d1c4179ecfbc8fa9ac770152fedf4e2e757e063e6c1ad20dfaa8c9e68f7c42.excerpt,
F039,http://edworkforce.house.gov/UploadedFiles/TT_Troy.pdf,extension replacement,http://edworkforce.house.gov/UploadedFiles/TT_Troy.xml,not_found,404,text/html,,https://edworkforce.house.gov/uploadedfiles/tt_troy.xml,0,2026-09-27T17:44:14.530343+00:00,/Users/mikewolfd/hearing-text/xml_path_families/responses/a78bdddded3a34a671336c8b395d89cb32cf3de52ca46ae0b73988b46aa769d0.excerpt,
F039,https://edworkforce.house.gov/UploadedFiles/Long_Testimony.pdf,extension replacement,https://edworkforce.house.gov/UploadedFiles/Long_Testimony.xml,not_found,404,text/html,,https://edworkforce.house.gov/uploadedfiles/long_testimony.xml,0,2026-09-27T17:44:14.931196+00:00,/Users/mikewolfd/hearing-text/xml_path_families/responses/854facf1e5322a3ae97723dd6d0bf3952698142000b00ba7945d7a965e2a0c51.excerpt,
F040,https://edworkforce.house.gov/uploadedfiles/huff.pdf,extension replacement,https://edworkforce.house.gov/uploadedfiles/huff.xml,not_found,404,text/html,,https://edworkforce.house.gov/uploadedfiles/huff.xml,0,2026-09-27T17:44:15.335389+00:00,/Users/mikewolfd/hearing-text/xml_path_families/responses/9451dedfe0261dab3f8f59e416e597045ec60bf12f92f75c77f665009bbc936b.excerpt,
F040,http://edworkforce.house.gov/uploadedfiles/nicole_hurd_testimony_final.pdf,extension replacement,http://edworkforce.house.gov/uploadedfiles/nicole_hurd_testimony_final.xml,not_found,404,text/html,,https://edworkforce.house.gov/uploadedfiles/nicole_hurd_testimony_final.xml,0,2026-09-27T17:44:15.739767+00:00,/Users/mikewolfd/hearing-text/xml_path_families/responses/255e7d47453f32eb361e11e485a8bfd55e2e5cf430a9438e0820f128b6734033.excerpt,
F040,http://edworkforce.house.gov/uploadedfiles/draeger_-_appendix_c-nasfaa_ppy_report.pdf,extension replacement,http://edworkforce.house.gov/uploadedfiles/draeger_-_appendix_c-nasfaa_ppy_report.xml,not_found,404,text/html,,https://edworkforce.house.gov/uploadedfiles/draeger_-_appendix_c-nasfaa_ppy_report.xml,0,2026-09-27T17:44:16.144807+00:00,/Users/mikewolfd/hearing-text/xml_path_families/responses/25e88fb6b33008d16446d92547cd55f78ab4dc41d138940c1d5e74669ef0745d.excerpt,
F041,https://energycommerce.house.gov/sites/democrats.energycommerce.house.gov/files/documents/2020.9.16.FCC%20Oversight%20Hearing%20FP%20Statement.CAT_.pdf,extension replacement,https://energycommerce.house.gov/sites/democrats.energycommerce.house.gov/files/documents/2020.9.16.FCC%20Oversight%20Hearing%20FP%20Statement.CAT_.xml,not_found,404,text/html; charset=utf-8,,https://energycommerce.house.gov/sites/democrats.energycommerce.house.gov/files/documents/2020.9.16.FCC%20Oversight%20Hearing%20FP%20Statement.CAT_.xml,0,2026-09-27T17:44:14.934990+00:00,/Users/mikewolfd/hearing-text/xml_path_families/responses/3103d51fe320f1ce0930655360fa968a60a21f95c153f5bb03dffa24d86cf3ab.excerpt,
F041,https://energycommerce.house.gov/sites/democrats.energycommerce.house.gov/files/documents/2020.9.17.DOYLE_.%20FCC%20Oversight%20Hearing.CAT_.pdf,extension replacement,https://energycommerce.house.gov/sites/democrats.energycommerce.house.gov/files/documents/2020.9.17.DOYLE_.%20FCC%20Oversight%20Hearing.CAT_.xml,not_found,404,text/html; charset=utf-8,,https://energycommerce.house.gov/sites/democrats.energycommerce.house.gov/files/documents/2020.9.17.DOYLE_.%20FCC%20Oversight%20Hearing.CAT_.xml,0,2026-09-27T17:44:15.337851+00:00,/Users/mikewolfd/hearing-text/xml_path_families/responses/b97f1fc7e14987e815f2c59f5d9a1ac8e30d2eeca5ec2f02dc7f5871b1afcc68.excerpt,
F042,https://fra.europa.eu/sites/default/files/fra_uploads/fra-2019-young-jewish-europeans_en.pdf,extension replacement,https://fra.europa.eu/sites/default/files/fra_uploads/fra-2019-young-jewish-europeans_en.xml,not_found,404,text/html; charset=UTF-8,,https://fra.europa.eu/sites/default/files/fra_uploads/fra-2019-young-jewish-europeans_en.xml,0,2026-09-27T17:44:15.148129+00:00,/Users/mikewolfd/hearing-text/xml_path_families/responses/a1461e28eb3a148019ade8eab738eef2786bca8f178b007aa516f7df9481ca49.excerpt,
F044,https://naturalresources.house.gov/imo/media/doc/LWCF%20Permanent%20Funding%20Act.pdf,extension replacement,https://naturalresources.house.gov/imo/media/doc/LWCF%20Permanent%20Funding%20Act.xml,not_found,404,text/html; charset=utf-8,,https://naturalresources.house.gov/imo/media/doc/lwcf%20permanent%20funding%20act.xml,0,2026-09-27T17:44:15.344646+00:00,/Users/mikewolfd/hearing-text/xml_path_families/responses/c228444260f35a1111c7b4946fc80b681934ba068ac1b1121a9b37ccf8b8ef5c.excerpt,
F045,https://permanent.access.gpo.gov/gpo2978/DEEPWATER_ReporttothePresident_FINAL.pdf,extension replacement,https://permanent.access.gpo.gov/gpo2978/DEEPWATER_ReporttothePresident_FINAL.xml,not_found,404,text/html; charset=iso-8859-1,,https://permanent.access.gpo.gov/gpo2978/DEEPWATER_ReporttothePresident_FINAL.xml,0,2026-09-27T17:44:15.462141+00:00,/Users/mikewolfd/hearing-text/xml_path_families/responses/020b6a100f2d29925060b0539fe1c95f07eab6892fe09149d662dd088190e71f.excerpt,
F046,https://rules.house.gov/sites/democrats.rules.house.gov/files/BILLS-116HR840-RCP116-3.pdf,extension replacement,https://rules.house.gov/sites/democrats.rules.house.gov/files/BILLS-116HR840-RCP116-3.xml,blocked,403,text/html,,https://rules.house.gov/sites/democrats.rules.house.gov/files/BILLS-116HR840-RCP116-3.xml,0,2026-09-27T17:44:15.546438+00:00,/Users/mikewolfd/hearing-text/xml_path_families/responses/c68cd9f8ecf7039c69c1492b64de255c009248d58389f1851dd90b80eda4bd27.excerpt,
F046,https://rules.house.gov/sites/democrats.rules.house.gov/files/BILLS-117HR2543RH-RCP117-49.pdf,extension replacement,https://rules.house.gov/sites/democrats.rules.house.gov/files/BILLS-117HR2543RH-RCP117-49.xml,not_attempted_host_blocked,,,,,,,,
F046,https://rules.house.gov/sites/democrats.rules.house.gov/files/CP-117HR2773RH-RCP117-47.pdf,extension replacement,https://rules.house.gov/sites/democrats.rules.house.gov/files/CP-117HR2773RH-RCP117-47.xml,not_attempted_host_blocked,,,,,,,,
F047,https://rules.house.gov/sites/democrats.rules.house.gov/files/BILLS-117HRES1230IH.pdf,extension replacement,https://rules.house.gov/sites/democrats.rules.house.gov/files/BILLS-117HRES1230IH.xml,blocked,403,text/html,,https://rules.house.gov/sites/democrats.rules.house.gov/files/BILLS-117HRES1230IH.xml,0,2026-09-27T17:45:46.016355+00:00,/Users/mikewolfd/hearing-text/xml_path_families/responses/33c89a277340938bdf20c2074caafab33b7d2fed557d5dcc9bb425506cc26cfe.excerpt,
F047,https://rules.house.gov/sites/democrats.rules.house.gov/files/BILLS-117HR5768RH.pdf,extension replacement,https://rules.house.gov/sites/democrats.rules.house.gov/files/BILLS-117HR5768RH.xml,blocked,403,text/html,,https://rules.house.gov/sites/democrats.rules.house.gov/files/BILLS-117HR5768RH.xml,0,2026-09-27T17:45:00.701059+00:00,/Users/mikewolfd/hearing-text/xml_path_families/responses/b7603bcdca7ead703306526dc7235cb0d28ead1d5194c9cc72aaeb1dbabc48b9.excerpt,
F047,https://rules.house.gov/sites/democrats.rules.house.gov/files/BILLS-117HJRES75IH.pdf,extension replacement,https://rules.house.gov/sites/democrats.rules.house.gov/files/BILLS-117HJRES75IH.xml,not_attempted_host_blocked,,,,,,,,
F048,https://rules.house.gov/sites/democrats.rules.house.gov/files/CRPT-117hrpt70.pdf,extension replacement,https://rules.house.gov/sites/democrats.rules.house.gov/files/CRPT-117hrpt70.xml,not_attempted_host_blocked,,,,,,,,
F048,https://rules.house.gov/sites/democrats.rules.house.gov/files/CRPT-117hrpt357-p1.pdf,extension replacement,https://rules.house.gov/sites/democrats.rules.house.gov/files/CRPT-117hrpt357-p1.xml,not_attempted_host_blocked,,,,,,,,
F048,https://rules.house.gov/sites/democrats.rules.house.gov/files/CRPT-117hrpt359.pdf,extension replacement,https://rules.house.gov/sites/democrats.rules.house.gov/files/CRPT-117hrpt359.xml,not_attempted_host_blocked,,,,,,,,
F049,https://rules.house.gov/sites/democrats.rules.house.gov/files/RulesReport07192022.pdf,extension replacement,https://rules.house.gov/sites/democrats.rules.house.gov/files/RulesReport07192022.xml,not_attempted_host_blocked,,,,,,,,
F049,https://rules.house.gov/sites/democrats.rules.house.gov/files/CRPT117hrpt-HR5768.pdf,extension replacement,https://rules.house.gov/sites/democrats.rules.house.gov/files/CRPT117hrpt-HR5768.xml,not_attempted_host_blocked,,,,,,,,
F049,https://rules.house.gov/sites/democrats.rules.house.gov/files/7.12.22%20-Report.pdf,extension replacement,https://rules.house.gov/sites/democrats.rules.house.gov/files/7.12.22%20-Report.xml,not_attempted_host_blocked,,,,,,,,
F050,https://rules.house.gov/sites/evo-subsites/republicans-rules.house.gov/files/documents/rcp_h6955_xml.pdf,extension replacement,https://rules.house.gov/sites/evo-subsites/republicans-rules.house.gov/files/documents/rcp_h6955_xml.xml,not_attempted_host_blocked,,,,,,,,
F050,https://rules.house.gov/sites/evo-subsites/republicans-rules.house.gov/files/documents/rcp_h7567_xml.pdf,extension replacement,https://rules.house.gov/sites/evo-subsites/republicans-rules.house.gov/files/documents/rcp_h7567_xml.xml,not_attempted_host_blocked,,,,,,,,
F050,https://rules.house.gov/sites/evo-subsites/republicans-rules.house.gov/files/documents/rcp_h7726_02_xml.pdf,extension replacement,https://rules.house.gov/sites/evo-subsites/republicans-rules.house.gov/files/documents/rcp_h7726_02_xml.xml,not_attempted_host_blocked,,,,,,,,
F051,https://rules.house.gov/sites/evo-subsites/rules.house.gov/files/documents/rcp_3724_01_xml.pdf,extension replacement,https://rules.house.gov/sites/evo-subsites/rules.house.gov/files/documents/rcp_3724_01_xml.xml,not_attempted_host_blocked,,,,,,,,
F051,https://rules.house.gov/sites/evo-subsites/rules.house.gov/files/documents/bill-to-bill_h3838_rh_xml-57-28-to_rcp_h3838_xml_0.pdf,extension replacement,https://rules.house.gov/sites/evo-subsites/rules.house.gov/files/documents/bill-to-bill_h3838_rh_xml-57-28-to_rcp_h3838_xml_0.xml,not_attempted_host_blocked,,,,,,,,
F051,https://rules.house.gov/sites/evo-subsites/rules.house.gov/files/documents/rcp_h2616_h2617_xml_0.pdf,extension replacement,https://rules.house.gov/sites/evo-subsites/rules.house.gov/files/documents/rcp_h2616_h2617_xml_0.xml,not_attempted_host_blocked,,,,,,,,
F052,https://rules.house.gov/sites/republicans.rules.house.gov/files/BILLS-115HR1009-RCP115-4.pdf,extension replacement,https://rules.house.gov/sites/republicans.rules.house.gov/files/BILLS-115HR1009-RCP115-4.xml,not_attempted_host_blocked,,,,,,,,
F052,https://rules.house.gov/sites/republicans.rules.house.gov/files/BILLS-115HR4296-RCP115-60.pdf,extension replacement,https://rules.house.gov/sites/republicans.rules.house.gov/files/BILLS-115HR4296-RCP115-60.xml,not_attempted_host_blocked,,,,,,,,
F052,https://rules.house.gov/sites/republicans.rules.house.gov/files/BILLS-115HR4061-RCP115-64.pdf,extension replacement,https://rules.house.gov/sites/republicans.rules.house.gov/files/BILLS-115HR4061-RCP115-64.xml,not_attempted_host_blocked,,,,,,,,
F053,https://rules.house.gov/sites/republicans.rules.house.gov/files/BILLS-115HR4478-HAmdt.pdf,extension replacement,https://rules.house.gov/sites/republicans.rules.house.gov/files/BILLS-115HR4478-HAmdt.xml,not_attempted_host_blocked,,,,,,,,
F054,https://rules.house.gov/sites/republicans.rules.house.gov/files/115-2/HR%206199/CRPT-115hrpt844.pdf,extension replacement,https://rules.house.gov/sites/republicans.rules.house.gov/files/115-2/HR%206199/CRPT-115hrpt844.xml,not_attempted_host_blocked,,,,,,,,
F054,https://rules.house.gov/sites/republicans.rules.house.gov/files/HRPT-113-HR83sa.pdf,extension replacement,https://rules.house.gov/sites/republicans.rules.house.gov/files/HRPT-113-HR83sa.xml,not_attempted_host_blocked,,,,,,,,
F054,https://rules.house.gov/sites/republicans.rules.house.gov/files/115-2/HR%206311/CRPT-115hrpt847.pdf,extension replacement,https://rules.house.gov/sites/republicans.rules.house.gov/files/115-2/HR%206311/CRPT-115hrpt847.xml,not_attempted_host_blocked,,,,,,,,
F055,https://rules.house.gov/sites/republicans.rules.house.gov/files/115/OMNI/DIVISION%20D%20-%20E%26W%20SOM%20FY17OCR.pdf,extension replacement,https://rules.house.gov/sites/republicans.rules.house.gov/files/115/OMNI/DIVISION%20D%20-%20E%26W%20SOM%20FY17OCR.xml,not_attempted_host_blocked,,,,,,,,
F055,https://rules.house.gov/sites/republicans.rules.house.gov/files/115/PDF/SA HR 695 %28DOD Approps%29/Summary.pdf,extension replacement,https://rules.house.gov/sites/republicans.rules.house.gov/files/115/PDF/SA HR 695 %28DOD Approps%29/Summary.xml,not_attempted_host_blocked,,,,,,,,
F055,https://rules.house.gov/sites/republicans.rules.house.gov/files/115/AHCA/Palmer-Schweikert%20Amendment.pdf,extension replacement,https://rules.house.gov/sites/republicans.rules.house.gov/files/115/AHCA/Palmer-Schweikert%20Amendment.xml,not_attempted_host_blocked,,,,,,,,
F056,https://rules.house.gov/sites/republicans.rules118.house.gov/files/BILLS-118HR3091IH-RCP118-5.pdf,extension replacement,https://rules.house.gov/sites/republicans.rules118.house.gov/files/BILLS-118HR3091IH-RCP118-5.xml,not_attempted_host_blocked,,,,,,,,
F056,https://rules.house.gov/sites/republicans.rules118.house.gov/files/BILLS-118HR2494IH-RCP118-4_1.pdf,extension replacement,https://rules.house.gov/sites/republicans.rules118.house.gov/files/BILLS-118HR2494IH-RCP118-4_1.xml,not_attempted_host_blocked,,,,,,,,
F057,https://rules.house.gov/sites/republicans.rules118.house.gov/files/documents/118/Text/BILLS-118hr2813or.pdf,extension replacement,https://rules.house.gov/sites/republicans.rules118.house.gov/files/documents/118/Text/BILLS-118hr2813or.xml,not_attempted_host_blocked,,,,,,,,
F057,https://rules.house.gov/sites/republicans.rules118.house.gov/files/BILLS-118%20hres_HR2670_2_xml.pdf,extension replacement,https://rules.house.gov/sites/republicans.rules118.house.gov/files/BILLS-118%20hres_HR2670_2_xml.xml,not_attempted_host_blocked,,,,,,,,
F057,https://rules.house.gov/sites/republicans.rules118.house.gov/files/BILLS-118%20hres_HR3564HR3799HRes461_xml.pdf,extension replacement,https://rules.house.gov/sites/republicans.rules118.house.gov/files/BILLS-118%20hres_HR3564HR3799HRes461_xml.xml,not_attempted_host_blocked,,,,,,,,
F058,https://rules.house.gov/sites/republicans.rules118.house.gov/files/RCP_288_xml.pdf,extension replacement,https://rules.house.gov/sites/republicans.rules118.house.gov/files/RCP_288_xml.xml,not_attempted_host_blocked,,,,,,,,
F058,https://rules.house.gov/sites/republicans.rules118.house.gov/files/BILL-TO-BILL_BILLS-118hr7888ih_to_RCP_7888_xml.pdf,extension replacement,https://rules.house.gov/sites/republicans.rules118.house.gov/files/BILL-TO-BILL_BILLS-118hr7888ih_to_RCP_7888_xml.xml,not_attempted_host_blocked,,,,,,,,
F058,https://rules.house.gov/sites/republicans.rules118.house.gov/files/HJC_Hunter%20Biden%20Contempt%20Report.pdf,extension replacement,https://rules.house.gov/sites/republicans.rules118.house.gov/files/HJC_Hunter%20Biden%20Contempt%20Report.xml,not_attempted_host_blocked,,,,,,,,
F059,http://science.house.gov/sites/republicans.science.house.gov/files/documents/HHRG-113-SY18-TTF-RDarbelnet-20130226.pdf,extension replacement,http://science.house.gov/sites/republicans.science.house.gov/files/documents/HHRG-113-SY18-TTF-RDarbelnet-20130226.xml,not_found,404,text/html;charset=UTF-8,,https://science.house.gov/sites/republicans.science.house.gov/files/documents/HHRG-113-SY18-TTF-RDarbelnet-20130226.xml,0,2026-09-27T17:45:46.129687+00:00,/Users/mikewolfd/hearing-text/xml_path_families/responses/5b8630782ba918f3a5d13b219de7988b96352e63103dca18fccef5c220adb3ee.excerpt,
F059,http://science.house.gov/sites/republicans.science.house.gov/files/documents/HHRG-113-SY18-TTF-WAllard-20130226.pdf,extension replacement,http://science.house.gov/sites/republicans.science.house.gov/files/documents/HHRG-113-SY18-TTF-WAllard-20130226.xml,not_found,404,text/html;charset=UTF-8,,https://science.house.gov/sites/republicans.science.house.gov/files/documents/HHRG-113-SY18-TTF-WAllard-20130226.xml,0,2026-09-27T17:45:48.940848+00:00,/Users/mikewolfd/hearing-text/xml_path_families/responses/4d095a30e921c970fb9ece642a7e08edda4b8d4ae1f822e07d0dd8a360f6ad0b.excerpt,
F059,https://science.house.gov/sites/republicans.science.house.gov/files/documents/HHRG-113-SY18-TTF-RDarbelnet-20130226.pdf,extension replacement,https://science.house.gov/sites/republicans.science.house.gov/files/documents/HHRG-113-SY18-TTF-RDarbelnet-20130226.xml,not_found,404,text/html;charset=UTF-8,,https://science.house.gov/sites/republicans.science.house.gov/files/documents/HHRG-113-SY18-TTF-RDarbelnet-20130226.xml,0,2026-09-27T17:45:47.736069+00:00,/Users/mikewolfd/hearing-text/xml_path_families/responses/7af510c82a3402a1ae34ea572c1f7d5cf46e23b4ec248f3d1d2dc9b552ebf47a.excerpt,
F060,https://science.house.gov/sites/republicans.science.house.gov/files/documents/HHRG-113-SY18-20130226-SD001.pdf,extension replacement,https://science.house.gov/sites/republicans.science.house.gov/files/documents/HHRG-113-SY18-20130226-SD001.xml,not_found,404,text/html;charset=UTF-8,,https://science.house.gov/sites/republicans.science.house.gov/files/documents/HHRG-113-SY18-20130226-SD001.xml,0,2026-09-27T17:45:48.538965+00:00,/Users/mikewolfd/hearing-text/xml_path_families/responses/6246935ba6e39fdae99319b0bbf2540bd809955fc0ce4353634f86c4176f5a34.excerpt,
F060,http://science.house.gov/sites/republicans.science.house.gov/files/documents/HHRG-113-SY18-20130226-SD001.pdf,extension replacement,http://science.house.gov/sites/republicans.science.house.gov/files/documents/HHRG-113-SY18-20130226-SD001.xml,not_found,404,text/html;charset=UTF-8,,https://science.house.gov/sites/republicans.science.house.gov/files/documents/HHRG-113-SY18-20130226-SD001.xml,0,2026-09-27T17:45:47.334817+00:00,/Users/mikewolfd/hearing-text/xml_path_families/responses/e6b6860c3dd232d847f898139be3c23cec943afef110fa12cdfe66a52046dba9.excerpt,
F061,http://science.house.gov/sites/republicans.science.house.gov/files/documents/HHRG-113-SY18-WState-RDarbelnet-20130226.pdf,extension replacement,http://science.house.gov/sites/republicans.science.house.gov/files/documents/HHRG-113-SY18-WState-RDarbelnet-20130226.xml,not_found,404,text/html;charset=UTF-8,,https://science.house.gov/sites/republicans.science.house.gov/files/documents/HHRG-113-SY18-WState-RDarbelnet-20130226.xml,0,2026-09-27T17:45:48.137519+00:00,/Users/mikewolfd/hearing-text/xml_path_families/responses/df5609576eaafbe6642a73d52010ab6d51d924fe98c132a71dbe67aa1e52d6db.excerpt,
F061,https://science.house.gov/sites/republicans.science.house.gov/files/documents/HHRG-113-SY18-WState-WAllard-20130226.pdf,extension replacement,https://science.house.gov/sites/republicans.science.house.gov/files/documents/HHRG-113-SY18-WState-WAllard-20130226.xml,not_found,404,text/html;charset=UTF-8,,https://science.house.gov/sites/republicans.science.house.gov/files/documents/HHRG-113-SY18-WState-WAllard-20130226.xml,0,2026-09-27T17:45:46.533177+00:00,/Users/mikewolfd/hearing-text/xml_path_families/responses/9db6118acae2c1b2410009e107bad863f7b86b1efb7406751161a68fd223ec08.excerpt,
F061,http://science.house.gov/sites/republicans.science.house.gov/files/documents/HHRG-113-SY18-WState-WAllard-20130226.pdf,extension replacement,http://science.house.gov/sites/republicans.science.house.gov/files/documents/HHRG-113-SY18-WState-WAllard-20130226.xml,not_found,404,text/html;charset=UTF-8,,https://science.house.gov/sites/republicans.science.house.gov/files/documents/HHRG-113-SY18-WState-WAllard-20130226.xml,0,2026-09-27T17:45:46.934237+00:00,/Users/mikewolfd/hearing-text/xml_path_families/responses/e89345da263f90c2dc9a6d287f6070bcb584dea8ff5424d0f509fda0741ef4f4.excerpt,
F062,https://smallbusiness.house.gov/uploadedfiles/03-09-21_hybrid_hearing_notice.pdf,extension replacement,https://smallbusiness.house.gov/uploadedfiles/03-09-21_hybrid_hearing_notice.xml,not_found,404,text/html,,https://smallbusiness.house.gov/uploadedfiles/03-09-21_hybrid_hearing_notice.xml,0,2026-09-27T17:45:47.190600+00:00,/Users/mikewolfd/hearing-text/xml_path_families/responses/ea9a97611cb2e79de223f707138c24209131e343030069c11ce60a3e13cc6893.excerpt,
F062,https://smallbusiness.house.gov/uploadedfiles/09-25-20_witness_list.pdf,extension replacement,https://smallbusiness.house.gov/uploadedfiles/09-25-20_witness_list.xml,not_found,404,text/html,,https://smallbusiness.house.gov/uploadedfiles/09-25-20_witness_list.xml,0,2026-09-27T17:45:47.592537+00:00,/Users/mikewolfd/hearing-text/xml_path_families/responses/0f98ae0f86eb4e107b95f3bca7136be0176490827928fd9bf224ec0137b05cd8.excerpt,
F062,https://smallbusiness.house.gov/uploadedfiles/03-27-19_hearing_notice.pdf,extension replacement,https://smallbusiness.house.gov/uploadedfiles/03-27-19_hearing_notice.xml,not_found,404,text/html,,https://smallbusiness.house.gov/uploadedfiles/03-27-19_hearing_notice.xml,0,2026-09-27T17:45:47.996156+00:00,/Users/mikewolfd/hearing-text/xml_path_families/responses/19558ad5896fd73ee02d500d92ed171dbc9113d1e267c490105b495baec83d74.excerpt,
F063,https://transportation.house.gov/UploadedFiles/MGR_01.pdf,extension replacement,https://transportation.house.gov/UploadedFiles/MGR_01.xml,not_found,404,text/html,,https://transportation.house.gov/uploadedfiles/mgr_01.xml,0,2026-09-27T17:45:47.709014+00:00,/Users/mikewolfd/hearing-text/xml_path_families/responses/3f000fb58011e12e4aee35ba6d873b0afdf75ea7e2d166f760f6260112b605d5.excerpt,
F064,https://transportation.house.gov/uploadedfiles/tdamend_002_xml1.pdf,extension replacement,https://transportation.house.gov/uploadedfiles/tdamend_002_xml1.xml,not_found,404,text/html,,https://transportation.house.gov/uploadedfiles/tdamend_002_xml1.xml,0,2026-09-27T17:45:48.113397+00:00,/Users/mikewolfd/hearing-text/xml_path_families/responses/4822334e5fa5d51f8d04dba52db554f65a4dda828e60b8af67a4246c589a2a4a.excerpt,
F065,https://waysandmeans.house.gov/sites/democrats.waysandmeans.house.gov/files/documents/Abigail%20Zapote%20Testimony_0.pdf,extension replacement,https://waysandmeans.house.gov/sites/democrats.waysandmeans.house.gov/files/documents/Abigail%20Zapote%20Testimony_0.xml,not_found,404,text/html,,https://waysandmeans.house.gov/sites/democrats.waysandmeans.house.gov/files/documents/Abigail%20Zapote%20Testimony_0.xml,0,2026-09-27T17:45:48.087828+00:00,/Users/mikewolfd/hearing-text/xml_path_families/responses/0319c21081e078f3eb3862a39d9154676c8237b69a3b15304f2263066b89d060.excerpt,
F065,https://waysandmeans.house.gov/sites/democrats.waysandmeans.house.gov/files/documents/Shaun%20Castle%20Testimony_0.pdf,extension replacement,https://waysandmeans.house.gov/sites/democrats.waysandmeans.house.gov/files/documents/Shaun%20Castle%20Testimony_0.xml,not_found,404,text/html,,https://waysandmeans.house.gov/sites/democrats.waysandmeans.house.gov/files/documents/Shaun%20Castle%20Testimony_0.xml,0,2026-09-27T17:45:48.897128+00:00,/Users/mikewolfd/hearing-text/xml_path_families/responses/9ac677bda90b66b13aa20b6f625159a7b33f36c805b5a3717e39591939d78b59.excerpt,
F065,https://waysandmeans.house.gov/sites/democrats.waysandmeans.house.gov/files/documents/Kelly%20Brozyna%20Testimony.pdf,extension replacement,https://waysandmeans.house.gov/sites/democrats.waysandmeans.house.gov/files/documents/Kelly%20Brozyna%20Testimony.xml,not_found,404,text/html,,https://waysandmeans.house.gov/sites/democrats.waysandmeans.house.gov/files/documents/Kelly%20Brozyna%20Testimony.xml,0,2026-09-27T17:45:48.492111+00:00,/Users/mikewolfd/hearing-text/xml_path_families/responses/0411c2a822f567540ccb6d5ead6c64c616d8a5ae39dd9cd8a946179ad7faaa72.excerpt,
F066,https://www.aging.senate.gov/download/03/30/2026/opening-statement_scott-062525pdf,XML Accept header,https://www.aging.senate.gov/download/03/30/2026/opening-statement_scott-062525pdf,html,200,text/html; charset=utf-8,,https://www.aging.senate.gov/download/03/30/2026/opening-statement_scott-062525pdf,91391,2026-09-27T17:45:48.287948+00:00,/Users/mikewolfd/hearing-text/xml_path_families/responses/0043e725e75929de8ceae4052d4d5d965c6ba84270d92c1504effbbe1c12b80a.body,
F066,https://www.aging.senate.gov/download/official-hearing-transcript_9252019,XML Accept header,https://www.aging.senate.gov/download/official-hearing-transcript_9252019,html,200,text/html; charset=utf-8,,https://www.aging.senate.gov/download/official-hearing-transcript_9252019,91359,2026-09-27T17:45:48.688407+00:00,/Users/mikewolfd/hearing-text/xml_path_families/responses/00563ee00fae225c4d0581e651b892fe619793165ec6c2d1f70e6bbe12f37473.body,
F066,https://www.aging.senate.gov/download/sca_gould_4_29_21,XML Accept header,https://www.aging.senate.gov/download/sca_gould_4_29_21,html,200,text/html; charset=utf-8,,https://www.aging.senate.gov/download/sca_gould_4_29_21,91207,2026-09-27T17:45:49.489586+00:00,/Users/mikewolfd/hearing-text/xml_path_families/responses/015d7fcc7c441fc45bc5427f39eeb93d0b5d0dac0b8f5e93f608ad634ddbd7a6.body,
F067,https://www.aging.senate.gov/hearings/half-the-country-zero-hearings-meeting-the-moment-to-end-the-menopause-care-gap-in-america,extension replacement,https://www.aging.senate.gov/hearings/half-the-country-zero-hearings-meeting-the-moment-to-end-the-menopause-care-gap-in-america.xml,not_found,404,text/html; charset=utf-8,,https://www.aging.senate.gov/404?notfound=/hearings/half-the-country-zero-hearings-meeting-the-moment-to-end-the-menopause-care-gap-in-america.xml,0,2026-09-27T17:45:50.292357+00:00,/Users/mikewolfd/hearing-text/xml_path_families/responses/ce2fa7506fb8edff65325ac20a02e053a8284208be07ad5f172b4fbfcd489571.excerpt,
F067,https://www.aging.senate.gov/hearings/experience-matters-seniors-and-the-workforce,extension replacement,https://www.aging.senate.gov/hearings/experience-matters-seniors-and-the-workforce.xml,not_found,404,text/html; charset=utf-8,,https://www.aging.senate.gov/404?notfound=/hearings/experience-matters-seniors-and-the-workforce.xml,0,2026-09-27T17:45:49.089072+00:00,/Users/mikewolfd/hearing-text/xml_path_families/responses/06133c98ac008124ed5d9c79aa9cd988b49c53df4f14451ae36fd10b0c6ad70b.excerpt,
F067,https://www.aging.senate.gov/hearings/understanding-a-growing-crisis-substance-use-trends-among-older-adults,extension replacement,https://www.aging.senate.gov/hearings/understanding-a-growing-crisis-substance-use-trends-among-older-adults.xml,not_found,404,text/html; charset=utf-8,,https://www.aging.senate.gov/404?notfound=/hearings/understanding-a-growing-crisis-substance-use-trends-among-older-adults.xml,0,2026-09-27T17:45:49.892029+00:00,/Users/mikewolfd/hearing-text/xml_path_families/responses/0d6288d3e5c7d1ecf4bc1717fac5ace0ebe8b1894fd68b55dcc51588e844353d.excerpt,
F068,https://www.agriculture.senate.gov/download/testimony_nishi_05172023pdf,XML Accept header,https://www.agriculture.senate.gov/download/testimony_nishi_05172023pdf,not_xml,200,application/pdf,,https://www.agriculture.senate.gov/imo/media/doc/cd5c17ab-e02b-e6d5-5b27-e1d3d9f765dd/Testimony_Nishi_05.17.2023.pdf,154788,2026-09-27T17:45:49.138748+00:00,/Users/mikewolfd/hearing-text/xml_path_families/responses/00040595c6f524a31bb9486d47befcdfe4eb183d6e2565594f2fe1c5a15228dd.body,
F068,https://www.agriculture.senate.gov/download/testimony_dean_02162023pdf,XML Accept header,https://www.agriculture.senate.gov/download/testimony_dean_02162023pdf,not_xml,200,application/pdf,,https://www.agriculture.senate.gov/imo/media/doc/2b4ae580-dea7-720f-8427-06883d46e5bc/Testimony_Dean_02.16.2023.pdf,245163,2026-09-27T17:45:49.942582+00:00,/Users/mikewolfd/hearing-text/xml_path_families/responses/00d7325ce9701b5adc32fa9e66620f482f5c05cca37c6d82abfe0391bc7f34fc.body,
F068,https://www.agriculture.senate.gov/download/testimony_brashears_10292025pdf,XML Accept header,https://www.agriculture.senate.gov/download/testimony_brashears_10292025pdf,not_xml,200,application/pdf,,https://www.agriculture.senate.gov/imo/media/doc/54d638b8-d430-e5a6-2109-3c7bad44a440/Testimony_Brashears_10.29.2025.pdf,51951,2026-09-27T17:45:50.344063+00:00,/Users/mikewolfd/hearing-text/xml_path_families/responses/0335f9932f01edad6a31098baecf509b1e962975691124682d46d11253946a06.body,
F069,https://www.agriculture.senate.gov/hearings/implementation-of-the-2018-farm-bill-rural-development-and-energy-programs,extension replacement,https://www.agriculture.senate.gov/hearings/implementation-of-the-2018-farm-bill-rural-development-and-energy-programs.xml,not_found,404,text/html; charset=utf-8,,https://www.agriculture.senate.gov/404?notfound=/hearings/implementation-of-the-2018-farm-bill-rural-development-and-energy-programs.xml,0,2026-09-27T17:45:49.538779+00:00,/Users/mikewolfd/hearing-text/xml_path_families/responses/1e3c3a65a024990f9b710967c4aa7cdbb86c4eafe080854e7f45f8b9efc26be0.excerpt,
F069,https://www.agriculture.senate.gov/hearings/to-consider-the-following-nominations-the-honorable-christy-goldsmith-romero-ms-kristin-n-johnson-mrs-summer-kristine-mersinger-and-ms-caroline-d-pham-03-02-2022,extension replacement,https://www.agriculture.senate.gov/hearings/to-consider-the-following-nominations-the-honorable-christy-goldsmith-romero-ms-kristin-n-johnson-mrs-summer-kristine-mersinger-and-ms-caroline-d-pham-03-02-2022.xml,not_found,404,text/html; charset=utf-8,,https://www.agriculture.senate.gov/404?notfound=/hearings/to-consider-the-following-nominations-the-honorable-christy-goldsmith-romero-ms-kristin-n-johnson-mrs-summer-kristine-mersinger-and-ms-caroline-d-pham-03-02-2022.xml,0,2026-09-27T17:45:51.149943+00:00,/Users/mikewolfd/hearing-text/xml_path_families/responses/0164b691ab73251ca0b917edd0f1af8cc727ee77262bc51e3999e7934d316366.excerpt,
F069,https://www.agriculture.senate.gov/hearings/horticulture-title-how-the-farm-bill-works-for-specialty-crop-producers,extension replacement,https://www.agriculture.senate.gov/hearings/horticulture-title-how-the-farm-bill-works-for-specialty-crop-producers.xml,not_found,404,text/html; charset=utf-8,,https://www.agriculture.senate.gov/404?notfound=/hearings/horticulture-title-how-the-farm-bill-works-for-specialty-crop-producers.xml,0,2026-09-27T17:45:50.745012+00:00,/Users/mikewolfd/hearing-text/xml_path_families/responses/838edd1e9e7a6be0a86a38b413b236198474c7f594fbe020b00e64f8d715076f.excerpt,
F070,https://www.americanwildlifeconservation.org/_files/ugd/64e8b6_a5137a1179b04b3e9ba8d48ca57519fd.pdf,extension replacement,https://www.americanwildlifeconservation.org/_files/ugd/64e8b6_a5137a1179b04b3e9ba8d48ca57519fd.xml,not_found,404,text/html; charset=UTF-8,,https://www.americanwildlifeconservation.org/_files/ugd/64e8b6_a5137a1179b04b3e9ba8d48ca57519fd.xml,0,2026-09-27T17:45:50.308503+00:00,/Users/mikewolfd/hearing-text/xml_path_families/responses/df0ef31ede62295c4ebd4692e7a6e42d654dae5b6f223e17e44cbaca74d0425c.excerpt,
F071,https://www.appropriations.senate.gov/download/blanche-testimony-fy27,XML Accept header,https://www.appropriations.senate.gov/download/blanche-testimony-fy27,html,200,text/html;charset=UTF-8,,https://www.appropriations.senate.gov/download/blanche-testimony-fy27,29537,2026-09-27T17:45:50.323915+00:00,/Users/mikewolfd/hearing-text/xml_path_families/responses/001676d63e77f1c4baaa532bb0b49f8801656d5183ff8d0f8c04ffbd7b60f742.body,
F071,https://www.appropriations.senate.gov/download/bellon-testimony-,XML Accept header,https://www.appropriations.senate.gov/download/bellon-testimony-,html,200,text/html;charset=UTF-8,,https://www.appropriations.senate.gov/download/bellon-testimony-,29527,2026-09-27T17:45:50.724041+00:00,/Users/mikewolfd/hearing-text/xml_path_families/responses/00d0855ee9c609c8999718aa02b84343f118452dd7c33fcfb518bc6718306858.body,
F071,https://www.appropriations.senate.gov/download/secretary-lee-zeldin-testimony,XML Accept header,https://www.appropriations.senate.gov/download/secretary-lee-zeldin-testimony,html,200,text/html;charset=UTF-8,,https://www.appropriations.senate.gov/download/secretary-lee-zeldin-testimony,29553,2026-09-27T17:45:51.933397+00:00,/Users/mikewolfd/hearing-text/xml_path_families/responses/014ce2f6b9321cbf8c1fecd43ef93eac3fcf8f13639bc19758adda6249b23f0f.body,
F072,https://www.appropriations.senate.gov/hearings/a-review-of-the-presidents-fiscal-year-2026-budget-request-for-the-department-of-transportation,extension replacement,https://www.appropriations.senate.gov/hearings/a-review-of-the-presidents-fiscal-year-2026-budget-request-for-the-department-of-transportation.xml,not_found,410,text/html;charset=UTF-8,,https://www.appropriations.senate.gov/hearings/a-review-of-the-presidents-fiscal-year-2026-budget-request-for-the-department-of-transportation.xml,0,2026-09-27T17:45:51.530964+00:00,/Users/mikewolfd/hearing-text/xml_path_families/responses/e43342bd9f5716ad2773cc0f307f111c5ca9c22fd51ff72f08de984587db8b8f.excerpt,
F072,https://www.appropriations.senate.gov/hearings/a-review-of-the-fy-2022-department-of-defense-budget-request,extension replacement,https://www.appropriations.senate.gov/hearings/a-review-of-the-fy-2022-department-of-defense-budget-request.xml,not_found,410,text/html;charset=UTF-8,,https://www.appropriations.senate.gov/hearings/a-review-of-the-fy-2022-department-of-defense-budget-request.xml,0,2026-09-27T17:45:51.125944+00:00,/Users/mikewolfd/hearing-text/xml_path_families/responses/13b153547f091f25079f515aa3f6a21b1b7b0e78c5ca7a469744a023d641b735.excerpt,
F072,https://www.appropriations.senate.gov/hearings/a-review-of-the-presidents-fiscal-year-2027-budget-request-for-the-department-of-state,extension replacement,https://www.appropriations.senate.gov/hearings/a-review-of-the-presidents-fiscal-year-2027-budget-request-for-the-department-of-state.xml,not_found,410,text/html;charset=UTF-8,,https://www.appropriations.senate.gov/hearings/a-review-of-the-presidents-fiscal-year-2027-budget-request-for-the-department-of-state.xml,0,2026-09-27T17:45:52.334920+00:00,/Users/mikewolfd/hearing-text/xml_path_families/responses/dc17ae00768a6ab2b6c1d2e9baea93f981c4bc9512ce42ec66b5d1f1864cb047.excerpt,
F073,https://www.armed-services.senate.gov/download/calvelli-apqs,XML Accept header,https://www.armed-services.senate.gov/download/calvelli-apqs,not_xml,200,application/pdf,,https://www.armed-services.senate.gov/imo/media/doc/Calvelli%20APQ%20Rsponses.pdf,696716,2026-09-27T17:45:51.258944+00:00,/Users/mikewolfd/hearing-text/xml_path_families/responses/004b65cb124ca92e86fcd1e769362cc37544fcb499656d9d35f17694a82c63b7.body,
F073,https://www.armed-services.senate.gov/download/testimony/yaffe-opening-statement,XML Accept header,https://www.armed-services.senate.gov/download/testimony/yaffe-opening-statement,not_xml,200,application/pdf,,https://www.armed-services.senate.gov/imo/media/doc/yaffe_opening_statement.pdf,149498,2026-09-27T17:45:53.267654+00:00,/Users/mikewolfd/hearing-text/xml_path_families/responses/0093de20fe19128991ca36fec7e926add66d106422970932d43859cebc5179ef.body,
F073,https://www.armed-services.senate.gov/download/inhofe-statement-04/26/2022,XML Accept header,https://www.armed-services.senate.gov/download/inhofe-statement-04/26/2022,not_xml,200,application/pdf,,https://www.armed-services.senate.gov/imo/media/doc/04.26%20DIB%20experts%20JMI%20OPENING%20(002).pdf,20062,2026-09-27T17:45:52.064715+00:00,/Users/mikewolfd/hearing-text/xml_path_families/responses/00b0b1165bef5a3fceaf22ca46e95250844c7b276775e9c654d0564071001a52.body,
F074,https://www.armed-services.senate.gov/hearings/19-07-11-nomination_--milley,extension replacement,https://www.armed-services.senate.gov/hearings/19-07-11-nomination_--milley.xml,not_found,404,text/html; charset=utf-8,,https://www.armed-services.senate.gov/404?notfound=/hearings/19-07-11-nomination_--milley.xml,0,2026-09-27T17:45:51.659677+00:00,/Users/mikewolfd/hearing-text/xml_path_families/responses/37aae19bacd620c77fff8d83a6cfeb85e1ac5e17ed4e9b48cf2b08378e956f3d.excerpt,
F074,https://www.armed-services.senate.gov/hearings/nominations_-storch-martinez-lopez-lowman-beshar,extension replacement,https://www.armed-services.senate.gov/hearings/nominations_-storch-martinez-lopez-lowman-beshar.xml,not_found,404,text/html; charset=utf-8,,https://www.armed-services.senate.gov/404?notfound=/hearings/nominations_-storch-martinez-lopez-lowman-beshar.xml,0,2026-09-27T17:45:52.867222+00:00,/Users/mikewolfd/hearing-text/xml_path_families/responses/4393fe21b6210853a5f977dcc1187c7ca7d4df8597a3e4d98bf6fc4745412294.excerpt,
F074,https://www.armed-services.senate.gov/hearings/to-receive-testimony-on-potential-budgetary-efficiencies-achieved-through-improvement-to-management-and-planning-processes-within-department-of-defense-personnel-programs,extension replacement,https://www.armed-services.senate.gov/hearings/to-receive-testimony-on-potential-budgetary-efficiencies-achieved-through-improvement-to-management-and-planning-processes-within-department-of-defense-personnel-programs.xml,not_found,404,text/html; charset=utf-8,,https://www.armed-services.senate.gov/404?notfound=/hearings/to-receive-testimony-on-potential-budgetary-efficiencies-achieved-through-improvement-to-management-and-planning-processes-within-department-of-defense-personnel-programs.xml,0,2026-09-27T17:45:52.465592+00:00,/Users/mikewolfd/hearing-text/xml_path_families/responses/fe523c4e50ae9ecf77295dd2ad48690d49a16afb637b093254a5157cfda2ed8d.excerpt,
F075,https://www.banking.senate.gov/download/frerichs-testimony-10-20-21,XML Accept header,https://www.banking.senate.gov/download/frerichs-testimony-10-20-21,html,200,text/html;charset=UTF-8,,https://www.banking.senate.gov/download/frerichs-testimony-10-20-21,68216,2026-09-27T17:45:52.326227+00:00,/Users/mikewolfd/hearing-text/xml_path_families/responses/0004de0999e9f9aa37cf6e4b63623e3e1da0abeb54cea5a0ef25c6011b245112.body,
F075,https://www.banking.senate.gov/download/brown-statement-4-22-21,XML Accept header,https://www.banking.senate.gov/download/brown-statement-4-22-21,html,200,text/html;charset=UTF-8,,https://www.banking.senate.gov/download/brown-statement-4-22-21,68208,2026-09-27T17:45:54.331470+00:00,/Users/mikewolfd/hearing-text/xml_path_families/responses/00947178231bfda55413bdb6dfbc364ad4a0ae91facd2a5db327ee42dbf9078f.body,
F075,https://www.banking.senate.gov/download/toomey-statement-7-29-21,XML Accept header,https://www.banking.senate.gov/download/toomey-statement-7-29-21,html,200,text/html;charset=UTF-8,,https://www.banking.senate.gov/download/toomey-statement-7-29-21,68210,2026-09-27T17:45:53.528493+00:00,/Users/mikewolfd/hearing-text/xml_path_families/responses/009d2d4e9aa82ba3dd4f7d2dfd967395c9d6a77c71bde3cc38f70e578b5e1c5f.body,
F076,https://www.banking.senate.gov/hearings/protecting-consumers-from-financial-fraud-and-scams-in-the-pandemic-recovery-economy,extension replacement,https://www.banking.senate.gov/hearings/protecting-consumers-from-financial-fraud-and-scams-in-the-pandemic-recovery-economy.xml,not_found,410,text/html;charset=UTF-8,,https://www.banking.senate.gov/hearings/protecting-consumers-from-financial-fraud-and-scams-in-the-pandemic-recovery-economy.xml,0,2026-09-27T17:45:52.728023+00:00,/Users/mikewolfd/hearing-text/xml_path_families/responses/a551195b0a97d2187758c978a03f260b99b3175fc3dfa9baab5a492d2476c92e.excerpt,
F076,https://www.banking.senate.gov/hearings/the-coronavirus-crisis-paving-the-way-to-an-equitable-recovery,extension replacement,https://www.banking.senate.gov/hearings/the-coronavirus-crisis-paving-the-way-to-an-equitable-recovery.xml,not_found,410,text/html;charset=UTF-8,,https://www.banking.senate.gov/hearings/the-coronavirus-crisis-paving-the-way-to-an-equitable-recovery.xml,0,2026-09-27T17:45:53.128446+00:00,/Users/mikewolfd/hearing-text/xml_path_families/responses/d4a586880467ac3e440d6595624ff414e3c5e5fd318f2739010d64c75eb5d5ac.excerpt,
F076,https://www.banking.senate.gov/hearings/01/09/2025/nomination-hearing,extension replacement,https://www.banking.senate.gov/hearings/01/09/2025/nomination-hearing.xml,not_found,410,text/html;charset=UTF-8,,https://www.banking.senate.gov/hearings/01/09/2025/nomination-hearing.xml,0,2026-09-27T17:45:53.930919+00:00,/Users/mikewolfd/hearing-text/xml_path_families/responses/cc72b529ca8769d4d85f5175cf2d4f9286bff5bdc6cdc43b6d13105f92d21927.excerpt,
F077,https://www.budget.senate.gov/download/dr-joao-gomes_-testimony---senate-budget-committee,XML Accept header,https://www.budget.senate.gov/download/dr-joao-gomes_-testimony---senate-budget-committee,html,200,text/html;charset=UTF-8,,https://www.budget.senate.gov/download/dr-joao-gomes_-testimony---senate-budget-committee,32225,2026-09-27T17:45:53.335426+00:00,/Users/mikewolfd/hearing-text/xml_path_families/responses/00c0c91ff35f14f66ec3fe566a77c83bd163de38b200e456e2ce6eea3c36d2db.body,
F077,https://www.budget.senate.gov/download/102523-senator-grassley-opening-statement,XML Accept header,https://www.budget.senate.gov/download/102523-senator-grassley-opening-statement,html,200,text/html;charset=UTF-8,,https://www.budget.senate.gov/download/102523-senator-grassley-opening-statement,32207,2026-09-27T17:45:54.541469+00:00,/Users/mikewolfd/hearing-text/xml_path_families/responses/02368748e0602547bc26afdd861bcc84bcf50ea974da8ee933de851e576373cd.body,
F077,https://www.budget.senate.gov/download/robert-reich-testimony-april-2022,XML Accept header,https://www.budget.senate.gov/download/robert-reich-testimony-april-2022,html,200,text/html;charset=UTF-8,,https://www.budget.senate.gov/download/robert-reich-testimony-april-2022,32191,2026-09-27T17:45:54.942572+00:00,/Users/mikewolfd/hearing-text/xml_path_families/responses/02497dad53fdcad2dcf90eff499779fdf49bbb2d65079f747635497788c783ff.body,
F078,https://www.budget.senate.gov/hearings/should-taxpayer-dollars-go-to-companies-that-violate-labor-laws,extension replacement,https://www.budget.senate.gov/hearings/should-taxpayer-dollars-go-to-companies-that-violate-labor-laws.xml,not_found,410,text/html;charset=UTF-8,,https://www.budget.senate.gov/hearings/should-taxpayer-dollars-go-to-companies-that-violate-labor-laws.xml,0,2026-09-27T17:45:53.738619+00:00,/Users/mikewolfd/hearing-text/xml_path_families/responses/b1f069c6df65d416fc44bf0dfe245e9b9245619ae351a20fb9fa2f6f83c19685.excerpt,
F078,https://www.budget.senate.gov/hearings/investing-in-the-future-safeguarding-municipal-bonds-from-climate-risk,extension replacement,https://www.budget.senate.gov/hearings/investing-in-the-future-safeguarding-municipal-bonds-from-climate-risk.xml,not_found,410,text/html;charset=UTF-8,,https://www.budget.senate.gov/hearings/investing-in-the-future-safeguarding-municipal-bonds-from-climate-risk.xml,0,2026-09-27T17:45:54.140901+00:00,/Users/mikewolfd/hearing-text/xml_path_families/responses/4e59f60058a77e7c7ecfd55898e26a8dad9d0171fcb15f306bdb03fe0f33eaf3.excerpt,
F078,https://www.budget.senate.gov/hearings/fairness-and-fiscal-responsibility-cracking-down-on-wealthy-tax-cheats,extension replacement,https://www.budget.senate.gov/hearings/fairness-and-fiscal-responsibility-cracking-down-on-wealthy-tax-cheats.xml,not_found,410,text/html;charset=UTF-8,,https://www.budget.senate.gov/hearings/fairness-and-fiscal-responsibility-cracking-down-on-wealthy-tax-cheats.xml,0,2026-09-27T17:45:55.342929+00:00,/Users/mikewolfd/hearing-text/xml_path_families/responses/083860f17808cb74b3fd8c227f19217d134137531ee31ff4d75f687472fa5dc3.excerpt,
F079,http://www.cbo.gov/sites/default/files/cbofiles/attachments/hr5078.pdf,extension replacement,http://www.cbo.gov/sites/default/files/cbofiles/attachments/hr5078.xml,not_found,404,text/html; charset=UTF-8,,https://www.cbo.gov/sites/default/files/cbofiles/attachments/hr5078.xml,0,2026-09-27T17:45:54.209641+00:00,/Users/mikewolfd/hearing-text/xml_path_families/responses/d3d728f75d0debae11b7e3c9a820dc7b3fd89c8f5a59d0b3ab5ec9521ec0309d.excerpt,
F079,http://www.cbo.gov/sites/default/files/cbofiles/attachments/44602-LTBO_Testimony.pdf,extension replacement,http://www.cbo.gov/sites/default/files/cbofiles/attachments/44602-LTBO_Testimony.xml,not_found,404,text/html; charset=UTF-8,,https://www.cbo.gov/sites/default/files/cbofiles/attachments/44602-LTBO_Testimony.xml,0,2026-09-27T17:45:54.614675+00:00,/Users/mikewolfd/hearing-text/xml_path_families/responses/34824b3bc336d02084f3501abf2561924c846cf19cc28b3dd1b421450d2f1b1f.excerpt,
F079,https://www.cbo.gov/sites/default/files/cbofiles/attachments/44602-LTBO_Testimony.pdf,extension replacement,https://www.cbo.gov/sites/default/files/cbofiles/attachments/44602-LTBO_Testimony.xml,not_found,404,text/html; charset=UTF-8,,https://www.cbo.gov/sites/default/files/cbofiles/attachments/44602-LTBO_Testimony.xml,0,2026-09-27T17:45:55.017598+00:00,/Users/mikewolfd/hearing-text/xml_path_families/responses/c0710c5daef540fcf0975d2781836e402ea3c2544e261e08706ebf22c1bec1b2.excerpt,
F080,https://www.commerce.senate.gov/services/files/11770C8D-B758-4DD1-9982-0507E8428DEE,XML Accept header,https://www.commerce.senate.gov/services/files/11770C8D-B758-4DD1-9982-0507E8428DEE,not_xml,200,application/pdf,,https://www.commerce.senate.gov/wp-content/uploads/media/doc/2025-04-17%20CST%20Invitation%20for%20NFL.pdf,111525,2026-09-27T17:45:54.979815+00:00,/Users/mikewolfd/hearing-text/xml_path_families/responses/be88e9d034214778cacde7e9a0dee698bf33753abc938ea8b5f5f696174d534e.body,
F081,https://www.commerce.senate.gov/wp-content/uploads/meetings/9A12882C-5EC1-40AF-9FA1-91BFBDADF5B5/NBA%20Commerce%20Committee%20Testimony%20%28Final%29.pdf,extension replacement,https://www.commerce.senate.gov/wp-content/uploads/meetings/9A12882C-5EC1-40AF-9FA1-91BFBDADF5B5/NBA%20Commerce%20Committee%20Testimony%20%28Final%29.xml,not_found,404,text/html; charset=UTF-8,,https://www.commerce.senate.gov/wp-content/uploads/meetings/9A12882C-5EC1-40AF-9FA1-91BFBDADF5B5/NBA%20Commerce%20Committee%20Testimony%20%28Final%29.xml,0,2026-09-27T17:45:55.380176+00:00,/Users/mikewolfd/hearing-text/xml_path_families/responses/b1029e6753cdc59d2a258aa1e1c593aaceb54db55356a497508a5bb1f5279a48.excerpt,
F081,https://www.commerce.senate.gov/wp-content/uploads/meetings/A7724A77-499A-4099-8653-13A143241FB1/Bryan%20Clark%20-%20Testimony.pdf,extension replacement,https://www.commerce.senate.gov/wp-content/uploads/meetings/A7724A77-499A-4099-8653-13A143241FB1/Bryan%20Clark%20-%20Testimony.xml,not_found,404,text/html; charset=UTF-8,,https://www.commerce.senate.gov/wp-content/uploads/meetings/A7724A77-499A-4099-8653-13A143241FB1/Bryan%20Clark%20-%20Testimony.xml,0,2026-09-27T17:45:57.394247+00:00,/Users/mikewolfd/hearing-text/xml_path_families/responses/7682e4957d7a39e5331e6e7f8b7d168061a2ec126aae8ddbdfef32ca1f2d734b.excerpt,
F081,https://www.commerce.senate.gov/wp-content/uploads/meetings/E4885196-67CC-44A9-AA43-1CAC74BA4B64/Bradbury%20Testimony%20for%20CST%20Nomination%20Hearing%20%2820%20Feb%202025%29%20%28Final%29.pdf,extension replacement,https://www.commerce.senate.gov/wp-content/uploads/meetings/E4885196-67CC-44A9-AA43-1CAC74BA4B64/Bradbury%20Testimony%20for%20CST%20Nomination%20Hearing%20%2820%20Feb%202025%29%20%28Final%29.xml,not_found,404,text/html; charset=UTF-8,,https://www.commerce.senate.gov/wp-content/uploads/meetings/E4885196-67CC-44A9-AA43-1CAC74BA4B64/Bradbury%20Testimony%20for%20CST%20Nomination%20Hearing%20%2820%20Feb%202025%29%20%28Final%29.xml,0,2026-09-27T17:45:56.991058+00:00,/Users/mikewolfd/hearing-text/xml_path_families/responses/4bec6d9f624811a0688c5a9e128c55af13d5ba76393e7790e7585bb8ada45f5e.excerpt,
F082,https://www.commerce.senate.gov/meetings/examining-the-impact-of-ticket-sales-practices-and-bot-resales-on-concert-fans/,extension replacement,https://www.commerce.senate.gov/meetings/examining-the-impact-of-ticket-sales-practices-and-bot-resales-on-concert-fans.xml,not_found,404,text/html; charset=UTF-8,,https://www.commerce.senate.gov/meetings/examining-the-impact-of-ticket-sales-practices-and-bot-resales-on-concert-fans.xml,0,2026-09-27T17:45:55.782245+00:00,/Users/mikewolfd/hearing-text/xml_path_families/responses/7d7557006e11e8d96bc179cf6461cba72bd12a2b2d9563d557d22663cbc7c223.excerpt,
F082,https://www.commerce.senate.gov/meetings/examining-technological-innovations-in-transportation/,extension replacement,https://www.commerce.senate.gov/meetings/examining-technological-innovations-in-transportation.xml,not_found,404,text/html; charset=UTF-8,,https://www.commerce.senate.gov/meetings/examining-technological-innovations-in-transportation.xml,0,2026-09-27T17:45:56.184240+00:00,/Users/mikewolfd/hearing-text/xml_path_families/responses/9d7d8d926dabaddc4e2c4ca54979371cd2f9ad19cf8b7db32b0f78cf7f6ddbea.excerpt,
F082,https://www.commerce.senate.gov/meetings/subcommittee-protecting-kids-online-instagram-and-reforms-for-young-users/,extension replacement,https://www.commerce.senate.gov/meetings/subcommittee-protecting-kids-online-instagram-and-reforms-for-young-users.xml,not_found,404,text/html; charset=UTF-8,,https://www.commerce.senate.gov/meetings/subcommittee-protecting-kids-online-instagram-and-reforms-for-young-users.xml,0,2026-09-27T17:45:56.589272+00:00,/Users/mikewolfd/hearing-text/xml_path_families/responses/d93bd6eee39b7018e507b71d9fe016c983bc5d367eb2ce4ebb5d794da9fab0a4.excerpt,
F083,http://www.congress.gov/cgi-lis/t2GPO/http://www.gpo.gov/fdsys/pkg/BILLS-113hr4005ih/pdf/BILLS-113hr4005ih.pdf,extension replacement,http://www.congress.gov/cgi-lis/t2GPO/http://www.gpo.gov/fdsys/pkg/BILLS-113hr4005ih/pdf/BILLS-113hr4005ih.xml,blocked,403,text/html; charset=UTF-8,,https://www.congress.gov/cgi-lis/t2GPO/http://www.gpo.gov/fdsys/pkg/BILLS-113hr4005ih/pdf/BILLS-113hr4005ih.xml,0,2026-09-27T17:45:57.217907+00:00,/Users/mikewolfd/hearing-text/xml_path_families/responses/8c7ba49469eda04a0bc21b6011468d62dd9c08226bc17f3e0abf930c88d031af.excerpt,
F083,http://www.congress.gov/cgi-lis/t2GPO/http://www.gpo.gov/fdsys/pkg/BILLS-113hr4005ih/pdf/BILLS-113hr4005ih.pdf,format directory + extension,http://www.congress.gov/cgi-lis/t2GPO/http://www.gpo.gov/fdsys/pkg/BILLS-113hr4005ih/xml/BILLS-113hr4005ih.xml,blocked,403,text/html; charset=UTF-8,,https://www.congress.gov/cgi-lis/t2GPO/http://www.gpo.gov/fdsys/pkg/BILLS-113hr4005ih/xml/BILLS-113hr4005ih.xml,0,2026-09-27T17:46:42.325507+00:00,/Users/mikewolfd/hearing-text/xml_path_families/responses/e7383e1064f7c0d2b43455ee371af4b63a36d2e8badbd0664eb0450940b7c7cc.excerpt,
F083,https://www.congress.gov/cgi-lis/t2GPO/https://www.gpo.gov/fdsys/pkg/BILLS-113hr4005ih/pdf/BILLS-113hr4005ih.pdf,extension replacement,https://www.congress.gov/cgi-lis/t2GPO/https://www.gpo.gov/fdsys/pkg/BILLS-113hr4005ih/pdf/BILLS-113hr4005ih.xml,blocked,403,text/html; charset=UTF-8,,https://www.congress.gov/cgi-lis/t2GPO/https://www.gpo.gov/fdsys/pkg/BILLS-113hr4005ih/pdf/BILLS-113hr4005ih.xml,0,2026-09-27T17:48:18.613937+00:00,/Users/mikewolfd/hearing-text/xml_path_families/responses/45a8ded8f752d0f136e080fe75082e2ae933323172b7f62630b3a2b66cdad3dd.excerpt,
F083,https://www.congress.gov/cgi-lis/t2GPO/https://www.gpo.gov/fdsys/pkg/BILLS-113hr4005ih/pdf/BILLS-113hr4005ih.pdf,format directory + extension,https://www.congress.gov/cgi-lis/t2GPO/https://www.gpo.gov/fdsys/pkg/BILLS-113hr4005ih/xml/BILLS-113hr4005ih.xml,blocked,403,text/html; charset=UTF-8,,https://www.congress.gov/cgi-lis/t2GPO/https://www.gpo.gov/fdsys/pkg/BILLS-113hr4005ih/xml/BILLS-113hr4005ih.xml,0,2026-09-27T17:47:28.628148+00:00,/Users/mikewolfd/hearing-text/xml_path_families/responses/240a6309d8e7a9e3975d66aea363be8314380580793e2e1040a5d9a6b7df8b96.excerpt,
F084,https://www.congress.gov/116/bills/hr6636/BILLS-116hr6636ih.pdf,extension replacement,https://www.congress.gov/116/bills/hr6636/BILLS-116hr6636ih.xml,xml,200,application/xml,bill,https://www.congress.gov/116/bills/hr6636/BILLS-116hr6636ih.xml,28914,2026-09-27T17:48:14.987017+00:00,/Users/mikewolfd/hearing-text/xml_path_families/xml/cec418d711a92067603725c8a7213c13e9c3982d2acd9a84953c8010cf7c8622.xml,
F084,https://www.congress.gov/114/bills/hr4974/BILLS-114hr4974rh.pdf,extension replacement,https://www.congress.gov/114/bills/hr4974/BILLS-114hr4974rh.xml,xml,200,application/xml,bill,https://www.congress.gov/114/bills/hr4974/BILLS-114hr4974rh.xml,130902,2026-09-27T17:47:28.223187+00:00,/Users/mikewolfd/hearing-text/xml_path_families/xml/7c72f53cc7870f4b8a3f0907267c39063970fc963b457fa0c0458b828e26b620.xml,
F084,https://www.congress.gov/117/bills/hr1546/BILLS-117hr1546ih.pdf,extension replacement,https://www.congress.gov/117/bills/hr1546/BILLS-117hr1546ih.xml,xml,200,application/xml,bill,https://www.congress.gov/117/bills/hr1546/BILLS-117hr1546ih.xml,7988,2026-09-27T17:47:27.822088+00:00,/Users/mikewolfd/hearing-text/xml_path_families/xml/109fe9144568dbebbfdc87a1c05554871c943e85a840850300016ad990948c85.xml,
F085,https://www.congress.gov/114/crpt/hrpt272/CRPT-114hrpt272.pdf,extension replacement,https://www.congress.gov/114/crpt/hrpt272/CRPT-114hrpt272.xml,not_found,404,text/html; charset=UTF-8,,https://www.congress.gov/114/crpt/hrpt272/CRPT-114hrpt272.xml,0,2026-09-27T17:47:27.420521+00:00,/Users/mikewolfd/hearing-text/xml_path_families/responses/799c419f860bdc4449a6417db3bca1c29a79f0dab8eb33908a79191d1728349c.excerpt,
F085,https://www.congress.gov/117/crpt/hrpt434/CRPT-117hrpt434.pdf,extension replacement,https://www.congress.gov/117/crpt/hrpt434/CRPT-117hrpt434.xml,not_found,404,text/html; charset=UTF-8,,https://www.congress.gov/117/crpt/hrpt434/CRPT-117hrpt434.xml,0,2026-09-27T17:48:14.178934+00:00,/Users/mikewolfd/hearing-text/xml_path_families/responses/3de71ee86534b2cb23c8d23c7d95e6be3b2722f46fc7a0e2dfc871ea49b08c82.excerpt,
F085,https://www.congress.gov/116/crpt/hrpt135/CRPT-116hrpt135.pdf,extension replacement,https://www.congress.gov/116/crpt/hrpt135/CRPT-116hrpt135.xml,not_found,404,text/html; charset=UTF-8,,https://www.congress.gov/116/crpt/hrpt135/CRPT-116hrpt135.xml,0,2026-09-27T17:48:13.776156+00:00,/Users/mikewolfd/hearing-text/xml_path_families/responses/5f432e9c92f6804ecf85fd68e6ab21e2054687ae2738873f02fa033b840d3006.excerpt,
F086,https://www.congress.gov/116/meeting/house/110033/documents/BILLS-116HR2203-RCP116-27.pdf,extension replacement,https://www.congress.gov/116/meeting/house/110033/documents/BILLS-116HR2203-RCP116-27.xml,xml,200,application/xml,amendment-doc,https://www.congress.gov/116/meeting/house/110033/documents/BILLS-116HR2203-RCP116-27.xml,98555,2026-09-27T17:48:16.603659+00:00,/Users/mikewolfd/hearing-text/xml_path_families/xml/9533893fe3dd0c09d9419c0bfb35a113192e456257627c7ea58717ebd6283f6c.xml,
F086,https://www.congress.gov/115/meeting/house/108279/documents/BILLS-115HR3053-RCP115-69.pdf,extension replacement,https://www.congress.gov/115/meeting/house/108279/documents/BILLS-115HR3053-RCP115-69.xml,xml,200,application/xml,amendment-doc,https://www.congress.gov/115/meeting/house/108279/documents/BILLS-115HR3053-RCP115-69.xml,105171,2026-09-27T17:48:16.199025+00:00,/Users/mikewolfd/hearing-text/xml_path_families/xml/63500b56a101d3688862f80316036b06db6155dd8d893d33683c0f2b26aa5547.xml,
F086,https://www.congress.gov/113/meeting/house/101755/documents/CPRT-113-HPRT-RU00-HR3193.pdf,extension replacement,https://www.congress.gov/113/meeting/house/101755/documents/CPRT-113-HPRT-RU00-HR3193.xml,xml,200,application/xml,amendment-doc,https://www.congress.gov/113/meeting/house/101755/documents/CPRT-113-HPRT-RU00-HR3193.xml,48252,2026-09-27T17:48:14.582403+00:00,/Users/mikewolfd/hearing-text/xml_path_families/xml/5dc30475864bec288f08076cae8efe5addd2731116a889e47a7c89434030475d.xml,
F087,https://www.congress.gov/115/meeting/house/105682/documents/BILLS-115-AmendmentinthenatureofasubstitutetoSubtitle__BudgetReconciliationLegislativeRecommendationsRelatingtoRepealofTanningTax-S001156-Amdt-1.,XML Accept header,https://www.congress.gov/115/meeting/house/105682/documents/BILLS-115-AmendmentinthenatureofasubstitutetoSubtitle__BudgetReconciliationLegislativeRecommendationsRelatingtoRepealofTanningTax-S001156-Amdt-1.,html,200,,,https://www.congress.gov/115/meeting/house/105682/documents/BILLS-115-AmendmentinthenatureofasubstitutetoSubtitle__BudgetReconciliationLegislativeRecommendationsRelatingtoRepealofTanningTax-S001156-Amdt-1.,39507,2026-09-27T17:48:17.810093+00:00,/Users/mikewolfd/hearing-text/xml_path_families/responses/493f5d145c0321d3f340e83644e998126117977cea0420e61bf2d0414f8c346f.body,
F088,https://www.congress.gov/117/meeting/house/114039/documents/BILLS-117-D-B001248-Amdt-13.pdf,extension replacement,https://www.congress.gov/117/meeting/house/114039/documents/BILLS-117-D-B001248-Amdt-13.xml,not_found,404,text/html; charset=UTF-8,,https://www.congress.gov/117/meeting/house/114039/documents/BILLS-117-D-B001248-Amdt-13.xml,0,2026-09-27T17:48:15.392046+00:00,/Users/mikewolfd/hearing-text/xml_path_families/responses/d6217e5090300a49879f507a6d906b04a05ff636c952837bde08f4395a1e6bbd.excerpt,
F088,https://www.congress.gov/119/meeting/house/118692/documents/BILLS-119-HR4638-J000298-Amdt-3.pdf,extension replacement,https://www.congress.gov/119/meeting/house/118692/documents/BILLS-119-HR4638-J000298-Amdt-3.xml,not_found,404,text/html; charset=UTF-8,,https://www.congress.gov/119/meeting/house/118692/documents/BILLS-119-HR4638-J000298-Amdt-3.xml,0,2026-09-27T17:48:15.794994+00:00,/Users/mikewolfd/hearing-text/xml_path_families/responses/19a7eed5292d9d550b29ea34b536a8ed390fa0cf69047c6745bebee6dc3d50e9.excerpt,
F088,https://www.congress.gov/114/meeting/house/105236/documents/BILLS-114-5715-H001064-Amdt-002.pdf,extension replacement,https://www.congress.gov/114/meeting/house/105236/documents/BILLS-114-5715-H001064-Amdt-002.xml,not_found,404,text/html; charset=UTF-8,,https://www.congress.gov/114/meeting/house/105236/documents/BILLS-114-5715-H001064-Amdt-002.xml,0,2026-09-27T17:49:05.292041+00:00,/Users/mikewolfd/hearing-text/xml_path_families/responses/6dbc19e4e74134768a75d42b269da38bbf55aa9fc3e7e4e0c68181ef7aa2996a.excerpt,
F089,https://www.congress.gov/113/meeting/house/102522/documents/BILLS-113HR4751ih.pdf,extension replacement,https://www.congress.gov/113/meeting/house/102522/documents/BILLS-113HR4751ih.xml,not_found,404,text/html; charset=UTF-8,,https://www.congress.gov/113/meeting/house/102522/documents/BILLS-113HR4751ih.xml,0,2026-09-27T17:48:17.408733+00:00,/Users/mikewolfd/hearing-text/xml_path_families/responses/0bf720a1e175ca5d02d84d6bd8b4ac3a365166eec1b7d6069b66ec918e98df12.excerpt,
F089,https://www.congress.gov/114/meeting/house/103967/documents/BILLS-114hr758rh.pdf,extension replacement,https://www.congress.gov/114/meeting/house/103967/documents/BILLS-114hr758rh.xml,xml,200,application/xml,bill,https://www.congress.gov/114/meeting/house/103967/documents/BILLS-114hr758rh.xml,5799,2026-09-27T17:48:17.003698+00:00,/Users/mikewolfd/hearing-text/xml_path_families/xml/322073d5263c061bcf45b920e8645ad29cd70d4b0ece70a489c32832d7e510b6.xml,
F089,https://www.congress.gov/118/meeting/house/115269/documents/BILLS-118497ih.pdf,extension replacement,https://www.congress.gov/118/meeting/house/115269/documents/BILLS-118497ih.xml,not_found,404,text/html; charset=UTF-8,,https://www.congress.gov/118/meeting/house/115269/documents/BILLS-118497ih.xml,0,2026-09-27T17:49:06.097309+00:00,/Users/mikewolfd/hearing-text/xml_path_families/responses/16a476cc599430f135af575efa43d94ccf4b1cd0ded0d1e611d838a7fc9469e4.excerpt,
F090,https://www.congress.gov/118/meeting/house/115697/documents/CPRT-118HPRT52431.pdf,extension replacement,https://www.congress.gov/118/meeting/house/115697/documents/CPRT-118HPRT52431.xml,xml,200,application/xml,amendment-doc,https://www.congress.gov/118/meeting/house/115697/documents/CPRT-118HPRT52431.xml,45143,2026-09-27T17:49:04.083535+00:00,/Users/mikewolfd/hearing-text/xml_path_families/xml/e73420e52b9c488bc5842a1a7562a0404383ca03de8fbb598d1ec278ba1b6dfe.xml,
F090,https://www.congress.gov/115/meeting/house/106125/documents/CPRT-115HPRT24746.pdf,extension replacement,https://www.congress.gov/115/meeting/house/106125/documents/CPRT-115HPRT24746.xml,not_found,404,text/html; charset=UTF-8,,https://www.congress.gov/115/meeting/house/106125/documents/CPRT-115HPRT24746.xml,0,2026-09-27T17:48:18.213230+00:00,/Users/mikewolfd/hearing-text/xml_path_families/responses/a020ce263feef807512ccc4278ac95fd33404b1d9ed56050592cb0909b6a2c23.excerpt,
F090,https://www.congress.gov/116/meeting/house/108808/documents/CPRT-116HPRT34159.pdf,extension replacement,https://www.congress.gov/116/meeting/house/108808/documents/CPRT-116HPRT34159.xml,not_found,404,text/html; charset=UTF-8,,https://www.congress.gov/116/meeting/house/108808/documents/CPRT-116HPRT34159.xml,0,2026-09-27T17:49:04.486423+00:00,/Users/mikewolfd/hearing-text/xml_path_families/responses/c89be82d9b28c56a779a97e07a58a5d3f3e6357e2d1b139416eb81c9655e8625.excerpt,
F091,https://www.congress.gov/115/meeting/house/108735/documents/CRPT-115hrpt958.pdf,extension replacement,https://www.congress.gov/115/meeting/house/108735/documents/CRPT-115hrpt958.xml,not_found,404,text/html; charset=UTF-8,,https://www.congress.gov/115/meeting/house/108735/documents/CRPT-115hrpt958.xml,0,2026-09-27T17:49:03.682240+00:00,/Users/mikewolfd/hearing-text/xml_path_families/responses/a0a584bfbbe9ebb7bf915bc052b056796b1b04111a6382a17d9757bfef4ba802.excerpt,
F091,https://www.congress.gov/116/meeting/house/111009/documents/HRPT-116-1107.pdf,extension replacement,https://www.congress.gov/116/meeting/house/111009/documents/HRPT-116-1107.xml,not_found,404,text/html; charset=UTF-8,,https://www.congress.gov/116/meeting/house/111009/documents/HRPT-116-1107.xml,0,2026-09-27T17:49:10.121610+00:00,/Users/mikewolfd/hearing-text/xml_path_families/responses/2a105b6627dfed0140561ee603f871b3ad4fbe6884fa35b72627b7b9850392ce.excerpt,
F091,https://www.congress.gov/118/meeting/house/117054/documents/CRPT-118hrpt729.pdf,extension replacement,https://www.congress.gov/118/meeting/house/117054/documents/CRPT-118hrpt729.xml,not_found,404,text/html; charset=UTF-8,,https://www.congress.gov/118/meeting/house/117054/documents/CRPT-118hrpt729.xml,0,2026-09-27T17:49:04.889303+00:00,/Users/mikewolfd/hearing-text/xml_path_families/responses/1fedbf9e4dcf961ae1a414cf0548e46d75290b4f9d38014ef4c6b72220ed4c4a.excerpt,
F092,https://www.congress.gov/118/meeting/house/116961/documents/HMTG-118-IF16-Transcript-20240312.pdf,extension replacement,https://www.congress.gov/118/meeting/house/116961/documents/HMTG-118-IF16-Transcript-20240312.xml,not_found,404,text/html; charset=UTF-8,,https://www.congress.gov/118/meeting/house/116961/documents/HMTG-118-IF16-Transcript-20240312.xml,0,2026-09-27T17:49:05.692274+00:00,/Users/mikewolfd/hearing-text/xml_path_families/responses/bcbc24577d15a233aa35016391a322b32cf8c684d32e87b30fef22759d3cb934.excerpt,
F092,https://www.congress.gov/113/meeting/house/102065/documents/HHRG-113-FA00-Transcript-20140403.pdf,extension replacement,https://www.congress.gov/113/meeting/house/102065/documents/HHRG-113-FA00-Transcript-20140403.xml,not_found,404,text/html; charset=UTF-8,,https://www.congress.gov/113/meeting/house/102065/documents/HHRG-113-FA00-Transcript-20140403.xml,0,2026-09-27T17:49:06.500969+00:00,/Users/mikewolfd/hearing-text/xml_path_families/responses/1fd79e8617ad4f202d0549369b9647a53125183b98e2ae6ddb4366ff7a4b8acf.excerpt,
F092,https://www.congress.gov/115/meeting/house/108730/documents/HHRG-115-FA16-Transcript-20180927.pdf,extension replacement,https://www.congress.gov/115/meeting/house/108730/documents/HHRG-115-FA16-Transcript-20180927.xml,not_found,404,text/html; charset=UTF-8,,https://www.congress.gov/115/meeting/house/108730/documents/HHRG-115-FA16-Transcript-20180927.xml,0,2026-09-27T17:49:07.710696+00:00,/Users/mikewolfd/hearing-text/xml_path_families/responses/5b63df1d9a98d50281e622645c23287d4aae631281afea6ab72011b5804b5208.excerpt,
F093,https://www.congress.gov/116/meeting/house/108893/documents/HHRG-116-BA15-20190213-CPg.pdf,extension replacement,https://www.congress.gov/116/meeting/house/108893/documents/HHRG-116-BA15-20190213-CPg.xml,not_found,404,text/html; charset=UTF-8,,https://www.congress.gov/116/meeting/house/108893/documents/HHRG-116-BA15-20190213-CPg.xml,0,2026-09-27T17:49:08.114127+00:00,/Users/mikewolfd/hearing-text/xml_path_families/responses/213e863c63af6ed0daee436f1595ac7e4a78cfb9dfef4b35e1cbdae532386ca1.excerpt,
F093,https://www.congress.gov/118/meeting/house/116242/documents/HHRG-118-FA16-20230718-CPg.pdf,extension replacement,https://www.congress.gov/118/meeting/house/116242/documents/HHRG-118-FA16-20230718-CPg.xml,not_found,404,text/html; charset=UTF-8,,https://www.congress.gov/118/meeting/house/116242/documents/HHRG-118-FA16-20230718-CPg.xml,0,2026-09-27T17:49:06.903101+00:00,/Users/mikewolfd/hearing-text/xml_path_families/responses/bab33f889c93347d3443c5369038d994a0df9fa0bcdd295e536f82255c65425f.excerpt,
F093,https://www.congress.gov/114/meeting/house/105028/documents/HHRG-114-SM27-20160609-CPg.pdf,extension replacement,https://www.congress.gov/114/meeting/house/105028/documents/HHRG-114-SM27-20160609-CPg.xml,not_found,404,text/html; charset=UTF-8,,https://www.congress.gov/114/meeting/house/105028/documents/HHRG-114-SM27-20160609-CPg.xml,0,2026-09-27T17:49:07.305667+00:00,/Users/mikewolfd/hearing-text/xml_path_families/responses/a5c400ecaffce5ba17e2b4c1c97f4d50b0dbeef076322dae23807441bbf14cd1.excerpt,
F094,https://www.congress.gov/116/meeting/house/109586/documents/HHRG-116-II10-20190605-SD013.pdf,extension replacement,https://www.congress.gov/116/meeting/house/109586/documents/HHRG-116-II10-20190605-SD013.xml,not_found,404,text/html; charset=UTF-8,,https://www.congress.gov/116/meeting/house/109586/documents/HHRG-116-II10-20190605-SD013.xml,0,2026-09-27T17:49:10.922219+00:00,/Users/mikewolfd/hearing-text/xml_path_families/responses/c22e79176b08c867c5dbc2b93225c447288e11c3ab0c5aa081537a7d0773971e.excerpt,
F094,https://www.congress.gov/118/meeting/house/115601/documents/HHRG-118-JU13-20230329-SD003.pdf,extension replacement,https://www.congress.gov/118/meeting/house/115601/documents/HHRG-118-JU13-20230329-SD003.xml,not_found,404,text/html; charset=UTF-8,,https://www.congress.gov/118/meeting/house/115601/documents/HHRG-118-JU13-20230329-SD003.xml,0,2026-09-27T17:49:08.515414+00:00,/Users/mikewolfd/hearing-text/xml_path_families/responses/96071f7446b6cca1888e6d88e719c891e1c043bbcf74af3135691782d68cde35.excerpt,
F094,https://www.congress.gov/117/meeting/house/112819/documents/HHRG-117-GO00-20210624-SD003.pdf,extension replacement,https://www.congress.gov/117/meeting/house/112819/documents/HHRG-117-GO00-20210624-SD003.xml,not_found,404,text/html; charset=UTF-8,,https://www.congress.gov/117/meeting/house/112819/documents/HHRG-117-GO00-20210624-SD003.xml,0,2026-09-27T17:49:09.721434+00:00,/Users/mikewolfd/hearing-text/xml_path_families/responses/4040fc5dcb4cdd865529355abbe02238157073235290304e0454bda6ab0bab8b.excerpt,
F095,https://www.congress.gov/119/meeting/house/119555/documents/HHRG-119-FA13-20260916-MbrRoster.pdf,extension replacement,https://www.congress.gov/119/meeting/house/119555/documents/HHRG-119-FA13-20260916-MbrRoster.xml,not_found,404,text/html; charset=UTF-8,,https://www.congress.gov/119/meeting/house/119555/documents/HHRG-119-FA13-20260916-MbrRoster.xml,0,2026-09-27T17:49:08.916256+00:00,/Users/mikewolfd/hearing-text/xml_path_families/responses/c40bb70df3250b911cb5413b4ce8023b72057c51671d72192a24ddc6f1a82d74.excerpt,
F095,https://www.congress.gov/117/meeting/house/113909/documents/HMKP-117-IF14-20210715-MbrRoster.pdf,extension replacement,https://www.congress.gov/117/meeting/house/113909/documents/HMKP-117-IF14-20210715-MbrRoster.xml,not_found,404,text/html; charset=UTF-8,,https://www.congress.gov/117/meeting/house/113909/documents/HMKP-117-IF14-20210715-MbrRoster.xml,0,2026-09-27T17:49:09.318831+00:00,/Users/mikewolfd/hearing-text/xml_path_families/responses/68b25e86fffa6273a2a77adef5e3ed91f08d3015f44ac0fae46e55a13dc392a6.excerpt,
F095,https://www.congress.gov/118/meeting/house/116163/documents/HHRG-118-SM00-20230726-MbrRoster.pdf,extension replacement,https://www.congress.gov/118/meeting/house/116163/documents/HHRG-118-SM00-20230726-MbrRoster.xml,not_found,404,text/html; charset=UTF-8,,https://www.congress.gov/118/meeting/house/116163/documents/HHRG-118-SM00-20230726-MbrRoster.xml,0,2026-09-27T17:49:13.743561+00:00,/Users/mikewolfd/hearing-text/xml_path_families/responses/41d057568a951db0b68afaee1151d6177061ffb4b081201f31c0883f59eb2297.excerpt,
F096,https://www.congress.gov/115/meeting/house/108202/documents/HMKP-115-IF03-MState-U000031-20180418.pdf,extension replacement,https://www.congress.gov/115/meeting/house/108202/documents/HMKP-115-IF03-MState-U000031-20180418.xml,not_found,404,text/html; charset=UTF-8,,https://www.congress.gov/115/meeting/house/108202/documents/HMKP-115-IF03-MState-U000031-20180418.xml,0,2026-09-27T17:49:12.938473+00:00,/Users/mikewolfd/hearing-text/xml_path_families/responses/57ba59ee5b87498d08b430a2635e614ddf8dd08eaf8d64308c1c5178f5998f79.excerpt,
F096,https://www.congress.gov/116/meeting/house/111092/documents/HMTG-116-II00-MState-C001066-20201117.pdf,extension replacement,https://www.congress.gov/116/meeting/house/111092/documents/HMTG-116-II00-MState-C001066-20201117.xml,not_found,404,text/html; charset=UTF-8,,https://www.congress.gov/116/meeting/house/111092/documents/HMTG-116-II00-MState-C001066-20201117.xml,0,2026-09-27T17:49:10.521745+00:00,/Users/mikewolfd/hearing-text/xml_path_families/responses/465acd606611cfedb8f9a87a22e53a5966b7f2b7fc2736da6b7dc2b755039cc4.excerpt,
F096,https://www.congress.gov/119/meeting/house/118685/documents/HMKP-119-IF16-MState-G000558-20251118.pdf,extension replacement,https://www.congress.gov/119/meeting/house/118685/documents/HMKP-119-IF16-MState-G000558-20251118.xml,not_found,404,text/html; charset=UTF-8,,https://www.congress.gov/119/meeting/house/118685/documents/HMKP-119-IF16-MState-G000558-20251118.xml,0,2026-09-27T17:49:11.322490+00:00,/Users/mikewolfd/hearing-text/xml_path_families/responses/6c56e3b72b9c7a0c2adb5deecee96fb6ebd202f7f8e77e94920802f552b92a3f.excerpt,
F097,https://www.congress.gov/117/meeting/house/114489/documents/Default.aspx?date=2022-03-07&.pdf,XML Accept header,https://www.congress.gov/117/meeting/house/114489/documents/Default.aspx?date=2022-03-07&.pdf,not_found,404,text/html; charset=UTF-8,,https://www.congress.gov/117/meeting/house/114489/documents/Default.aspx?_pdf=&date=2022-03-07,0,2026-09-27T17:49:11.727520+00:00,/Users/mikewolfd/hearing-text/xml_path_families/responses/2e3348f81ba125267d320dad76582f66721b6cdf141148254a5613c7bfbce4d5.excerpt,
F098,https://www.congress.gov/118/meeting/house/115697/documents/RCP_288_xml.pdf,extension replacement,https://www.congress.gov/118/meeting/house/115697/documents/RCP_288_xml.xml,not_found,404,text/html; charset=UTF-8,,https://www.congress.gov/118/meeting/house/115697/documents/RCP_288_xml.xml,0,2026-09-27T17:49:12.132311+00:00,/Users/mikewolfd/hearing-text/xml_path_families/responses/4805aeeaf552bb4b4f4a3220fc460e550d15254a028ec68707c0e69a786e48c8.excerpt,
F098,https://www.congress.gov/116/meeting/house/109422/documents/05-09-19_witness_list.pdf,extension replacement,https://www.congress.gov/116/meeting/house/109422/documents/05-09-19_witness_list.xml,not_found,404,text/html; charset=UTF-8,,https://www.congress.gov/116/meeting/house/109422/documents/05-09-19_witness_list.xml,0,2026-09-27T17:49:23.400737+00:00,/Users/mikewolfd/hearing-text/xml_path_families/responses/6f158da17005b1de1b83b60f5361488a9c123e77d3d3fb15d6b040aa272e3d06.excerpt,
F098,https://www.congress.gov/117/meeting/house/112897/documents/07-14-21_remote_hearing_notice.pdf,extension replacement,https://www.congress.gov/117/meeting/house/112897/documents/07-14-21_remote_hearing_notice.xml,not_found,404,text/html; charset=UTF-8,,https://www.congress.gov/117/meeting/house/112897/documents/07-14-21_remote_hearing_notice.xml,0,2026-09-27T17:49:12.536473+00:00,/Users/mikewolfd/hearing-text/xml_path_families/responses/c070127b8fabd812ba02d0b964cf175e5858069c6b4e70c8aeb0208726a4dcba.excerpt,
F099,https://www.congress.gov/117/meeting/house/111414/documents/HHRG-117-II24-20210323-QFR012.pdf,extension replacement,https://www.congress.gov/117/meeting/house/111414/documents/HHRG-117-II24-20210323-QFR012.xml,not_found,404,text/html; charset=UTF-8,,https://www.congress.gov/117/meeting/house/111414/documents/HHRG-117-II24-20210323-QFR012.xml,0,2026-09-27T17:49:13.342341+00:00,/Users/mikewolfd/hearing-text/xml_path_families/responses/f46da12b7db508e887c6ef823a209e5067f8daab9f5209b50a2390a095f0524d.excerpt,
F099,https://www.congress.gov/116/meeting/house/108817/documents/HHRG-116-GO00-20190129-QFR003.pdf,extension replacement,https://www.congress.gov/116/meeting/house/108817/documents/HHRG-116-GO00-20190129-QFR003.xml,not_found,404,text/html; charset=UTF-8,,https://www.congress.gov/116/meeting/house/108817/documents/HHRG-116-GO00-20190129-QFR003.xml,0,2026-09-27T17:49:14.951897+00:00,/Users/mikewolfd/hearing-text/xml_path_families/responses/3a162e0e297251f58ea63eb8f0af89d372ce63f60ac57d986d867882c5e26868.excerpt,
F099,https://www.congress.gov/119/meeting/house/118183/documents/HHRG-119-ED10-20250506-QFR001.pdf,extension replacement,https://www.congress.gov/119/meeting/house/118183/documents/HHRG-119-ED10-20250506-QFR001.xml,not_found,404,text/html; charset=UTF-8,,https://www.congress.gov/119/meeting/house/118183/documents/HHRG-119-ED10-20250506-QFR001.xml,0,2026-09-27T17:49:19.372502+00:00,/Users/mikewolfd/hearing-text/xml_path_families/responses/6c791cec3303fdc3bdc9ab0599869f4d16f3f37cf630dbeecc925a1f324ea87a.excerpt,
F100,https://www.congress.gov/117/meeting/house/114031/documents/CRPT-117-PW00-Vote057-20210914.pdf,extension replacement,https://www.congress.gov/117/meeting/house/114031/documents/CRPT-117-PW00-Vote057-20210914.xml,not_found,404,text/html; charset=UTF-8,,https://www.congress.gov/117/meeting/house/114031/documents/CRPT-117-PW00-Vote057-20210914.xml,0,2026-09-27T17:49:14.146909+00:00,/Users/mikewolfd/hearing-text/xml_path_families/responses/10f5107e5892ad7938ae2bfe2dd763ccc5137280e59fbd028b569ebf005a7f33.excerpt,
F100,https://www.congress.gov/119/meeting/house/118532/documents/CRPT-119-BA00-Vote183-20250722.pdf,extension replacement,https://www.congress.gov/119/meeting/house/118532/documents/CRPT-119-BA00-Vote183-20250722.xml,not_found,404,text/html; charset=UTF-8,,https://www.congress.gov/119/meeting/house/118532/documents/CRPT-119-BA00-Vote183-20250722.xml,0,2026-09-27T17:49:14.550700+00:00,/Users/mikewolfd/hearing-text/xml_path_families/responses/2344b83e1947b8d1de36e3bae87012bbbf79286ed7fa9e0ec9b87a9843bab11e.excerpt,
F100,https://www.congress.gov/116/meeting/house/110598/documents/CRPT-116-BA00-Vote008-20200227.pdf,extension replacement,https://www.congress.gov/116/meeting/house/110598/documents/CRPT-116-BA00-Vote008-20200227.xml,not_found,404,text/html; charset=UTF-8,,https://www.congress.gov/116/meeting/house/110598/documents/CRPT-116-BA00-Vote008-20200227.xml,0,2026-09-27T17:49:15.353944+00:00,/Users/mikewolfd/hearing-text/xml_path_families/responses/a805dd715b83912eb83e619500f4a6c15be83369878307ab5027b25ecf40cc6f.excerpt,
F101,https://www.congress.gov/118/meeting/house/116820/documents/HHRG-118-VR00-WList-20240214.pdf,extension replacement,https://www.congress.gov/118/meeting/house/116820/documents/HHRG-118-VR00-WList-20240214.xml,not_found,404,text/html; charset=UTF-8,,https://www.congress.gov/118/meeting/house/116820/documents/HHRG-118-VR00-WList-20240214.xml,0,2026-09-27T17:49:16.961761+00:00,/Users/mikewolfd/hearing-text/xml_path_families/responses/0b1523f1e5ad7ca45395befe6556f28bd1eb28f4ee4ce969758e208a10346220.excerpt,
F101,https://www.congress.gov/116/meeting/house/108904/documents/HHRG-116-PW05-WList-20190213.pdf,extension replacement,https://www.congress.gov/116/meeting/house/108904/documents/HHRG-116-PW05-WList-20190213.xml,not_found,404,text/html; charset=UTF-8,,https://www.congress.gov/116/meeting/house/108904/documents/HHRG-116-PW05-WList-20190213.xml,0,2026-09-27T17:49:15.755084+00:00,/Users/mikewolfd/hearing-text/xml_path_families/responses/e23f218cd6ad3a15673b005a81d68ab78bb4faf22131a10f36bd5403d24f8890.excerpt,
F101,https://www.congress.gov/119/meeting/house/118920/documents/HHRG-119-VR11-WList-20260204.pdf,extension replacement,https://www.congress.gov/119/meeting/house/118920/documents/HHRG-119-VR11-WList-20260204.xml,not_found,404,text/html; charset=UTF-8,,https://www.congress.gov/119/meeting/house/118920/documents/HHRG-119-VR11-WList-20260204.xml,0,2026-09-27T17:49:16.556732+00:00,/Users/mikewolfd/hearing-text/xml_path_families/responses/96f125b24d6f1c618ddff07cd680336b81435eb1269813aff33108a7a9d95177.excerpt,
F102,https://www.congress.gov/118/meeting/house/116561/witnesses/BILLS-118hr4206ih.pdf,extension replacement,https://www.congress.gov/118/meeting/house/116561/witnesses/BILLS-118hr4206ih.xml,not_found,404,text/html; charset=UTF-8,,https://www.congress.gov/118/meeting/house/116561/witnesses/BILLS-118hr4206ih.xml,0,2026-09-27T17:49:16.155885+00:00,/Users/mikewolfd/hearing-text/xml_path_families/responses/c187458845a548f1bdd78a61dff8acec93ab4cdcf58ae9c44e07a14eb71cf55e.excerpt,
F103,https://www.congress.gov/119/meeting/house/118355/witnesses/HHRG-119-ED14-Bio-TwengeJ-20250610.pdf,extension replacement,https://www.congress.gov/119/meeting/house/118355/witnesses/HHRG-119-ED14-Bio-TwengeJ-20250610.xml,not_found,404,text/html; charset=UTF-8,,https://www.congress.gov/119/meeting/house/118355/witnesses/HHRG-119-ED14-Bio-TwengeJ-20250610.xml,0,2026-09-27T17:49:17.765700+00:00,/Users/mikewolfd/hearing-text/xml_path_families/responses/5c6ddb3132ecf22b3070baef82125748aeec64257b7fe0c5f1c2a4c660c3ec7e.excerpt,
F103,https://www.congress.gov/117/meeting/house/115197/witnesses/HHRG-117-II00-Bio-PardoE-20221117.pdf,extension replacement,https://www.congress.gov/117/meeting/house/115197/witnesses/HHRG-117-II00-Bio-PardoE-20221117.xml,not_found,404,text/html; charset=UTF-8,,https://www.congress.gov/117/meeting/house/115197/witnesses/HHRG-117-II00-Bio-PardoE-20221117.xml,0,2026-09-27T17:49:19.776511+00:00,/Users/mikewolfd/hearing-text/xml_path_families/responses/4efc32cfd01e5622dde3520fb466be8d3a34961c6e050039fe66d39310c4ce76.excerpt,
F103,https://www.congress.gov/118/meeting/house/117376/witnesses/HHRG-118-SM00-Bio-WeingartenB-20240626.pdf,extension replacement,https://www.congress.gov/118/meeting/house/117376/witnesses/HHRG-118-SM00-Bio-WeingartenB-20240626.xml,not_found,404,text/html; charset=UTF-8,,https://www.congress.gov/118/meeting/house/117376/witnesses/HHRG-118-SM00-Bio-WeingartenB-20240626.xml,0,2026-09-27T17:49:17.364164+00:00,/Users/mikewolfd/hearing-text/xml_path_families/responses/113cfd63f4e013afd2ef83b5add19df989a8fc66f3045852261af02a489b707b.excerpt,
F104,https://www.congress.gov/117/meeting/house/114399/witnesses/HHRG-117-CN00-TTF-WaylandK-20220215.pdf,extension replacement,https://www.congress.gov/117/meeting/house/114399/witnesses/HHRG-117-CN00-TTF-WaylandK-20220215.xml,not_found,404,text/html; charset=UTF-8,,https://www.congress.gov/117/meeting/house/114399/witnesses/HHRG-117-CN00-TTF-WaylandK-20220215.xml,0,2026-09-27T17:49:18.571583+00:00,/Users/mikewolfd/hearing-text/xml_path_families/responses/72d65f0141b42ddffc328fc8703f2a969fc36d5a12761aecf0d6f638b72f7cb5.excerpt,
F104,https://www.congress.gov/115/meeting/house/105930/witnesses/HHRG-115-SY20-TTF-BrowerD-20170503.pdf,extension replacement,https://www.congress.gov/115/meeting/house/105930/witnesses/HHRG-115-SY20-TTF-BrowerD-20170503.xml,not_found,404,text/html; charset=UTF-8,,https://www.congress.gov/115/meeting/house/105930/witnesses/HHRG-115-SY20-TTF-BrowerD-20170503.xml,0,2026-09-27T17:49:18.167032+00:00,/Users/mikewolfd/hearing-text/xml_path_families/responses/328a9e4a620c49ecce330a36d55005d698949b2474b2edecdc5cb955c64b4cf9.excerpt,
F104,https://www.congress.gov/119/meeting/house/118052/witnesses/HHRG-119-FA16-TTF-BoreO-20250325.pdf,extension replacement,https://www.congress.gov/119/meeting/house/118052/witnesses/HHRG-119-FA16-TTF-BoreO-20250325.xml,not_found,404,text/html; charset=UTF-8,,https://www.congress.gov/119/meeting/house/118052/witnesses/HHRG-119-FA16-TTF-BoreO-20250325.xml,0,2026-09-27T17:49:21.384897+00:00,/Users/mikewolfd/hearing-text/xml_path_families/responses/d6ac06ed28fe49066d8b1010d7f696f69d688b984e6afab389caba1d4f7d6295.excerpt,
F105,https://www.congress.gov/116/meeting/house/111065/witnesses/10-01-20_mr._shear_testimony.pdf,extension replacement,https://www.congress.gov/116/meeting/house/111065/witnesses/10-01-20_mr._shear_testimony.xml,not_found,404,text/html; charset=UTF-8,,https://www.congress.gov/116/meeting/house/111065/witnesses/10-01-20_mr._shear_testimony.xml,0,2026-09-27T17:49:18.971987+00:00,/Users/mikewolfd/hearing-text/xml_path_families/responses/22ecc3ea7db93e47b4024705ccb1dd3c000a8c43499f9134fab37ba8ff19905a.excerpt,
F105,https://www.congress.gov/115/meeting/house/105883/witnesses/tt_ben_miller_4.27.17.pdf,extension replacement,https://www.congress.gov/115/meeting/house/105883/witnesses/tt_ben_miller_4.27.17.xml,not_found,404,text/html; charset=UTF-8,,https://www.congress.gov/115/meeting/house/105883/witnesses/tt_ben_miller_4.27.17.xml,0,2026-09-27T17:49:22.189268+00:00,/Users/mikewolfd/hearing-text/xml_path_families/responses/37a6ebe7a09796f76d53458d0584c460b6c04703318a2ac95109d904cdcb875f.excerpt,
F105,https://www.congress.gov/114/meeting/house/104925/witnesses/tt_tse.pdf,extension replacement,https://www.congress.gov/114/meeting/house/104925/witnesses/tt_tse.xml,not_found,404,text/html; charset=UTF-8,,https://www.congress.gov/114/meeting/house/104925/witnesses/tt_tse.xml,0,2026-09-27T17:49:20.179567+00:00,/Users/mikewolfd/hearing-text/xml_path_families/responses/1911c0f9bd60231ac3e1df8fd7faa09948004164d374ec83d3c8829e78595431.excerpt,
F106,https://www.congress.gov/114/meeting/house/104520/witnesses/HHRG-114-IF02-Wstate-GlauthierT-20160224-SD001.pdf,extension replacement,https://www.congress.gov/114/meeting/house/104520/witnesses/HHRG-114-IF02-Wstate-GlauthierT-20160224-SD001.xml,not_found,404,text/html; charset=UTF-8,,https://www.congress.gov/114/meeting/house/104520/witnesses/HHRG-114-IF02-Wstate-GlauthierT-20160224-SD001.xml,0,2026-09-27T17:49:20.580691+00:00,/Users/mikewolfd/hearing-text/xml_path_families/responses/2bcb4d790b5343ccf097079f148e02f4f4841c25079264fb17ebf1671ad27985.excerpt,
F106,https://www.congress.gov/117/meeting/house/114858/witnesses/HHRG-117-GO00-Wstate-JacksonJrG-20220608-SD001.pdf,extension replacement,https://www.congress.gov/117/meeting/house/114858/witnesses/HHRG-117-GO00-Wstate-JacksonJrG-20220608-SD001.xml,not_found,404,text/html; charset=UTF-8,,https://www.congress.gov/117/meeting/house/114858/witnesses/HHRG-117-GO00-Wstate-JacksonJrG-20220608-SD001.xml,0,2026-09-27T17:49:20.980962+00:00,/Users/mikewolfd/hearing-text/xml_path_families/responses/c8cdeab399e299636316467be122215700652accc8a5d946151fadc943a666ae.excerpt,
F106,https://www.congress.gov/116/meeting/house/109670/witnesses/HHRG-116-IF17-Wstate-FriedmanD-20190620-SD003.pdf,extension replacement,https://www.congress.gov/116/meeting/house/109670/witnesses/HHRG-116-IF17-Wstate-FriedmanD-20190620-SD003.xml,not_found,404,text/html; charset=UTF-8,,https://www.congress.gov/116/meeting/house/109670/witnesses/HHRG-116-IF17-Wstate-FriedmanD-20190620-SD003.xml,0,2026-09-27T17:49:22.594317+00:00,/Users/mikewolfd/hearing-text/xml_path_families/responses/660f2e7178a57b34d587d63a9acac8493038891d99f2a442661591374d3e149e.excerpt,
F107,https://www.congress.gov/115/meeting/house/107983/witnesses/HHRG-115-AP10-Wstate-BurmanB-20180314.pdf,extension replacement,https://www.congress.gov/115/meeting/house/107983/witnesses/HHRG-115-AP10-Wstate-BurmanB-20180314.xml,not_found,404,text/html; charset=UTF-8,,https://www.congress.gov/115/meeting/house/107983/witnesses/HHRG-115-AP10-Wstate-BurmanB-20180314.xml,0,2026-09-27T17:49:23.804720+00:00,/Users/mikewolfd/hearing-text/xml_path_families/responses/0ec64ace965e0dfe39e3e56417f9a908d1db8084ebb97c0fd117b3c635e7320e.excerpt,
F107,https://www.congress.gov/117/meeting/house/114969/witnesses/HHRG-117-BA09-Wstate-BoganyS-20220628-U1.pdf,extension replacement,https://www.congress.gov/117/meeting/house/114969/witnesses/HHRG-117-BA09-Wstate-BoganyS-20220628-U1.xml,not_found,404,text/html; charset=UTF-8,,https://www.congress.gov/117/meeting/house/114969/witnesses/HHRG-117-BA09-Wstate-BoganyS-20220628-U1.xml,0,2026-09-27T17:49:21.785420+00:00,/Users/mikewolfd/hearing-text/xml_path_families/responses/9d0ce504d9fda7d54e87c417c533e60ae3e1bc5ec525fae18f70ed50b2e85282.excerpt,
F107,https://www.congress.gov/118/meeting/house/116507/witnesses/HHRG-118-GO05-Wstate-SacksC-20231025.pdf,extension replacement,https://www.congress.gov/118/meeting/house/116507/witnesses/HHRG-118-GO05-Wstate-SacksC-20231025.xml,not_found,404,text/html; charset=UTF-8,,https://www.congress.gov/118/meeting/house/116507/witnesses/HHRG-118-GO05-Wstate-SacksC-20231025.xml,0,2026-09-27T17:49:22.995980+00:00,/Users/mikewolfd/hearing-text/xml_path_families/responses/ef882ead0e058dc215e9f95e30ea7d78205f89654aa2521ec9870fdb5f83776e.excerpt,
F108,https://www.csce.gov/sites/evo-subsites/csce.house.gov/files/migrated/uploads/2021/09/Seeking-Justice-and-Freedom-in-Belarus-Unofficial-Transcript-Final.pdf,extension replacement,https://www.csce.gov/sites/evo-subsites/csce.house.gov/files/migrated/uploads/2021/09/Seeking-Justice-and-Freedom-in-Belarus-Unofficial-Transcript-Final.xml,not_found,404,text/html; charset=utf-8,,https://www.csce.gov/sites/evo-subsites/csce.house.gov/files/migrated/uploads/2021/09/Seeking-Justice-and-Freedom-in-Belarus-Unofficial-Transcript-Final.xml,0,2026-09-27T17:49:22.650201+00:00,/Users/mikewolfd/hearing-text/xml_path_families/responses/730a0035794c8c183cab2a22e3090aeea745c3a0a76d03c49b79547b4d888478.excerpt,
F108,https://www.csce.gov/sites/evo-subsites/csce.house.gov/files/migrated/uploads/2024/09/CHRG-118jhrg56696.pdf,extension replacement,https://www.csce.gov/sites/evo-subsites/csce.house.gov/files/migrated/uploads/2024/09/CHRG-118jhrg56696.xml,not_found,404,text/html; charset=utf-8,,https://www.csce.gov/sites/evo-subsites/csce.house.gov/files/migrated/uploads/2024/09/CHRG-118jhrg56696.xml,0,2026-09-27T17:49:23.055138+00:00,/Users/mikewolfd/hearing-text/xml_path_families/responses/6093159340734843a58e9955f37b4d5bacab6f733a8bc15a423a819a52705f14.excerpt,
F108,https://www.csce.gov/sites/evo-subsites/csce.house.gov/files/migrated/uploads/2020/07/Unofficial-Transcript-Human-Rights-at-Home-Implications-for-U.S.-Leadership-Final.pdf,extension replacement,https://www.csce.gov/sites/evo-subsites/csce.house.gov/files/migrated/uploads/2020/07/Unofficial-Transcript-Human-Rights-at-Home-Implications-for-U.S.-Leadership-Final.xml,not_found,404,text/html; charset=utf-8,,https://www.csce.gov/sites/evo-subsites/csce.house.gov/files/migrated/uploads/2020/07/Unofficial-Transcript-Human-Rights-at-Home-Implications-for-U.S.-Leadership-Final.xml,0,2026-09-27T17:49:23.460478+00:00,/Users/mikewolfd/hearing-text/xml_path_families/responses/f3fbac45433843a0beb5d7c9909c38d2cc1bbdec2d792ad95bbac23b012c4f0e.excerpt,
F109,https://www.csce.gov/sites/evo-subsites/csce.house.gov/files/migrated/uploads/2021/10/III.d.-Pomerantsev-Testimony-Helsinki-Committee.pdf,extension replacement,https://www.csce.gov/sites/evo-subsites/csce.house.gov/files/migrated/uploads/2021/10/III.d.-Pomerantsev-Testimony-Helsinki-Committee.xml,not_found,404,text/html; charset=utf-8,,https://www.csce.gov/sites/evo-subsites/csce.house.gov/files/migrated/uploads/2021/10/III.d.-Pomerantsev-Testimony-Helsinki-Committee.xml,0,2026-09-27T17:49:27.084702+00:00,/Users/mikewolfd/hearing-text/xml_path_families/responses/076e2c03fdbdd29aed6dc66185bd65e79c72a1a86944c32a95d917e59ab0b752.excerpt,
F109,https://www.csce.gov/sites/evo-subsites/csce.house.gov/files/migrated/uploads/2019/11/1120-Not-So-Good-Neighbors-Russian-Influence-in-Belarus.pdf,extension replacement,https://www.csce.gov/sites/evo-subsites/csce.house.gov/files/migrated/uploads/2019/11/1120-Not-So-Good-Neighbors-Russian-Influence-in-Belarus.xml,not_found,404,text/html; charset=utf-8,,https://www.csce.gov/sites/evo-subsites/csce.house.gov/files/migrated/uploads/2019/11/1120-Not-So-Good-Neighbors-Russian-Influence-in-Belarus.xml,0,2026-09-27T17:49:23.864213+00:00,/Users/mikewolfd/hearing-text/xml_path_families/responses/419104130417ea15f5fd7ca12b38649d53c8d9440fc7b26a3e30c78f67cd89d2.excerpt,
F109,https://www.csce.gov/sites/evo-subsites/csce.house.gov/files/migrated/uploads/2022/03/Marko-Mihkelson-Testimony-March-17-2022.pdf,extension replacement,https://www.csce.gov/sites/evo-subsites/csce.house.gov/files/migrated/uploads/2022/03/Marko-Mihkelson-Testimony-March-17-2022.xml,not_found,404,text/html; charset=utf-8,,https://www.csce.gov/sites/evo-subsites/csce.house.gov/files/migrated/uploads/2022/03/Marko-Mihkelson-Testimony-March-17-2022.xml,0,2026-09-27T17:49:24.667796+00:00,/Users/mikewolfd/hearing-text/xml_path_families/responses/51bcee5ba9a5c974c72fb906ec384e5928c5f9778b638ac84e0630977e77352c.excerpt,
F110,https://www.csce.gov/www.csce.gov/sites/evo-subsites/csce.house.gov/files/migrated/uploads/2021/07/External-Bios-Rodchenkov-Hearing.pdf,extension replacement,https://www.csce.gov/www.csce.gov/sites/evo-subsites/csce.house.gov/files/migrated/uploads/2021/07/External-Bios-Rodchenkov-Hearing.xml,not_found,404,text/html; charset=utf-8,,https://www.csce.gov/www.csce.gov/sites/evo-subsites/csce.house.gov/files/migrated/uploads/2021/07/External-Bios-Rodchenkov-Hearing.xml,0,2026-09-27T17:49:24.267263+00:00,/Users/mikewolfd/hearing-text/xml_path_families/responses/d3620eb9a96ab2f8e49adb53a183592e15188fbbf94999733c2290083d2c3f83.excerpt,
F110,https://www.csce.gov/www.csce.gov/sites/evo-subsites/csce.house.gov/files/migrated/uploads/2020/08/TMPLC-Report-2019.pdf,extension replacement,https://www.csce.gov/www.csce.gov/sites/evo-subsites/csce.house.gov/files/migrated/uploads/2020/08/TMPLC-Report-2019.xml,not_found,404,text/html; charset=utf-8,,https://www.csce.gov/www.csce.gov/sites/evo-subsites/csce.house.gov/files/migrated/uploads/2020/08/TMPLC-Report-2019.xml,0,2026-09-27T17:49:25.877005+00:00,/Users/mikewolfd/hearing-text/xml_path_families/responses/1a90c338ee817b9ade2ff2ad2b7bb26b4661085dd6d71853d9fec3cc8bf6d439.excerpt,
F110,https://www.csce.gov/www.csce.gov/sites/evo-subsites/csce.house.gov/files/migrated/uploads/2019/07/0725-Panel-Discussion-A-Dark-Place-edited.pdf,extension replacement,https://www.csce.gov/www.csce.gov/sites/evo-subsites/csce.house.gov/files/migrated/uploads/2019/07/0725-Panel-Discussion-A-Dark-Place-edited.xml,not_found,404,text/html; charset=utf-8,,https://www.csce.gov/www.csce.gov/sites/evo-subsites/csce.house.gov/files/migrated/uploads/2019/07/0725-Panel-Discussion-A-Dark-Place-edited.xml,0,2026-09-27T17:49:26.681111+00:00,/Users/mikewolfd/hearing-text/xml_path_families/responses/c8cee78b7d4c05531ed16e8b2fda40c5a1a711553f4f31fc60a3208405611c1b.excerpt,
F111,https://www.csce.gov/hearings/behind-enemy-lines,extension replacement,https://www.csce.gov/hearings/behind-enemy-lines.xml,not_found,404,text/html; charset=utf-8,,https://www.csce.gov/hearings/behind-enemy-lines.xml,0,2026-09-27T17:49:25.473530+00:00,/Users/mikewolfd/hearing-text/xml_path_families/responses/bb498ff1dfd5453127355a518a310a62920a74b35f9f4cfb385e9704b403ab3a.excerpt,
F111,https://www.csce.gov/hearings/human-rights-and-democracy,extension replacement,https://www.csce.gov/hearings/human-rights-and-democracy.xml,not_found,404,text/html; charset=utf-8,,https://www.csce.gov/hearings/human-rights-and-democracy.xml,0,2026-09-27T17:49:25.072729+00:00,/Users/mikewolfd/hearing-text/xml_path_families/responses/b96807a50c8c9a80b86be5443e4e38904cefeff7e613787064d8edaa1857b543.excerpt,
F111,https://www.csce.gov/hearings/north-macedonia-s-leadership-of-the-osce-in-a-time-of-war,extension replacement,https://www.csce.gov/hearings/north-macedonia-s-leadership-of-the-osce-in-a-time-of-war.xml,not_found,404,text/html; charset=utf-8,,https://www.csce.gov/hearings/north-macedonia-s-leadership-of-the-osce-in-a-time-of-war.xml,0,2026-09-27T17:49:26.280885+00:00,/Users/mikewolfd/hearing-text/xml_path_families/responses/2d61adeede4f59b2a3111f0e47a463810c54d0b0f358641485f5f502b26cfb60.excerpt,
F112,https://www.dol.gov/sites/dolgov/files/ilab/child_labor_reports/tda2023/2024-tvpra-list-of-goods.pdf,extension replacement,https://www.dol.gov/sites/dolgov/files/ilab/child_labor_reports/tda2023/2024-tvpra-list-of-goods.xml,blocked,403,text/html,,https://www.dol.gov/sites/dolgov/files/ilab/child_labor_reports/tda2023/2024-tvpra-list-of-goods.xml,0,2026-09-27T17:49:25.575608+00:00,/Users/mikewolfd/hearing-text/xml_path_families/responses/add3f07ae0452b63be470b09f1158aa1e05f9ae324287133f248524e43cca089.excerpt,
F113,https://www.energy.senate.gov/download/flo24557-san-joaquin-reauthorization-padillapdf,XML Accept header,https://www.energy.senate.gov/download/flo24557-san-joaquin-reauthorization-padillapdf,not_found,404,text/html; charset=UTF-8,,https://www.energy.senate.gov/download/flo24557-san-joaquin-reauthorization-padillapdf,0,2026-09-27T17:49:25.767271+00:00,/Users/mikewolfd/hearing-text/xml_path_families/responses/2f10fc6e7983769f58b271f80daea756afbdec7c171ac4a7f54dfb40363fd5e4.excerpt,
F113,https://www.energy.senate.gov/download/2024/09/05/flo24569-arkansas-valley-conduit-bennetpdf,XML Accept header,https://www.energy.senate.gov/download/2024/09/05/flo24569-arkansas-valley-conduit-bennetpdf,not_found,404,text/html; charset=UTF-8,,https://www.energy.senate.gov/download/2024/09/05/flo24569-arkansas-valley-conduit-bennetpdf,0,2026-09-27T17:49:26.169953+00:00,/Users/mikewolfd/hearing-text/xml_path_families/responses/4979ef8d8b053eaf77f99a3168ba3629dc8ef5283a4bf9dd0b6596278df27c72.excerpt,
F113,https://www.energy.senate.gov/download/flo24560-sacramento-river-padillapdf,XML Accept header,https://www.energy.senate.gov/download/flo24560-sacramento-river-padillapdf,not_found,404,text/html; charset=UTF-8,,https://www.energy.senate.gov/download/flo24560-sacramento-river-padillapdf,0,2026-09-27T17:49:26.574975+00:00,/Users/mikewolfd/hearing-text/xml_path_families/responses/5d46431479fd4ba70d3e0c38baf8b5cff3413aa784f5697cab166237e9ee8dbf.excerpt,
F114,https://www.energy.senate.gov/wp-content/uploads/meetings/1F65040D-D089-41CB-86EC-92DE820C7577/Testimony%20-%20S.%202018%20Connect%20Our%20Parks%20%206-21-23%20SENR%20NP%20Subcmte%20Hrg.pdf,extension replacement,https://www.energy.senate.gov/wp-content/uploads/meetings/1F65040D-D089-41CB-86EC-92DE820C7577/Testimony%20-%20S.%202018%20Connect%20Our%20Parks%20%206-21-23%20SENR%20NP%20Subcmte%20Hrg.xml,not_found,404,text/html; charset=UTF-8,,https://www.energy.senate.gov/wp-content/uploads/meetings/1F65040D-D089-41CB-86EC-92DE820C7577/Testimony%20-%20S.%202018%20Connect%20Our%20Parks%20%206-21-23%20SENR%20NP%20Subcmte%20Hrg.xml,0,2026-09-27T17:49:26.977081+00:00,/Users/mikewolfd/hearing-text/xml_path_families/responses/392e2ebb2238f162ec7817104047bc14281094880a6470ab68e654ece4f0f99f.excerpt,
F114,https://www.energy.senate.gov/wp-content/uploads/meetings/6E657E37-F7D6-43DE-88CE-E3D2969AC3D0/Witness%20List%209-17-19%20SENR%20Cmte%20Hrg.pdf,extension replacement,https://www.energy.senate.gov/wp-content/uploads/meetings/6E657E37-F7D6-43DE-88CE-E3D2969AC3D0/Witness%20List%209-17-19%20SENR%20Cmte%20Hrg.xml,not_found,404,text/html; charset=UTF-8,,https://www.energy.senate.gov/wp-content/uploads/meetings/6E657E37-F7D6-43DE-88CE-E3D2969AC3D0/Witness%20List%209-17-19%20SENR%20Cmte%20Hrg.xml,0,2026-09-27T17:49:28.588946+00:00,/Users/mikewolfd/hearing-text/xml_path_families/responses/cb8b64ff6dc93bfe72358e7c1d4331c55ad40238690ced434f3356948617a9e5.excerpt,
F114,https://www.energy.senate.gov/wp-content/uploads/meetings/D15A4F52-718F-49FF-ABA0-5EF7EAE8CA13/Berhe%20Responses%20to%20QFRs%208-3-21%20SENR%20Cmte%20Hrg.pdf,extension replacement,https://www.energy.senate.gov/wp-content/uploads/meetings/D15A4F52-718F-49FF-ABA0-5EF7EAE8CA13/Berhe%20Responses%20to%20QFRs%208-3-21%20SENR%20Cmte%20Hrg.xml,not_found,404,text/html; charset=UTF-8,,https://www.energy.senate.gov/wp-content/uploads/meetings/D15A4F52-718F-49FF-ABA0-5EF7EAE8CA13/Berhe%20Responses%20to%20QFRs%208-3-21%20SENR%20Cmte%20Hrg.xml,0,2026-09-27T17:49:27.785728+00:00,/Users/mikewolfd/hearing-text/xml_path_families/responses/a128f80dea55e59631bec857f64e3a5e9d6704d7e576b4c676a60943b70900a7.excerpt,
F115,https://www.energy.senate.gov/hearings/hearings-2022-6-full-committee-hearing-to-examine-the-president-s-fy-2023-budget-request-for-the-u-s-forest-service/,extension replacement,https://www.energy.senate.gov/hearings/hearings-2022-6-full-committee-hearing-to-examine-the-president-s-fy-2023-budget-request-for-the-u-s-forest-service.xml,not_found,404,text/html; charset=UTF-8,,https://www.energy.senate.gov/hearings/hearings-2022-6-full-committee-hearing-to-examine-the-president-s-fy-2023-budget-request-for-the-u-s-forest-service.xml,0,2026-09-27T17:49:27.381943+00:00,/Users/mikewolfd/hearing-text/xml_path_families/responses/183601a737c2fead9aa3e40ea3575176a424ac60d3aeb713da8acce75981246d.excerpt,
F115,https://www.energy.senate.gov/hearings/hearings-2021-3-full-committee-hearing-on-nuclear-energy/,extension replacement,https://www.energy.senate.gov/hearings/hearings-2021-3-full-committee-hearing-on-nuclear-energy.xml,not_found,404,text/html; charset=UTF-8,,https://www.energy.senate.gov/hearings/hearings-2021-3-full-committee-hearing-on-nuclear-energy.xml,0,2026-09-27T17:49:28.990354+00:00,/Users/mikewolfd/hearing-text/xml_path_families/responses/94097be174c3a66b883a669941116111a1ff4a92bdfd2a27a796b4228228d211.excerpt,
F115,https://www.energy.senate.gov/hearings/2019-6-subcommittee-on-water-and-power-legislative-hearing/,extension replacement,https://www.energy.senate.gov/hearings/2019-6-subcommittee-on-water-and-power-legislative-hearing.xml,not_found,404,text/html; charset=UTF-8,,https://www.energy.senate.gov/hearings/2019-6-subcommittee-on-water-and-power-legislative-hearing.xml,0,2026-09-27T17:49:28.188850+00:00,/Users/mikewolfd/hearing-text/xml_path_families/responses/84ab4ce71655df9cede7b409dc7101487261d35726a93e578b016be64e7574d1.excerpt,
F116,https://www.epw.senate.gov/public/?a=Files.Serve&File_id=5E0F79A5-BDF1-4DF1-B492-3FE730D563E8,XML Accept header,https://www.epw.senate.gov/public/?a=Files.Serve&File_id=5E0F79A5-BDF1-4DF1-B492-3FE730D563E8,not_xml,200,application/pdf,,https://www.epw.senate.gov/public/_cache/files/5/e/5e0f79a5-bdf1-4df1-b492-3fe730d563e8/8675D07184B134C556B43C2A977F3683D8868EB851565C79A0FFEF3231A7FF25.07-27-2023-debus-testimony.pdf,179515,2026-09-27T17:49:28.374756+00:00,/Users/mikewolfd/hearing-text/xml_path_families/responses/0011655853aefe130fd89743145e6957dea210cd40a449e06e1a4a19f08f20e7.body,
F116,https://www.epw.senate.gov/public/?a=Files.Serve&File_id=B8EA3B56-0AB5-4FAC-A18A-70BDA0A110A9,XML Accept header,https://www.epw.senate.gov/public/?a=Files.Serve&File_id=B8EA3B56-0AB5-4FAC-A18A-70BDA0A110A9,not_xml,200,application/pdf,,https://www.epw.senate.gov/public/_cache/files/b/8/b8ea3b56-0ab5-4fac-a18a-70bda0a110a9/8DB46871B133D36F0B03F0848F67FC4F63111007C5357BAD52F31794AB153870.25.02.19---opening-remarks.pdf,177503,2026-09-27T17:49:28.840169+00:00,/Users/mikewolfd/hearing-text/xml_path_families/responses/00e59a5ab9c498299592f65bc48fa78b5c0ac1261406b08377593f2052ed85b5.body,
F116,https://www.epw.senate.gov/public/?a=Files.Serve&File_id=15B4D5FE-E3DC-4AB3-9C0F-0D861EEBC5D7,XML Accept header,https://www.epw.senate.gov/public/?a=Files.Serve&File_id=15B4D5FE-E3DC-4AB3-9C0F-0D861EEBC5D7,not_xml,200,application/pdf,,https://www.epw.senate.gov/public/_cache/files/1/5/15b4d5fe-e3dc-4ab3-9c0f-0d861eebc5d7/B2E156A9718FFEE0A39AEE760A2112F1855BAD18DAD413F75FE4A6ADA01E8BAD.spw-06092021.pdf,507749,2026-09-27T17:49:29.240618+00:00,/Users/mikewolfd/hearing-text/xml_path_families/responses/014cb3a28c4ece14aeba07dddf8e9bb3e102e062a56ab1f4e56ea3f58e4fa23b.body,
F117,https://www.epw.senate.gov/public/index.cfm?a=files.serve&File_id=55297683-D1CE-4F86-AA5E-DF60F3E9229F,XML Accept header,https://www.epw.senate.gov/public/index.cfm?a=files.serve&File_id=55297683-D1CE-4F86-AA5E-DF60F3E9229F,not_xml,200,application/pdf,,https://www.epw.senate.gov/public/_cache/files/5/5/55297683-d1ce-4f86-aa5e-df60f3e9229f/EEF691597159BF5A8A1DA1EB23C8135F8496816988578A7E2E087F962FE8680C.wildfire-emissions-prevention-act-discussion-draft-final---maz25607.pdf,39706,2026-09-27T17:49:29.644921+00:00,/Users/mikewolfd/hearing-text/xml_path_families/responses/1dcbb665e74143b1f3b7c802dee48a9615a59c25b54e21035642f05aed278754.body,
F118,https://www.epw.senate.gov/public/index.cfm/hearings?ID=A654BF51-1207-411A-BD0E-914CCFBDB60B,extension replacement,https://www.epw.senate.gov/public/index.cfm/hearings.xml?ID=A654BF51-1207-411A-BD0E-914CCFBDB60B,not_found,404,text/html;charset=UTF-8,,https://www.epw.senate.gov/public/index.cfm/hearings.xml?ID=A654BF51-1207-411A-BD0E-914CCFBDB60B,0,2026-09-27T17:49:30.045035+00:00,/Users/mikewolfd/hearing-text/xml_path_families/responses/c75b1fa946addcd4bd0e413640f3cf49e2318aefb6af507bbf41339d131efd16.excerpt,
F118,https://www.epw.senate.gov/public/index.cfm/hearings?ID=6E83270F-EF61-4B3E-919C-B1AF5AA601B7,extension replacement,https://www.epw.senate.gov/public/index.cfm/hearings.xml?ID=6E83270F-EF61-4B3E-919C-B1AF5AA601B7,not_found,404,text/html;charset=UTF-8,,https://www.epw.senate.gov/public/index.cfm/hearings.xml?ID=6E83270F-EF61-4B3E-919C-B1AF5AA601B7,0,2026-09-27T17:49:30.449643+00:00,/Users/mikewolfd/hearing-text/xml_path_families/responses/391eb8605b9d8c1200dab7c68d4a97b843a4be9ce2a35e4abc6b1b36a77068fd.excerpt,
F118,https://www.epw.senate.gov/public/index.cfm/hearings?ID=5DD22444-52B1-483D-927E-5DE6965B7B6D,extension replacement,https://www.epw.senate.gov/public/index.cfm/hearings.xml?ID=5DD22444-52B1-483D-927E-5DE6965B7B6D,not_found,404,text/html;charset=UTF-8,,https://www.epw.senate.gov/public/index.cfm/hearings.xml?ID=5DD22444-52B1-483D-927E-5DE6965B7B6D,0,2026-09-27T17:49:30.851080+00:00,/Users/mikewolfd/hearing-text/xml_path_families/responses/6fbc5197f0886f93602313b9c6b189a03871f0f8b2654ce3298b83f24964627d.excerpt,
F119,https://www.finance.senate.gov/download/further-responses-to-questions-for-the-record-to-the-honorable-janet-l-yellen,XML Accept header,https://www.finance.senate.gov/download/further-responses-to-questions-for-the-record-to-the-honorable-janet-l-yellen,html,200,text/html;charset=UTF-8,,https://www.finance.senate.gov/download/further-responses-to-questions-for-the-record-to-the-honorable-janet-l-yellen,36019,2026-09-27T17:49:30.793196+00:00,/Users/mikewolfd/hearing-text/xml_path_families/responses/0025328ed30bf83a0969430776dc5d1a706f7a1a79b98d4fc823d34bf37a503d.body,
F119,https://www.finance.senate.gov/download/03122024-widmar-testimony,XML Accept header,https://www.finance.senate.gov/download/03122024-widmar-testimony,html,200,text/html;charset=UTF-8,,https://www.finance.senate.gov/download/03122024-widmar-testimony,35603,2026-09-27T17:49:31.598330+00:00,/Users/mikewolfd/hearing-text/xml_path_families/responses/004aa1b159360609c767c2c1246628a3eadb812750234e808a166f82aeb23b86.body,
F119,https://www.finance.senate.gov/download/07212020-grassley-opening-statement,XML Accept header,https://www.finance.senate.gov/download/07212020-grassley-opening-statement,html,200,text/html;charset=UTF-8,,https://www.finance.senate.gov/download/07212020-grassley-opening-statement,35683,2026-09-27T17:49:31.197495+00:00,/Users/mikewolfd/hearing-text/xml_path_families/responses/00662e4445a7c41641ea98b0f313114225276988b3ebad3f9392c454dc106957.body,
F120,https://www.finance.senate.gov/hearings/social-security-during-covid_how-the-pandemic-hampered-access-to-benefits-and-strategies-for-improving--service-delivery,extension replacement,https://www.finance.senate.gov/hearings/social-security-during-covid_how-the-pandemic-hampered-access-to-benefits-and-strategies-for-improving--service-delivery.xml,not_found,410,text/html;charset=UTF-8,,https://www.finance.senate.gov/hearings/social-security-during-covid_how-the-pandemic-hampered-access-to-benefits-and-strategies-for-improving--service-delivery.xml,0,2026-09-27T17:49:32.403534+00:00,/Users/mikewolfd/hearing-text/xml_path_families/responses/3a4d65d8cf1a7021d26d9b0672273ba2f15d3d7fc5531ad931ba86804580384f.excerpt,
F120,https://www.finance.senate.gov/hearings/fighting-forced-labor-closing-loopholes-and-improving-customs-enforcement-to-mandate-clean-supply-chains-and-protect-worker,extension replacement,https://www.finance.senate.gov/hearings/fighting-forced-labor-closing-loopholes-and-improving-customs-enforcement-to-mandate-clean-supply-chains-and-protect-worker.xml,not_found,410,text/html;charset=UTF-8,,https://www.finance.senate.gov/hearings/fighting-forced-labor-closing-loopholes-and-improving-customs-enforcement-to-mandate-clean-supply-chains-and-protect-worker.xml,0,2026-09-27T17:49:32.805303+00:00,/Users/mikewolfd/hearing-text/xml_path_families/responses/5cc51c59d74ac8eee710f308bebc6f12d71f6e150b742e6282b91b77539bf4f9.excerpt,
F120,https://www.finance.senate.gov/hearings/2020-filing-season-and-irs-covid-19-recovery,extension replacement,https://www.finance.senate.gov/hearings/2020-filing-season-and-irs-covid-19-recovery.xml,not_found,410,text/html;charset=UTF-8,,https://www.finance.senate.gov/hearings/2020-filing-season-and-irs-covid-19-recovery.xml,0,2026-09-27T17:49:32.001288+00:00,/Users/mikewolfd/hearing-text/xml_path_families/responses/bec2b4bfbddcb0f721ba1173e305ed82de92bc06537612d6716d6c1061fb4daf.excerpt,
F121,https://www.foreign.senate.gov/download/transcript-121719,XML Accept header,https://www.foreign.senate.gov/download/transcript-121719,not_xml,200,application/pdf,,https://www.foreign.senate.gov/imo/media/doc/116th%20Congress%20Nominations%20Hearings%20-%20First%20Session%20-%20Part%20II6.pdf,13334003,2026-09-27T17:49:31.782149+00:00,/Users/mikewolfd/hearing-text/xml_path_families/responses/00699b9317feb3a2c3825ea0531f0c71a42e7a4a4648acec12256cfd0a3e238e.body,
F121,https://www.foreign.senate.gov/download/testimonyRodriguez,XML Accept header,https://www.foreign.senate.gov/download/testimonyRodriguez,not_xml,200,application/pdf,,https://www.foreign.senate.gov/imo/media/doc/072822_Rodriguez_Testimony.pdf,92940,2026-09-27T17:49:32.187199+00:00,/Users/mikewolfd/hearing-text/xml_path_families/responses/00ce9d3ebd07ba42eb6647e44e53d86d2ea433d535ac704558bd29436567bef3.body,
F121,https://www.foreign.senate.gov/download/01/22/2026/061225_fisher_testimonypdf,XML Accept header,https://www.foreign.senate.gov/download/01/22/2026/061225_fisher_testimonypdf,not_xml,200,application/pdf,,https://www.foreign.senate.gov/imo/media/doc/9da5e440-d7f7-c861-d16b-b3e0bff97fd9/061225_Fisher_Testimony.pdf,44120,2026-09-27T17:49:32.588010+00:00,/Users/mikewolfd/hearing-text/xml_path_families/responses/017118aba8e75ced2976e43918f07873aa673f076f45f241ed2c710ebf736018.body,
F122,https://www.foreign.senate.gov/hearings/us-strategy-in-the-pacific-island-region,extension replacement,https://www.foreign.senate.gov/hearings/us-strategy-in-the-pacific-island-region.xml,not_found,404,text/html; charset=utf-8,,https://www.foreign.senate.gov/404?notfound=/hearings/us-strategy-in-the-pacific-island-region.xml,0,2026-09-27T17:49:32.989264+00:00,/Users/mikewolfd/hearing-text/xml_path_families/responses/0fd04b9acc31886f938e52b2237c9d716252f3d539e39b5b88141b24eb1a4884.excerpt,
F122,https://www.foreign.senate.gov/hearings/nominations-07-16-2026,extension replacement,https://www.foreign.senate.gov/hearings/nominations-07-16-2026.xml,not_found,404,text/html; charset=utf-8,,https://www.foreign.senate.gov/404?notfound=/hearings/nominations-07-16-2026.xml,0,2026-09-27T17:49:33.799395+00:00,/Users/mikewolfd/hearing-text/xml_path_families/responses/f4fa5425b4e45a2a54d15007c5f4439ae7cf1dc39ee922f22fb207069a68ef9b.excerpt,
F122,https://www.foreign.senate.gov/hearings/the-jcpoa-negotiations-and-united-states-policy-on-iran-moving-forward,extension replacement,https://www.foreign.senate.gov/hearings/the-jcpoa-negotiations-and-united-states-policy-on-iran-moving-forward.xml,not_found,404,text/html; charset=utf-8,,https://www.foreign.senate.gov/404?notfound=/hearings/the-jcpoa-negotiations-and-united-states-policy-on-iran-moving-forward.xml,0,2026-09-27T17:49:33.394281+00:00,/Users/mikewolfd/hearing-text/xml_path_families/responses/bbeeed3a4c0df9e601bf7a93c82a394076fc00fe3415be0f35cb24d477f39abb.excerpt,
F123,https://www.gao.gov/assets/gao-21-65.pdf,extension replacement,https://www.gao.gov/assets/gao-21-65.xml,blocked,403,text/html,,https://www.gao.gov/assets/gao-21-65.xml,0,2026-09-27T17:49:32.893444+00:00,/Users/mikewolfd/hearing-text/xml_path_families/responses/f2c6914c2f78f310d510418171a88a99b463d40d3d95e5ad72a2dccf3813b4f4.excerpt,
F123,https://www.gao.gov/assets/gao-18-547.pdf,extension replacement,https://www.gao.gov/assets/gao-18-547.xml,blocked,403,text/html,,https://www.gao.gov/assets/gao-18-547.xml,0,2026-09-27T17:50:18.157224+00:00,/Users/mikewolfd/hearing-text/xml_path_families/responses/b9d13aa9add2ca48c042f22dfeb8bd0bcc84d30accc1d817b1e4cf3cc0c34b7a.excerpt,
F124,https://www.govinfo.gov/content/pkg/BILLS-118hr8752rh/pdf/BILLS-118hr8752rh.pdf,extension replacement,https://www.govinfo.gov/content/pkg/BILLS-118hr8752rh/pdf/BILLS-118hr8752rh.xml,html,200,text/html,,https://www.govinfo.gov/error,44172,2026-09-27T17:49:33.153088+00:00,/Users/mikewolfd/hearing-text/xml_path_families/responses/c81ebf96319c9a42802376c25db7c9c00867bce2bc0df077c46fdaf4290a47d1.body,
F124,https://www.govinfo.gov/content/pkg/BILLS-118hr8752rh/pdf/BILLS-118hr8752rh.pdf,format directory + extension,https://www.govinfo.gov/content/pkg/BILLS-118hr8752rh/xml/BILLS-118hr8752rh.xml,xml,200,application/xml,bill,https://www.govinfo.gov/content/pkg/BILLS-118hr8752rh/xml/BILLS-118hr8752rh.xml,178129,2026-09-27T17:49:33.957750+00:00,/Users/mikewolfd/hearing-text/xml_path_families/xml/616c24b0ff73596f93a706bb5bbadc8ffcd793c50333ee6e3efe9d4e0355b6ca.xml,
F124,https://www.govinfo.gov/content/pkg/BILLS-119hjres104ih/pdf/BILLS-119hjres104ih.pdf,extension replacement,https://www.govinfo.gov/content/pkg/BILLS-119hjres104ih/pdf/BILLS-119hjres104ih.xml,html,200,text/html,,https://www.govinfo.gov/error,44172,2026-09-27T17:49:33.554893+00:00,/Users/mikewolfd/hearing-text/xml_path_families/responses/17a67dcb727ab5a0ed48fc7b20ad5af23df520e2fa5105848beff48126dafe10.body,
F124,https://www.govinfo.gov/content/pkg/BILLS-119hjres104ih/pdf/BILLS-119hjres104ih.pdf,format directory + extension,https://www.govinfo.gov/content/pkg/BILLS-119hjres104ih/xml/BILLS-119hjres104ih.xml,xml,200,application/xml,resolution,https://www.govinfo.gov/content/pkg/BILLS-119hjres104ih/xml/BILLS-119hjres104ih.xml,3004,2026-09-27T17:49:34.763018+00:00,/Users/mikewolfd/hearing-text/xml_path_families/xml/389ca6a775d943fa3527b7905c1d073ad11e274f310e010e3c30fba268049c17.xml,
F124,https://www.govinfo.gov/content/pkg/BILLS-116hr434ih/pdf/BILLS-116hr434ih.pdf,extension replacement,https://www.govinfo.gov/content/pkg/BILLS-116hr434ih/pdf/BILLS-116hr434ih.xml,html,200,text/html,,https://www.govinfo.gov/error,44172,2026-09-27T17:49:44.417492+00:00,/Users/mikewolfd/hearing-text/xml_path_families/responses/b3d1b5991372adc00ac28546e91985ca9d388e23541ef66c8cd2eddb67a9bdab.body,
F124,https://www.govinfo.gov/content/pkg/BILLS-116hr434ih/pdf/BILLS-116hr434ih.pdf,format directory + extension,https://www.govinfo.gov/content/pkg/BILLS-116hr434ih/xml/BILLS-116hr434ih.xml,xml,200,application/xml,bill,https://www.govinfo.gov/content/pkg/BILLS-116hr434ih/xml/BILLS-116hr434ih.xml,6843,2026-09-27T17:49:34.358740+00:00,/Users/mikewolfd/hearing-text/xml_path_families/xml/99a26ffaae00f6f4b40ec961cdbe95ad9cdd96651af00d55a184a729cbbdbc2d.xml,
F125,https://www.govinfo.gov/content/pkg/CHRG-116hhrg38305/html/CHRG-116hhrg38305.htm,extension replacement,https://www.govinfo.gov/content/pkg/CHRG-116hhrg38305/html/CHRG-116hhrg38305.xml,html,200,text/html,,https://www.govinfo.gov/error,44172,2026-09-27T17:49:35.568007+00:00,/Users/mikewolfd/hearing-text/xml_path_families/responses/d669712463c8c8eb0e96672502624a76b4c3b65d183705bc92ab7a2f0a460054.body,
F125,https://www.govinfo.gov/content/pkg/CHRG-116hhrg38305/html/CHRG-116hhrg38305.htm,format directory + extension,https://www.govinfo.gov/content/pkg/CHRG-116hhrg38305/xml/CHRG-116hhrg38305.xml,html,200,text/html,,https://www.govinfo.gov/error,44172,2026-09-27T17:49:36.376335+00:00,/Users/mikewolfd/hearing-text/xml_path_families/responses/2b3380b92ed453ca2dd3529f6761afe435d1ee1aea5ba55b8203c0bdcb6f4940.body,
F125,https://www.govinfo.gov/content/pkg/CHRG-114shrg59104643/html/CHRG-114shrg59104643.htm,extension replacement,https://www.govinfo.gov/content/pkg/CHRG-114shrg59104643/html/CHRG-114shrg59104643.xml,html,200,text/html,,https://www.govinfo.gov/error,44172,2026-09-27T17:49:35.163176+00:00,/Users/mikewolfd/hearing-text/xml_path_families/responses/f3c21f60bd7811304aa0a0b13326ba27579f78d097218f2c24b2fe474acf8172.body,
F125,https://www.govinfo.gov/content/pkg/CHRG-114shrg59104643/html/CHRG-114shrg59104643.htm,format directory + extension,https://www.govinfo.gov/content/pkg/CHRG-114shrg59104643/xml/CHRG-114shrg59104643.xml,html,200,text/html,,https://www.govinfo.gov/error,44172,2026-09-27T17:49:36.779862+00:00,/Users/mikewolfd/hearing-text/xml_path_families/responses/9999ba7d530ff665ac37f0471e2a927ed95c9c0171d95f87b8dfc0b4327c013c.body,
F125,https://www.govinfo.gov/content/pkg/CHRG-112shrg93596/html/CHRG-112shrg93596.htm,extension replacement,https://www.govinfo.gov/content/pkg/CHRG-112shrg93596/html/CHRG-112shrg93596.xml,html,200,text/html,,https://www.govinfo.gov/error,44172,2026-09-27T17:49:37.581785+00:00,/Users/mikewolfd/hearing-text/xml_path_families/responses/09ee9dd4e9794b6021b7903b7648459280d0cbd4d268e8b3ecd4de89314763d9.body,
F125,https://www.govinfo.gov/content/pkg/CHRG-112shrg93596/html/CHRG-112shrg93596.htm,format directory + extension,https://www.govinfo.gov/content/pkg/CHRG-112shrg93596/xml/CHRG-112shrg93596.xml,html,200,text/html,,https://www.govinfo.gov/error,44172,2026-09-27T17:49:35.972430+00:00,/Users/mikewolfd/hearing-text/xml_path_families/responses/364676be9e01e45eb551534521675bca2c0c0c596f582c8c13492ffb93a6fa67.body,
F126,https://www.govinfo.gov/content/pkg/CHRG-111hhrg56336/pdf/CHRG-111hhrg56336.pdf,extension replacement,https://www.govinfo.gov/content/pkg/CHRG-111hhrg56336/pdf/CHRG-111hhrg56336.xml,html,200,text/html,,https://www.govinfo.gov/error,44172,2026-09-27T17:49:37.180956+00:00,/Users/mikewolfd/hearing-text/xml_path_families/responses/464c085f70de6b73288b30ae8950b36bd8f3a3b2bf083bca3f278a6ba5ed00d1.body,
F126,https://www.govinfo.gov/content/pkg/CHRG-111hhrg56336/pdf/CHRG-111hhrg56336.pdf,format directory + extension,https://www.govinfo.gov/content/pkg/CHRG-111hhrg56336/xml/CHRG-111hhrg56336.xml,html,200,text/html,,https://www.govinfo.gov/error,44172,2026-09-27T17:49:39.590490+00:00,/Users/mikewolfd/hearing-text/xml_path_families/responses/1752e1aa05caf434eff0a1eb1f1d5d15ed4ebbb6f02b7e8e8f7e0480ab4dc42e.body,
F126,https://www.govinfo.gov/content/pkg/CHRG-117shrg59798/pdf/CHRG-117shrg59798.pdf,extension replacement,https://www.govinfo.gov/content/pkg/CHRG-117shrg59798/pdf/CHRG-117shrg59798.xml,html,200,text/html,,https://www.govinfo.gov/error,44172,2026-09-27T17:49:38.385823+00:00,/Users/mikewolfd/hearing-text/xml_path_families/responses/e1a3819d4f5ce534d2316c9a1568d9d9870f370e7c6d920674d2e90fc97328b1.body,
F126,https://www.govinfo.gov/content/pkg/CHRG-117shrg59798/pdf/CHRG-117shrg59798.pdf,format directory + extension,https://www.govinfo.gov/content/pkg/CHRG-117shrg59798/xml/CHRG-117shrg59798.xml,html,200,text/html,,https://www.govinfo.gov/error,44172,2026-09-27T17:49:38.789269+00:00,/Users/mikewolfd/hearing-text/xml_path_families/responses/7951518f4b00bd73426873fe84235e7fb5ea42a8a53fc2793ef17434b768699b.body,
F126,https://www.govinfo.gov/content/pkg/CHRG-106shrg55220/pdf/CHRG-106shrg55220.pdf,extension replacement,https://www.govinfo.gov/content/pkg/CHRG-106shrg55220/pdf/CHRG-106shrg55220.xml,html,200,text/html,,https://www.govinfo.gov/error,44172,2026-09-27T17:49:37.984698+00:00,/Users/mikewolfd/hearing-text/xml_path_families/responses/6695f3eefc719ef5902c0fb85193a750af4cbf584baaa079eac179e170daa2d9.body,
F126,https://www.govinfo.gov/content/pkg/CHRG-106shrg55220/pdf/CHRG-106shrg55220.pdf,format directory + extension,https://www.govinfo.gov/content/pkg/CHRG-106shrg55220/xml/CHRG-106shrg55220.xml,html,200,text/html,,https://www.govinfo.gov/error,44172,2026-09-27T17:49:39.189359+00:00,/Users/mikewolfd/hearing-text/xml_path_families/responses/9749c85777a6cdb3c04e39d5795a4488c2fde452de48c47e39aa895d7f0cae7e.body,
F127,https://www.govinfo.gov/content/pkg/CPRT-118HPRT54293/pdf/CPRT-118HPRT54293.pdf,extension replacement,https://www.govinfo.gov/content/pkg/CPRT-118HPRT54293/pdf/CPRT-118HPRT54293.xml,html,200,text/html,,https://www.govinfo.gov/error,44172,2026-09-27T17:49:39.991664+00:00,/Users/mikewolfd/hearing-text/xml_path_families/responses/051fb595eb67129f900fc3ba80cc75c5927f9a606cca5c9cbb1e0484c3369f20.body,
F127,https://www.govinfo.gov/content/pkg/CPRT-118HPRT54293/pdf/CPRT-118HPRT54293.pdf,format directory + extension,https://www.govinfo.gov/content/pkg/CPRT-118HPRT54293/xml/CPRT-118HPRT54293.xml,xml,200,application/xml,amendment-doc,https://www.govinfo.gov/content/pkg/CPRT-118HPRT54293/xml/CPRT-118HPRT54293.xml,127068,2026-09-27T17:49:40.796009+00:00,/Users/mikewolfd/hearing-text/xml_path_families/xml/dfd3c5820d2a83cc4a9e431c589f22f81ed0a7033552c22ba25cbdbd6db11373.xml,
F127,https://www.govinfo.gov/content/pkg/CPRT-116HPRT35048/pdf/CPRT-116HPRT35048.pdf,extension replacement,https://www.govinfo.gov/content/pkg/CPRT-116HPRT35048/pdf/CPRT-116HPRT35048.xml,html,200,text/html,,https://www.govinfo.gov/error,44172,2026-09-27T17:49:44.012826+00:00,/Users/mikewolfd/hearing-text/xml_path_families/responses/b079a6bdd4d2767406ab572dbc990dd7c0795db293f04401d66cc0ceeacde9ce.body,
F127,https://www.govinfo.gov/content/pkg/CPRT-116HPRT35048/pdf/CPRT-116HPRT35048.pdf,format directory + extension,https://www.govinfo.gov/content/pkg/CPRT-116HPRT35048/xml/CPRT-116HPRT35048.xml,xml,200,application/xml,amendment-doc,https://www.govinfo.gov/content/pkg/CPRT-116HPRT35048/xml/CPRT-116HPRT35048.xml,6686,2026-09-27T17:49:41.197628+00:00,/Users/mikewolfd/hearing-text/xml_path_families/xml/2d202d92c81f147e9f2eb4353b826c4e2eb12219b0215852fe4afc94bba29c0b.xml,
F127,https://www.govinfo.gov/content/pkg/CPRT-118HPRT54088/pdf/CPRT-118HPRT54088.pdf,extension replacement,https://www.govinfo.gov/content/pkg/CPRT-118HPRT54088/pdf/CPRT-118HPRT54088.xml,html,200,text/html,,https://www.govinfo.gov/error,44172,2026-09-27T17:49:40.395074+00:00,/Users/mikewolfd/hearing-text/xml_path_families/responses/bfeadf63e117331a8b8ac73c6875e744fd5340a0bc394a6726de60095b853b16.body,
F127,https://www.govinfo.gov/content/pkg/CPRT-118HPRT54088/pdf/CPRT-118HPRT54088.pdf,format directory + extension,https://www.govinfo.gov/content/pkg/CPRT-118HPRT54088/xml/CPRT-118HPRT54088.xml,xml,200,application/xml,amendment-doc,https://www.govinfo.gov/content/pkg/CPRT-118HPRT54088/xml/CPRT-118HPRT54088.xml,250765,2026-09-27T17:49:42.001357+00:00,/Users/mikewolfd/hearing-text/xml_path_families/xml/d3fb754baa43be4ace4a35b38e14e5f269b93421362a37c626fb62fd543bcd09.xml,
F128,https://www.govinfo.gov/content/pkg/CRPT-119hrpt587/pdf/CRPT-119hrpt587.pdf,extension replacement,https://www.govinfo.gov/content/pkg/CRPT-119hrpt587/pdf/CRPT-119hrpt587.xml,html,200,text/html,,https://www.govinfo.gov/error,44172,2026-09-27T17:49:42.803226+00:00,/Users/mikewolfd/hearing-text/xml_path_families/responses/885bbc629a5ec0cf48fb2cbf25583d9aef2e3d6c55805ebdec13e1ba2d9ca4ae.body,
F128,https://www.govinfo.gov/content/pkg/CRPT-119hrpt587/pdf/CRPT-119hrpt587.pdf,format directory + extension,https://www.govinfo.gov/content/pkg/CRPT-119hrpt587/xml/CRPT-119hrpt587.xml,html,200,text/html,,https://www.govinfo.gov/error,44172,2026-09-27T17:49:41.598245+00:00,/Users/mikewolfd/hearing-text/xml_path_families/responses/c2d9e75436eecbe459f43280bbf9e0ee50fe443c207981d2010c625ac2b76082.body,
F128,https://www.govinfo.gov/content/pkg/CRPT-118hrpt227/pdf/CRPT-118hrpt227.pdf,extension replacement,https://www.govinfo.gov/content/pkg/CRPT-118hrpt227/pdf/CRPT-118hrpt227.xml,html,200,text/html,,https://www.govinfo.gov/error,44172,2026-09-27T17:49:42.402858+00:00,/Users/mikewolfd/hearing-text/xml_path_families/responses/db615f192b08e7d82d35c1fafddf1043519c2e4ada0f2bcc7bf77835119ffe9d.body,
F128,https://www.govinfo.gov/content/pkg/CRPT-118hrpt227/pdf/CRPT-118hrpt227.pdf,format directory + extension,https://www.govinfo.gov/content/pkg/CRPT-118hrpt227/xml/CRPT-118hrpt227.xml,html,200,text/html,,https://www.govinfo.gov/error,44172,2026-09-27T17:49:44.821706+00:00,/Users/mikewolfd/hearing-text/xml_path_families/responses/d74f3945ca36e70bd63954c0003b1000b50487d9fdd248c32cdbbc74ee3ab5f8.body,
F128,https://www.govinfo.gov/content/pkg/CRPT-116hrpt100/pdf/CRPT-116hrpt100.pdf,extension replacement,https://www.govinfo.gov/content/pkg/CRPT-116hrpt100/pdf/CRPT-116hrpt100.xml,html,200,text/html,,https://www.govinfo.gov/error,44172,2026-09-27T17:49:43.610961+00:00,/Users/mikewolfd/hearing-text/xml_path_families/responses/1d607938ccf0d9125272e220371af8ef1dee56cea633a9654e844022180f4cc6.body,
F128,https://www.govinfo.gov/content/pkg/CRPT-116hrpt100/pdf/CRPT-116hrpt100.pdf,format directory + extension,https://www.govinfo.gov/content/pkg/CRPT-116hrpt100/xml/CRPT-116hrpt100.xml,html,200,text/html,,https://www.govinfo.gov/error,44172,2026-09-27T17:49:43.205985+00:00,/Users/mikewolfd/hearing-text/xml_path_families/responses/99bda074c4dfdf31b877b1a709f46855b463cf0330ae3f4bc48cf6788ecaf02a.body,
F129,https://www.gpo.gov/fdsys/pkg/BILLS-115hr38rh/pdf/BILLS-115hr38rh.pdf,extension replacement,https://www.gpo.gov/fdsys/pkg/BILLS-115hr38rh/pdf/BILLS-115hr38rh.xml,html,200,text/html,,https://www.govinfo.gov/error,44172,2026-09-27T17:49:43.313759+00:00,/Users/mikewolfd/hearing-text/xml_path_families/responses/23f59c082923610808dea9a47d47f936ec122a8bf818d3425633e51b9079b8bd.body,
F129,https://www.gpo.gov/fdsys/pkg/BILLS-115hr38rh/pdf/BILLS-115hr38rh.pdf,format directory + extension,https://www.gpo.gov/fdsys/pkg/BILLS-115hr38rh/xml/BILLS-115hr38rh.xml,xml,200,application/xml,bill,https://www.govinfo.gov/content/pkg/BILLS-115hr38rh/xml/BILLS-115hr38rh.xml,29571,2026-09-27T17:49:43.718830+00:00,/Users/mikewolfd/hearing-text/xml_path_families/xml/723264e82c3552e32220319bdb9b46d86a072e2f7807065a3fe70e61fe4dee89.xml,
F129,http://www.gpo.gov/fdsys/pkg/BILLS-114hres38rh/pdf/BILLS-114hres38rh.pdf,extension replacement,http://www.gpo.gov/fdsys/pkg/BILLS-114hres38rh/pdf/BILLS-114hres38rh.xml,html,200,text/html,,https://www.govinfo.gov/error,44172,2026-09-27T17:49:44.124671+00:00,/Users/mikewolfd/hearing-text/xml_path_families/responses/611d40178e28553c95197a4eb437300966706166e131eff669e0787bfa2a8c64.body,
F129,http://www.gpo.gov/fdsys/pkg/BILLS-114hres38rh/pdf/BILLS-114hres38rh.pdf,format directory + extension,http://www.gpo.gov/fdsys/pkg/BILLS-114hres38rh/xml/BILLS-114hres38rh.xml,xml,200,application/xml,resolution,https://www.govinfo.gov/content/pkg/BILLS-114hres38rh/xml/BILLS-114hres38rh.xml,4600,2026-09-27T17:49:44.527055+00:00,/Users/mikewolfd/hearing-text/xml_path_families/xml/8b46ec128e57393ca402b1cacae21a7455fcf9fab6685c8caaa5b9bf71508a8c.xml,
F129,http://www.gpo.gov/fdsys/pkg/BILLS-113hr3222ih/pdf/BILLS-113hr3222ih.pdf,extension replacement,http://www.gpo.gov/fdsys/pkg/BILLS-113hr3222ih/pdf/BILLS-113hr3222ih.xml,html,200,text/html,,https://www.govinfo.gov/error,44172,2026-09-27T17:49:45.330954+00:00,/Users/mikewolfd/hearing-text/xml_path_families/responses/5378f6cb2aaee5d0411b023d85a037db69d363ec732b4eb7765926c9c600269b.body,
F129,http://www.gpo.gov/fdsys/pkg/BILLS-113hr3222ih/pdf/BILLS-113hr3222ih.pdf,format directory + extension,http://www.gpo.gov/fdsys/pkg/BILLS-113hr3222ih/xml/BILLS-113hr3222ih.xml,xml,200,application/xml,bill,https://www.govinfo.gov/content/pkg/BILLS-113hr3222ih/xml/BILLS-113hr3222ih.xml,9326,2026-09-27T17:49:47.347700+00:00,/Users/mikewolfd/hearing-text/xml_path_families/xml/4185124e077f3955e398c43e0f741dab3b8aa5e06a5abd4689b3d7c414ae7b1a.xml,
F130,http://www.gpo.gov/fdsys/pkg/CHRG-112hhrg72252/pdf/CHRG-112hhrg72252.pdf,extension replacement,http://www.gpo.gov/fdsys/pkg/CHRG-112hhrg72252/pdf/CHRG-112hhrg72252.xml,html,200,text/html,,https://www.govinfo.gov/error,44172,2026-09-27T17:49:45.735412+00:00,/Users/mikewolfd/hearing-text/xml_path_families/responses/4344d8cc9f0ae48e16b22690274bf9e3de87c523f87ca562d19394c2ce4ac96b.body,
F130,http://www.gpo.gov/fdsys/pkg/CHRG-112hhrg72252/pdf/CHRG-112hhrg72252.pdf,format directory + extension,http://www.gpo.gov/fdsys/pkg/CHRG-112hhrg72252/xml/CHRG-112hhrg72252.xml,html,200,text/html,,https://www.govinfo.gov/error,44172,2026-09-27T17:49:44.929728+00:00,/Users/mikewolfd/hearing-text/xml_path_families/responses/b8fbd443e5b407cc683f115099702a34083321adc704e620fe5ad2e4dfc9c2a3.body,
F130,http://www.gpo.gov/fdsys/pkg/CHRG-113hhrg93646/pdf/CHRG-113hhrg93646.pdf,extension replacement,http://www.gpo.gov/fdsys/pkg/CHRG-113hhrg93646/pdf/CHRG-113hhrg93646.xml,html,200,text/html,,https://www.govinfo.gov/error,44172,2026-09-27T17:49:46.944383+00:00,/Users/mikewolfd/hearing-text/xml_path_families/responses/b940e90a830fda577eccd5256ef610fa31fe5777003307123aaada007ba8dc1b.body,
F130,http://www.gpo.gov/fdsys/pkg/CHRG-113hhrg93646/pdf/CHRG-113hhrg93646.pdf,format directory + extension,http://www.gpo.gov/fdsys/pkg/CHRG-113hhrg93646/xml/CHRG-113hhrg93646.xml,html,200,text/html,,https://www.govinfo.gov/error,44172,2026-09-27T17:49:48.555015+00:00,/Users/mikewolfd/hearing-text/xml_path_families/responses/01b1871ef63b2401e2e2a6ef0711516ccd0443261b26593982fa9a571dc199db.body,
F130,http://www.gpo.gov/fdsys/pkg/CHRG-114hhrg94579/pdf/CHRG-114hhrg94579.pdf,extension replacement,http://www.gpo.gov/fdsys/pkg/CHRG-114hhrg94579/pdf/CHRG-114hhrg94579.xml,html,200,text/html,,https://www.govinfo.gov/error,44172,2026-09-27T17:49:46.139507+00:00,/Users/mikewolfd/hearing-text/xml_path_families/responses/00c53e103ac88cdf61c53afbacf05fd4a9e90626de8cab2e74bb9de09ca52bc1.body,
F130,http://www.gpo.gov/fdsys/pkg/CHRG-114hhrg94579/pdf/CHRG-114hhrg94579.pdf,format directory + extension,http://www.gpo.gov/fdsys/pkg/CHRG-114hhrg94579/xml/CHRG-114hhrg94579.xml,html,200,text/html,,https://www.govinfo.gov/error,44172,2026-09-27T17:49:50.156502+00:00,/Users/mikewolfd/hearing-text/xml_path_families/responses/5404c2ebc5c9510fbc79206851ef1aaa9de137420f1144a75120ae37dfd06c1f.body,
F131,https://www.gpo.gov/fdsys/pkg/CPRT-115HPRT24746/pdf/CPRT-115HPRT24746.pdf,extension replacement,https://www.gpo.gov/fdsys/pkg/CPRT-115HPRT24746/pdf/CPRT-115HPRT24746.xml,html,200,text/html,,https://www.govinfo.gov/error,44172,2026-09-27T17:49:46.540884+00:00,/Users/mikewolfd/hearing-text/xml_path_families/responses/562ee6aa918b43d4f30d4876c22fed6be99061ebc54e2370a5ce64fac2ace167.body,
F131,https://www.gpo.gov/fdsys/pkg/CPRT-115HPRT24746/pdf/CPRT-115HPRT24746.pdf,format directory + extension,https://www.gpo.gov/fdsys/pkg/CPRT-115HPRT24746/xml/CPRT-115HPRT24746.xml,xml,200,application/xml,amendment-doc,https://www.govinfo.gov/content/pkg/CPRT-115HPRT24746/xml/CPRT-115HPRT24746.xml,28434,2026-09-27T17:49:48.955798+00:00,/Users/mikewolfd/hearing-text/xml_path_families/xml/124a92bb49605cf8982762766bdb6f3a5d270f3f0a54420e048a7316d468814b.xml,
F131,https://www.gpo.gov/fdsys/pkg/CPRT-115HPRT25284/pdf/CPRT-115HPRT25284.pdf,extension replacement,https://www.gpo.gov/fdsys/pkg/CPRT-115HPRT25284/pdf/CPRT-115HPRT25284.xml,html,200,text/html,,https://www.govinfo.gov/error,44172,2026-09-27T17:49:47.749351+00:00,/Users/mikewolfd/hearing-text/xml_path_families/responses/383f6cefe214e8ad6e4a2aadf5975ae7311703954e0dc10b427d3c1c359e3caa.body,
F131,https://www.gpo.gov/fdsys/pkg/CPRT-115HPRT25284/pdf/CPRT-115HPRT25284.pdf,format directory + extension,https://www.gpo.gov/fdsys/pkg/CPRT-115HPRT25284/xml/CPRT-115HPRT25284.xml,html,200,text/html,,https://www.govinfo.gov/error,44172,2026-09-27T17:49:48.152225+00:00,/Users/mikewolfd/hearing-text/xml_path_families/responses/40b4300b2c7afbb09ce7535948cf40d40772f417700af1f90e0685e6f7282434.body,
F132,https://www.gpo.gov/fdsys/pkg/CRPT-115hrpt71/pdf/CRPT-115hrpt71.pdf,extension replacement,https://www.gpo.gov/fdsys/pkg/CRPT-115hrpt71/pdf/CRPT-115hrpt71.xml,html,200,text/html,,https://www.govinfo.gov/error,44172,2026-09-27T17:49:50.561513+00:00,/Users/mikewolfd/hearing-text/xml_path_families/responses/7922837540a314e44e5912e5cdb846addff21c7864580ff423add1589580f607.body,
F132,https://www.gpo.gov/fdsys/pkg/CRPT-115hrpt71/pdf/CRPT-115hrpt71.pdf,format directory + extension,https://www.gpo.gov/fdsys/pkg/CRPT-115hrpt71/xml/CRPT-115hrpt71.xml,html,200,text/html,,https://www.govinfo.gov/error,44172,2026-09-27T17:49:50.966538+00:00,/Users/mikewolfd/hearing-text/xml_path_families/responses/7d908cae242d59bad6f96432b29eefe8b120a40ce9709664faaca0fcfa1baa2f.body,
F132,http://www.gpo.gov/fdsys/pkg/CRPT-113hrpt150/pdf/CRPT-113hrpt150-pt1.pdf,extension replacement,http://www.gpo.gov/fdsys/pkg/CRPT-113hrpt150/pdf/CRPT-113hrpt150-pt1.xml,html,200,text/html,,https://www.govinfo.gov/error,44172,2026-09-27T17:49:51.776575+00:00,/Users/mikewolfd/hearing-text/xml_path_families/responses/f3d9197e390f8fc2de1aa6b441579ac413fbc713fae5e88f7c9f76c16985ec1e.body,
F132,http://www.gpo.gov/fdsys/pkg/CRPT-113hrpt150/pdf/CRPT-113hrpt150-pt1.pdf,format directory + extension,http://www.gpo.gov/fdsys/pkg/CRPT-113hrpt150/xml/CRPT-113hrpt150-pt1.xml,html,200,text/html,,https://www.govinfo.gov/error,44172,2026-09-27T17:49:49.355991+00:00,/Users/mikewolfd/hearing-text/xml_path_families/responses/7934cea355a76a2b4bd6d2109c9a11e410dcd8733e3dc52414bfa91f79995235.body,
F132,http://www.gpo.gov/fdsys/pkg/CRPT-114hrpt24/pdf/CRPT-114hrpt24-pt1.pdf,extension replacement,http://www.gpo.gov/fdsys/pkg/CRPT-114hrpt24/pdf/CRPT-114hrpt24-pt1.xml,html,200,text/html,,https://www.govinfo.gov/error,44172,2026-09-27T17:49:49.756218+00:00,/Users/mikewolfd/hearing-text/xml_path_families/responses/212437e50ffc370d7a27a3c3dadcb7393a1130a258fc7a36a5dc44bde5b20058.body,
F132,http://www.gpo.gov/fdsys/pkg/CRPT-114hrpt24/pdf/CRPT-114hrpt24-pt1.pdf,format directory + extension,http://www.gpo.gov/fdsys/pkg/CRPT-114hrpt24/xml/CRPT-114hrpt24-pt1.xml,html,200,text/html,,https://www.govinfo.gov/error,44172,2026-09-27T17:49:51.371563+00:00,/Users/mikewolfd/hearing-text/xml_path_families/responses/e23e6ff7eb2f2e1c847e7fc1a36d66abdbdc28ab3d02c7cf7a4083860ec2b055.body,
F133,https://www.help.senate.gov/download/testimony/long-testimony,XML Accept header,https://www.help.senate.gov/download/testimony/long-testimony,not_xml,200,application/pdf,,https://www.help.senate.gov/imo/media/doc/Long2.pdf,752944,2026-09-27T17:49:50.559483+00:00,/Users/mikewolfd/hearing-text/xml_path_families/responses/001116dee545eb2e0fa426d2a38254e3f55ddae3efc33d03e6e3306902fb8687.body,
F133,https://www.help.senate.gov/download/testimony/nayak-testimony,XML Accept header,https://www.help.senate.gov/download/testimony/nayak-testimony,not_xml,200,application/pdf,,https://www.help.senate.gov/imo/media/doc/Nayak.pdf,164957,2026-09-27T17:49:50.963358+00:00,/Users/mikewolfd/hearing-text/xml_path_families/responses/00dd0f7543450e1151e9002dfd824f3aaf1f39138b72a2cf26c0bd66faa43eb0.body,
F133,https://www.help.senate.gov/download/05/21/2025/brown-testimony-finalpdf,XML Accept header,https://www.help.senate.gov/download/05/21/2025/brown-testimony-finalpdf,not_xml,200,application/pdf,,https://www.help.senate.gov/imo/media/doc/2332dfe2-bb42-68d0-fb95-32cc6369563a/Brown%20Testimony%20FINAL.pdf,164532,2026-09-27T17:49:51.770212+00:00,/Users/mikewolfd/hearing-text/xml_path_families/responses/0141a5ef103c48c056e73a49b1624a569aea952c4c40eae2089f905e22ee2fde.body,
F134,https://www.help.senate.gov/hearings/labor-law-reform-part-1-diagnosing-the-issues-exploring-current-proposals,extension replacement,https://www.help.senate.gov/hearings/labor-law-reform-part-1-diagnosing-the-issues-exploring-current-proposals.xml,not_found,404,text/html; charset=utf-8,,https://www.help.senate.gov/404?notfound=/hearings/labor-law-reform-part-1-diagnosing-the-issues-exploring-current-proposals.xml,0,2026-09-27T17:49:51.366009+00:00,/Users/mikewolfd/hearing-text/xml_path_families/responses/38962e8ad62883124c625efda53fea8e3bc1e8b1919f87f550136b3ce53b0bf0.excerpt,
F134,https://www.help.senate.gov/hearings/covid-19-an-update-on-the-federal-response,extension replacement,https://www.help.senate.gov/hearings/covid-19-an-update-on-the-federal-response.xml,not_found,404,text/html; charset=utf-8,,https://www.help.senate.gov/404?notfound=/hearings/covid-19-an-update-on-the-federal-response.xml,0,2026-09-27T17:49:52.578715+00:00,/Users/mikewolfd/hearing-text/xml_path_families/responses/36b7a8d0ee2591cc3729f39752a9f762ed5950205f69ab81738d1c05b9e5a610.excerpt,
F134,https://www.help.senate.gov/hearings/covid-19-lessons-learned-to-prepare-for-the-next-pandemic,extension replacement,https://www.help.senate.gov/hearings/covid-19-lessons-learned-to-prepare-for-the-next-pandemic.xml,not_found,404,text/html; charset=utf-8,,https://www.help.senate.gov/404?notfound=/hearings/covid-19-lessons-learned-to-prepare-for-the-next-pandemic.xml,0,2026-09-27T17:49:52.173666+00:00,/Users/mikewolfd/hearing-text/xml_path_families/responses/8230cb090f1aec6a1ac3388ac8ce88e9d55c2995610945e2fdb6798da4faccac.excerpt,
F135,https://www.hsgac.senate.gov/wp-content/uploads/imo/media/doc/Opening Statement-Portman-2022-03-10.pdf,extension replacement,https://www.hsgac.senate.gov/wp-content/uploads/imo/media/doc/Opening Statement-Portman-2022-03-10.xml,not_found,404,text/html; charset=UTF-8,,https://www.hsgac.senate.gov/wp-content/uploads/imo/media/doc/Opening%20Statement-Portman-2022-03-10.xml,0,2026-09-27T17:49:51.908291+00:00,/Users/mikewolfd/hearing-text/xml_path_families/responses/7094217e2a59c720591026ef212e78d4aff20c3ed76fb5de8b9fe3f61a8b6111.excerpt,
F135,https://www.hsgac.senate.gov/wp-content/uploads/imo/media/doc/Schewel Testimony1.pdf,extension replacement,https://www.hsgac.senate.gov/wp-content/uploads/imo/media/doc/Schewel Testimony1.xml,not_found,404,text/html; charset=UTF-8,,https://www.hsgac.senate.gov/wp-content/uploads/imo/media/doc/Schewel%20Testimony1.xml,0,2026-09-27T17:49:52.313452+00:00,/Users/mikewolfd/hearing-text/xml_path_families/responses/4bcb7d7dcb3d9775da663457a835a6038d2d12c04063dd0db535fe06c3fbad79.excerpt,
F135,https://www.hsgac.senate.gov/wp-content/uploads/imo/media/doc/Prepared Statement-Kusnezov-2022-02-03.pdf,extension replacement,https://www.hsgac.senate.gov/wp-content/uploads/imo/media/doc/Prepared Statement-Kusnezov-2022-02-03.xml,not_found,404,text/html; charset=UTF-8,,https://www.hsgac.senate.gov/wp-content/uploads/imo/media/doc/Prepared%20Statement-Kusnezov-2022-02-03.xml,0,2026-09-27T17:49:53.520681+00:00,/Users/mikewolfd/hearing-text/xml_path_families/responses/5111728c851a25b7648647f0766aa22cea79e83bcfe6964a8cb99838ba13685b.excerpt,
F136,https://www.hsgac.senate.gov/hearings/nominations-of-shalanda-d-young-to-be-deputy-director-office-of-management-and-budget-and-jason-s-miller-to-be-deputy-director-for-management-office-of-management-and-budget/,extension replacement,https://www.hsgac.senate.gov/hearings/nominations-of-shalanda-d-young-to-be-deputy-director-office-of-management-and-budget-and-jason-s-miller-to-be-deputy-director-for-management-office-of-management-and-budget.xml,not_found,404,text/html; charset=UTF-8,,https://www.hsgac.senate.gov/hearings/nominations-of-shalanda-d-young-to-be-deputy-director-office-of-management-and-budget-and-jason-s-miller-to-be-deputy-director-for-management-office-of-management-and-budget.xml,0,2026-09-27T17:49:52.715156+00:00,/Users/mikewolfd/hearing-text/xml_path_families/responses/2cdaccaa32bd7da12155f64b17e4a7eda18f00c68ad25e275283050a00289a03.excerpt,
F136,https://www.hsgac.senate.gov/hearings/05-04-2022-resources-and-authorities-needed-to-protect-and-secure-the-homeland/,extension replacement,https://www.hsgac.senate.gov/hearings/05-04-2022-resources-and-authorities-needed-to-protect-and-secure-the-homeland.xml,not_found,404,text/html; charset=UTF-8,,https://www.hsgac.senate.gov/hearings/05-04-2022-resources-and-authorities-needed-to-protect-and-secure-the-homeland.xml,0,2026-09-27T17:49:53.116652+00:00,/Users/mikewolfd/hearing-text/xml_path_families/responses/fbe011f0235eef42c166601a9450e3f13341c08d998cf8a96822409df07278fe.excerpt,
F136,https://www.hsgac.senate.gov/hearings/2020-census-conducting-a-secure-and-accurate-count/,extension replacement,https://www.hsgac.senate.gov/hearings/2020-census-conducting-a-secure-and-accurate-count.xml,not_found,404,text/html; charset=UTF-8,,https://www.hsgac.senate.gov/hearings/2020-census-conducting-a-secure-and-accurate-count.xml,0,2026-09-27T17:49:53.921189+00:00,/Users/mikewolfd/hearing-text/xml_path_families/responses/24d1417f5ddc24374b6997b7420af4f4e99ea3b1d2b98722f857f89f1ad948fb.excerpt,
F137,https://www.indian.senate.gov/sites/default/files/02.02.22%20OHA%20SCIA%20Oversight%20Hearing%20Testimony.pdf,extension replacement,https://www.indian.senate.gov/sites/default/files/02.02.22%20OHA%20SCIA%20Oversight%20Hearing%20Testimony.xml,not_found,404,text/html; charset=UTF-8,,https://www.indian.senate.gov/wp-content/uploads/02.02.22%20OHA%20SCIA%20Oversight%20Hearing%20Testimony.xml,0,2026-09-27T17:49:53.333135+00:00,/Users/mikewolfd/hearing-text/xml_path_families/responses/92f5c90a8652cc37269be8ce5977e042136d339d55f2ba7e612ae34a005e1b2b.excerpt,
F137,https://www.indian.senate.gov/sites/default/files/Mending%20the%20Arc%20Wong%20Testimony%20June%2022%202022.pdf,extension replacement,https://www.indian.senate.gov/sites/default/files/Mending%20the%20Arc%20Wong%20Testimony%20June%2022%202022.xml,not_found,404,text/html; charset=UTF-8,,https://www.indian.senate.gov/wp-content/uploads/Mending%20the%20Arc%20Wong%20Testimony%20June%2022%202022.xml,0,2026-09-27T17:49:53.738224+00:00,/Users/mikewolfd/hearing-text/xml_path_families/responses/f85748cc2048be453edfe9b58470a8d58bfd7bf5cb1e987d504ac214feb51d27.excerpt,
F137,https://www.indian.senate.gov/sites/default/files/4.28.21%20-%20BIE%20SCIA%20Testimony%20COVID-19%20Response%20-%20Cleared.pdf,extension replacement,https://www.indian.senate.gov/sites/default/files/4.28.21%20-%20BIE%20SCIA%20Testimony%20COVID-19%20Response%20-%20Cleared.xml,not_found,404,text/html; charset=UTF-8,,https://www.indian.senate.gov/wp-content/uploads/4.28.21%20-%20BIE%20SCIA%20Testimony%20COVID-19%20Response%20-%20Cleared.xml,0,2026-09-27T17:49:54.143040+00:00,/Users/mikewolfd/hearing-text/xml_path_families/responses/e8950740ea9530bbc19a2312760a01be66e43ed7112366e04bbb0fa3650bb085.excerpt,
F138,https://www.indian.senate.gov/wp-content/uploads/CHRG-117shrg48509-1.pdf,extension replacement,https://www.indian.senate.gov/wp-content/uploads/CHRG-117shrg48509-1.xml,not_found,404,text/html; charset=UTF-8,,https://www.indian.senate.gov/wp-content/uploads/CHRG-117shrg48509-1.xml,0,2026-09-27T17:49:54.548055+00:00,/Users/mikewolfd/hearing-text/xml_path_families/responses/450db400897a836b35e15d67390f2ebfddc8c9690ba5626965d48a11ee28643b.excerpt,
F138,https://www.indian.senate.gov/wp-content/uploads/documents/CHRG-116shrg40490.pdf,extension replacement,https://www.indian.senate.gov/wp-content/uploads/documents/CHRG-116shrg40490.xml,not_found,404,text/html; charset=UTF-8,,https://www.indian.senate.gov/wp-content/uploads/documents/CHRG-116shrg40490.xml,0,2026-09-27T17:49:54.953114+00:00,/Users/mikewolfd/hearing-text/xml_path_families/responses/f6003e9bb7ceb4f02ca2227a3b00fe85a486c546dc8cb2584d6349239dad214b.excerpt,
F138,https://www.indian.senate.gov/wp-content/uploads/documents/CHRG-118shrg51921.pdf,extension replacement,https://www.indian.senate.gov/wp-content/uploads/documents/CHRG-118shrg51921.xml,not_found,404,text/html; charset=UTF-8,,https://www.indian.senate.gov/wp-content/uploads/documents/CHRG-118shrg51921.xml,0,2026-09-27T17:49:56.155976+00:00,/Users/mikewolfd/hearing-text/xml_path_families/responses/24cf817812d9a21f6509bae7347f8d89c6529e36c617613a647feb700d0aea17.excerpt,
F139,https://www.indian.senate.gov/hearings/oversight-hearing-restoring-justice-addressing-violence-native-communities-through-vawa/,extension replacement,https://www.indian.senate.gov/hearings/oversight-hearing-restoring-justice-addressing-violence-native-communities-through-vawa.xml,not_found,404,text/html; charset=UTF-8,,https://www.indian.senate.gov/hearings/oversight-hearing-restoring-justice-addressing-violence-native-communities-through-vawa.xml,0,2026-09-27T17:49:55.355255+00:00,/Users/mikewolfd/hearing-text/xml_path_families/responses/756d66beb8429d15539ca8bce24a1c433d0157095148b447df6c1fdc45512947.excerpt,
F139,https://www.indian.senate.gov/hearings/oversight-hearing-gao-report-tribal-access-spectrum-promoting-communications-services-indian/,extension replacement,https://www.indian.senate.gov/hearings/oversight-hearing-gao-report-tribal-access-spectrum-promoting-communications-services-indian.xml,not_found,404,text/html; charset=UTF-8,,https://www.indian.senate.gov/hearings/oversight-hearing-gao-report-tribal-access-spectrum-promoting-communications-services-indian.xml,0,2026-09-27T17:49:55.755659+00:00,/Users/mikewolfd/hearing-text/xml_path_families/responses/fce615e634a978faa53753d52ed00663400868b6da24cd8dc11aa672c7b29b24.excerpt,
F139,https://www.indian.senate.gov/hearings/hearing-native-priorities-2023-farm-bill-reauthorization/,extension replacement,https://www.indian.senate.gov/hearings/hearing-native-priorities-2023-farm-bill-reauthorization.xml,not_found,404,text/html; charset=UTF-8,,https://www.indian.senate.gov/hearings/hearing-native-priorities-2023-farm-bill-reauthorization.xml,0,2026-09-27T17:49:56.561019+00:00,/Users/mikewolfd/hearing-text/xml_path_families/responses/6bfded5e8ca1bb970e69fa9089413fa5a36182ba6aa30b68551c845a561d9694.excerpt,
F140,https://www.jec.senate.gov/public/_cache/files/ed429460-f166-4833-8c30-ada7f172264e/beach-testimony.pdf,extension replacement,https://www.jec.senate.gov/public/_cache/files/ed429460-f166-4833-8c30-ada7f172264e/beach-testimony.xml,html,200,text/html; charset=UTF-8,,https://www.senate.gov/pagelayout/general/one_item_and_teasers/file_not_found.htm,25735,2026-09-27T17:49:55.792987+00:00,/Users/mikewolfd/hearing-text/xml_path_families/responses/b45a35af5a84c260ad21c453d63e54d827a95b4dba2e6fd3ccec3c5c0cc84476.body,
F140,https://www.jec.senate.gov/public/_cache/files/c1701c9d-4c3b-44e1-ac80-90c54951ccab/chrg-116shrg36469.pdf,extension replacement,https://www.jec.senate.gov/public/_cache/files/c1701c9d-4c3b-44e1-ac80-90c54951ccab/chrg-116shrg36469.xml,html,200,text/html; charset=UTF-8,,https://www.senate.gov/pagelayout/general/one_item_and_teasers/file_not_found.htm,25735,2026-09-27T17:49:56.198016+00:00,/Users/mikewolfd/hearing-text/xml_path_families/responses/1640a4669223e3275e816d6baec5d9b2ad57306ceb6169a3ccea799e7a5f2a1d.body,
F140,https://www.jec.senate.gov/public/_cache/files/a5714a2f-2187-4cae-9808-03558fcf50ad/bill-crim-jec-testimony-final.pdf,extension replacement,https://www.jec.senate.gov/public/_cache/files/a5714a2f-2187-4cae-9808-03558fcf50ad/bill-crim-jec-testimony-final.xml,html,200,text/html; charset=UTF-8,,https://www.senate.gov/pagelayout/general/one_item_and_teasers/file_not_found.htm,25735,2026-09-27T17:50:44.272409+00:00,/Users/mikewolfd/hearing-text/xml_path_families/responses/826acb374342a66c9c6d9623536cfb785d98c36222c22d57d28d66070a55d373.body,
F141,https://www.jec.senate.gov/public/index.cfm?a=files.serve&File_id=494DDE05-D154-4E29-9F1C-DB4C6409AF46,XML Accept header,https://www.jec.senate.gov/public/index.cfm?a=files.serve&File_id=494DDE05-D154-4E29-9F1C-DB4C6409AF46,not_xml,200,application/pdf,,https://www.jec.senate.gov/public/_cache/files/494dde05-d154-4e29-9f1c-db4c6409af46/cgounder-jec-testimony.pdf,938788,2026-09-27T17:49:56.602424+00:00,/Users/mikewolfd/hearing-text/xml_path_families/responses/004edca1fe7be146f9ae924515ade8a4612bcf9e6643bf7b88b057f903f28b43.body,
F141,https://www.jec.senate.gov/public/index.cfm?a=files.serve&File_id=22348C0A-8AB1-402B-90D2-40A216D8462B,XML Accept header,https://www.jec.senate.gov/public/index.cfm?a=files.serve&File_id=22348C0A-8AB1-402B-90D2-40A216D8462B,not_xml,200,application/pdf,,https://www.jec.senate.gov/public/_cache/files/22348c0a-8ab1-402b-90d2-40a216d8462b/testimony-philippon-v2.pdf,281447,2026-09-27T17:49:58.214423+00:00,/Users/mikewolfd/hearing-text/xml_path_families/responses/0205809a2211ea94da0aa4367b733e648337b95e5fc965e5cdf755c2f52aa76d.body,
F141,https://www.jec.senate.gov/public/index.cfm?a=Files.Serve&File_id=B3E2F45C-1E08-4100-903C-0598D48E4F57,XML Accept header,https://www.jec.senate.gov/public/index.cfm?a=Files.Serve&File_id=B3E2F45C-1E08-4100-903C-0598D48E4F57,not_xml,200,application/pdf,,https://www.jec.senate.gov/public/_cache/files/b3e2f45c-1e08-4100-903c-0598d48e4f57/roy-jec-testimony-2025-12-17-written-.pdf,1219625,2026-09-27T17:49:57.006036+00:00,/Users/mikewolfd/hearing-text/xml_path_families/responses/075bc1327adf714d8aa6603e2c4023ac5998f4ddced22a084f1eca3aab31e555.body,
F142,https://www.jec.senate.gov/public/index.cfm/hearings-calendar?id=991A4E73-DCFF-43A8-9A2C-52CF2871D05C,extension replacement,https://www.jec.senate.gov/public/index.cfm/hearings-calendar.xml?id=991A4E73-DCFF-43A8-9A2C-52CF2871D05C,blocked,403,text/html; charset=iso-8859-1,,https://www.jec.senate.gov/public/index.cfm/hearings-calendar.xml?id=991A4E73-DCFF-43A8-9A2C-52CF2871D05C,0,2026-09-27T17:49:57.410193+00:00,/Users/mikewolfd/hearing-text/xml_path_families/responses/10f9f975112d752e1261b3434f1ade8efcc921eb0ec5c128c41b42114150497c.excerpt,
F142,https://www.jec.senate.gov/public/index.cfm/hearings-calendar?id=E1F7F9B1-57F9-41E1-A5B9-ACAB77784B48,extension replacement,https://www.jec.senate.gov/public/index.cfm/hearings-calendar.xml?id=E1F7F9B1-57F9-41E1-A5B9-ACAB77784B48,blocked,403,text/html; charset=iso-8859-1,,https://www.jec.senate.gov/public/index.cfm/hearings-calendar.xml?id=E1F7F9B1-57F9-41E1-A5B9-ACAB77784B48,0,2026-09-27T17:49:57.812997+00:00,/Users/mikewolfd/hearing-text/xml_path_families/responses/a4dc7f34724f6f2f48d2c7b0f12ec5fb22bd0e6d3601ecb29f43c29bbde4e260.excerpt,
F142,https://www.jec.senate.gov/public/index.cfm/hearings-calendar?id=4D9B34A7-0D42-4C60-B922-1A1343861386,extension replacement,https://www.jec.senate.gov/public/index.cfm/hearings-calendar.xml?id=4D9B34A7-0D42-4C60-B922-1A1343861386,blocked,403,text/html; charset=iso-8859-1,,https://www.jec.senate.gov/public/index.cfm/hearings-calendar.xml?id=4D9B34A7-0D42-4C60-B922-1A1343861386,0,2026-09-27T17:50:44.677299+00:00,/Users/mikewolfd/hearing-text/xml_path_families/responses/d2613d854c897e5caf67bdda8d5531934fd73fe49ef2a9d2b8d10fc078d694db.excerpt,
F143,https://www.judiciary.senate.gov/download/06/04/2026/rives-testimony,XML Accept header,https://www.judiciary.senate.gov/download/06/04/2026/rives-testimony,not_xml,200,application/pdf,,https://www.judiciary.senate.gov/imo/media/doc/303A7CBD-5056-A066-6050-90236DC87A91/Rives%20Testimony.pdf,515503,2026-09-27T17:49:58.272802+00:00,/Users/mikewolfd/hearing-text/xml_path_families/responses/001ecc3cb4caf9d2fda9ac1ca71d3c0eac82193a56d75aacf1b2a88fb5e562c0.body,
F143,https://www.judiciary.senate.gov/download/moe-sjq,XML Accept header,https://www.judiciary.senate.gov/download/moe-sjq,not_xml,200,application/pdf,,https://www.judiciary.senate.gov/imo/media/doc/27d018a5-ae4f-87e7-c6b4-e7a3034d2ce7/MOE%20SJQ.pdf,4167987,2026-09-27T17:49:58.758277+00:00,/Users/mikewolfd/hearing-text/xml_path_families/responses/00388d922d970f4bf33df95d9ab6e98f2e53f8e92a26b2a11b91d32e7c506728.body,
F143,https://www.judiciary.senate.gov/download/11023_-deandre-weathersby-support-for-kirschpdf,XML Accept header,https://www.judiciary.senate.gov/download/11023_-deandre-weathersby-support-for-kirschpdf,not_xml,200,application/pdf,,https://www.judiciary.senate.gov/imo/media/doc/B5789881-FBA9-0FBF-AF18-7D9DB68C5EBE/1.10.23%20-%20Deandre%20Weathersby%20Support%20for%20Kirsch_77e718a0-5fcb-42f2-afbd-d3a419ceecbe.pdf,65550,2026-09-27T17:49:59.162575+00:00,/Users/mikewolfd/hearing-text/xml_path_families/responses/0038b65159a875b421d0440bd421a992b07f219dde776e5f60d51f649b7793cd.body,
F144,https://www.judiciary.senate.gov/committee-activity/hearings/breaking-the-news-censorship-suppression-and-the-2020-election,extension replacement,https://www.judiciary.senate.gov/committee-activity/hearings/breaking-the-news-censorship-suppression-and-the-2020-election.xml,not_found,404,text/html; charset=utf-8,,https://www.judiciary.senate.gov/404?notfound=/committee-activity/hearings/breaking-the-news-censorship-suppression-and-the-2020-election.xml,0,2026-09-27T17:49:59.567592+00:00,/Users/mikewolfd/hearing-text/xml_path_families/responses/c90380e986a505be8f5c924ac283d5a458e0fa5f2ff8a824d4ac464c7e5bfcc4.excerpt,
F144,https://www.judiciary.senate.gov/committee-activity/hearings/reining-in-dominant-digital-platforms-restoring-competition-to-our-digital-markets,extension replacement,https://www.judiciary.senate.gov/committee-activity/hearings/reining-in-dominant-digital-platforms-restoring-competition-to-our-digital-markets.xml,not_found,404,text/html; charset=utf-8,,https://www.judiciary.senate.gov/404?notfound=/committee-activity/hearings/reining-in-dominant-digital-platforms-restoring-competition-to-our-digital-markets.xml,0,2026-09-27T17:49:59.968966+00:00,/Users/mikewolfd/hearing-text/xml_path_families/responses/3cfbc5bc3af5103ba341f316450910320627997d8f2f7a5cb323682cb409dd1c.excerpt,
F144,https://www.judiciary.senate.gov/committee-activity/hearings/examining-best-practices-for-incarceration-and-detention-during-covid-19,extension replacement,https://www.judiciary.senate.gov/committee-activity/hearings/examining-best-practices-for-incarceration-and-detention-during-covid-19.xml,not_found,404,text/html; charset=utf-8,,https://www.judiciary.senate.gov/404?notfound=/committee-activity/hearings/examining-best-practices-for-incarceration-and-detention-during-covid-19.xml,0,2026-09-27T17:50:00.372308+00:00,/Users/mikewolfd/hearing-text/xml_path_families/responses/6626f0b9f8e23ab3849cd1c2952b70e75f66e62e72909594c0516d7a665f86b1.excerpt,
F145,http://www.lis.gov/cgi-lis/t2GPO/http://www.gpo.gov/fdsys/pkg/BILLS-114hr456ih/pdf/BILLS-114hr456ih.pdf,extension replacement,http://www.lis.gov/cgi-lis/t2GPO/http://www.gpo.gov/fdsys/pkg/BILLS-114hr456ih/pdf/BILLS-114hr456ih.xml,network_error,,,,,0,2026-09-27T17:50:00.017292+00:00,,"HTTPConnectionPool(host='www.lis.gov', port=80): Max retries exceeded with url: /cgi-lis/t2GPO/http://www.gpo.gov/fdsys/pkg/BILLS-114hr456ih/pdf/BILLS-114hr456ih.xml (Caused by ConnectTimeoutError(<urllib3.connection.HTTPConnection object at 0x10b478920>, 'Connection to www.lis.gov timed out. (connect timeout=10)'))"
F145,http://www.lis.gov/cgi-lis/t2GPO/http://www.gpo.gov/fdsys/pkg/BILLS-114hr456ih/pdf/BILLS-114hr456ih.pdf,format directory + extension,http://www.lis.gov/cgi-lis/t2GPO/http://www.gpo.gov/fdsys/pkg/BILLS-114hr456ih/xml/BILLS-114hr456ih.xml,network_error,,,,,0,2026-09-27T17:50:00.499733+00:00,,"HTTPConnectionPool(host='www.lis.gov', port=80): Max retries exceeded with url: /cgi-lis/t2GPO/http://www.gpo.gov/fdsys/pkg/BILLS-114hr456ih/xml/BILLS-114hr456ih.xml (Caused by ConnectTimeoutError(<urllib3.connection.HTTPConnection object at 0x10b478950>, 'Connection to www.lis.gov timed out. (connect timeout=10)'))"
F146,http://www.mresearch.com/wp-content/uploads/20200723-Robert-McCullough-Longform-Vita.pdf,extension replacement,http://www.mresearch.com/wp-content/uploads/20200723-Robert-McCullough-Longform-Vita.xml,not_found,404,text/html; charset=UTF-8,,https://www.mresearch.com/wp-content/uploads/20200723-Robert-McCullough-Longform-Vita.xml,0,2026-09-27T17:50:00.893035+00:00,/Users/mikewolfd/hearing-text/xml_path_families/responses/2f4131e1109badeddbec0ecdcfd118ccaf001e3feab5b85a01a030ffc9013907.excerpt,
F147,https://www.pstrust.org/docs/shortbio-weimer.pdf,extension replacement,https://www.pstrust.org/docs/shortbio-weimer.xml,blocked,403,text/html,,https://www.pstrust.org/docs/shortbio-weimer.xml,0,2026-09-27T17:50:05.572228+00:00,/Users/mikewolfd/hearing-text/xml_path_families/responses/99f83a758559d6a14f3ac27e185298825722d6543859a7809aaa1922316246fc.excerpt,
F147,http://www.pstrust.org/docs/shortbio-weimer.pdf,extension replacement,http://www.pstrust.org/docs/shortbio-weimer.xml,blocked,403,text/html,,http://www.pstrust.org/docs/shortbio-weimer.xml,0,2026-09-27T17:50:50.859011+00:00,/Users/mikewolfd/hearing-text/xml_path_families/responses/9d51809fd16082d9d1ebbf8c753891f04575d7d0576c5cae296d0fe1b677071b.excerpt,
F148,http://www.rules.house.gov/Media/file/PDF_113_1/Reports/HRPT-113-HR1911.pdf,extension replacement,http://www.rules.house.gov/Media/file/PDF_113_1/Reports/HRPT-113-HR1911.xml,network_error,,,,,0,2026-09-27T17:50:10.039935+00:00,,"HTTPConnectionPool(host='www.rules.house.gov', port=80): Max retries exceeded with url: /Media/file/PDF_113_1/Reports/HRPT-113-HR1911.xml (Caused by NameResolutionError(""<urllib3.connection.HTTPConnection object at 0x10b44d190>: Failed to resolve 'www.rules.house.gov' ([Errno 8] nodename nor servname provided, or not known)""))"
F148,https://www.rules.house.gov/Media/file/PDF_113_1/Reports/HRPT-113-HR1911.pdf,extension replacement,https://www.rules.house.gov/Media/file/PDF_113_1/Reports/HRPT-113-HR1911.xml,network_error,,,,,0,2026-09-27T17:50:10.444887+00:00,,"HTTPSConnectionPool(host='www.rules.house.gov', port=443): Max retries exceeded with url: /Media/file/PDF_113_1/Reports/HRPT-113-HR1911.xml (Caused by NameResolutionError(""<urllib3.connection.HTTPSConnection object at 0x10b44d0d0>: Failed to resolve 'www.rules.house.gov' ([Errno 8] nodename nor servname provided, or not known)""))"
F149,https://www.rules.senate.gov/download/06/02/2024/bio_fontes,XML Accept header,https://www.rules.senate.gov/download/06/02/2024/bio_fontes,not_xml,200,application/pdf,,https://www.rules.senate.gov/imo/media/doc/417b7d24-b2af-2fec-b05a-c204b422d903/Bio_Fontes.pdf,81001,2026-09-27T17:50:10.447561+00:00,/Users/mikewolfd/hearing-text/xml_path_families/responses/0108766691ff42749009629bb162d5a3aa157ea06e76c35a2ffc86889525b290.body,
F149,https://www.rules.senate.gov/download/07/31/2026/testimony_dickersonpdf,XML Accept header,https://www.rules.senate.gov/download/07/31/2026/testimony_dickersonpdf,not_xml,200,application/pdf,,https://www.rules.senate.gov/imo/media/doc/0DA4376E-5056-A066-605C-5371CE80E409/Testimony_Dickerson1.pdf,69734,2026-09-27T17:50:10.851847+00:00,/Users/mikewolfd/hearing-text/xml_path_families/responses/05f7f23abd572e8ace2d2ba8263d55e6a33f01124052141daca82af08aff3f54.body,
F149,https://www.rules.senate.gov/download/testimony_howard,XML Accept header,https://www.rules.senate.gov/download/testimony_howard,not_xml,200,application/pdf,,https://www.rules.senate.gov/imo/media/doc/417b7d24-b2af-2fec-b05a-c204b422d903/Testimony_Howard.pdf,379836,2026-09-27T17:50:11.256698+00:00,/Users/mikewolfd/hearing-text/xml_path_families/responses/0765b8c0749e728a8e4519e21b524f5b20f2e02868ff91d37258612f4ab52cf0.body,
F150,https://www.rules.senate.gov/hearings/oversight-of-the-government-publishing-office_-office-of-the-inspector-general,extension replacement,https://www.rules.senate.gov/hearings/oversight-of-the-government-publishing-office_-office-of-the-inspector-general.xml,not_found,404,text/html; charset=utf-8,,https://www.rules.senate.gov/404?notfound=/hearings/oversight-of-the-government-publishing-office_-office-of-the-inspector-general.xml,0,2026-09-27T17:50:12.061761+00:00,/Users/mikewolfd/hearing-text/xml_path_families/responses/6d365e7d02ca109d4ddc7f480d9d2e1bf617d77e51a2093dbe63600641134b01.excerpt,
F150,https://www.rules.senate.gov/hearings/nomination-hearing-for-members-of-the-federal-election-commission,extension replacement,https://www.rules.senate.gov/hearings/nomination-hearing-for-members-of-the-federal-election-commission.xml,not_found,404,text/html; charset=utf-8,,https://www.rules.senate.gov/404?notfound=/hearings/nomination-hearing-for-members-of-the-federal-election-commission.xml,0,2026-09-27T17:50:11.659152+00:00,/Users/mikewolfd/hearing-text/xml_path_families/responses/ba1cbdba196add97b23c95bc8484411b80b56f831a548b70d38afce0706401c5.excerpt,
F150,https://www.rules.senate.gov/hearings/oversight-of-the-us-capitol-police-following-the-january-6th-attack-on-the-capitol-part-iii,extension replacement,https://www.rules.senate.gov/hearings/oversight-of-the-us-capitol-police-following-the-january-6th-attack-on-the-capitol-part-iii.xml,not_found,404,text/html; charset=utf-8,,https://www.rules.senate.gov/404?notfound=/hearings/oversight-of-the-us-capitol-police-following-the-january-6th-attack-on-the-capitol-part-iii.xml,0,2026-09-27T17:50:12.466620+00:00,/Users/mikewolfd/hearing-text/xml_path_families/responses/854061c9a30dd8b034ddd3b9289ec794461f73a30125b3cae48fa2a9d0dc0927.excerpt,
F151,https://www.sbc.senate.gov/public/?a=Files.Serve&File_id=46A6C159-CA85-4193-B5A7-5B6CD25ADA27,XML Accept header,https://www.sbc.senate.gov/public/?a=Files.Serve&File_id=46A6C159-CA85-4193-B5A7-5B6CD25ADA27,not_xml,200,application/pdf,,https://www.sbc.senate.gov/public/_cache/files/4/6/46a6c159-ca85-4193-b5a7-5b6cd25ada27/C88D6A9F20FB87A6E7A615148EA2404FA279035E53A63AA06397C305C95701CC.sweet-testimony.pdf,84272,2026-09-27T17:50:12.612002+00:00,/Users/mikewolfd/hearing-text/xml_path_families/responses/0001d4e755de94152e464fbc7e356e292942db277cc0e7c170e13b238274dfd3.body,
F151,https://www.sbc.senate.gov/public/?a=Files.Serve&File_id=C8D0CD83-39E2-4D61-85FA-ECB2A787D622,XML Accept header,https://www.sbc.senate.gov/public/?a=Files.Serve&File_id=C8D0CD83-39E2-4D61-85FA-ECB2A787D622,not_xml,200,application/pdf,,https://www.sbc.senate.gov/public/_cache/files/c/8/c8d0cd83-39e2-4d61-85fa-ecb2a787d622/59844EAEFD02DEF5E1F92182B379E2993F3400BE03B52996238409BD114CAD8C.marte-testimony.pdf,59006,2026-09-27T17:50:13.014348+00:00,/Users/mikewolfd/hearing-text/xml_path_families/responses/02b6610c8abe079460bc27058c67c402663809143dffe04481579a1c941b2a43.body,
F151,https://www.sbc.senate.gov/public/?a=Files.Serve&File_id=C79480C8-8424-4BD6-AD5B-FA1245C997A4,XML Accept header,https://www.sbc.senate.gov/public/?a=Files.Serve&File_id=C79480C8-8424-4BD6-AD5B-FA1245C997A4,not_xml,200,application/pdf,,https://www.sbc.senate.gov/public/_cache/files/c/7/c79480c8-8424-4bd6-ad5b-fa1245c997a4/778A933D6B0FE2859B0CA5D5142925B70AF508FDF2F813729C692B4C2B8F9B5B.rosiak-testimony.pdf,107730,2026-09-27T17:50:13.823876+00:00,/Users/mikewolfd/hearing-text/xml_path_families/responses/077be7af3e5892d9ef3694353bce6ec81d553af528faec780758132a26c30acf.body,
F152,https://www.sbc.senate.gov/public/index.cfm/hearings?ID=C3A06CAC-0B40-41DB-A5F7-FE704D9D8259,extension replacement,https://www.sbc.senate.gov/public/index.cfm/hearings.xml?ID=C3A06CAC-0B40-41DB-A5F7-FE704D9D8259,not_found,404,text/html;charset=UTF-8,,https://www.sbc.senate.gov/public/index.cfm/hearings.xml?ID=C3A06CAC-0B40-41DB-A5F7-FE704D9D8259,0,2026-09-27T17:50:13.419161+00:00,/Users/mikewolfd/hearing-text/xml_path_families/responses/c95097648478d76cf4a17d921d49238ad20ffb4e9bb894a1570b032b558c913b.excerpt,
F152,https://www.sbc.senate.gov/public/index.cfm/hearings?ID=8D8B32DF-C6B3-4A7E-8F27-8F0CF468BF68,extension replacement,https://www.sbc.senate.gov/public/index.cfm/hearings.xml?ID=8D8B32DF-C6B3-4A7E-8F27-8F0CF468BF68,not_found,404,text/html;charset=UTF-8,,https://www.sbc.senate.gov/public/index.cfm/hearings.xml?ID=8D8B32DF-C6B3-4A7E-8F27-8F0CF468BF68,0,2026-09-27T17:50:14.229146+00:00,/Users/mikewolfd/hearing-text/xml_path_families/responses/56d2254c506b962beac484198ebdf31df42054fb4b0defc5982dc7664db2d815.excerpt,
F152,https://www.sbc.senate.gov/public/index.cfm/hearings?ID=C5BB9570-D322-43AA-A15A-18E00520A757,extension replacement,https://www.sbc.senate.gov/public/index.cfm/hearings.xml?ID=C5BB9570-D322-43AA-A15A-18E00520A757,not_found,404,text/html;charset=UTF-8,,https://www.sbc.senate.gov/public/index.cfm/hearings.xml?ID=C5BB9570-D322-43AA-A15A-18E00520A757,0,2026-09-27T17:50:14.632859+00:00,/Users/mikewolfd/hearing-text/xml_path_families/responses/2b8e7e53989c9f6743db527f113e4d9a3b41fc520e46fb2c61ed635e47034827.excerpt,
F153,https://www.speaker.gov/wp-content/uploads/2023/04/LSGA_xml.pdf,extension replacement,https://www.speaker.gov/wp-content/uploads/2023/04/LSGA_xml.xml,not_found,404,text/html; charset=UTF-8,,https://www.speaker.gov/wp-content/uploads/2023/04/LSGA_xml.xml,0,2026-09-27T17:50:14.678647+00:00,/Users/mikewolfd/hearing-text/xml_path_families/responses/63d89a094369a04dd81fe79bc9234fc795ac5ffa7dc9bb8ec64d035ec429778c.excerpt,
F154,https://www.veterans.senate.gov/files/GPO_FINAL_3.13.24.pdf,extension replacement,https://www.veterans.senate.gov/files/GPO_FINAL_3.13.24.xml,not_found,404,text/html; charset=UTF-8,,https://www.veterans.senate.gov/files/GPO_FINAL_3.13.24.xml,0,2026-09-27T17:50:15.277868+00:00,/Users/mikewolfd/hearing-text/xml_path_families/responses/6daa2a794cc04de5924dfd23d1aff8b4e45f98225b80b9dfbf3304dbf491d233.excerpt,
F154,https://www.veterans.senate.gov/files/GPO_FINAL_7-23-25.pdf,extension replacement,https://www.veterans.senate.gov/files/GPO_FINAL_7-23-25.xml,not_found,404,text/html; charset=UTF-8,,https://www.veterans.senate.gov/files/GPO_FINAL_7-23-25.xml,0,2026-09-27T17:50:15.681791+00:00,/Users/mikewolfd/hearing-text/xml_path_families/responses/8a2ad7735c9d5ea012abd893901a4eb95c54e7e4ec604fa44bad43bf1ba37eeb.excerpt,
F155,https://www.veterans.senate.gov/services/files/D9C165B3-7981-4036-A0EF-C81E91738105,XML Accept header,https://www.veterans.senate.gov/services/files/D9C165B3-7981-4036-A0EF-C81E91738105,not_xml,200,application/pdf,,https://www.veterans.senate.gov/services/files/D9C165B3-7981-4036-A0EF-C81E91738105,316525,2026-09-27T17:50:16.246073+00:00,/Users/mikewolfd/hearing-text/xml_path_families/responses/0038a0425063e687502121ef7522a37a96a7c39e325146c231af90cc15cfb8f6.body,
F155,https://www.veterans.senate.gov/services/files/D7A4F292-35BA-49B6-BD76-C2EE2063B13E,XML Accept header,https://www.veterans.senate.gov/services/files/D7A4F292-35BA-49B6-BD76-C2EE2063B13E,not_xml,200,application/pdf,,https://www.veterans.senate.gov/services/files/D7A4F292-35BA-49B6-BD76-C2EE2063B13E,2688360,2026-09-27T17:50:16.718232+00:00,/Users/mikewolfd/hearing-text/xml_path_families/responses/00e2e3fd53eca49cb9a2457ccf5ab48b3e88f1e4ab65732e187c9c09eb98729f.body,
F155,https://www.veterans.senate.gov/services/files/958A32C1-B904-4B74-BAA0-1E58256073EE,XML Accept header,https://www.veterans.senate.gov/services/files/958A32C1-B904-4B74-BAA0-1E58256073EE,not_xml,200,application/pdf,,https://www.veterans.senate.gov/services/files/958A32C1-B904-4B74-BAA0-1E58256073EE,343566,2026-09-27T17:50:17.141898+00:00,/Users/mikewolfd/hearing-text/xml_path_families/responses/01977847cf9c1e1f8bb6b45b26342ca668de1c1a3f88e2ac2a9786525c06656c.body,
F156,https://www.veterans.senate.gov/themes/veterans/assets/files/GPO_FINAL_12.1.21.pdf,extension replacement,https://www.veterans.senate.gov/themes/veterans/assets/files/GPO_FINAL_12.1.21.xml,not_found,404,text/html; charset=UTF-8,,https://www.veterans.senate.gov/themes/veterans/assets/files/GPO_FINAL_12.1.21.xml,0,2026-09-27T17:50:17.769596+00:00,/Users/mikewolfd/hearing-text/xml_path_families/responses/aa1071968bfc5709010abde1b3f18970b3eefe64398ba4601a600308ccd685ff.excerpt,
F156,https://www.veterans.senate.gov/themes/veterans/assets/files/GPO_FINAL_3.1.23.pdf,extension replacement,https://www.veterans.senate.gov/themes/veterans/assets/files/GPO_FINAL_3.1.23.xml,not_found,404,text/html; charset=UTF-8,,https://www.veterans.senate.gov/themes/veterans/assets/files/GPO_FINAL_3.1.23.xml,0,2026-09-27T17:50:18.236672+00:00,/Users/mikewolfd/hearing-text/xml_path_families/responses/7afd04b85de4d0d7863e2570ffba9092f91dc438a1358373fd975a9693ac94f6.excerpt,
F157,https://www.veterans.senate.gov/2024/4/caring-for-all-who-have-borne-the-battle-ensuring-equity-for-women-veterans-at-va,extension replacement,https://www.veterans.senate.gov/2024/4/caring-for-all-who-have-borne-the-battle-ensuring-equity-for-women-veterans-at-va.xml,not_found,404,text/html; charset=UTF-8,,https://www.veterans.senate.gov/2024/4/caring-for-all-who-have-borne-the-battle-ensuring-equity-for-women-veterans-at-va.xml,0,2026-09-27T17:50:18.640225+00:00,/Users/mikewolfd/hearing-text/xml_path_families/responses/c9cb02580d16957f635485ec9dbe1d35ac0684f8fb7b54015d45ddf5b237973f.excerpt,
F157,https://www.veterans.senate.gov/2023/2/legislative-presentation-of-disabled-american-veterans,extension replacement,https://www.veterans.senate.gov/2023/2/legislative-presentation-of-disabled-american-veterans.xml,not_found,404,text/html; charset=UTF-8,,https://www.veterans.senate.gov/2023/2/legislative-presentation-of-disabled-american-veterans.xml,0,2026-09-27T17:50:19.310671+00:00,/Users/mikewolfd/hearing-text/xml_path_families/responses/a6cbd7c0de6eca7ee29fc584f857ff072e8a62c65d302b9ab98f451835fa14ef.excerpt,
F157,https://www.veterans.senate.gov/2025/11/a-grateful-nation-maximizing-veterans-success-after-service,extension replacement,https://www.veterans.senate.gov/2025/11/a-grateful-nation-maximizing-veterans-success-after-service.xml,not_found,404,text/html; charset=UTF-8,,https://www.veterans.senate.gov/2025/11/a-grateful-nation-maximizing-veterans-success-after-service.xml,0,2026-09-27T17:50:19.712344+00:00,/Users/mikewolfd/hearing-text/xml_path_families/responses/1c7f37859acd8019bdd3fc7c2ff2aa62eb37027c2575fb63a0462e6f073c65e3.excerpt,
